,NAD._2,Unknown_3,Formate_5,Unknown_7,Unknown_8,Hypoxanthine_10,NAD._11,Tryptophan_14,Unknown_15,Phenylalanine_19,Tyrosine_20,Unknown_22,Unknown_23,Unknown_24,Unknown_25,Unknown_26,Unknown_28,Uridine_29,Uracil_30,Unknown_31,Maltose.Glucose_32,Unknown_33,Unknown_34,Maltose.unknown_37,Maltose.glucose.unknown_38,Ascorbate_40,Unknown_41,Threonine_42,Unknown_43,Unknown_44,Unknown_45,Unknown_46,Unknown_47,Lactate_48,Unknown_49,Unknown_50,Unknown_51,Unknown_52,Unknown_53,Unknown_54,Unknown_55,Unknown_56,Maltose.unknown_67,Maltose.unknown_68,Maltose.unknown_69,Maltose.unknown_70,Maltose.unknown_71,Maltose_72,Maltose_73,Maltose.unknown_74,Maltose_75,Maltose.unknown_76,Maltose.unknown_77,Unknown_79,Unknown_81,Maltose.unknown_87,Maltose.unknown_88,Unknown_89,Unknown_90,Unknown_91,Unknown_92,Uknown_93,Unknown_94,Uknown_95,Unknown_96,Unknown_97,Glycine_99,Glucose_100,Glucose_101,Glucose_102,Glucose_103,Glucose_104,Maltose.taurine.glucose_107,Glucose_108,Unknown_109,Glucose_110,Maltose.taurine_113,Glucose_116,Glucose_117,Unknown_118,Carnitine_119,O_phosphocholine_120,Unknown_121,Unknown_122,Unknown_123,Unknown_124,Unknown_125,Unknown_126,Unknown_128,Creatine_129,Creatinephosphate_130,Unknown_131,Asparagine_133,N.N.dimethylglycine_134,Aspartate_136,Methionine_138,Unknown_139,Methionine_140,Unknown_142,Riboflavin_143,Unknown_145,Unknown_146,Unknown_148,Unknown_153,Glutamine_154,Glutamine.unknown_155,Succinate_156,Saccharopine.unknown_157,Glutamate.unknown_158,Unknown_159,Glutamate.unknown_161,Unknown_162,Valine.unknown_168,Unknown_169,Glutarate_171,Glutamine.unknown_172,Glutamine.glutamate_173,Methionine.glutamate.glutamine_177,Unknown_182,Unknown_185,Glutamate_187,Glutamate.unknown_189,Unknown_190,Unknown_191,Unknown_192,Unknown_193,Isoleucine.unknown_194,Unknown_195,Unknown_196,Acetate_197,Lysine.unknown_198,Lysine.unknown_199,Lysine.unknown_200,Unknown_201,Unknown_202,Leucine.lysine_205,Leucine.unknown_209,Leucine.unknown_211,Alanine_212,Unknown_214,Unknown_215,Isoleucine.unknown_218,Unknown_219,Unknown_220,Propylene_glycol_221,Isoleucine_225,Valine_227,Leucine_229,Leucine.isoleucine_230
VANB1,8.93215256316882,9.79242406664306,14.7075782287682,11.8281359433297,12.7214735897198,15.3484059451679,11.5815234859791,12.9302784972305,12.8243046481577,16.9578672648823,16.243553206137,14.7243629272022,11.140430809438,10.1451366204656,11.1296964303929,11.7646118143081,11.8731048405246,13.7885806723775,10.2009241769691,14.0123799099622,20.6529090117509,18.1196972848968,16.8371356087159,20.4406479046631,20.8637555657086,16.8310965072727,17.0889659143736,17.0178485333638,16.8581407195636,17.0090447968141,17.0098939297403,17.0261375980213,17.2561131730751,20.1163267413577,20.8290476406999,20.66223211283,21.4614915059856,21.5633724651691,20.9353807421499,20.7189800654348,20.8166431660883,20.7732177083786,21.7349078346851,21.511843586028,21.2337850283499,20.863316641471,20.127499407365,21.659608113481,21.7676500122149,22.4498733826395,22.0199492056402,22.3722687318696,21.7994352433282,21.3582832708423,21.5077370905737,21.7798636124501,21.1960455568946,21.4938340760298,21.6571079964508,21.9861041166461,22.0055833518262,21.9052590943677,21.8667654693909,20.9624353171115,21.1580140784923,21.3727216115631,19.9472062447695,19.1335594643723,19.361867265518,20.0577701636168,19.8578345753009,19.004067737975,21.3074164846138,20.4979160065654,19.7241820861246,18.9797852770899,21.1129677151587,19.7735244356022,19.220396379386,19.8880870493787,18.8014471181076,18.2836330289178,17.7148596634017,18.0903987785257,17.4673478708207,17.0115740427789,16.6931798410102,16.4788021663213,17.1610656722348,19.2429196979037,20.0667969058616,17.5766139134207,15.923126469962,17.1315468515098,16.0725397480212,16.2705440288462,15.7516548814399,16.4082811538441,15.5309877366765,15.5617632716976,15.6651527408455,15.4482743906109,15.8431074464399,16.5103378978238,16.5435665098547,16.7181743794394,18.2546853434109,17.4609475761676,17.6055408414882,17.2592468679145,17.3707712953934,17.0040827896912,16.8808101964331,16.3682696189375,16.0775499373468,17.0871007556674,17.6908466742047,18.7482739178924,17.2855943012845,17.9159660362533,18.4317672611781,17.8583204794995,17.5486045848131,17.312493310923,17.298676280234,17.2065041155732,17.161948022407,16.9526847524898,16.9071186102163,18.17267181074,17.5023525450929,17.1841664745055,17.0018799647488,16.8309358844798,16.6527321598033,18.1370958652251,17.8392279738594,17.5736308019666,18.6524878522123,18.1280066141325,18.3263783846475,16.3913341081218,17.6136295745392,17.7010560168297,17.2587554941096,17.9833745959257,18.4210606553634,19.4020441669471,19.5076937448285
VAN1,9.72227080328255,10.6955641201223,16.8269946866396,12.9834994829077,12.5666693774204,15.2956094012681,12.4189400386332,12.9426863601294,12.3421278682704,16.6888872190927,15.8456617902607,14.3241392590993,11.4449478262035,12.7537901983639,12.9236098092451,12.9320247398698,12.8651984632975,12.9631242342634,12.601560427379,14.8201131834667,20.5894166766253,18.177424368579,16.652420455527,20.3614965789608,20.7891830970404,17.768498592161,17.0395247591221,16.9831109002427,16.8649768687478,17.0753683181959,17.035403830847,16.923350469952,17.1728401108606,19.9703848208058,21.079548813656,21.0486030646971,21.8148983886789,21.9416398496269,21.1021828912388,20.7438683161914,20.9006438655437,20.7507478246347,22.1586946893494,22.0914105849897,21.6391173753037,21.2019642891892,20.5106712690006,21.7375170916868,21.7573810782077,22.4304064663207,21.9412899552926,22.3545856669256,21.7022604005115,21.30503962329,21.5677053843691,21.5296465447386,21.4925548505655,21.8038471246129,22.1047853602758,22.3295537241806,22.2499613616366,22.3147912474791,22.0451793444715,21.416812525909,21.6706047432327,21.6984838907693,20.1771373900394,19.089595746744,19.3164777839289,19.9626703831363,19.70483049232,18.8201269823785,21.3472532763827,20.3965010617153,19.6656416147841,18.8907277372482,21.2198652702178,19.6221482586976,19.0439654511756,20.0210748864436,19.0369000156749,18.8527929558187,17.9634518060503,18.0856551406033,17.2892654589519,16.8694648297409,16.5914973077376,16.3797333119068,17.0908543921877,18.1143358844145,20.5724858700095,17.3951130594601,16.1824081538707,20.751940867579,16.0428972360997,15.9304372807315,15.8458726439015,16.0832202840837,15.3902018032552,15.4147019710156,15.7241820791494,15.3853492781799,15.6675725781777,16.741273670548,16.7679604318129,16.7569107978907,18.3038701925915,17.4396494095332,17.5643522551874,17.1636280346826,17.3736966861822,16.9416198383933,16.583596883515,16.3623002608056,16.0237072147726,17.9652684354665,18.1290029675127,18.6518164227865,17.0498736028699,17.8521527948547,18.4363542295391,17.7706587326227,17.4135593326641,17.14148632737,17.1757929974086,17.0255817132382,16.8390361880566,16.6578224445392,16.5764364473999,18.4262704821564,17.4422486611933,17.4308815662718,17.0488570595773,16.8707913474811,16.601827554115,17.6341326091496,17.549422253922,17.2645214672537,19.5540705804052,17.8198802228501,18.004169701437,16.3904037339201,17.4194122928557,17.4181715324069,17.6952091150046,17.4365553513283,18.168483984276,18.8668246254814,19.0395786884319
VANB2,11.5287969438278,9.64979005313219,15.4833070784129,11.9579436408512,12.888460988438,14.9493548777462,13.1037944892736,13.8430098897764,12.636299493759,17.5903701507056,17.2419627504995,14.5529144689466,11.7537169679917,11.7588251437479,12.237131076608,12.3726437128502,12.4602590323166,12.8435708956271,11.4934122596754,12.3237463029643,19.7237267502788,17.7312250556321,18.2939803420701,19.273648527834,19.9318829418638,16.1195477213152,17.1477497692009,17.2656401821931,16.9293704094293,17.0874442796035,17.2389020530683,17.4457715081829,17.5431237683926,20.6619236618487,20.3474456958844,20.2955677284714,20.6730120355811,20.6477851812879,20.2574017293988,19.9923919984132,20.5929041627612,20.4112546188776,20.7924781397539,20.9660538345854,20.307564224146,19.8447233355958,19.1560478326335,20.8686359109753,20.8768306304875,21.4673618047024,21.136992334665,21.416181392544,20.8507978896565,20.4863958683979,20.5263201237902,20.9504567476318,20.5667189224465,20.858475419857,20.9038027449846,21.0642864595997,21.0627006066572,20.9541202333813,20.8078931476482,20.1624957548047,20.403736657606,20.5721302710497,19.8585059375983,19.2974637074757,19.8519187582523,20.0889899503506,19.6917847364115,18.7661257358658,20.4811006928754,19.9284065994839,19.2297931118903,18.5253570185479,20.090843767083,19.8417471146538,19.1798032142583,19.2699578083311,17.9043019471581,17.5036334036529,17.4482616367218,17.6686717952584,17.3217222451569,17.1393920748334,16.6589874396832,16.1372502894355,16.9513508294896,19.135162109574,20.1326293133718,17.284894833761,16.0180640990907,20.1513332318023,16.5270898035243,15.4776489468214,14.9455612400681,15.081682785087,15.2994572637294,15.2293018580011,15.7142513864843,15.3306272914646,15.422181955829,16.1167029607443,16.1926202583591,16.853900167124,20.7129866229252,17.7713443360719,17.7668334236944,17.2425084290516,17.3025769226347,16.9045130568089,16.9261003478319,16.2285292467411,15.6890610817043,17.8489080527453,17.7375278465342,18.2971019470166,17.2084266988631,17.8794229456822,18.3866780985642,17.6832557484996,17.3139212238579,17.1673205707876,17.1717657537183,17.1520289629736,17.2006473247555,17.0138956758607,16.9936915628005,18.5042697442674,18.2212570162078,17.6944518208057,17.3945237371839,17.095400773978,16.6477510758823,18.7963864786173,17.8043906626232,17.6584566672772,19.1893997051203,18.175227280933,18.3372386151447,17.236044823952,18.1448740002077,18.2855714205581,17.6006410418573,18.7797809659766,19.271059157223,20.0819715719811,19.9353876014744
VAN2,10.5865111005104,9.2144238984921,16.3380334199539,12.2609849262843,13.4189798873977,14.311199717793,12.6749963004112,13.6625771092989,12.9457785566348,17.3972662840828,17.1228077367931,14.8618251679976,11.7931813715477,10.9375069708676,11.5976716528118,12.3781822916127,12.1976393399933,12.651297867437,10.9376609116855,12.8900564034922,19.0900491495263,17.0646051750499,16.117323126559,18.9830021711812,19.276534288837,16.7121622983818,17.4157742385782,17.445090206346,17.1116887600067,17.2669280641149,17.3656035452888,17.5180545913442,17.6703214058725,20.4007746965958,20.0374342260815,20.1030900733616,20.5956148308169,20.7160580047745,19.9964440822518,19.6845096983043,19.9962008934195,19.8161189924945,20.8086652207738,20.7610987975014,20.272849714089,19.864622955607,19.2792410512079,20.6122458799715,20.506263615989,21.0956912951897,20.6824986593975,21.1483284447875,20.4089311675233,20.0975221810966,20.1920572037909,20.1198563399479,20.3921821953213,20.6244055497488,20.7751979867952,21.0079264824113,20.8680885885195,21.0145195906184,20.6323773729517,20.149049305296,20.4768470105658,20.5022911845238,20.030198915079,18.1189324889954,18.3652158534767,18.6154068814445,18.2945451688226,17.5762033962711,19.7784812414834,18.5694464532811,18.0266377827145,17.1736038388029,19.8987802993683,18.5549734221339,18.2468857429935,19.7479811211153,18.2002347037816,17.8628907671782,17.8025484490454,18.1323433309702,17.6855832012262,17.3924198080909,16.791271034947,16.5766165055235,17.2454587196055,19.577010815439,20.0679816767534,17.5952279763455,16.4261384649857,19.7966881353713,16.9197566901472,15.7606845977526,15.2854617718734,15.5302012711751,15.6117443423392,15.4486683674768,16.1049842946037,15.6675278059716,15.9615291321463,16.111166772395,16.2261317344955,17.146577931755,21.7155364479947,18.3239826029383,17.9737032134192,17.3115750824217,17.4924868544699,17.2172931356615,17.1869305408778,16.5234428377675,16.0523723477825,17.8236249392735,17.8447410800134,18.3735247567696,17.4451024430201,18.1089822717413,18.5676494794241,17.9626587746096,17.6454234936155,17.474745101577,17.4944801744554,17.4211955249484,17.5855385188551,17.6376497615582,17.6441887830591,18.7149159169013,18.2529032047066,17.8346289231314,17.6468679633771,17.4224291373263,17.1151280800401,18.9345196972386,18.1558604559002,17.8366422194403,19.445328403189,18.389323212456,18.5296744307109,17.2025730962106,18.0613886239834,18.2499279465052,17.8826260780118,18.9403174008179,19.1761942978793,20.1151157220502,20.067406523241
VANB3,12.3473879999614,9.45267231227292,15.8042323441469,14.3087499038699,12.6410236084315,14.4784998384902,13.8098840589998,13.0646712154782,12.8671253167066,16.6464725168826,15.4231910388815,14.9408809315633,12.974631125232,15.0056327624642,14.1195646146837,13.5860792580515,13.8708720624223,13.2233233880612,12.5579451005214,13.0277678999918,19.26145447887,14.9730295677541,13.7826574325326,18.9760857254026,19.5640069008752,17.709756562471,17.5432244272614,17.5136184911064,17.2839980712478,17.2353839713318,17.3777828268728,17.5058246118855,17.4487471597619,19.4201248202477,19.7004486252319,19.5839234663126,20.3209954280783,20.5745916284851,20.361193385357,19.7188519936322,20.3101420355088,20.0496285909274,20.8528719270722,20.904531759668,20.4960387300798,20.0290806993923,19.5895625379978,20.5869462658508,20.4612222305958,21.3029677812292,20.769923820021,21.0089261075029,20.511955975031,20.0536577832405,20.2242666476635,19.7574412968739,20.0545849460922,20.2250209986909,20.4405262469203,20.9725863554223,20.6994092113326,21.0267272036576,20.5149694494211,19.749466758779,20.1791866900831,20.2680998032037,19.6063733267308,18.4715577500152,18.3700886736306,19.1681376868128,18.978672401714,18.1915013108752,20.3161738877037,19.4410572553619,18.7824858602659,18.040848357584,20.169788078854,19.0921048375924,18.5538317252882,19.4573083836091,19.0051435167234,19.080488809174,17.9045105662607,18.3584520561321,17.1500528704521,16.3414441395677,16.0705399604531,16.0785239972936,16.9924762683117,18.5011308673572,20.8858252715112,17.8911808797375,16.9812125506794,18.4249706153977,15.9290374319188,16.8260383988373,16.4638074047719,16.6396110506529,15.779465304499,15.5252216458715,15.7936805504431,15.4633006830945,15.9924234195552,17.1414361625785,17.146991491669,17.0163229570494,18.1742169110702,17.611032186121,17.8271915367897,17.5460762108878,17.5317595909515,17.2882210600596,16.8976555956551,16.8395165692129,16.3927776304628,18.0223042503615,18.3940708345297,18.9620073474014,17.5019504697566,18.1689233098249,18.693829241263,18.0221144357863,17.821513724728,17.6764621800439,17.6728336731504,17.6230087175044,17.3757586839019,17.0437241764118,16.8804923747426,19.6745830204951,18.0429029193708,17.6448982120638,17.3015870750791,17.0783826700681,16.8750510068637,18.0848881538825,17.8552743731655,17.5740301111908,20.1284933653262,17.880222467838,18.0620694067673,17.9030068472472,18.3044572645267,17.7634146149072,18.4803890143781,17.7649204961977,18.5460399486839,19.0380690987252,19.2524932489853
VAN3,10.1224960098511,11.3640927666128,17.9991313095632,14.8977664588785,13.5019806572792,15.0030404810756,12.7467409892491,13.106892302881,13.1290651109919,16.7313961942912,16.0118705032644,14.8153342275222,14.6049543432246,15.1285994767529,14.401825682901,14.1927694530305,14.2608731865568,12.9331343392663,12.8603505817813,14.8864431384679,18.8185422557572,14.8526357253557,14.0356862117737,18.3627646235559,19.0355305530303,18.5014821509112,17.5218415870574,17.7207983311318,17.6265657095657,17.4903863903717,17.5034916609766,17.803708958355,17.8173706837041,19.9040023347728,20.1713958727776,19.7743588457636,19.9941594682133,20.0830413889519,20.47736689197,19.8044716039156,20.7288276819301,20.4095974246435,20.3259665247097,20.5461447525244,20.040936953112,19.5937017026058,19.1727067374449,20.4956983034669,20.3871760246138,21.154816230528,20.6095544037327,20.6833840130817,20.3284209081968,19.811758667361,19.7998621610991,19.31450365128,19.5678221114563,19.8589883249118,20.0783447774408,20.3690770158545,20.152037963444,20.3823860858873,19.7867120202763,19.0959724030373,19.6989528114701,19.7582548628949,20.8697630475221,18.6743464520709,19.1613126350975,19.5074709774012,18.9325594281182,17.8288961149289,20.0369381046116,18.8725475145255,19.028347775609,17.6307385112348,20.0113779224319,18.8301010188655,18.3534779038029,20.1201254433379,19.5893649112454,20.0502079286644,18.3196497300997,18.8099958047564,17.9912609849498,16.4163197568524,16.4292340963899,16.1893299178694,16.9999601582028,18.5433375795089,21.5556088144116,17.8216891163771,17.2847514996581,18.5286264268893,16.1983712131763,16.3007340491384,16.3587657949954,16.3010430964253,15.6533042982331,15.7678019337005,16.2809073289132,15.8071410371785,16.3592465944497,17.4382658989948,17.736367396474,17.5950754958063,18.5055572122393,17.5507482863661,17.7526185523905,17.657472109424,17.4523498693347,17.1454260568597,16.8435523267959,16.8538626595937,16.2711334388799,18.577470831429,19.0682929347783,19.4133516053708,17.4368997805219,18.4180971536094,18.8478826028006,18.3166703787026,18.155302824172,17.8561909108942,17.8839073537051,17.779324051515,17.2828033808983,16.9213986311888,16.8343551053623,20.8352861084741,18.3469246097305,17.6165495365539,17.304703041997,17.092385965048,16.7282041298615,18.2415618692763,17.7032865199125,17.5262682412891,20.8613219934137,17.9636495533529,18.1104355383299,17.3506463165875,17.8648580788261,17.7910613337691,18.4947947327795,17.8835526109185,18.9488540363579,19.2048533273595,19.2817108103035
VANB4,11.3415782627702,8.98095883962329,14.8821691777834,11.933860821036,12.3294813328584,15.1098962864977,12.9406810282251,13.0447055943114,12.8216952823888,17.2084918623699,16.5712504788277,15.2296154424955,10.767145721813,11.608374959258,12.0338214570012,12.4208165418006,12.1873507104262,11.5802285737979,12.7122234905655,11.9349795979384,20.2266228350447,18.4567385981703,13.9503432733935,20.3047003700353,20.4434736876019,16.3382594757679,17.6412771903323,17.445090206346,17.091968045723,17.1415707801409,17.2138071277938,17.1959288761033,17.1534644641077,20.4546474912879,21.0231939571362,20.9409454130232,21.6021934049911,21.6385067292148,20.9815681371,20.7226160851342,20.6760072614557,20.6537198273281,21.6951960033485,21.3026134614262,21.126194531977,20.8700937321852,20.1884408474553,21.6093382765477,21.6987698754669,22.2798296853891,21.8277015779538,22.240897070487,21.5884987698829,21.2283595706225,21.3858582447257,21.6234102529979,21.242857174962,21.5955900965791,21.8139501156026,22.06718284113,22.0479645019466,21.9731445195552,21.8712469177311,21.1759180633611,21.3266844048742,21.4262007589965,20.0240901635634,17.6694762483768,17.5093995032047,18.0125112276797,17.9069511544905,17.2531612051436,20.8935482866677,19.1940714566097,18.5628937664543,17.0464524538893,20.9612644395866,17.5024226239314,17.6004519469453,20.2232375990928,18.904307634888,18.4454946601041,17.9079102155387,17.784370489741,17.3109055873888,17.0843346615223,16.6332191652967,16.4555834966791,16.96505792592,19.359943152411,19.9322617788873,17.9451301207935,15.6736794053706,17.5491890833072,16.225059913093,15.8471728679241,15.8057479638858,16.22898288673,15.0761131681183,15.0636032755189,15.2955407270653,14.9121202421121,15.374108766463,16.2301950245024,16.2567706214561,16.6626608188361,18.1102747525933,17.5812857849476,18.1121898076202,17.536493185932,17.2062937747927,17.0385879799199,16.6597534635803,16.4359906979705,16.1416604483081,16.9225605669754,17.4082964139182,18.5912527748018,17.5503444263128,18.0699034897628,18.3746908128009,17.9110533923789,17.6844774828338,17.5063830662113,17.4750380050908,17.5186786276272,17.8452016020673,17.4732784617714,17.4184045958583,18.5437509145899,17.6922677628711,17.4407212570887,17.3040170874898,17.1957535536918,17.0009936842366,18.2394841968052,18.0752831413671,17.6508442384628,18.8500707715476,18.3486090733055,18.5798420179318,17.0918887981053,18.0733118881333,18.1671739587656,17.7436203413881,18.0669601772439,18.5411303604182,19.5098008561764,19.6402715403759
VAN4,11.8826546131924,8.74642367892661,17.4459030142322,13.3290926611209,12.7861607926831,14.6290732104285,13.4102002303621,13.5282055762109,14.7993054143372,15.5412137981978,15.8555761505985,14.0479030076481,13.0057505942639,12.4670401684202,12.8967070799087,12.7692749958427,13.7287743798452,12.561238724568,13.2883743194973,12.5414499433694,18.649301255586,14.3168206677192,13.7028257206477,18.1796728219076,18.9091466809331,17.0307294451223,17.2225020479811,17.5887071564873,17.1485339170487,17.2333809012837,17.1724893713158,17.1058906676265,17.2221213579045,20.2204245528951,18.9407084304665,18.7674601778238,19.257166966265,19.5009716146081,20.8092985358122,19.1124272215239,19.6271994697949,19.3973896948671,19.7181120909745,20.0550570778207,19.6158373998434,19.0658857453362,18.7954745936403,19.8522196667013,20.0330611947494,20.6263164582779,20.1713804088337,20.434701080295,19.8571329093961,19.6159655538511,19.5052146826658,19.372651607721,19.5680752695745,19.5168740219228,19.7617396765488,20.0896080993804,20.0782671180152,20.1357840939932,19.5669771574744,18.8502781579396,19.3878009503985,19.7654926329147,21.2577081481453,18.6382557942443,18.3249034426104,18.8969055130058,18.9530215159566,18.0863934000994,19.6783271091344,19.3163264054413,18.0197440302435,18.1209209109761,19.5611977970166,18.9034748777447,18.7344449238113,19.2101658645615,18.3898429703769,17.9427106952389,17.2190503862537,20.0752818321851,17.1670661683142,16.6562225313337,16.6665938083026,16.6671083686592,17.4933968046383,20.1895149724038,20.6992737794474,17.0879402154503,16.8957430185664,20.3509021472165,16.8298605342266,16.7142502091237,16.1604447867851,16.787408153293,16.473612251037,16.38960931865,16.3754365821533,16.2199173008395,16.556459737889,17.5434746366451,17.2404406075637,17.3068781021997,20.5536323342154,18.0031152058271,20.1866432789357,18.1254680945565,17.7282399707919,17.6790482140378,17.3934256281743,18.2024670383112,16.9077791055266,18.0469115758658,18.638090010963,18.9805533371201,17.5758099941769,18.3795872368623,18.9935103409932,18.4729554948621,18.2798172054727,18.1514318066183,18.1146253035236,18.2219169990719,17.8719269243481,17.2618350258208,17.0951200615156,19.036570770529,17.5308745758145,17.396722709876,17.2770282205916,17.1846992360869,17.0070697055011,18.4230706757287,18.7729453383925,18.7190972363865,20.7758798319935,18.267250818121,18.344290943182,17.7134198246939,18.0666489925873,18.0387293954398,17.6013275232767,18.3052420380898,19.1637460725457,18.5592609760379,19.5042209476916
VANB5,9.6905607628366,10.1529426977586,14.9707711438599,12.1942224739513,12.1568756454887,15.025669131165,12.5568784860308,13.6400313359784,12.5556061004053,17.4344621214366,17.0239047577231,15.1351446763278,11.4064353473053,10.2653708539462,11.1745669960206,11.2685025552605,11.5034562576183,11.477896109907,11.9005475425048,11.0621187959287,19.7844758569983,17.8261769483622,17.6982953691199,19.4155553609871,20.0170019074747,16.006195084591,17.372056908491,17.3795399858634,16.967225172278,17.0777751136933,17.1462104024841,17.1431311052634,17.1689811667286,20.8501214505761,20.2904329978803,20.3123469782171,20.681109454647,20.6761214424232,20.2773106880326,20.1214931902474,20.3906691595834,20.311015397474,20.8771228443001,20.8426218319166,20.3552259495281,20.0005621198917,19.2675007679034,20.7670743616542,20.9440626442299,21.5581466418812,21.2168272294607,21.4336711267746,20.9407170910707,20.8772324835776,20.8491620464194,21.1399545960394,20.5857936297347,20.8564394109008,20.9783824899953,21.2814442730321,21.4200020909958,21.0629078685654,20.9841030878555,20.3297546490085,20.428553304906,20.6072019407358,20.0226972472985,19.1143066752761,19.3754845463685,19.8392511748649,19.5712897069888,18.7372201956903,20.6081562802208,20.0209863388882,19.3380056449377,18.5526093244815,20.1552483572036,19.7130706967898,19.161139319633,19.6524594995036,18.19579689917,17.6592662985668,17.5075752899917,18.5503587283213,17.6298123513045,17.1544324030569,16.5678535481556,16.2842108788519,17.0388032664545,18.5071267066994,19.4164922523023,17.8101395634219,16.1842290664478,17.8558371510341,16.3721226369146,15.8092249965873,15.190941609457,15.5324383102039,15.239631680216,14.9678952824661,15.4555508898233,15.0880581899764,15.2694313946662,15.5069570470277,15.6212841102464,16.5836512110155,21.0953616368415,18.781284228895,17.7488301713414,17.2569573738403,17.000569865263,17.0436789378299,16.7662662273977,16.21359524049,15.7887268796947,16.3514581859005,16.6857961772616,17.666825902583,17.1591848775248,17.7987944099076,17.7625226999632,17.5963287129899,17.5467081577713,17.4461964466562,17.4632319693756,17.4845293754098,17.4213624531316,17.060042699668,17.027506952475,19.2031562970086,18.9055174306971,19.4862644518484,18.5643090820921,18.0152020016468,17.136884874877,18.6037289860921,18.078178831373,17.8683167582529,19.6515691362302,18.3821768583574,18.5704303617387,17.1140291552157,18.1738998024954,18.2655446267214,17.4207691976087,18.4751960665394,19.0522945690799,19.9567289383189,19.984273503708
VAN5,11.9652062013224,8.93583553416713,16.4139914073345,12.1372902781791,12.4874167641782,15.7584987502973,13.5928034879928,12.3749303539878,12.4265810271097,16.9178375809047,15.5936912210578,15.0616973704614,12.0266414633654,12.1844819607554,13.1267153141688,13.7278444202947,13.5900782884783,13.8609673678091,13.0853303218484,15.1614940534287,19.2172195474508,15.0648189626243,15.1463289306901,19.1877698566106,19.4006130643302,18.0342009717896,17.6000677251271,17.501673608652,17.19462026141,17.4392577884548,17.4770148773382,17.3473277352437,17.461504333627,19.9252816381454,19.9296876342664,20.0224221541703,20.6650469915297,20.9171825465699,19.9910928282922,19.6633226492083,20.2210492144153,19.9367631894357,21.096527292913,21.0756568856765,20.5957518286661,20.2065813194375,19.6066667452865,20.7841736165178,20.6207077001552,21.3593609584087,20.794337981717,21.2273849272506,20.5356965855114,20.030462118505,20.2319806164266,19.8728343059686,20.500054770566,20.65543718483,20.9487833531974,21.1777198224649,20.9678873788642,21.3148545954492,20.7471211502948,20.224262334911,20.6872862172994,20.6126399660606,20.2475572210876,17.9434119367578,17.6652169732614,17.9409222138655,17.596494647391,16.9573277179202,20.034004002537,18.0620577283463,17.4415364849322,16.5943550230085,20.3578379490375,18.0598559210124,17.8574103887507,20.2453003034513,19.1480146045113,18.6665967069065,17.7177612719726,18.028124573929,17.1110880835241,16.7339944791265,16.6501204607613,16.2061216594654,17.1779212090736,17.9385597113194,20.7669106431972,17.8817313466044,16.3416426289551,18.2592765869504,16.819461577279,16.1046791745723,16.4049469321104,16.495629069894,15.4223574971817,15.4095441540938,15.8943576745126,15.3408873228113,15.8443227716692,16.6421309366821,16.8479627695118,17.096375863079,18.9169193080257,17.6453260354974,18.0992807153983,17.5856913189168,17.2579379657569,16.8766604705927,16.7292540386106,16.4495950224297,15.9559536654861,17.8122073581289,18.3891606331734,19.236858412613,17.3888494136551,18.1707628221739,18.7389101759331,17.9282457618332,17.6960199245236,17.5380155180313,17.622601175294,17.5303460194523,17.2721821584655,16.930967698793,16.7884942536284,18.5858026117108,17.4617848413661,17.0592202342107,16.9097163292006,16.7510806301488,16.5629570510982,18.0963562317031,17.8850243157564,17.6205914425522,20.3872391566494,17.9979624824509,18.1751362566671,17.2431907994758,17.8927489038785,17.7395527467649,17.6523624743989,18.1513729357084,18.7720474753065,19.3946599387999,19.4910462116807
VANB6,9.40092364753434,8.64886599233877,14.7066022333474,12.9870227995841,11.9248936857963,14.8351231466395,12.1167075834173,12.6769452426954,12.501796479431,17.0981735472762,16.0494055841913,14.5033408537767,12.0285741144609,12.4643327561455,13.4258189513083,13.6375369768543,13.2815045125386,11.9841848660885,13.27087358799,14.3732851430462,18.9280115084449,14.6615991254848,16.9555938314945,18.4672685034386,19.2329318789157,18.0452592410309,17.2717416406259,17.4166463890038,17.0552999067469,17.1501335257228,17.2293851588783,17.4599473494972,17.6403979417456,19.4606419918334,19.5622280556681,19.6340635695141,20.0101479693036,20.2628046796932,20.0502214501765,19.5682429082552,20.4086483667031,20.0997917352924,20.6758036545395,20.8460690409329,20.4079784104072,19.9623139221158,19.3814923174813,20.3326503017927,20.4364642135209,21.0499973674439,20.6867105265985,20.8792081329389,20.3018816793667,19.7324808064394,19.9196105220688,19.7983069137872,20.0529459429458,20.1524341575213,20.4696618363565,20.6556288297273,20.5793662661653,20.8610248433132,20.221440825,19.6257005010489,19.992988822316,20.1274345325934,20.628074757324,18.8305165784095,18.9111170247188,19.3178598288103,18.98463558094,18.1756098878534,20.135385706419,19.415743521161,18.6064775129037,18.0581069135388,19.9518499533493,19.1339150933708,18.7134784407971,20.1673696121106,19.4691989147864,19.2215437923361,18.1943089417971,18.271049945991,17.2004050364152,16.8151462382111,16.588530945164,16.331185869102,17.3770913425312,18.3308757184852,20.992537160848,17.6054238507187,16.7763814166842,18.1701580166847,16.9762935304841,16.5915970439986,16.3322781622298,17.0398046626639,15.711013560355,15.9625702038151,16.2972770540299,15.7794466174712,16.2962335049411,17.1913377610935,17.3070593724909,17.4338361662391,19.907247897055,18.3835504294814,17.8084738615259,17.5384066975146,17.6296847864289,17.2032945147763,16.7707615915408,16.5238211114116,16.2930521793751,17.7753672648371,18.5080788832694,19.4638282980272,17.4187864803416,18.2179614508257,18.6830830549686,18.0890512733629,17.9400213621194,17.75575468539,17.805586343488,17.7606021546597,17.5064906511591,17.1536534331304,17.0044673817109,18.8757196425589,18.0883488714958,17.8372941788288,17.5252030020281,17.2874381087518,16.8808971129479,18.6869258046444,17.7818885032932,17.39621349802,19.8300007018035,17.8994520242222,18.067990570917,16.7436272829181,17.3809468691914,17.4075616291243,17.6332074724213,18.6758860647008,19.277876921423,19.7470035455447,19.8098097739122
VAN6,11.1627918649919,10.0935104810451,16.9728381606575,12.7627894807834,11.6868339448502,15.4280080989009,12.772060071219,13.2502451945414,13.2022656166936,17.3171550801215,15.6655206780242,14.9381019676952,13.2126294186267,12.5160507739436,13.0197847164265,13.5428206250144,13.1506193066909,14.3717505463875,13.8227857006623,14.5227975166429,16.7596695522428,14.0069766491466,14.2826711537659,16.9101128585267,17.2953185004997,17.919588511224,17.5838512344512,17.6090612282979,17.2974925770637,17.3474728616203,17.4207514696625,17.3114490988237,17.4602613139389,20.0638164571592,18.9347331006142,18.9405564016431,18.790352097504,18.9986644239143,19.4398517165943,18.721395421188,19.6920575565032,19.3788963252732,19.1126699202675,19.1088241529864,18.743272520103,18.4151234606099,18.0550311598618,19.372800267318,19.4113881211908,19.8492871572552,19.5818260557548,19.6920347030364,19.5698700483151,18.6957990903591,18.5768984162312,18.556111977571,18.796568844533,19.1541395871993,19.1424670276567,19.1429366482143,19.1425792647152,19.413966765717,18.4640314014097,18.3188241119031,18.674325610211,18.7457712483609,20.0611332464726,17.3921268019034,17.1466519020935,17.1259633499557,16.6385370474119,16.3297496107615,19.0702730501429,17.073752869131,16.7972972932513,15.7250257460338,18.9833951913021,17.7758623487289,18.0141821419464,20.4032233093878,18.9726142204435,18.7033525646253,17.8359097387709,18.5548012253806,17.2210778215356,16.5149689394437,16.5829577624453,16.2152482174518,16.9549763673975,18.3829672883186,20.7307473906405,17.8552927449868,16.6813153290358,17.5575624924322,17.007809404679,16.7478222613161,16.5560319131716,17.1245783753426,15.4920438578472,15.4582281439329,16.2568175650486,15.618340117122,16.1637141943606,16.822875384963,17.0325713203666,17.5449299116111,21.2604609082881,18.3354533994413,18.0956643798294,17.8283198853814,17.4151225369731,17.0092094531249,16.9096734258564,16.6120137915819,16.2798074580181,17.7487132177074,18.3889638707676,19.787937626793,17.6170287519111,18.3864985750157,18.7342766945177,18.1207026534138,17.8767629394359,17.7575323277762,17.8889490110718,17.8173001729138,17.5845308340539,17.148193783203,16.9514986729783,19.4096416172207,17.7642507050796,17.4454907774092,17.219416210236,17.0217886003179,16.8481457001118,18.8148071229195,18.165914707266,17.8264175083214,20.6953419906201,18.1071883136773,18.2312041644989,17.4097520221064,17.9073135995812,18.0387576639985,17.586175945938,19.0660956163115,19.4225093111004,20.1492476334417,20.1007795520303
VANB7,10.1830859907477,12.5646464585099,17.7631156844671,14.280036059514,14.8477584748314,13.9175916667931,12.1892102703441,13.3503882471706,13.1992539869321,16.6573103186032,16.1725931531129,14.2001522421278,15.0314405824825,14.6399050086361,13.9971589853552,13.4093728354211,13.4866287587106,13.4861187454043,12.7450390438758,14.8268444658432,18.876000135069,14.8790678161179,14.0628081778504,16.5492862321422,19.2263259395944,17.4378268938366,17.5079783225772,17.6243678359763,17.3665366957257,17.2632523563917,17.1319809350222,17.0650125336074,17.0826395404399,19.1164840520512,19.6218683511649,19.5343954522614,19.261677978969,18.7056485357492,20.5060786498966,19.2996929324946,19.8320377971428,19.585159097784,19.7351122881348,20.7169523669998,19.7975265590481,19.0272113281237,18.5247504431878,19.6159384869377,19.3543733336861,20.3553585683834,20.1836206053034,19.7756310459649,19.7317285903742,19.2846865600472,19.4097831531431,18.9320504237729,18.5665942116008,18.9961129662438,19.2638568573092,19.3067936485533,19.4668568464439,19.5774120153071,19.0827691070764,18.4620620131249,19.5777091941442,19.2747462774151,20.3219173337248,19.7325338356816,19.5740336079434,20.3139135445556,20.0533221845455,19.189301398008,20.0960706245502,20.2475677621336,19.3321812910741,18.9651854528212,19.2326319068413,20.0805359423171,19.4689804465121,19.4557025976729,19.4338769091928,20.4529016813105,18.971671328214,19.5467477565526,17.7577186520356,16.3426561004644,16.1536719568627,16.1191393529258,17.5117955444311,17.84398977341,20.5001963561492,17.8098636760552,17.010121363712,19.2058137867066,15.5164126515904,16.6215028111488,16.1440072854103,16.0396762043722,16.187498570887,16.1910333637878,16.4882938392656,16.1147299344883,16.43579043843,17.5151799662283,17.5619502627211,17.5501983932554,18.354552659094,17.5613229197814,17.4609804801908,17.4720062206155,17.4420717716136,17.2637505529227,17.1412593686775,17.0422399502604,16.5083253575751,18.2996444066698,18.6889361459232,19.020841764095,17.5944412132057,18.2524927735506,19.0172509425932,18.8096557277314,18.529685812507,18.0216388650646,17.7392790683236,17.5653435524758,17.1642482240952,16.9214462736932,16.9472000719121,21.5434748147294,19.2500514994667,18.0212161961036,17.477977704729,17.1400506571568,16.7487776046451,18.0644565629346,17.751026236251,17.6908436295171,20.1042930732933,17.8376944642531,17.9875094364205,17.8120617964802,17.8050136086555,17.6739644814174,18.5684487120945,16.85324139165,18.3695204693489,18.6128627048471,19.0089131190507
VAN7,14.0175807669613,12.6538975998047,18.0174528545142,14.4622657102165,15.1281586629037,13.9405453212408,12.3306411572627,12.870607797328,12.8118190584482,16.6168607226132,16.1333484730984,14.4385053371449,14.721885798517,14.4593331862908,13.9070935346422,12.9402548288863,13.407338010438,13.3665690717907,13.3154218491185,14.3621770568657,19.023718223226,15.5493158877156,13.7592815174019,17.6644451514749,19.3890307255903,17.2003823864155,17.7068172844497,17.7831507892641,17.676208179423,17.4805473222304,17.1471117115961,17.04263127511,17.0437829461467,19.1043240311802,19.7720174012245,19.6054779606346,19.5650291225626,19.4045429143418,20.3135120087581,19.3191478643473,19.7603668888721,19.5215500553704,19.9593277049766,20.6838344128461,19.9382485071204,19.3019207091253,18.823173902242,19.7491604016503,19.7997067465473,20.5849019902078,20.2749832311008,20.1387572159356,19.8629060321831,19.4942994350351,19.5915038437011,19.4289108371673,19.0860111131842,19.495699381771,19.5960013610753,19.7680262463404,19.8230701869442,19.8154968870505,19.6010774023568,18.8892136116587,19.657467995098,19.6779364717316,19.9273461343538,19.248796171955,18.6352033727296,18.9700742331929,19.5560375808884,18.834944901114,20.0694761443729,20.158754740421,18.6524593179933,18.6829575716722,19.2336720925173,19.7219444036242,19.3254019689647,19.4891764994319,19.7757513021188,20.2482981589104,18.731102607225,19.2909464345706,17.7228049857165,16.7234839050844,16.2913269673353,16.5437435844882,17.6670642017043,17.89023942311,20.2627782745064,17.9985368675418,17.1225403462761,18.8607175899467,15.7434098104762,16.1953981482033,16.0003949640252,15.9912508331331,16.1800164067262,16.311195527614,16.2500871050211,16.0012899999405,16.3251180801459,17.3016411227313,17.4131245142631,17.3357386427179,18.0711712891217,17.5241501843368,17.493792525173,17.29540141961,17.4273062337719,17.2628185793518,17.2686017609243,17.1986113408069,16.594768943283,18.0489034379599,18.6839861843321,18.7088884113877,17.7555161679178,18.3511170619002,19.1075484351023,18.9739762354338,18.7642868975959,18.2555861874361,17.9713265002349,17.8124198458378,17.3897894721571,17.1760024633807,17.1748144720406,21.207206820929,19.0077622040478,18.0408625559515,17.6179402138442,17.3119543139061,16.9404236223252,18.0567336186048,17.8393711672643,17.6686762378955,20.0676015574479,18.0440973062429,18.2112685875558,17.9427453229943,18.0032500614317,17.7645211550405,18.5659703381114,16.2883843729344,18.2750364170683,18.6313613094399,19.0255312075792
VANB8,9.30696601991954,11.7171169895802,16.6864506523174,14.4978759516747,13.9311370795527,14.7793762432917,12.4050291188443,13.6965949841272,13.1214575604126,16.5502237757096,16.3216150658976,14.4521889301532,14.2901351786085,14.4947272111994,13.9685718533036,13.3767802762081,13.4842399900465,13.6106937604112,13.7230009611327,14.9198081668436,19.3904374621018,16.6400930344094,13.8497254180965,18.5156419079565,19.68563873186,17.5117577631712,17.4262427053356,17.5890291457977,17.4092946506067,17.2072896562153,17.1131793765994,16.9379821118187,16.9768734772325,19.2537939626712,20.211520743638,19.8904829587688,20.1393257054536,20.0779279450616,20.3417297955112,19.7378813455787,20.2335038913027,20.0428587334115,20.5071164161936,20.9660538345854,20.2714727446381,19.6853036130863,19.0976143318893,20.3332297381794,20.3522061448015,21.0168343017537,20.7139114527192,20.7538342935284,20.4290865818801,19.9359839918062,20.1201511819613,19.8916255205454,19.6190476238082,20.0392986305611,20.1948714314293,20.4358244329476,20.373771880271,20.3143892779483,20.0497909753441,19.3876748360983,19.7219958433575,19.8084890584932,20.3033360099893,19.085491366663,19.520324583751,20.1411441956364,19.8083396019677,18.975411179783,20.57565876282,20.1256746715961,19.358256780836,18.7582352768064,19.9358976087559,19.8635432655488,19.2178288521501,19.51417749942,19.0750914952471,19.7499070335034,18.1988532458883,18.514302143993,17.5043792447062,16.357759662554,16.159631852933,15.8304700297185,16.6450536531316,18.1023630816886,20.6996901939314,17.6130450030405,16.7267458896145,18.0429219109195,15.8009843398424,16.1085964179767,15.7047682381907,15.4526002157329,15.5475218488208,15.5037704892042,15.8952075008887,15.5442499133186,15.9739989469537,17.1094048441016,17.0495936092878,17.0092647856883,17.6323264051998,17.1461443625657,17.2000334748715,17.2592714289559,17.2641537415505,16.9660348995072,16.8703533020334,16.7617954576277,16.0410958506034,17.9193891015794,18.2746267264861,18.6155144452513,17.3217134581242,18.1870960262683,18.5780505697777,18.2730876766728,18.1211502368711,17.8041823383438,17.6980773974263,17.6392907446604,17.1597780588739,16.9038973902859,16.9291813989036,20.6959297936216,18.7326562137123,17.9013432607799,17.4939687135151,17.2283146266825,16.8924090203914,18.2263241454591,17.6151975838157,17.4870388352787,19.8472970662558,17.6681388981927,17.8159182279459,17.7482479585271,17.8222870907543,17.6680043262755,18.4283942177674,17.3448841964547,18.5538787672836,18.938418682468,19.1159620641131
VAN8,6.84131006938062,13.1333965624627,18.5561115726445,14.9641148849272,14.8265527345553,14.7668681863633,13.2346280636123,13.7951167312853,13.367732968287,16.6651473599562,16.4138860063651,14.4437250423204,14.9339226494385,14.574439727148,13.898669275732,13.4038882595088,14.1100938195486,14.4027075799608,14.0492654342874,14.2945992337899,18.9374391903204,15.8164111255963,13.7455563332007,17.8249752498343,19.2882231308152,17.6700536927532,17.6586336548574,17.8035431985519,17.428053712296,17.1851539346993,17.0364899459045,16.9201679483098,17.1368596304701,18.908662142031,19.7591597839222,19.5488017373466,19.5567956490118,19.4962186923522,20.1111808286029,19.2371262463132,19.7728823163823,19.5210638190613,19.9289022055688,20.5829051684803,19.7424796942839,19.041111563043,18.7413303615727,19.868521547077,19.7099625582157,20.4886684719982,20.3444493176278,20.2749705426909,20.0387378068153,19.3730547676902,19.5813802607703,19.1884703522216,19.0644746641524,19.4616873727626,19.4838133852819,19.7565331957357,19.6359561241121,19.7492917998063,19.3709117930031,18.6876272955719,19.5338390044836,19.4113990673121,20.3001806708905,19.2248726703323,19.2170617408852,19.9895061883555,19.7050690177081,18.7800087469977,20.1531399586162,19.9598110383906,19.0542159910762,18.6742145394937,19.8201417250983,19.90026673099,19.3669379189108,19.6898562703324,19.4583936370742,20.7435787714438,18.7894122748556,19.5604863241221,17.8882209761491,16.807772103645,16.3801421113333,16.0844354213667,17.4670680031643,18.1036343766275,20.4946877169615,17.7853693113966,16.8902411740063,21.1003313621295,16.0223919398516,15.9518327428045,15.7905823359359,15.7776852254227,15.8427161566564,15.7153280211758,16.1262170104525,15.6486958082517,15.9621727371512,16.8568535023546,16.9059135031194,16.9538854872849,17.801280437208,17.0650298660824,17.1960175799738,17.2298753159217,17.2583680003339,16.9564297071477,17.0949335892568,16.7928115190304,16.1354136109253,17.991733641257,18.2649305677683,18.7615267562771,17.6970495660286,18.4060536585958,18.8657780345879,18.5072971901665,18.349072527377,18.0448811093729,17.8459180969835,17.7729750901482,17.2646902373926,17.052174684185,17.1714125124076,21.4450006863098,19.015363068114,18.2115995411475,17.837717731729,17.5470856894507,17.1048163650365,18.5332431396096,17.7851130428648,17.6570673097899,19.9849320122439,17.8440807399759,17.9781906552218,17.8140863834837,17.7900148267014,17.6882058100082,18.5392389948571,17.116290292347,18.57488314757,18.940693814398,19.1189583800634
VANB9,7.61332767439013,11.0623597618276,15.1760362900115,12.2755593939201,12.6763597733537,15.3115757248212,12.8108085885782,13.0417554848158,12.1436457666738,17.1370176152902,16.4392149398102,14.5040899214865,12.4871274203269,11.4347554177875,12.1253283095711,12.3538686443696,12.8481640004517,13.5639350022851,13.2337304902036,13.4854673019162,20.7034129391186,18.2738460670896,15.5966792939568,20.5526170328331,20.8685620026302,17.1033512582974,17.1077914160475,17.2050065562054,16.938317748142,16.9410416975315,17.04388086704,17.2513161548235,17.454611932815,19.653205205512,21.1538506082523,21.0741186669636,21.9004895374715,22.0496138017899,20.9838709923774,20.7935951644619,20.8029635497796,20.6706236754778,22.2190197638605,22.0736901709146,21.7157792737916,21.2619090285847,20.658920990189,21.9022322485314,21.9249061977822,22.6038724950627,22.087488112921,22.5440017456575,21.8765444520194,21.445200863837,21.6769393020381,21.5676261328351,21.5217336541377,21.8138468507837,22.1242311716284,22.4840860783321,22.3297938095777,22.4662971089154,22.1495813033767,21.4335543763867,21.7212369625321,21.7609790572401,20.7988468592742,18.82893632498,19.042419141741,19.783521988803,19.5971168921793,18.839263426681,21.3095598328553,20.2642451252719,19.5357564272345,18.6566701283136,21.1909669434397,19.4130189980013,18.8445468094621,19.3293788136573,18.5967808040026,18.2471807206694,17.5005490675523,18.0950908356333,17.2501407668211,16.8255073934599,16.3879575768906,16.2402958052757,17.2400612607453,17.7972899554226,20.1398276095773,17.4621863944973,15.9854495181075,17.4445504403095,16.6713978878113,16.2137589921125,16.0429737936403,16.6694536721212,15.3041331987113,15.378203972318,15.7464680850965,15.3077019148733,15.6563599271505,16.5273379503224,16.6450833252338,16.7884957385009,18.6609199578038,17.5416899985475,17.7543856273939,17.2404160115472,17.3962101421794,16.8567853631676,16.5613014284667,16.2025793204491,15.8999775314999,17.3901263382858,18.1054484982735,19.2081400174316,17.2297441088459,18.171218034286,18.6762459588398,17.934015901789,17.601805556519,17.4142997123803,17.4448212060328,17.3793502951716,17.1574869380923,16.9639556336281,16.9028279091054,18.9963979281978,17.8421435551878,17.4419815916478,17.2477953676108,17.0721663540075,16.790789294105,18.3904201504803,17.6631284324588,17.2666883319315,20.0546441889509,17.8367211236262,18.0338869662076,16.5192076011478,17.3801286092722,17.3909697706364,17.3967926950733,18.1596566761635,18.9109208120103,19.5784487942361,19.5900593250848
VAN9,8.3385999276301,11.4118370637088,17.0395074218994,13.7480196340571,13.1132784325911,14.9219548992383,12.0721676989806,12.8524026635318,12.4196199491645,16.1389211777743,15.0222708605693,14.7217908140806,13.0149492429641,13.4357110446321,13.4101748075235,13.3402687411384,13.6328411889023,13.2905664691204,13.2981015451226,15.29122322431,19.9384844580988,15.6175175346512,13.3944329935726,19.7642727057794,20.1451086392271,17.0339493450999,17.2805093211637,17.3242535310487,17.0857784240966,17.3006483766549,17.2110463774003,17.0964667142456,17.1169508529579,19.573073792086,20.3885239264388,20.3907222495257,21.253416901458,21.5364748505845,20.4271466091682,20.1637836769277,20.3591791092858,20.1069244374438,21.8111992742622,21.7658993404562,21.3252351171876,20.8836285928397,20.2941329878376,21.2102328661383,21.0738463738186,21.8601154529986,21.2454947932792,21.7251039297171,21.0099509152064,20.5723303845468,20.8512294358839,20.289325213304,20.9656744170776,21.1683204315575,21.5114812398531,21.8017365805958,21.5918180673323,21.9197796996445,21.4510241383061,20.8856350615644,21.3086747822825,21.1700883461925,20.3289296225313,18.1923032548287,18.3678511373507,18.8629394371655,18.6054391072069,17.8090728198704,20.6534413867536,19.3975935646772,18.6782298205781,17.8936352585503,20.7508165883642,18.7857423366503,18.3178167601036,19.3879143512968,19.0542518702531,19.309393617481,17.9610870172646,18.1839590398674,17.0609185809765,16.2150942666286,16.0184929560641,15.8020186322041,17.0641480704916,17.8508210422934,20.5518948380166,17.776167441606,16.5190216773917,17.5172833586499,15.7872368932705,15.8189906023456,15.8644936703976,15.9402478338192,15.2315254328923,15.2603914636442,15.6908557068265,15.2422301261901,15.7514065550227,16.8974181240326,17.0590613345252,16.882916139967,18.2603159762097,17.4316798383993,17.5808114659109,17.3421022626862,17.3223508268158,16.9148315726083,16.602513901706,16.3536311526268,15.6982450418682,17.6900796277337,18.3436715641619,18.910655737268,17.3340798047999,18.0865483021938,18.547000333496,18.0851231506416,17.8482462163426,17.6753816607981,17.6133720879906,17.5373013203266,17.093206637417,16.6924353908796,16.5705082397849,20.1122489107852,17.9583450470366,17.271820930519,17.0377309318257,16.8119613477505,16.5845501086206,18.2235727976008,17.6345006185026,17.2744710182269,20.1055358957587,17.7083558794206,17.9145304049383,16.9468111636389,17.577302570626,17.4300336424737,17.5164436077523,17.2922246413394,18.5183612203881,19.0476411409132,19.1260540582972
VANB10,13.0572675958026,12.0715763361881,16.8362211618844,12.0080626707406,12.6676586737445,15.8836497060003,12.1166027089648,13.1383476386287,12.9946078298891,16.4469310680783,16.2120180402658,13.9575999391366,14.1056851485492,10.4703462450021,12.3954916642594,12.3154720478698,12.9880850967947,12.5855479566246,14.5798131964781,15.2472744245897,19.6338147658858,16.9208670084556,14.9351529307385,19.1934067800215,19.8662128695306,16.9387082872153,16.8757075810717,17.1050043801432,16.6917002701952,17.0379613181093,16.991346250303,16.6075119023523,16.7792374175132,20.1266589503986,20.1160237403106,19.8997285345788,20.4394238930088,20.5387292685137,20.5028411622227,19.8868869854328,20.1531005556954,20.012697051639,20.9182010515234,20.9431008728807,20.5143897718223,19.9605397400682,19.447903993103,20.8304104891096,20.7923637330178,21.4412039173795,21.1343855059804,21.3437930538735,20.7666346210388,20.4809292209714,20.510090640563,20.5188892786342,20.2120213392648,20.559721812724,20.8991513434153,21.1123570334847,21.0464316234681,21.0263512017865,20.7519253863219,20.0625633807826,20.3246515091826,20.5076715729604,20.5521082591993,19.1074175941945,19.1068805458565,19.7560341954778,19.5451670716254,18.7521304394234,20.7050085432127,20.0315018156736,19.0918016510149,18.6017559373528,20.406415420479,19.6241014560978,19.0615141056493,19.7733444426067,18.562381731494,18.5994824416516,17.7007467274691,20.129231432415,18.1027883092955,16.9743798752479,16.7776530688449,16.4815391191085,17.4561469537439,19.2673441769586,20.3577101336161,16.9668437874438,15.9378925675194,17.451842046595,15.9066982604157,16.8168985963206,16.5155050133312,16.007013545113,16.3074479768193,15.9181906597052,15.9794020299321,15.6662742457088,15.9594023538527,16.9498238894821,16.9120974331091,16.9777244048932,18.0325797769776,17.2567630446507,17.2777782758409,17.1541181902594,17.2899439070397,16.9281314685147,16.637935311076,16.3822999091423,15.8789694074145,17.5646059150852,18.1183271886025,18.5769751998486,17.0815372788184,17.9392049148729,18.5627304796164,17.9237382810125,17.6003894740549,17.374589001214,17.4126848082082,17.2639492421622,16.8667942465142,16.7316543508468,16.7485289931213,19.8647481613368,18.1783781441179,17.5476274183485,17.2086808978839,16.8969844823935,16.4806483360856,18.0150003834028,17.1659859212621,16.9744906344988,19.6270405181803,17.8666445736226,17.961815254714,16.7375171644274,17.7366766258509,17.7078040232777,18.4187062190186,17.2720791269456,18.3851378165127,18.8696349224191,18.9127045846462
VAN10,11.0962715960798,12.7224741391133,16.8462589877659,13.099572578856,12.3056898199532,15.1058374580588,13.3239801450789,13.0677091994149,12.6575258561748,17.1575582040558,16.3838371474412,14.4091471421335,12.6293145138553,12.6298423652698,12.7589817531977,12.9903956328773,13.5708423549464,11.7499188541348,12.7315485911747,12.5257699022327,19.7698339335814,14.0407128939116,13.4297097564769,19.8505961674233,18.5694447235271,17.2097958157496,17.1427791278989,17.2791162329725,16.8222332039254,16.9079558373958,17.0368784486327,17.0688509885488,17.1697078185687,20.2060305234715,19.096909260855,19.1723842188427,20.0845385163787,20.1177973928143,21.9535739951881,20.8549189322188,19.9471151430216,19.6478075843959,20.362161462355,20.0119356905341,20.3560779348484,20.5358716276355,20.0875166873035,20.4920612643883,20.9530030481181,21.5436901752727,21.6073969111635,20.7158787337103,20.5818877991293,20.7906285225622,19.6957730101231,21.1073307293865,20.6550129101178,21.3972623380043,21.7954464293469,20.4650775945595,20.9538584245729,20.3081626194549,20.2508527349758,20.0794569930339,20.9216671105178,21.176209083443,21.097886393151,19.5113036288623,18.7357813651351,19.2864242956637,19.0238040776557,18.3005794115174,20.8780808797784,19.9597584673694,19.7853239911348,19.862923512967,19.8450763093383,18.5737846531008,18.2481777831577,20.0407154193093,18.887591670025,18.6643742777927,17.7704216958917,18.3900001189094,17.7188594192342,17.4757873800245,17.414014033252,17.375733867728,17.841750489053,18.3994903558391,20.346661417457,17.4088693774789,16.4829120722978,17.4656106885198,16.88364044118,16.4761605989613,16.2834500469598,16.6950840484329,15.7180624721368,15.5430387700517,15.8277421693062,15.4133016355615,15.788150354161,16.6186305138743,16.6910974218034,16.8495371144445,18.2641231867664,17.347127773322,18.4548037335017,17.4398078208943,17.3471620346332,16.9191903941884,16.7782821646328,16.6346441250139,16.2030473087777,18.5528631025105,18.3874918723756,19.2191560978439,17.2361717520568,18.092661317877,18.64652326944,17.8347860923302,17.5167745236262,17.3567440425129,17.3653178746701,17.2871259869216,17.1184845742277,17.0722589426901,17.0261237266884,19.053949170024,17.8641726021433,17.3582574349325,17.1663640130103,16.9759212891735,16.6864332483364,18.3113019945131,17.9209711646789,17.6452195075077,20.0077988540211,18.0126057079543,18.1545828714242,17.037389488377,17.8647365258719,17.8790482982359,18.8158620770895,18.1936038984787,18.832724944405,19.5274692484465,19.6343543863484
VANB11,10.9563721748735,8.58350992212139,16.8444700025651,11.4483293905273,11.7933417473847,15.3679704608894,13.0195190278965,13.3347801740654,13.0798143996209,17.2064612926055,15.956313251821,14.762260957924,11.1037028950573,11.6432526266531,12.9046876859143,13.6386948852137,13.2250919643081,14.4331303981866,14.3349395277233,13.8397350350117,18.0996044988001,14.6884006362319,16.194930910559,18.0092630060031,18.4343563978715,16.3250548316781,17.488762543231,17.7730527755954,17.1756756375122,17.2005266721533,17.2945957086602,17.2889985398042,17.3698737700338,20.0307331708206,19.2409408003657,19.4434591463436,19.4620912440774,19.864323091684,19.5331416623046,19.2202828729022,19.7482674647815,19.5093741475695,19.9374855639376,19.9585458401106,19.5453809177625,19.1389697423671,18.6590035495771,19.9561886510172,19.8181163615754,20.4530665297129,20.2329250152178,20.50973801326,20.0228720266149,19.39889253802,19.3212207405604,19.4914680643919,19.7569515265959,19.8353136412285,20.0425266319689,20.1929767990663,20.1934826188326,20.4152063349899,19.6432333542687,19.1266811905736,19.5539859855725,19.7788234298189,21.075168976577,18.0904469274288,17.9269150460122,18.1471997742994,17.7898702798226,17.1194678640886,19.4052806996261,18.2055586748162,17.6422930628824,16.8061283492128,19.6091384330497,18.0035788808588,18.439735823621,20.4830775467804,19.1076112857722,18.3040338683724,17.5625781696622,17.9506180551213,17.4747426981838,16.9283132921671,16.7301557617363,16.4061240698722,17.5243209158869,19.3221887831652,20.3586239943037,17.6117993245591,17.2138059428885,18.0767027525708,17.6064966388674,16.96996870707,16.87819739578,17.6691466618572,15.571849134505,15.6872792604784,16.2897104358584,15.6932821451962,16.1080381650117,16.6097040256941,16.8329847915239,17.4637237873054,20.988328927928,18.512305578734,18.5648504265875,17.8666275323063,17.752307675229,17.158076215503,17.0838218170495,16.6632034803964,16.443969034426,17.485381166616,18.365875518948,20.1124073927482,17.5693769893978,18.5527662476006,19.1117901698145,18.3788373476663,18.1199339788815,17.989907606554,18.094962851116,18.0720122756805,17.8075797576562,17.3662518915237,17.135772289815,18.6026783281042,17.6317297155114,17.4011771781529,17.2367258442451,17.0708905709194,16.9364750685415,19.2716165800959,18.0807653853935,17.6649265531197,20.5873253242803,18.1364682462955,18.3214370605832,17.1077694672299,17.8366188960995,17.9906750195827,17.9920472809933,19.2875520242481,19.7678143356509,20.422264812257,20.3522311244791
VAN11,9.43808429665172,11.9753692988757,17.626725551345,14.136948826618,14.0303625902006,15.306439331316,12.7329394443077,13.4617596550854,13.0663812390527,16.3592829606848,15.6425902704984,14.7004635934481,15.0579468194369,14.2487516643761,13.9739212673318,13.6692468469144,13.6004019311402,13.5720255000933,14.4954582320137,14.6780530941861,19.1476289285251,14.8581279691131,13.9727523891905,17.9299005339006,19.4069109669122,16.972160664207,17.4806404973542,17.7243736196948,17.580567688192,17.4591633192997,17.3689718165229,17.3021459546826,17.3134905275837,19.5318310852711,19.826030823884,19.4821921544642,19.5569572441284,19.5158259588167,19.8669171954566,19.3888241929709,20.0661712182612,19.8407756611153,20.1163526249367,20.6324545234398,19.9082595371307,19.3154610935248,18.8547148862527,19.9484049619641,19.7187178297537,20.6928788726548,20.3792877235486,20.3182009904944,20.0991252520563,19.5961692107323,19.6556404839224,19.3666148178198,19.0711926633395,19.3927863874686,19.5149540744969,19.6761588398178,19.7392213997274,19.6831627684388,19.4501501679339,18.7491818290877,19.1235517959433,19.3118833261509,20.4071543501146,18.9945532324116,19.4755539541519,20.0134595821154,19.6311491358562,18.8197241976522,20.3520309051896,19.9491011864287,19.3496065999702,18.6296444663775,19.8449034545108,19.6221017334591,19.087096578496,19.3558015243183,19.2003262935781,19.8163120439457,18.1847080972422,18.6411938296068,17.3092363651589,16.4601123351037,16.4871264781977,16.3774459837873,17.1209865307382,18.3009459495734,20.6753251627721,17.8040363446347,16.7987094044378,20.0164311400275,16.4083440104693,16.0717555069835,15.8969307274795,15.8481221877545,15.4743515574633,15.5274460746105,16.0840596631597,15.6838240411278,16.197940076983,17.150326565719,17.1432062430225,17.1642758988495,20.6611640797859,18.5088693789424,17.7228125228911,17.7185567037676,17.3373367424654,17.0129674507809,16.9168017314123,16.6923871914152,15.9849718778657,17.8473399163865,18.2905520108694,18.6678061620386,17.465328300832,18.3994118891878,18.66468286677,18.2935468209093,18.335963885094,18.2087264904201,18.2313873547326,18.2501984349402,17.5616428085923,17.023623594885,16.8774989729692,20.2731351645969,18.3653305912914,17.5852914626423,17.2794724810201,17.0836772922631,16.7909750342153,18.5286227923019,17.6932634880941,17.569493547794,20.5531098773248,17.7832403079287,17.9640685043993,17.5480579744546,17.8867120903359,17.5154841319447,17.7956187507616,17.4698232412038,19.0753762759907,18.9935002773084,19.057239590464
VANB12,11.2404486966913,7.0348034839576,14.959609890127,11.488115933685,11.8191651005071,15.0990773839707,13.0930927291484,13.2663487313251,12.2402255620153,17.321947778692,16.6464857193645,14.7128563940815,10.8614092289138,10.8613030131898,11.9017709107566,12.4670681581909,12.4029892502225,11.0489615168004,12.8276062238534,12.0749271489527,20.5344618087459,16.5122956516039,13.3609774847149,20.6748007850571,19.4872135021306,16.774681768657,17.2712830027974,17.3314841933017,16.8512634553449,16.951705401713,17.1807971748146,17.2156122934918,17.2716545175462,20.5706570855727,19.84536778092,19.7791561087485,20.8953215952338,20.964535490888,22.530907666665,21.8287047927431,20.4247950772396,20.1649070082588,21.1358131777442,20.6173918727783,21.0838857687211,21.2830699501852,20.8218205034233,21.2687049382519,21.7606860550669,22.2221543898392,22.2836756202077,21.4724559974318,21.283617069081,21.6223349515638,20.7275704338885,21.8597857994687,21.4675588516454,22.1793391487104,22.5960354158613,21.5074905353535,21.867653162897,21.2432021060023,21.3022645590594,20.9778899321539,21.7703378085763,21.9933123283236,21.3361403177074,20.0904789070833,19.3201348683743,19.8698894294835,19.5841085797382,18.9864394534869,21.6366877785402,20.7889349238298,20.6287077822548,20.8154846033824,20.3129861644134,18.8387832047201,18.5272213714068,20.0906687754485,18.6699362384775,18.0211609475115,17.6093298007809,18.0609041681128,17.9812177648789,17.9296780195838,17.9523116236194,17.884952684676,18.1214391069345,18.2226901945775,19.8838413894086,17.5155010213938,16.1676732873489,18.3606616361735,16.4890871446626,16.3771448905594,16.286035784274,16.8189777936666,15.3250788255721,15.3971572683081,15.7015749637094,15.220698320252,15.6997607241674,16.4398669712122,16.6008774390885,16.8770662459678,17.8213477460267,17.2565730955651,17.648486897133,17.1380735168838,16.9555015502664,16.6452683107032,16.646560677586,16.9622836025941,16.0116788059827,17.3968292990262,18.004693545604,19.2397580680647,17.2643756648034,17.8385577566414,18.249335024045,17.7201305757977,17.4989307585504,17.3608760773302,17.3548794783014,17.2569601763549,17.1722781247327,17.234693266644,17.2535243764935,18.3310742660812,17.6777285090644,17.3329193064194,17.152550479666,16.9753244037088,16.7320341663277,18.3276254908462,17.8502128371251,17.5174771831654,20.0348854583534,18.1784458617835,18.3739093219719,17.121003966585,18.1090616789906,18.2225296377492,19.6985725524336,18.0799551706403,18.6799919363357,19.5911439217264,19.5969960644186
VAN12,8.09960236877465,12.0705539114316,16.2945185174296,14.4140298720921,14.0091237739372,15.3171893897391,12.0701446963597,12.9724082828663,12.6213961032109,16.7970316629849,15.409542746476,14.4066047343201,13.2659541200007,14.6438622175327,14.2463042642814,13.871999306591,13.7607051651901,12.3739625138168,13.4040850801065,12.2290892422173,19.281041115242,16.2540407433231,13.5050937702812,18.9856204258948,19.5235497920507,17.6680372242289,17.2802455098973,17.3846560158135,17.154716497054,17.0862177852642,17.1107075539366,17.2413672341945,17.2211023641958,19.3109176636751,19.9606876063381,19.9258875360654,20.4472563595378,20.5534428579197,20.2607248938735,19.6589974945768,20.2990498001087,20.0056910167105,20.8595497868436,20.9551785032538,20.554781748306,20.052250321922,19.5132048089389,20.6413188469028,20.4574960965171,21.3474197372245,20.7595743517994,20.9839282466886,20.3424370454886,20.049472018914,20.2481755723924,19.9250631193972,20.0638040298068,20.3610709301372,20.5598216845063,20.8582453742301,20.7071422463045,20.8299742217203,20.5420975044027,19.8124503618217,20.2766639633405,20.4186548483965,19.9567599386841,18.6055347148199,18.329733304702,19.0292243545324,18.8779093114868,18.0043022873598,20.5360664968474,19.4463092376213,18.3995933226541,17.9775968039165,20.4951211145704,19.0381473813238,18.6020403634512,18.9006458342887,19.6247037464016,19.6422835531519,18.0501105706861,19.7295968181698,17.5590254486934,16.4523298411285,16.2973215750753,16.2866954886467,17.4684796587159,18.5970215709212,21.1185268071448,17.7164640461742,17.1681801332937,18.715342107601,16.2047697692751,16.2675176426877,16.048492330526,16.1597290750019,15.3688310012706,15.4993832427044,16.0235757584775,15.7109341431586,16.1972955406544,17.3276052555582,17.2502843595569,16.9954463643054,21.2740308083149,18.8017441676202,17.5487220047878,17.5265116645831,17.2794429689277,17.1228055390073,16.8277636916772,17.1470519134521,16.3438150317278,18.056449234308,18.5810414445028,18.8515986576872,17.322044991958,18.2134547452079,18.5319020873223,18.1487348217219,18.2075022653798,18.0822987033003,18.1035093865199,18.1015144139446,17.4744711115138,16.927505222894,16.8176069078659,20.4497129185989,18.3181247315302,17.5064749118244,17.2614919458653,17.0933288678186,16.8286663075712,18.9224416724817,17.8817548872273,17.6800138045951,20.7174344002905,17.8584016674055,18.0177921184826,17.0057127049808,17.5790070381296,17.3559931904022,18.0492413403241,17.220891514871,18.9760726717181,19.34640228372,19.3300513414269
VANB13,12.4028916912972,9.90541706536965,16.5232143886308,12.4760817886457,11.8491756848738,15.6561475828824,13.9560275709747,12.8402608846904,12.7617184251097,16.9295393421466,16.1996565861442,14.6762939061304,12.8791738659881,12.7142831977244,12.6192564507758,13.5956729547347,13.3436311492064,11.5854626687508,12.9803348947712,12.4758437904763,19.3617765816856,15.0805366686494,14.8722601966409,19.3767063596661,19.5488035744439,17.415671376334,17.3618271323098,17.3454106620547,16.8219267284819,16.9062053019196,17.1644122064693,17.2598878037885,17.3691648468266,19.8454380796863,20.1647447758281,20.3326444686135,20.928294810765,21.1730677769752,20.3575032229268,19.8178705160292,20.3222631354067,20.0212030567495,21.3860545073311,21.3503261800829,20.7686050528798,20.4520525143527,19.8015209706148,21.0529738277135,20.7354624775402,21.4611021041082,20.8626254694307,21.345991717661,20.6024665085945,20.1643762324622,20.3865739397164,19.8171332382882,20.7491947312818,20.9244248051109,21.2107921171466,21.4104682136168,21.1979075437256,21.5691759873658,20.9563234266359,20.5189345831465,20.9860737921673,20.806335321575,20.0791999536154,18.0566252366303,17.6789482718935,18.007944198455,17.5886959098993,17.0495626224224,20.1028685137565,17.9356307342531,17.4347130914619,16.534074897682,20.4991707715382,18.1880268901842,17.8392828500678,20.1560621264169,18.6153379818884,18.2637849539371,17.4860838589424,18.0703413693274,16.9936444296776,16.752275042296,16.4126937884164,16.2473598578228,16.8673170109925,19.3828718106769,20.9535909978222,17.4261727107949,16.03363773527,17.7787942153821,16.8065125639764,16.1215134816941,16.0495401016622,16.4206308444778,15.476545081732,15.394489567844,15.9293384785755,15.301580079887,15.8809708780228,16.6955337994871,16.8435706602929,17.1359356978963,19.7803064290984,17.7043653746693,18.1868646605152,17.5618789875525,17.2458919335984,16.846821531617,16.41447746061,16.2765939292846,15.9170654099114,17.8304935090953,18.3002753934675,19.2620128181228,17.2940279143861,18.1766080045972,18.7863428357975,17.931755093483,17.6249167782302,17.5193820391369,17.6574969563695,17.5034195344392,17.2919475059277,17.138296053547,17.1086368512867,19.7364503218679,18.0775955867526,17.4807617225023,17.2566366312806,17.0762880274061,16.7361112422361,18.2127979753138,17.5136594374064,17.2941393052749,20.6861255203631,17.8687446740549,18.0342432665622,17.7657915040246,18.1506759970221,17.8805272532875,18.391872160671,17.9665362266019,18.7915103451361,19.1818269548757,19.2138785611695
VAN13,8.32119631646041,9.49636526271322,17.1825962205773,11.7619022540161,12.627464504606,14.1998474922648,12.708356554705,12.9224722706332,12.9433753901636,15.7297126226486,15.7847281764271,13.8796391612493,14.3819071470334,10.4329420805636,10.9963321853661,11.7485715763087,11.7539071993727,11.4247970511052,14.4466441508359,10.0454245081544,20.00462454768,12.7453262567546,13.5344431096495,14.8653492197991,20.2830081933705,15.6234139063676,16.4698787157775,17.014314980491,16.475133711793,16.4002038120782,16.4615241716808,16.4514800397459,16.5446166790619,19.2778685957067,18.0855414342093,18.2531635659588,17.3084807915617,17.665787253373,19.2657787926912,18.5766674757706,20.3042960609579,19.9364697669294,20.2436690003117,21.6515845942705,20.574857386554,19.0803325801621,18.1250718189653,18.4377150872455,18.2443018474696,19.9183086592133,20.2722609200146,19.3674395707712,20.1823821557741,19.4118822872825,19.7167498694267,18.8906902036574,18.7552479348829,18.9133766377746,18.2339045291679,18.0691719767062,18.1744515405985,18.3829398569251,17.9206234082868,17.9714044214516,18.9251968259809,18.945967508876,19.6782675642028,20.1985630086041,20.3900020026953,21.4470890373996,21.2393655229069,20.3921015367699,21.6093661058053,21.5191284522375,20.7809197264871,20.3176815153782,20.4923755105052,21.2316171581378,20.5860828805793,20.8024296585546,19.2453318291194,18.9248355053173,17.9297548084789,20.2987998115902,18.0234272653534,17.0965725521786,17.2034656682136,17.201068918371,18.4684789466391,20.3090866430923,21.7173979196598,17.5112584026626,16.325552352696,17.9894006915504,16.6783346782957,16.4685003163168,17.061965854655,16.4182421065401,16.0943274946605,15.6388457175734,17.5793215894007,17.1513198578133,17.233826851375,17.2339325885618,16.185333177706,17.7822224985553,24.7090802405788,21.9192782491692,18.9796377936827,18.0895644135021,17.7248593615992,17.2082346093183,17.1384036545333,19.1331502772478,16.2820237236733,16.3977519313263,16.7788552121229,18.4239989193199,17.1784746284791,18.2306890360256,18.8963178981542,18.4732375508858,18.1357419682876,18.0966640663056,18.0705052613993,17.4431171213443,17.7669747320338,16.8238179127516,16.7320565550053,22.374013810341,19.6453501969996,18.3874180943015,17.805096097524,17.4848537830033,17.2670115827444,20.1512837863181,19.4339172945863,19.8941702541841,20.5737653126342,17.4190834081788,17.4519562229188,17.1680123541102,17.2141201395652,16.9491078697483,18.9315705976596,17.7080136215279,19.0835855756436,19.6208808962675,19.0910473198155
VANB14,11.3667518210282,10.2276962231928,13.9389444421543,12.241294642242,14.1382958387452,15.2140815235605,12.9654527902815,13.8109994777428,12.1141207865892,18.4489898589003,17.6229257414917,15.3235782928877,11.043196457628,11.7323459947535,12.5455047643676,12.7820227111202,12.2924757569682,12.5277962876935,11.7606683833961,12.5879016691061,18.7318766162768,14.8261648844842,13.7184145936139,18.6786857766336,19.040642542574,17.4107936770809,17.6439312712806,17.6551034930545,17.5113755722735,17.7039721830044,17.8625838123607,17.9256092481478,18.0891642767522,21.0303075495658,19.7510037274178,19.8375491402154,20.3542972290309,20.6385454130734,19.6499640265745,19.4755172182084,19.5761047346173,19.3718123667015,20.7600055525082,20.796387297608,20.2442296863442,19.8422262207781,19.2577302875318,20.3661316109215,20.2597093325649,20.8553814353789,20.6236770877342,20.9910935504334,20.5575028188041,19.8179778977584,19.8400654060178,19.2040336372341,20.0022232055967,20.3037490313898,20.4381118616091,20.6351104102566,20.3900335694368,20.7343509792716,20.1860181517879,19.772386978433,20.2093328580952,20.1858331012462,20.2627316452049,17.5390679456227,17.4290308539067,18.0428045613629,17.7628601934985,17.209265205555,19.5831036688979,18.131509406035,17.4885564471484,16.8001488299103,19.9768807224286,18.971849310835,18.5197962987518,19.4547584082164,18.6672847035406,18.2516250853999,18.3164743939303,18.5047817934888,17.8623760078611,17.6001903166145,16.750690114561,16.447681325845,17.6689854286538,18.2843035035558,20.0120751185721,18.0539569189233,16.698052631161,19.0669422461104,17.5240274040357,17.2122206201846,16.386291895053,17.8143733090836,15.4795369312291,15.303526359236,15.6638968555721,15.2855248825654,15.7286935677543,16.1895182252835,16.3216092781554,17.0482643402719,17.9873243281379,17.7832959329997,18.2060783702536,17.8633540573891,17.8325983065425,17.3451513029655,17.5166566013312,16.9297987520265,16.7046954573484,17.8395676811308,18.2285335310576,20.2795184396414,18.0394650460843,18.7161364691496,19.2873231107805,18.453364311249,18.0291972270455,17.8546722645591,17.8546431499929,17.8824930371174,18.0462148794619,17.7669767758188,17.6500665990465,18.8721898217642,18.6849921480394,18.2033117284823,17.9084095738737,17.598375896724,17.2969171894993,19.6082939467275,18.7165962889846,18.452403165236,20.190461406511,18.7965496455767,18.8330097313394,17.8050614977536,18.6095954910409,18.6703439534274,18.0195380961738,19.7652125415609,19.9272901343635,21.0388185602496,20.8553284143677
VAN14,10.7979482265306,8.33363448282293,14.7913273383596,12.7672257940518,13.7526115814887,15.4647418554434,14.1651881241674,12.9855908402616,11.9533166394966,18.7597214909607,17.6491804649935,15.6555543652104,11.3222499715271,11.2075408035529,11.9460877581336,12.2713318250574,11.8750353035923,12.1141827053733,10.3037339899044,11.7928047327637,17.801207425544,13.933208153943,13.2401797325613,17.7973630517492,18.1966178034615,17.1671659583005,17.8956547055007,17.9263736478139,17.8064092090142,17.9330560479623,17.9946046576173,18.2130767038848,18.4093813886502,21.3893043724552,19.3038270228709,19.3128120521847,19.5037669050233,19.8407713929278,19.1757340568112,19.0089721112578,19.3916520608935,19.1648279337085,19.9141039869574,19.981136253622,19.5239525200365,19.1237563568094,18.7231121727749,19.4862263804159,19.5041988513008,20.2662014295927,19.9963977972992,20.5866786551652,19.4311997275893,19.3212347164807,19.0790960995711,18.5045379125144,19.4348877249784,19.4299731932686,19.5395556370517,19.7476619065718,19.5576523239586,19.9330466028997,19.2898830217341,18.851169593581,19.4053900433215,19.6916276370145,20.2115019001436,17.3416998092937,17.1402091068297,17.6567446964754,17.3941351328999,16.6207153623212,19.0514854943564,17.7143486211188,16.9087933139284,16.5771736051134,19.5977205892455,18.7881969481101,18.452313979786,19.5509055119359,18.5863755648928,18.4634241771291,18.4781756692199,18.6901973876003,18.0284390074305,17.7240684973864,17.1338821979295,16.8687534599665,18.0457045931253,18.2306068608243,20.0435260602438,18.4603994577031,17.0464437901272,17.364753335314,17.5390147223461,17.2233856688316,16.4479874323852,17.8213553134793,15.7328365859796,15.793685128648,16.0473283426776,15.7423334110442,16.0278029463051,16.1370055260273,16.3936307381198,17.2151124133088,18.1485849051077,17.8511956316951,18.3423383342153,17.814008240284,17.9453711668458,17.5560948737048,17.872218149821,17.1191901114357,16.9534320639966,17.9211628387773,18.2151245450757,20.1161134700687,18.2167915285656,18.6442116410673,19.262883960126,18.5812909743223,18.2449166428095,18.051368831382,18.0124381472617,18.0001816853262,18.1007030137408,17.9237430798688,17.893408495115,18.987088252058,18.7071367869889,18.2835046878457,18.0291040179732,17.7608326207883,17.4732552153611,19.8996971166056,19.1289826086739,18.8113384917151,20.4029380987195,19.1436575649637,19.2290681433331,17.769908238881,18.6452171268223,18.7144336184502,17.5927485577845,19.5689142166344,20.1999926665081,21.4120690270979,21.2201409004584
VANB15,7.1335672951749,8.36909023769971,14.5317418736289,10.9213115697721,11.9176733976328,14.0333003140225,11.409112690067,13.35243019076,11.9139399861544,17.0049994512431,16.7064234632655,14.1606368620428,9.60516629786053,10.6587800246044,9.67889265544924,9.53545381890042,11.0162429967773,11.618874516938,10.9296185997584,11.1521506914307,19.9965084973974,17.5224293904723,16.7247971343521,19.71162103554,20.264016949734,15.3307162489637,16.7304964026504,16.8704997072619,16.473843347563,16.6464087417884,16.9039919456759,17.0906831495048,17.2146604811501,20.555980487763,20.4246352223822,20.2923699262669,21.0310539483171,21.1558357361747,20.4006594226644,20.2004008121486,20.2060068535872,20.156865176609,21.3606164146392,21.2886016885349,20.8494098704655,20.4027252520544,19.86121397144,21.6334020874482,21.9722849464322,22.2395032607551,21.7915084493121,21.8589851770604,21.432643881924,20.8622935953558,20.9868707528463,21.0599847669906,20.7827866154018,21.0595800663319,22.0498782873965,22.2527424148607,22.3386162296235,22.6375084271899,21.6978667748236,20.9108513611193,20.9216351227575,20.882422529273,21.9526979554536,19.2662178935063,19.1467127421819,19.680087038935,19.4202101996719,18.7978551349171,20.7455842314247,20.0041383849529,19.4610201005299,18.5778666646435,20.4081315493134,19.5006150121925,18.8823055010224,18.8733942411052,17.8718529555309,17.5238751931727,17.4468766723031,17.708475060928,17.40269560808,17.1161833017512,16.7711077227228,16.3706088448225,16.7429935942412,18.9709097089675,19.1386121082052,17.285864206382,15.3838087160997,17.3593776427676,16.6124335703913,16.0833950563823,15.5979089646394,16.4885407918502,15.1476953327986,15.0906046358603,15.3613338340066,15.0606280640621,15.3945862690699,15.912269380203,15.9484645124924,16.5358743284174,19.510413121796,17.7304136711581,17.3756249156778,17.201132944394,17.4524299821039,16.9103052260923,16.6039785386574,16.1276241816147,15.9138678857142,16.7041159605079,17.2217618066769,18.997679225362,17.2506229470705,18.1053143639028,18.6109915698697,17.8157476285242,17.4660170204192,17.2970382697631,17.2244954260347,17.2740181346184,17.2790525138151,17.2895368210414,17.2784117722056,18.4919479310736,17.980586329198,17.9663047479342,17.4485084947928,17.1092493325254,16.6897099388853,18.4606780335714,17.7472826170433,17.4983579451739,19.7474782786692,18.1967288272501,18.3813842795609,16.8077432458,17.907108812986,18.0418925077418,17.0613761460187,18.5021628602543,18.92726850575,19.7470276309956,19.7483720112323
VAN15,11.2982692305242,10.541411997613,15.3053615595984,11.8241674137991,12.2867058069885,14.3213341931077,13.1270528404628,14.1714308382701,12.5122294166715,17.5743667493688,17.120520068728,15.0153470887657,11.2453278563904,11.9777545172075,12.3398548296116,12.2769104659328,12.5601092871801,12.9681203487582,12.0491490983121,12.831344827599,19.2335025379191,16.9944191614967,16.2754126798662,18.9942501596924,19.4917845564526,16.0274608841553,17.3850270741302,17.6030729472778,17.1232201382423,17.2172496405145,17.4509632525671,17.7035672066083,17.7238416541457,21.0288067160744,20.0901565717744,19.9913530898177,20.4752845190359,20.5919702000069,19.9693806879716,19.7766267488984,19.8488497989688,19.767260223713,20.6868752705101,20.6832772265649,20.2145071964193,19.8391348823156,19.9490669463586,22.5015407557278,23.1309193016455,22.8414301334596,22.0394901043256,21.4377543417337,20.9069553535954,21.2174892443089,20.6493359300025,20.3842208024804,20.2718050759396,20.6406955015273,23.3042585389153,23.2599715215625,23.5191266848949,24.0112765146727,21.7962839524644,20.7362687652431,20.4528687374885,20.2599860897005,23.7189988663207,19.3099193935391,18.6352033727296,18.9722925814037,18.6152184553479,18.0649356994145,20.2465473698662,19.2141563853822,18.7438579979154,17.610490724082,19.9376159741319,18.7604640122674,18.143163091702,19.0898626781395,17.8358519236533,17.5581089797113,17.4973000907911,18.0445741270319,17.4697757984419,17.3073017267392,16.7372299676038,16.254449687069,16.8973096582221,18.6352972350081,19.3814783789388,17.5221349493712,15.5022430622266,17.9584958956562,16.8568494867027,15.8675724349399,15.1732578074747,16.2840621283991,14.3676494632454,14.1826992417419,15.0347123273187,14.4932852706175,14.8898488928863,15.8124494456684,15.9312480180265,16.5577191592042,20.2602566215666,17.8864048007483,17.9955415040584,17.3898264179263,17.3579511054769,16.8416203791845,16.7242349298961,16.1786593909556,15.776944282838,16.9114242051629,17.4566027577785,19.052396675514,17.4135905083106,18.2207356404565,18.648089062777,17.979159613182,17.6730858936626,17.5173912040348,17.4974650206476,17.5107072960324,17.5313105459047,17.5952560942508,17.5222884199944,18.996870350886,18.1305640954828,18.1873751545779,17.6715545386714,17.2972874528125,16.8898445461373,18.7423155850607,17.9696966952923,17.5892917124381,19.9325578977722,18.5047559538583,18.6739231843978,18.2255281838985,18.7261545734386,18.7452031033067,17.1283749756899,18.9926079888987,19.4237119752168,20.2240066862591,20.1567012492823
VANB16,9.59858332248892,12.7651845867603,17.1722509810226,14.1361560301287,14.0958836721799,15.348745474789,12.5766900814678,13.3858134500514,12.9681982140354,15.9583487974425,15.7526633105087,14.0850246786486,15.5282675535863,13.4756802554118,13.6254349827622,13.5085571982444,12.7627691852608,13.5759512036102,14.9229323339221,14.6283087420237,20.0450515657817,16.3495518512726,14.1731957811806,18.9600368803078,20.3013549994044,17.3665446512016,17.363773552943,17.589499193706,17.5711691320221,17.2607812353069,17.0724549880309,16.9094984835554,17.0217951146072,19.4896199679775,20.2700589425879,19.7569548130743,20.3308729544651,20.3442806123663,20.3828938672125,19.8517719481645,20.3448737516311,20.1655582624501,20.8825323583035,21.4636733561589,20.713951483305,19.9288477724009,19.4289388138366,20.64829260909,20.6964265131707,21.3765484850954,21.0842668363306,21.1122016760884,20.829458032516,20.3590302334514,20.5332232074345,20.2357227097893,19.9297641594719,20.3066427333294,20.3399732473461,20.720732122012,20.5586739650931,20.634806924924,20.3524629255542,19.4262502889111,20.1212719519265,20.020818889106,20.0042974935761,19.6716203370895,20.033802137979,20.8114156285414,20.4417256778404,19.6652861328062,20.8488988268129,20.7424099360231,20.0264067073388,19.4494719106469,20.1654507057116,20.470594811177,19.7821677184075,19.3245643174576,19.1057655988723,20.155487274041,18.4711522990008,19.697814201396,17.8347085591547,16.2818056629248,16.0125133387307,15.6300344666405,16.7080710854858,17.6375634961569,20.7833674387578,17.5247589551035,15.812313505064,20.0605868329729,15.8954108063448,15.7613837293424,15.425898506519,15.3007922438702,15.4465430300085,15.4850174375938,15.8413208919268,15.5775001680502,16.0211660659892,16.9266289131312,16.822183265708,16.8186852934232,17.5545365921384,16.963316890675,17.0904112512218,17.0325299685635,17.0254630551311,16.7072939572164,16.7317562187257,16.7777425467023,15.8857782886128,17.6942594124045,18.0595500817547,18.6408683649005,17.4005006430838,18.2185243056202,18.7755540905707,18.2618026592443,18.0191356145803,17.6260354217089,17.3673517257665,17.3106020805077,16.7933400870486,16.4905170080341,16.4787251168839,20.0871449887488,18.2184245722969,17.4240966124422,17.0530511492724,16.7707492893919,16.4061269231509,17.7728731287806,17.2342998553733,17.0619341682084,19.7759500702335,17.6340903226478,17.7735281748525,17.4102053782023,17.6412637183729,17.5335177302246,18.9196173326975,16.7418472942023,18.0457089519169,18.4277902636888,18.5893123329453
VAN16,8.93017117364625,13.1276371762772,16.7733780583614,15.4116621290954,14.2502127598085,15.7122515804936,13.5340720265065,13.1738631695424,13.1590353790075,15.4824057386356,15.2655379263703,14.0299197486025,14.3123185169392,15.4886520089681,14.1228549404767,13.522043629024,13.7213699140932,12.8368122922563,13.3381112929003,14.6164112447556,20.1239991224418,17.3409685676876,13.8594567759087,19.9455726629303,20.3134425464555,17.0677280147113,17.1974146012779,17.3073116097332,17.2248651315724,17.0518997390231,17.0780072378794,17.1766052974595,17.237423170596,19.3575333032459,20.8463486973439,20.6204432919325,21.464333343074,21.5638951719211,20.6364617379276,20.292040980507,20.6094389773126,20.3989769733513,21.7751647429423,21.8317253704806,21.3135627201633,20.8771632320628,20.2401849566817,21.5429639286885,21.5573330344056,22.041470871126,21.4890931817437,21.8576708992962,21.1276792488934,20.8121722291565,21.0616410876316,20.6088584958427,21.0454330728613,21.3385531221189,21.6343629754165,21.9589353773463,21.6562635536139,21.9200357703482,21.4549941505967,20.8513573870229,21.3267713365086,21.1942602405127,19.976266831694,18.6182494729611,19.0104804036081,19.5430075175353,19.0952680921306,18.3698711521641,20.6966791091957,19.5158335421187,18.9067798977665,18.0993291488064,20.717730373666,19.1092295088626,18.5115528362829,19.6615864641169,19.0210481573981,19.6326894609107,17.9954529665379,18.8629459404561,17.3901696237482,15.9576590238421,15.8289468009424,15.5899663903399,16.2172610833718,17.3884595183655,20.8438927743188,17.3372803408272,16.5981280366249,17.4921644516866,15.970007831812,15.44446929216,15.2803094163262,15.1428214524007,15.2120738011034,15.1076576142736,15.750389666749,15.3641429947221,15.770692566009,16.7259752245845,16.6996423373159,16.6513754587158,17.3306210361222,16.7513435199977,17.0467300461031,16.9652428524121,16.7589878946084,16.3789499761581,16.2978661190309,16.1734064089118,15.7842028385138,17.7102424508579,18.1172477453085,18.5018234864331,16.8925127819278,17.9258310021492,18.4806423267423,17.8895430197577,17.5746207255632,17.277317064002,17.1581558155302,17.0156091716968,16.5363207011561,16.2022547496395,16.182644798645,20.3497470524691,17.8141481629033,16.8766826151687,16.5534832527664,16.3200894152076,15.9474416100344,17.2085804136151,16.6966737550175,16.6298461204494,19.7542165761133,17.4105994139885,17.5715286052515,17.1449444748721,17.4417523588802,17.4196935248186,17.3877427247978,16.6025149790208,17.7721827949302,17.9825300450815,18.1153853963078
VANB17,11.8538858539563,10.1767142042387,16.6453721738244,12.7208298933098,12.1668990557306,14.4097344310104,13.3706897756489,13.9134568323627,12.467237814422,17.384306313992,17.1366150430845,14.4250702518357,12.5892049009934,12.7273084639067,13.0901317011978,13.195731541155,12.901537394754,12.2734008784638,12.3083653813175,12.9192991878527,19.6532742136957,15.4850336406411,16.8718144079268,19.1097521623041,19.8829801985228,16.9748104474476,17.1909957675982,17.5253794879341,16.8141061294044,16.9146054202632,17.0041590155798,16.9962681318726,16.9554448983702,20.1003160494196,19.8956924761376,19.9351594399338,20.5109400350275,20.7730152106034,20.2803710127354,19.8726491547922,20.1621877477472,19.9662946330677,21.0588986490702,21.2476243672065,20.5666343026933,19.996335649137,19.4395135773862,20.7968532518007,20.569857931769,21.363870482245,20.8968821310921,21.1894251474382,20.6666124911688,20.2605557963872,20.3428104557457,20.0859200722563,20.4381212750383,20.6028889472326,20.7911641200825,21.0073942228232,20.8430250260723,21.0701494959341,20.5890963985345,19.9512143945614,20.434542895183,20.4906595920591,20.1253502712239,18.7848847954102,19.2503791571274,19.9904088022096,19.6818992279577,18.6884619896338,20.4229934189547,19.8713781637846,19.3641418655604,18.5100466181602,20.4078900154095,19.5513997938082,18.9409075935827,19.854579402185,18.582641702961,18.0134047367623,17.2989828730331,17.1027559050644,16.7733930687149,16.8674931883951,16.0406101639234,15.4987953260157,17.1864716953869,18.433941266578,20.2577906941831,17.2372873768768,16.3269743537757,22.2561139258838,16.4231105149459,15.8847539431918,15.1098569695106,16.0029603878865,15.1657054832954,14.9723340982835,15.7069276493547,15.0351643172042,15.6613692661475,16.6155858534856,16.6405305952188,16.7712975560704,20.5577723513283,17.9078777191096,18.6906601524305,17.5653929279075,17.41131104783,16.9794574931581,16.5788982850409,16.661854827844,15.7948842875887,17.6900785822267,18.1349562850081,18.9554706764101,17.2227895341787,18.134520489732,18.5285510736517,17.8910595918686,17.5694088035021,17.4415121622019,17.4325806805092,17.4027441260672,17.3401120566456,17.4155627357399,17.4183570781489,19.0207140187869,18.1737082020097,17.6267536743246,17.4105473549883,17.1589645529393,16.6839470455372,18.6683404147096,17.5221408730476,17.1251014349791,19.9346954108729,17.7225303602103,17.8204084269377,17.2742833398254,17.8756196561846,17.8891258200449,18.3015974342194,18.7286888155946,19.3291788625605,19.8565410426177,19.7657891989765
VAN17,9.38240023175962,11.5276609290813,14.4367008851192,11.2217130544519,12.5282187052745,15.2644738290951,13.0397104785034,13.4211054043353,11.9312896821114,17.283879345585,17.1412525104127,14.4919272371378,11.2973308807531,8.53374972157384,11.2148704485601,11.372755676864,10.8659924881581,13.1972567442533,11.8167162169412,9.15031475228533,19.7631157800731,17.2941555061859,15.6837462433416,19.8013998389331,19.8969331900057,16.9109525288461,17.0881141780997,17.2941727135388,16.6966048655307,16.6531654704251,16.6976271009553,16.8655822677336,16.95070331365,20.178303270176,20.4010640119049,20.3976428261048,21.1622559586008,21.4161949868939,20.2565157505632,20.0773216560272,20.1725553859759,19.9881045494436,21.444202955528,21.2858164958094,20.9796107783073,20.5350626714459,19.9455756730434,21.0756201551343,21.122044614302,21.7846240004335,21.155561542653,21.8186309013371,20.9773027881871,20.6260596958733,20.8386180990896,20.6383397539327,20.9312997887836,21.1469628694738,21.3604281308121,21.7418840799384,21.5006351543889,21.732168183231,21.3595802766962,20.6928314007817,21.0970106638134,21.1548934306524,20.1594203452323,17.862301789185,17.7084545121759,18.2046501129502,17.972388945626,17.1359090668501,20.3472154890928,18.7926391523647,18.1162171419598,17.2706949176438,20.5357037066423,17.9041179430477,18.0256408159973,20.0222600850892,18.4611689985071,17.7117432492641,17.3344960374019,17.371208757339,17.218421068128,16.9073352191826,16.3930347519883,16.2471718568431,17.2663189726896,18.0020508405636,19.8162983905288,17.3274349028667,16.2528660540438,16.7224872608965,16.943651572885,15.5585950839106,15.0388143895509,15.7914551691535,15.4487516676041,15.573975100462,16.146302237676,15.7775173052388,15.8468158073651,16.0946708991934,16.3143141046506,17.1311575409003,22.1558203213843,18.8178468523948,18.9187132769022,17.6475668505626,17.597194740874,17.2076994744843,16.7367385342495,16.2776639000112,15.701668063201,16.9270503853124,17.8181781942185,18.7582252588751,17.2355238151706,18.1758548634288,18.7609678856941,17.9497513928508,17.6034786513673,17.4352134867008,17.4627990051682,17.427757193626,17.458784738674,17.6597595698938,17.7134034018144,19.1198174611884,18.0318515553104,17.5436175160177,17.3658164663275,17.1340616839367,16.7362983144258,18.7061160064836,17.8110751077686,17.3989530780403,19.9015186219625,18.1186531727289,18.2558583702277,16.4457982719067,17.5406937023415,17.6495734787321,16.6813073055339,18.5817901674326,18.9146640738456,19.9094117821111,19.8811192306879
VANB18,10.116662355998,12.538275171812,17.0578033735939,14.2130089080241,14.0116411173379,13.7217353269728,12.5099877800197,13.2339689284481,13.5389418545809,15.3789419743908,15.0249559993943,13.7420491532251,14.7484980134612,14.1887201158323,13.7335608656029,13.0870693460226,13.4908999670911,13.2790028304707,13.7829654001428,14.724554253503,19.7071128835077,16.761791546402,13.8622621675741,19.281730786138,19.9363165247714,17.8859090785578,16.9569364341412,17.1735707629528,17.0554909439435,16.8906390957316,16.8450931515041,16.6014374538004,16.7100641721025,18.9451490238804,20.2751689126997,19.9028527815036,20.6086146327174,20.6605430896285,20.4647156202726,19.9365521915738,20.2973833923383,20.1603174791926,20.8892391687516,21.0138957819782,20.602585351274,20.1185861107988,19.6165060322554,20.9327174395783,20.9725407063008,21.5362976874917,21.125758140111,21.3171791160039,20.7607126911909,20.4402616182201,20.6476270123572,20.5487665111517,20.2344667931337,20.574701952936,20.6746132144693,21.1079054103633,20.9481778990875,21.0439502512945,20.762630430357,19.8604291799048,20.4663181375345,20.3860681796787,19.9288876494777,18.9225737815408,18.927176579158,19.625750677432,19.3194559306178,18.5983348012605,20.3744651515054,19.7550413767312,19.0357062294677,18.3287643856336,20.1921074403523,19.3385646565437,18.6703918148972,19.0577695734243,18.7623658688454,19.9300287358795,18.3031111736082,18.7969457654174,17.7021533999639,16.0759033054081,15.6849760526801,15.3436800707597,16.0382660523755,19.9940201804336,20.630025577897,16.8559564336311,15.4732672371667,18.7788632724754,14.6154604923185,15.9273281113075,15.3867100091612,15.0916610038572,15.6577772723728,15.546536535661,15.9309606630845,15.5349807598349,15.9617125815683,17.0026164669023,16.8987555309186,16.7828927659448,17.3408821739192,16.7270275509915,16.7260490091421,16.6950562777169,16.7214982010017,16.5040967894364,16.1521444944998,16.2788170579508,15.7191302816571,17.688460291739,17.9451729069458,18.1830948530891,16.6907065539,17.3790305849072,18.1485972554679,18.0085118650626,17.5816790820409,17.0817631183583,16.7370811880529,16.5902758799043,16.1992457640337,15.8669857288463,15.863478394166,19.6457508535038,17.5917171433195,16.767994685703,16.4085162763825,16.0350702163845,15.7011126502144,16.7225854131498,16.4525217444657,16.3270970654307,19.0992565571278,16.7482865596117,16.9570852355094,16.8077378789646,17.0449198047962,17.0577038626536,18.3875830146614,15.7541117661529,17.0564097529163,17.3745635402964,17.6570180623047
VAN18,11.891201169636,10.4978106836313,17.5899622786645,14.742369571142,12.9187670856136,15.2472706426656,13.7953792084234,13.5196089707392,14.3011564139625,16.9234929862911,16.0211550007151,14.677691147708,14.0587168322691,14.3860664116253,13.9829004928038,14.1971518332086,14.5109421992615,13.8594763461563,13.2186391920301,13.4869364227408,18.3306096178566,15.3141938835576,13.7888141823533,18.298437522803,18.5477336429865,18.1619010856215,17.5908009258595,17.6390923909016,17.3238109640119,17.3431502144818,17.4485711662867,17.5513632226996,17.5210233255411,20.1819709290774,19.7146898094881,19.7235270172103,20.002011441044,20.1764361480688,20.4910687319235,19.3172389448622,20.3521772611448,19.9814697163335,20.170186702296,20.2721539812467,19.836345734227,19.5279076679726,19.0828872631827,20.3078604847067,19.9246443176259,20.8209920242397,20.1586624499598,20.3865834015904,19.5831275727168,19.8618041027176,19.6294080283296,19.1624870906666,19.8207943580914,19.9437254783212,20.1946221381291,20.4502471228988,20.3170163540888,20.6006074133295,19.9084462292737,19.5054243121122,20.074714878319,20.1825748100637,19.9765709263205,18.2466251959418,17.8212555396357,17.9560448643816,17.6018293503436,16.9425284416072,19.556492601176,17.6394394073013,17.2836019830792,16.5888343276611,19.9251010278497,18.0631180928938,17.9767333388063,20.0412342803451,19.3811071306929,19.5025429610919,17.9728817219634,19.0561171535083,17.2784570273481,16.4486946635193,16.5109261895856,16.495368389126,17.157073184197,19.9934643744791,21.3302154699848,17.638755054607,16.7649553690305,18.5688411123424,16.0862514153386,16.9009608025856,16.370274107298,16.6184832380043,16.244535443661,16.0618194087866,16.1238733696331,15.8614695640434,16.3361042561582,16.9078683231484,17.4597529290531,17.3729451789323,18.3513906623197,17.3810911069099,17.6369236609574,17.5526955613212,17.1339905346287,17.1521423902158,16.9509889559038,16.9052747238092,16.6403320290329,19.6146515571381,19.150159581685,18.9354219381454,17.4287803048907,18.0815084476119,18.2591893519256,17.7857369584456,17.7081432951669,17.6448114195936,17.6896906774242,17.6586957252177,17.3418379238576,16.9601451280609,16.7791475961799,19.9851148955779,18.0150966719873,18.2544264318342,17.5131044754111,17.1400506571568,16.8619489029817,18.0930460947893,18.0075117896264,17.8642658320396,20.3208719933514,18.2020446483734,18.330269991252,17.7251308737093,18.2595728033008,17.987122030419,18.2803787723674,17.8134143206432,18.6059104001041,18.9106437696133,19.197599649946
VANB20,10.6239544034005,9.6274087533059,13.5690361874435,13.5083520746041,13.1858681909607,13.7910223078936,12.6834239972138,13.5519888360236,12.3288553423463,17.7615686401972,17.3645771806836,15.523658086305,11.7581565494948,12.2560693722583,12.2949104961877,12.7516653318178,13.3235947193263,12.8971577747777,11.921686042586,12.9586502086643,18.9747868379583,14.7326861984859,17.0003662214787,18.8480079032484,19.2855606690959,16.4286150334382,17.7975994114165,17.9402341310102,17.5767944088982,17.681756981724,17.8008792725189,17.8731540332808,17.9856741706999,21.1032819836327,19.9598093324075,20.1049793990153,20.4520322567665,20.7726546581911,19.9271318060113,19.8123891153817,19.9503475260189,19.75884953356,20.9041006819582,20.8379385072721,20.3513503731253,19.8969605240081,19.4435277236126,20.5212607751055,20.468111616318,21.0852852507276,20.7982186326255,21.0927388072287,20.6793897168579,20.1045819980845,20.1383198100381,19.7941990503427,20.3155703584641,20.4466577710689,20.4344764310579,20.8311713791409,20.5842649667055,20.8487846548484,20.3273132920838,19.7983659428878,20.2747725204554,20.3056133626901,20.8080754140264,18.0523155775155,18.2908004648495,18.5081354147681,18.1333508195033,17.425936837635,19.5540447458797,18.5701718723441,17.8997001123523,17.0128492161171,19.674219398543,19.1903995714408,18.6874491099968,19.2205685389491,18.4699756935961,18.281334266319,18.1214004830755,18.4338071178292,17.9154420811218,17.4129780553594,16.8382520930665,16.5178710743472,17.2424723657145,18.454511061295,19.6576595822885,18.0825380251227,16.3309995775732,17.0572161080671,17.467509097921,16.6823762402136,15.6746094848657,17.2649683191983,15.1301047486156,14.8648324395915,15.5194227891959,15.0178580354458,15.6180653969296,16.4665738185765,16.6008016613706,16.929212755206,18.7752432964087,17.7537067598071,18.2936405178033,17.9292244930653,17.981857802445,17.4873907446299,17.3209768282755,16.6713281745682,16.4938282785112,17.8573486336917,18.3079577328775,19.9434617708601,17.9426631852513,18.8351140365098,19.2155452424019,18.4841600304519,18.1833909737817,18.0188857583651,18.0180168875918,18.1412225763248,18.1454955360836,17.8560355128457,17.7185466051802,18.8848734807939,18.6794070978639,18.160933426317,17.8368019483121,17.5420811674475,17.1731980952485,19.4587945882568,18.7176095726724,18.5139445872495,20.0290380326927,18.7175013884636,18.883972462992,18.0588719803663,18.8410384840387,18.9241656500896,17.6186302947183,19.653410999806,19.8834107538308,20.8744778082631,20.8320977075163
VAN20,7.54488874441254,10.6028336276907,14.8940369943497,12.0993244501792,11.8599600551967,13.7719592367098,11.7824597415375,13.7320324516793,11.7416071152027,18.3804394103056,17.6691783444548,14.9255629611015,10.833988263008,9.28114504055152,10.1637027928233,9.76190958547523,7.96345004280308,11.0080656173488,11.0080656173488,11.0080656173488,19.1916279262836,14.2290438613722,13.3885476583249,19.2090394416116,19.2929995333926,15.7101781906846,17.2434938427774,17.5041764224614,17.0934833560144,17.3553177279986,17.3469116489311,17.2194235992698,17.2737160756579,21.4233288955195,19.7876124585007,19.8810958952234,20.6352293089722,21.1094256291646,19.910765406561,19.5803921723022,19.5105423692895,19.2867298174527,21.0279303877974,20.9660538345854,20.5983778379374,20.1933962005381,19.7937189357304,20.3103032048329,20.8483562864358,21.2876059510092,20.5897974582559,21.2771617819534,20.7373120342629,20.2255767546556,20.2343340910623,19.539949698453,20.4837268954497,20.5477595995813,20.7564600677742,21.2006664650889,20.8424137838755,21.3412407166138,20.7687622456327,20.1244716727932,20.7368317489048,20.6120335666455,20.2895021186878,17.0877359821659,16.7177577003489,16.9480192126257,16.7814615461695,16.0597356669827,19.4323536606903,17.6340741700199,16.9048320056024,16.1900586775734,20.0918566272321,17.5546188644698,17.3650397534722,19.0026684128029,17.8821983935666,17.5667995807129,17.5284214881453,17.8970411517771,17.5008711043565,17.2678974448883,16.6727777842385,16.4072865148536,17.9287116944635,17.8660092099462,19.1774127630911,17.6749359399575,16.8979362174322,17.0031053145192,17.6624925800431,16.6516544996028,15.8029696397012,17.4193087886971,15.2243179485666,15.5729678758294,15.6882577917683,15.3668918291079,15.2813831124483,15.6843379400806,16.0489724696678,21.1984767148668,18.4700577467845,17.1903710833396,17.7327867445145,18.1566177206697,17.3748839264995,17.0328827261424,17.2087160261373,16.2039583557391,16.5679229259867,17.0090661773537,17.6238887575549,19.7277834718431,17.4540061380262,18.4209208612184,18.7732734614736,18.0627742016293,17.8280457230042,17.6999921191288,17.6693093104883,17.6836650764829,17.7436541777462,17.8128638141671,18.0605653383056,18.3372164816134,18.3184798525969,17.8877369736676,17.7094869918423,17.4256221653267,17.1235584771376,19.7098659710173,18.5889927083194,18.1084016942867,20.7986782037692,18.8600604832617,18.9307792838447,16.5450394732868,17.9977543256317,18.3328409658331,16.5019509866757,18.7590960077073,20.0055692831432,21.1567044526754,20.9244408304259
VANB22,12.9253203118006,11.2833555809842,16.7079238613369,13.3240388062854,12.8848560863465,15.5735318635766,12.4825822437035,13.464119693398,12.3398079727837,16.5815003086769,16.2213925262369,13.8094365480221,13.3634546567261,12.7073852682508,12.6351097144597,12.4919441097837,12.290888825257,13.0708203584817,14.1302990907602,15.5423475151343,20.2958263225929,17.6489441533418,15.8108976907214,19.8903170450366,20.5367773322775,17.0695596571651,16.7837507242528,16.8933470088739,16.6274467411936,16.9143194271942,16.8861069382251,16.3231782070625,16.6272950757299,19.1119738213649,20.7999094588852,20.3565204240464,21.0386708056238,21.0704568376512,20.6686206446504,20.213964433399,20.4702531202349,20.3865222923676,21.2531392220827,21.3813761675654,20.8260875775834,20.321820838181,19.6557452454929,21.2816074407827,21.3490653189759,21.9510773879657,21.5379216890225,21.8000943612241,21.3105410312997,20.8605573904853,21.0367164203658,21.0593388168604,20.5707987242941,21.010131452034,21.2280694237602,21.559442004529,21.4621958758427,21.4260713358194,21.253949292448,20.3365097217607,20.6420106887979,20.7333013938393,20.2418918623007,19.31006570185,19.5816963747135,20.2796093209675,19.9775889230488,19.160106676334,20.9378610120142,20.3459712193751,19.6411390114004,18.992916133922,20.7558934543315,19.9817564770695,19.3049978774981,19.6317396818338,18.5192313991868,18.947881281699,17.7094403551719,18.3173193615593,17.2140537956977,16.4526348776051,16.2818574711793,15.8320281316577,16.750697639003,17.641224635544,20.4436978853499,16.9442438017639,16.0687977985195,20.4451871542915,16.3496283180415,16.1382812278807,15.8358429175157,15.862830386854,15.3603204887357,15.4998659295331,15.8301191317838,15.4095364326516,15.8509869013758,16.742223494318,16.7207171600919,16.8166145764629,17.3763310751608,16.9368963258667,17.0651164961874,16.8907384875667,16.9223813305272,16.4417135420675,16.6285161270863,16.2168903012156,15.785546988238,17.7981898904196,18.0080041914198,18.7665213929989,16.851271756863,17.8203000987844,18.2358986299914,17.6772431339404,17.3735910715731,17.1677312502732,17.1425343193972,17.0667201625722,16.7675681031165,16.5624352164748,16.5776099997764,19.3095905594989,17.9216712506748,17.4029432910312,17.1620058072213,16.967477211939,16.6179106317125,18.0325465826077,17.0970768289177,17.0072927645776,19.7128412746202,17.3373528868723,17.4735556173301,16.9153472055079,17.2096243517195,17.146967509629,18.7718631311659,17.5663959679308,18.5775288221366,18.9330816758145,18.8969462928533
VAN22,9.13160168781945,12.0690355165118,17.9030900272946,14.2582146361,14.14230450989,14.591213631425,12.804261371088,13.5602144693696,13.7065907567158,16.9274069175278,16.4256893878608,14.7488958630967,14.5642051670282,13.548158058541,13.2857283601452,13.1980023636459,13.3055330988243,13.8542209045792,14.1729108738145,14.4595248177282,19.2542527296976,16.0270734189068,13.831248756653,18.110009876665,19.5344282682726,16.2922881385815,17.5158434495302,17.6435791281517,17.4120587124162,17.2979074291257,17.1839376079161,17.0269999015762,17.1862853043598,18.87639643174,19.5629214073646,19.4081290086417,19.5652549850676,19.5035983226933,19.9380571591973,19.3185469096151,19.3805349594891,19.2689793592814,20.1248614697555,20.6657954633839,19.9012293283239,19.28867667096,18.871581112284,19.9272321626597,19.8401431534738,20.6234069837571,20.4661448481695,20.5000356104823,20.1929617430596,19.7281946455991,19.8488643256701,19.6273355678958,19.242775017107,19.5946469982894,19.7699678297235,19.9339910910232,20.0244101234862,20.0532839540244,19.7640259524124,19.1841055124935,19.6918471682989,19.8920599783597,19.833961244718,19.0661321451164,19.3230517123973,20.1320107667506,19.8889527871846,19.0403792382227,20.1840432235005,20.1656617215765,19.3234705948034,18.8844480860532,19.3530210013824,19.9468054712284,19.3366893631401,19.065310062848,18.8235488142077,19.7047064749444,18.3101355283985,19.0079773408555,17.7402003229366,16.7553111974271,16.5328958796696,16.288179212743,17.4063259107667,19.4020313024702,19.5967033336853,17.7173415253759,16.3976223782353,18.7739271594239,16.0037281093603,16.2800243972041,15.8836973191649,15.9114746323585,15.7766723766272,15.7377128392135,15.9720429841824,15.7579502314175,16.0639386396821,16.9283213768163,16.9357628135555,16.8117733434391,17.6637132424416,17.1851109886943,17.1421373990399,17.1839057120098,17.321338402902,16.9612646433355,17.2474402840722,16.8519482470008,16.3398524446616,19.7388433585859,18.7647975526582,18.5493600905722,17.7530807905334,18.4008980899169,18.7235725247063,18.5247640250289,18.3144602631963,17.9511591442416,17.7741632335219,17.6679402772157,17.4158349272335,17.198670750056,17.2391746079357,21.252279508428,19.251526387509,18.220200431631,17.8495662477938,17.5415654570036,17.4225343232409,18.5380447040852,17.821663066479,17.6376528699779,19.627871598146,17.7628409322744,17.9178424577658,17.6353231898804,17.8128452551112,17.8917567016412,18.1457850332698,17.5864986780209,18.8629521838883,19.2237326185686,19.3916352927754
VAN23,14.10806908487,5.297349268456,20.1711514763889,15.1495417482055,14.907982004926,15.7630935146352,14.5295127432766,15.1933914576252,14.9931178832926,17.2404838692321,16.5059557225458,15.8856881732375,13.0928217324091,14.4121751578176,16.36985596751,15.3851197094531,14.9312060093898,15.6040761578305,15.8134728881674,16.1850077466061,20.0582503028564,19.0900797011342,19.4592770066042,18.7068644324663,19.6661707940367,16.1132631031766,16.7838595036018,17.1440857352761,16.5513206273861,16.5513206273861,16.7813264069056,16.9163938977063,17.1087741287261,19.7923937886599,20.4196846150603,20.2989267467032,21.0487843623343,21.0902805667547,20.3086127292028,20.2098643647091,20.0506160508424,20.0337275218916,21.3721853682018,21.3366052197063,20.8955157324122,20.7989205825256,20.2646923371254,21.1317497418224,21.3429274632733,21.8123071314193,21.4674352938749,21.6257689870201,21.1954588638962,23.5756220355672,23.154048957131,22.1673759062935,21.6117836323351,21.5619693489576,22.0366850331195,23.9800688974099,24.0980093867747,22.8695739069704,22.0959410088756,21.3660334552961,21.1916044803388,21.0960130539899,20.577187233726,18.4565158030248,17.4411668293153,17.7596127562086,17.8779223068251,18.3285158319242,20.9195077903607,19.7376246409339,19.3289472167846,18.1728808448706,20.341920819511,18.9978936555907,18.2113832749728,19.0435593891499,18.3959708772743,18.167719971461,17.4954375754312,17.920867319296,17.115725035431,16.3464582281562,15.5544631165312,15.769427987021,15.9446873195708,16.69027099843,19.5874090192835,17.3233138571557,14.4922979055482,18.5055286327673,14.763815598103,16.3278428392092,13.4345006634852,16.7111800762292,12.8706302973508,12.4140371835706,9.23000271121142,15.0735305734683,17.2808144520301,15.5810469884074,15.1021403967422,15.897696060441,18.1750879907065,17.0748285512369,17.4013547616754,17.6523176009889,17.1175998925568,16.793947646953,16.3315805539578,15.8060156984459,15.9358975018028,17.6704698835074,17.8110964327294,18.6967217323984,17.0401259185153,17.9126550334599,18.4162572259388,17.8031432118354,17.3269943642378,17.4972419890473,17.1702711102388,17.1489807342286,16.8015403846357,16.6602366617804,16.6319475972837,22.7590198330343,20.0938326822446,18.7309739972733,17.6614155823293,16.4616771253008,16.7539055838355,17.7826420841342,17.7181210302459,17.6083914623347,18.919734129258,16.7685191511986,17.7346884081922,18.7938406426827,18.3982822908928,18.3449380956829,16.7865135147188,17.8502220503017,18.5076569386701,19.3159425967928,19.3985213472964
VAN24,9.4444137444022,11.5171749677014,17.5384535086413,14.7293232643123,14.9542446579953,15.3445298272791,14.0540482475587,14.2318439364795,12.6653188082131,17.0990034430127,16.4496811198549,14.554878595247,12.7913918790318,14.0415045838986,13.1142958690983,12.8449330904604,12.7827243140676,11.866938996946,12.8450990125445,13.517701202936,19.7611659917395,17.5787648965287,16.0035266836219,19.7200333309952,19.905854088043,16.2763439842701,17.1314950328295,17.3763433151534,16.9772282940057,17.1131252387957,17.0881751755697,17.0397060655727,17.1022492274104,20.3707592593924,20.6665976362498,20.5556657782561,21.2614089366398,21.3770548595612,20.51297948632,20.1205060632752,20.3193751923546,20.1181222224723,21.409997115308,21.3000994145522,20.9107998636001,20.4484715884568,19.8946821336635,21.2352866171216,21.1720475885235,21.7592832919433,21.1592262372772,21.6375838471279,20.7646012903138,20.616193874526,20.8401596185515,20.6128538746699,20.9034306869756,21.1883711176034,21.4423966520732,21.7769817330103,21.5205956683613,21.7209927488136,21.312006938134,20.6738585372623,21.0643788332337,21.1093755159838,20.2127160735145,18.2385888555565,18.2875419438893,18.483334410854,18.1647647494639,17.3551120062112,20.3673088747774,18.7350659372441,18.064345043503,17.0850404512998,20.5299866724078,18.4358189824238,17.971528969199,19.3368770139516,18.7211231685289,18.8024629265249,17.8705399327056,19.1256140347711,17.3105750529178,16.7842168492603,16.3750496615225,16.0501737793691,16.726140037057,18.4454667832522,20.2192523445496,17.6185977174368,16.2723689518521,18.4484423929262,16.6197277409145,15.8920292476146,15.8352457151854,16.3493810865805,15.0895305588923,15.1371705594161,15.611438838703,15.2041110077031,15.5700342274397,16.451278280764,16.5655751019001,16.552817588135,19.7350703562314,17.2558022948554,17.0059394801105,16.8333344369335,16.702646182915,16.4871565990216,16.4854849882813,16.2749577266589,15.859602157678,17.528325788718,18.0406337673547,18.7677927578973,16.9685400052575,17.8821053494862,18.1034989562978,17.8865604873614,17.5997128739684,17.3755941054453,17.3881719905111,17.224967588192,16.8783919786439,16.7672808366437,16.7560884248333,21.515746887382,18.9216179042125,18.2372810427056,17.4253253680745,16.9864109753693,16.3288360348034,18.4494254917867,17.7335804954249,17.5290008484537,19.7910304709145,18.0570358524111,18.2359724690007,17.9946670521012,18.4080862148421,18.2432859219725,18.0705919568023,17.525354591018,19.2700341343292,19.8243544251538,19.6815700302299
VANB25,9.92744449137851,11.6720930335615,16.3056012643432,13.0849838204355,12.9804159866026,13.9591139484858,12.2325632971214,14.0032226044785,13.0788008294641,17.3239244079614,17.1170772548418,14.1278243001538,13.4370648882547,12.4823978225012,12.8180809497901,12.8885371242512,13.272083592736,12.3728703464188,13.2787763367061,12.7878400482182,19.1795980032272,14.1116702492949,18.2679213043953,16.3387412845088,19.4646742439427,17.1095115610692,17.0752007715929,17.8041545138521,17.0473408035769,16.8864786904187,16.940535157809,16.9721500170763,17.1752356156553,20.0148688561034,18.6490514568704,18.7022877136073,18.1731582069127,18.4031223797076,19.9769636215592,19.1442629436268,20.1377778104655,19.9164013939468,19.7090939961976,20.7695940780043,19.6046369699159,18.4668921138196,18.2610899872973,19.5401075490756,19.0171963723529,20.0969449921556,20.2622513612735,20.0982662670207,20.2703022964372,19.4746423216705,19.3785691661179,19.6215711176152,19.492775126907,19.4014280880211,18.6861864016172,18.6624851340978,18.6988169441127,18.761303837339,17.8714401705995,17.9382787859617,18.1704264659063,18.7862101259869,20.318219822242,19.8504322305818,20.2362010097833,20.7233081473731,20.3795721574186,19.6459440586782,20.4567787766763,20.5892030470547,19.9425798933552,19.3588911224701,19.1624236186021,20.3596821705284,19.7609733789639,20.4379493909553,18.8905407496428,18.5083745277049,17.7832251684479,17.8562839975783,17.1310773093729,16.7682848868034,16.717654573571,16.4791590629349,17.216844959655,18.8612097444385,20.1664860595014,17.0835586328014,16.254107406624,17.4070690408747,16.8453527976773,16.7933193580059,16.2630575701234,16.9128507265907,15.3077852334749,15.465021429502,15.815826644379,15.284469540569,15.7976575625877,17.0272906127476,16.8859103110096,17.0814262168401,18.910879786217,17.7255789977436,18.3017629420559,17.7180699077232,17.8398274248245,17.2813434230143,16.7317562187257,16.9503409757333,16.1862590614129,17.3728786889148,17.9990559123768,19.466706963525,17.4246296122523,18.597580824654,18.9709002740945,18.356289355938,18.0544766307729,17.921475845755,17.988532228151,17.959944118188,17.6912833065244,17.6289519970786,17.6651377335599,19.3986889057444,18.6246238367109,18.1498259664652,17.9137371370845,17.685892453725,17.2695109479793,18.967695869023,17.7026192106646,17.4202268332626,19.9791446863484,17.7353704784791,17.7946970649349,17.3979884026869,17.8109254838188,17.8290359620016,17.7999321197605,18.8723533455914,19.511034418731,19.9434301768229,19.9278532771943
VAN25,12.9477897061167,10.284494273005,17.601562394749,15.1337261996196,13.3831250646546,15.3096881862284,14.4742024595696,13.7463834482748,13.6128701223706,16.7264681950825,15.7198478317741,14.6138988649624,14.3619791056168,14.9482793524772,14.523332935706,14.344258163057,14.6770649929794,13.117256724641,13.0674451515621,13.2992308681585,18.8859025490043,15.3354177492283,14.6491351338637,18.6854774642633,19.107453385883,17.7554929798521,17.5355030896424,17.7594299580983,17.328207840262,17.415862588123,17.5029118116502,17.398946644865,17.4097944736408,20.4781289175038,19.7775880926317,19.7963506941456,20.3122008179107,20.4737081477271,20.9714246725223,19.85837711309,20.5709615529582,20.263167083762,20.7531519049675,20.7786938648726,20.2982533131864,19.8846528140113,19.4893920156123,20.6418106726448,20.5001145446847,21.3181592233538,20.7476948786971,20.8956841753236,20.3282048156895,19.9530027558482,20.0345464493537,19.6719771607725,20.2328858800562,20.436285069387,20.6396026025224,20.8456179898102,20.6945935620818,20.9300241370505,20.3670621105146,19.8826854185629,20.3427534484515,20.3193345065173,20.4598966600394,18.3717795229461,18.2285102621428,18.6485440485329,18.3506043954043,17.6522611379979,20.1731025680282,18.6126113286143,17.943796540783,17.1905418763583,20.2662424439743,18.6477071171717,18.2685234496051,20.1359769603191,19.5949189230984,19.5103223549777,18.0956716893929,17.8091692583286,16.9055665210765,16.128657044678,16.4175264662023,16.4491807034955,17.0917495154762,19.80093053926,21.4337415884631,17.7380503536385,17.332217537086,19.3865401983879,16.7044310391071,17.0359922345651,16.5324009573828,16.7606734635842,16.3120858242729,15.9460717037147,16.3387810739915,15.9499716109669,16.4984038778877,17.6247858661477,17.5747509733035,17.3257139962518,18.9092044383378,17.7868183179408,19.1403483523433,18.0617396562555,17.7138313945717,17.4291884438499,16.9212418304592,17.3948976243957,16.8048717071158,18.8427900752146,19.0168711617591,19.5025427528071,17.4656166407067,18.3245876865948,18.8347257195982,18.0917116513767,17.7442408865594,17.6055368314703,17.656222961856,17.56614015533,17.2759430125727,16.7766161853863,16.6185124358246,19.5747577156154,17.8842383171431,17.1923873667889,16.9759232268261,16.8253060831745,16.6036128525976,18.1888831548585,17.8935398022954,17.733202623999,20.6602927566806,17.9364970719852,18.0716916031902,17.4924436159397,18.1030318345721,18.0095784859341,19.1728629257869,17.8081735254797,18.4424918941935,19.038776367754,19.2600761722105
VANB26,12.0008451087736,11.2784282156529,15.4483954950247,12.4437411097794,11.7944206172334,14.7105849045638,13.3193821849367,13.331315003211,12.8055329710754,16.7739475350182,16.1297640468448,14.8498818242047,13.0000247616854,12.7333537126222,13.2899073806614,13.3920998887419,14.1423675213324,14.5592438786208,12.6695675134485,14.2155953525907,20.6328587345573,16.9298009825683,17.0012612536543,20.6483071641437,20.7054679398657,17.0039160218185,17.4792063630655,17.4359381332763,17.3988213814096,17.4506064956404,17.4893150918755,17.4576426842057,17.5030765535464,20.1967718650256,21.0494952334792,21.0208397928023,22.0390535326304,22.2340493330937,21.6494843144308,21.2171871910207,20.7877725462281,20.6091587368029,22.397648890077,22.3172660125064,21.8875016574996,21.6080907193845,21.3592363398779,23.3960589861788,23.9942387649826,23.7663067444383,22.9358832136444,22.5741504514933,21.7893832761582,21.5663176264555,21.6221631926341,21.4495531583961,21.9602133746366,22.2439247015001,24.276129682189,24.1578775586532,24.3586980910506,24.8488404630433,22.8762994728754,21.976906841858,22.1996357830384,22.0891735087951,24.4005057709892,19.9007117704858,19.2548397546374,19.4835586180047,19.0253108672174,18.3890360742605,21.210501497992,19.7604532114669,19.3839528608325,19.2425508174372,21.1274913133869,18.6236395228352,18.0918685418276,19.324659472911,18.629573778213,18.1592571452229,17.7254833168387,17.5773217847353,17.0735998243135,16.8696735235044,16.9021050452667,16.6360833396171,16.8639480402725,17.6793186195717,19.7861553303703,17.2735773314824,15.1065978937921,19.2991535841153,16.3319291797063,15.9253993170989,15.3455501415107,15.8113179940411,15.1060545897506,14.9808148765877,15.4826701631488,14.848418589056,15.221340125229,16.542146757934,16.3494323595475,16.6768331776015,18.2230846715741,17.3522878116398,17.7783965571571,17.4296277817544,17.1984809785354,16.8251781494058,16.3843821937392,16.1373231599521,15.8660283246446,17.6058021874051,17.8413154141454,18.857432286078,17.0078236890068,17.9350144919348,18.4776780156809,17.7606279869519,17.3726549911328,17.2066931307997,17.1630135750278,17.0547294572399,16.9128108796005,16.6703313600225,16.4605395995498,18.5335866208866,17.2589174350746,16.7465238207293,16.5086062168851,16.3385537638899,16.1042874386093,17.6467422343454,17.3850556853938,17.1296554378753,19.503392662786,17.6935363859446,17.9145893066815,17.5070539712024,18.0050088127617,18.0387293954398,18.3411371489262,17.695312404141,18.1341145724964,19.1449819018301,19.1679659838826
VAN26,10.638933987138,9.31745739993164,15.4556817578512,12.4093516157645,12.184850863024,15.115659010726,12.6805447888064,13.0743657570974,12.2323323205454,17.5073904575261,16.7563460515783,14.895450785536,11.6875559363199,11.8619234658499,12.773035330865,12.8717404900136,12.2147384751579,13.2677865157619,12.2408836674559,14.6076456981084,19.3696329758762,15.2174382454636,14.0410277422805,19.4223003969989,19.5198738796784,17.0760379317798,17.2814571090164,17.3613349867495,17.0336185720918,17.2588757020623,17.2444341601908,17.1416091388255,17.2534755324445,20.1709282466684,20.0492797639784,20.0992550412873,20.9322400093445,21.2311976317658,20.4430071455021,20.0175054861693,20.0673420587161,19.8245763939766,21.4147927655101,21.30644291084,20.8867506137054,20.5183452604132,19.9365191260738,20.9311086741049,20.7559499664945,21.4404615093626,20.9301038305054,21.42843827093,20.6501765351268,20.2727161166605,20.4400328002422,20.0044859602838,20.7758948846661,20.9800585426549,21.2938072639531,21.4524939799885,21.2651380072259,21.5576827375133,21.0802500860524,20.6229817885106,21.0836736493618,21.0260640171203,19.9707317100289,17.5005674548112,17.183484248519,17.3534447424498,16.9752014287293,16.4500140182133,20.2838390712502,18.5299677718479,18.0906825360795,17.732713164462,20.4074707304744,17.2197079177168,17.0483433927482,19.7622112818044,18.6977699266399,18.3733487896812,17.8420780501335,18.0171082386064,17.3822436662712,17.0361264151164,16.6525182810096,16.3724977959475,17.4311819741963,18.7020562644738,20.3535300707061,17.6038726683269,16.1193910101803,17.3060118914373,17.3187543802749,16.1710459775694,15.8383233934356,16.6347262728017,15.2295978028078,15.1437386594688,15.5066746503753,15.0340970905493,15.4307994978207,16.1738681840582,16.2913021456706,16.6745734337295,19.392833070225,17.8425398758106,18.2363654725099,17.4671619167871,17.6225880426739,17.1244845963277,16.788653678046,16.3323226358563,16.0374186630613,17.3213083583135,17.8328790466666,19.251491018525,17.388638097148,18.0726410713501,18.7050434304405,17.998814475932,17.6208285668252,17.4329626484934,17.3986593898119,17.40637394803,17.5590972923458,17.4594679147011,17.4451475265684,18.576259558454,17.8526750981826,17.5176076017209,17.388126220692,17.2143652054355,16.9294337961741,18.6683259926594,18.0027524624194,17.5824523599321,20.0652911025056,18.0359944848131,18.1955480346475,17.122995543769,17.9108616003488,17.9826101680061,17.896976409646,18.5610891654357,19.1976656694415,20.0271321693002,20.0084854657731
VANB28,10.462936754617,9.97135971884726,13.2610783813923,13.3828431479486,12.1946279465611,13.9455095872362,12.9623680417651,13.8783621412822,12.0714004942037,17.6195301492911,17.2799555766628,14.8930544105611,11.6446998088457,11.5875187208223,11.85607107522,12.0973782120399,12.1360403140768,12.2963180376324,11.3713053241245,12.0264471135513,19.3472645407998,16.4420080112075,16.3123675976128,19.4477621776253,19.5486660331519,15.9799744167223,17.251758775667,17.3706138700492,17.1273090847084,17.303205290872,17.4560788194271,17.7056379184588,17.8947462375271,20.7449025715097,20.2081590489661,20.2704084172785,20.8904945304761,21.074249312516,20.0908467982715,19.959721544402,19.9149352193963,19.8129465537106,21.2708314896757,21.1888883601899,20.7416754127092,20.3187521769227,19.7968321631471,21.0540178577392,21.0520122977978,21.4869039902112,21.0383065577546,21.3992544163527,20.608631758485,20.4195696653985,20.5547398559432,20.3373318867074,20.7442652511362,20.930534046732,21.2510717655411,21.4439302208588,21.3262041499893,21.5250274973416,20.984444040492,20.5218071894852,20.8493628658736,20.8128746439908,20.3607543587603,17.9395427452977,17.9981118066985,18.2431869580145,18.0438147796965,17.3542952165309,19.95163703014,18.7455116169428,18.2362569499969,17.3654753226513,20.0577509597749,18.7727967248801,18.4404271508224,18.8365925260673,17.9214638841946,17.7515846032467,17.7906946037554,17.9254056971318,17.4761916209851,17.1002584870644,16.5414237919714,16.2202356217536,16.8281185864907,17.8857808377468,19.0229786876532,17.4934359231866,15.9635671967469,16.155231796265,16.9792361631199,15.8465795419614,15.1647671280543,16.2262740524909,14.8136721865879,15.0266382684101,15.4654181606901,15.1701708194874,15.8803050058317,16.204514827368,16.4749178512913,17.1680972555592,18.4895381796281,17.3923087143157,17.7864408235289,17.7811230056994,17.6244611951885,17.3404558097377,17.0723998381118,16.1820513081516,15.9698976526467,17.5242284314901,18.0207508614277,19.12687253093,17.6878978477038,18.3925436860276,18.6133680460235,17.9384177556491,17.6825747649685,17.588761549831,17.5474700972625,17.6284304623092,17.6472059365804,17.5159100336787,17.4637512580544,18.3226210202127,18.0729218598207,17.6433465494932,17.3771423181814,17.0987032216789,16.778298588768,19.0483856264762,18.2058486650569,17.9205911129413,19.3443604517542,18.2584184562759,18.4009321511226,17.7808816978543,18.2439635395161,18.3010507356056,17.0997530239755,19.0653036800573,19.3877169405289,20.4990488568794,20.3032439460898
VAN28,11.1990026682717,10.2450687964401,16.8973541506912,12.7378538134631,12.2523285169521,14.965856717608,14.4380982345047,14.5435598777383,12.6693618660332,18.0890870398843,17.3272930623779,14.4673202815509,12.6358206796556,12.5952353629062,12.7446181761546,12.8080319432703,13.3030130879643,14.0174211179756,12.1000999843202,13.9069975488551,19.3310621034354,16.3913761704879,16.8594316302084,19.2166044957365,19.5451881236197,16.4358974298708,17.113745236523,17.3468526418508,17.0492888786768,17.176088236456,17.120353772625,17.0544460987146,17.1319755120192,19.7865384027165,20.062640828548,20.037711361905,20.7137492883483,20.9733059902565,20.7130631526553,20.027852656364,20.1069054869874,19.9049952936349,21.1111873098994,20.987739302074,20.6011835611634,20.1508680831355,19.6668879823142,20.8240535328564,20.7149406973504,21.3871775289151,20.9045985874603,21.3282205137452,20.5778244918992,20.3065263648956,20.438986223995,20.269285662461,20.5608199862448,20.7472365410584,20.9691401287095,21.3156859067597,21.1085552991917,21.3285284094442,20.8757759180762,20.277303741772,20.6476374253014,20.7852432752446,20.2497369590612,18.2716988130516,18.5071791767947,18.6993761993121,18.2971418133622,17.4376458154576,20.0150390421139,18.7982119962231,18.1571975907422,17.2995842328315,20.1358198465608,18.5661532108541,17.9239714417683,19.2857027382564,18.2942097188872,18.1722641134689,17.6362510529211,17.7203915088387,17.1080890903805,17.2849675270548,16.6459499610204,16.6980744153244,17.3447170929887,18.2386921992994,19.7595589049007,17.4035801178588,16.4577262691248,18.7995762529322,17.0983148337371,16.3278428392092,15.6673409495531,16.6309108123972,15.2427165247085,15.2584738930533,15.5835087540229,15.2017343837644,15.6333148674352,16.7177995784028,16.5437892330997,16.4772414900689,19.6555001407474,17.8922382278546,18.0358917403512,17.2394785563684,17.345167412983,17.0103402889773,16.9931678717863,16.5684523917832,16.2170959346219,17.6540305956237,17.9599525588111,19.012487469558,17.0059514594892,17.7693469058678,18.2736656062948,17.6884851004581,17.5001368662065,17.3505282933001,17.3217614056825,17.3455578327569,17.1620885275502,17.2209496400938,17.2672795265817,19.4372801959974,18.3362989286056,17.7649130761544,17.4755355008972,17.1532622073855,16.7081969430791,19.1530533830217,18.2990649696551,17.9970897930201,20.256636869584,17.7813872041711,17.8663825117475,17.047973669428,17.4521146585463,17.4246496900468,17.6615837298141,18.0249433384228,19.5788054528186,20.6033509773256,20.4680564622475
VANB29,10.9364562723166,10.065509495978,13.2362534408192,12.0367543625845,13.0735495405467,13.4563562716186,12.4685090473858,13.8981832075368,11.9949766768793,17.0968913817632,17.3301824289219,15.0490930653368,11.8017132800081,12.561187172666,12.2601110832337,12.353402010686,12.7283841876421,11.8994621462207,11.6954637450259,12.4189661869622,19.4789910837218,15.5433316375745,17.7776804703552,19.3006564933243,19.7238179669951,16.7987944592073,17.3516161428762,17.5024378768159,16.9676454001932,17.1306785045241,17.3605519397722,17.581179963765,17.5956183550636,20.6003145209391,20.131379415458,20.1528613975323,20.7683875002323,21.0223864738199,19.9716118437223,19.8671150228721,20.1975388978753,19.9733154832232,21.1387902078056,21.1782213611662,20.5146676837425,20.0266020786611,19.3639748234096,20.8748277173699,20.748079212515,21.3808530497628,20.9309658237519,21.3540515507297,20.7414119332366,20.1883154724182,20.3103987346866,20.146811628354,20.6637997376061,20.799560989464,20.7757727230507,21.1378142832953,20.8029237071475,21.1986583216825,20.6862196158028,20.0983240559153,20.6489725210678,20.6429642303436,20.4073810189202,18.5823442047448,19.0670440914188,19.147786485551,18.6876782483362,17.9115055527113,20.0139347163327,18.9627054698946,18.4131674260372,17.499458093997,20.1054811349955,19.6428075945158,19.0057772886583,19.4623196584077,17.9579832691824,17.5420423554951,17.5334095870945,17.9381791325151,17.4441621785789,17.2222207919956,16.231535124317,15.7417785570732,16.6752863660361,17.8146321091354,19.7368911562152,17.4067667640045,15.6994163962587,18.3834194247838,17.2163113003845,15.3885679445597,14.0890493725212,15.6768888003486,14.5809798603681,14.4577848465622,15.1484186492631,14.3784521989735,14.9758801808166,15.7842238204939,16.1296665956727,16.7936143299381,18.8696391157179,17.3031368958087,18.3619705096166,17.8216215742946,17.5114025950182,16.9191016384296,16.6876169221878,15.8440929078106,15.4883338180226,17.4435449419863,17.9342087640287,19.2156310935015,17.3434552220981,18.5199787637413,19.0299643603015,18.0646378773307,17.6779955091104,17.606304390641,17.5896175480172,17.7660973255666,17.6820220646887,17.2496678154822,17.0879250786076,19.0051035952171,18.6503134522008,17.9439724131275,17.491878824318,17.2050481978163,16.6766758817192,19.1666139180399,18.1163148149474,18.1277318188044,19.8760026354259,18.3503058590879,18.4908888438141,17.5839045632574,18.388140851588,18.4835984726597,17.9113473030024,19.394913129984,19.7832535453848,20.3861253908079,20.2413818786569
VAN29,10.9374302807183,10.0200617787581,15.1920155625749,12.0601460219066,13.1001632005658,13.7610541947783,12.5026550698808,13.6856096678472,12.0079707945116,17.1678849939326,17.3849090019341,15.2307270018706,11.4250392050256,11.7190150875021,12.1318948501519,12.3246930327885,12.3897330722912,11.9422878432884,11.2928117074333,12.2392284669985,18.9613454738026,14.7067334475688,15.9593608645623,18.9501369683168,19.1525400049734,17.2690059474547,17.5102244157291,17.638519419984,17.1504894696369,17.3392253092536,17.5662620841872,17.8180958792285,17.86520139214,21.1699706596528,19.9423898030645,20.0874742716825,20.5469122609792,20.8378692360686,19.8991430134863,19.6923466507953,19.7317672876331,19.5205601850333,20.9538467242263,20.8820581495514,20.3246848383494,19.9352731460792,19.3365772601255,20.7045535575075,20.445592940962,21.1774163095755,20.7150051843412,21.1982404220878,20.4474952368451,19.8681383621891,20.0087397529401,19.5051006650359,20.4447587205716,20.5567198324815,20.6810448396505,20.8505703176152,20.6393054699646,21.0056868635417,20.4293034294972,19.9795676985028,20.5160497833436,20.4643252636632,20.719563181567,17.5094003568383,17.9343985676258,17.8970426639805,17.5563012202361,16.7261920090263,19.6163312927614,17.8816527463452,17.6518763943449,16.4462083866238,19.9441236052087,19.3366436950936,18.7706055515341,19.5677053551704,18.1110954492293,17.8178638523944,17.7533235624062,18.1593844965123,17.6452585838336,17.3874993126638,16.5914973077376,16.3997953435779,16.9541487264819,18.0377520318712,19.8172910514913,17.6127748640385,15.8883782271924,16.7833654417452,17.3808569098837,16.2488497239263,15.0770667277924,16.8357994616432,15.0463007956077,15.0890381754799,15.5054811017387,14.9127524985378,15.4813103576732,16.208056268533,16.4912103443591,17.0048133956141,19.018878354224,17.5917568320203,18.8999380223463,17.8153745979754,17.7338796502799,17.1441401234023,17.0161907181521,16.3411243386966,16.1040556984203,17.7440955118345,18.1716469000468,19.6821871196912,17.6047923946206,18.6399804254439,19.184148768999,18.2654434118951,17.9032142461545,17.7930394232563,17.7751145224233,17.9319136867761,17.9221321169276,17.5399870782424,17.355559076893,19.2435198886142,18.8170646722318,18.1459803169622,17.7298540045194,17.4377519770663,16.952524685986,19.3347787566776,18.3472362859764,18.3431296749261,20.859150346971,18.6805844145412,18.8254693192622,17.6079604750401,18.5872111735336,18.6445313000673,17.5564253999543,19.5612766229612,19.8703946297239,20.5239284075515,20.4221818463112
VANB30,12.2873962215813,11.3958828617789,15.906955205029,13.6263511828611,12.54260818182,15.2504912671167,13.7848906591346,13.4516507068611,13.4793466095799,16.8310707994832,16.2339886013522,14.9960792537419,13.7750694795762,14.3658376013991,13.516769339156,13.5045268712123,13.247765974281,13.6008774412587,12.773727333054,15.0171688735769,19.5998088585795,15.6521670847026,16.5983949429933,19.4637976389478,19.8357417553804,17.6486842194056,17.4967801993158,17.4200669095867,17.2644813375271,17.4614385299298,17.509960345565,17.3599363505951,17.4282194157371,20.0979090289432,20.1807629032044,20.3008229229451,20.9749211887411,21.1306454507152,20.4925045503033,19.861313937903,20.2720753457572,20.0245486503296,21.4401607446274,21.5037785290348,20.8257418539698,20.4573376930333,19.722425088968,20.9980106938538,20.866719016771,21.5024445662797,20.9095047364877,21.335190282058,20.6007728547616,20.4368576623985,20.5201942940052,20.1303398693089,20.761821544944,20.995864615265,21.3220249797894,21.3603625250098,21.280870971886,21.4727529155618,20.958966919387,20.5055099970578,20.9292246236358,20.688873694712,19.73389360686,18.4679222544748,18.6718989045038,19.116781992262,18.7300630285014,17.9869565952571,20.2469875261359,19.0235089265392,18.2173215153738,17.6510779458084,20.4151797939305,18.8691918335385,18.2604117683372,19.4514037401541,18.5153248031538,18.9182361309702,17.6547848068755,17.8668921683501,16.9310703769096,16.3191113430808,16.2917810929564,16.1034269684202,16.8430895437864,19.5833486640151,20.6119899918512,17.6437897431534,16.0152480460947,18.8743784263932,16.3378192364301,16.84021243505,15.6750089319848,15.9741569611984,15.3785858489117,15.1876462081255,15.581246613246,15.0023233395563,15.5460152421715,16.5891865081257,16.6063467285095,16.8087542884372,17.7848503478532,17.4114835321222,18.488075741019,17.62914049374,17.2875987731587,17.0129674507809,16.8129403584208,16.4083328167039,16.1703898320524,17.784746160841,18.0227775715365,18.7483093609381,17.2930943856337,18.0316750502126,18.5425143349854,17.9591615300968,17.603503793874,17.4194655075787,17.3672259204282,17.3325377503097,17.1449318507301,16.893683451797,16.7609336952943,18.8550353217839,17.4832252720094,17.1220606461961,16.9721013936228,16.8100140504349,16.656018629136,17.8694697755533,17.6591656597597,17.3832997622832,19.6580896955427,17.9632220536675,18.1120431190642,17.3713483934616,17.9954172091707,18.0353446530365,18.8334730939316,17.8782251581614,18.4200803050046,19.1555758621183,19.2275775036386
VAN30,12.9881753914581,9.93107720493081,16.8767904927859,13.6512822173597,12.3302679036822,15.1899158189705,14.1356453695247,13.6051355740859,14.4906955343106,16.8582328446262,16.5464715536919,14.6204649176735,13.3021102866961,13.6158232996277,12.9597231524066,13.1878601631632,13.6460107629626,13.1189638304493,12.4678296831365,14.9228311092848,19.9814980546903,16.2928885864177,14.6432378863321,19.9835498694814,20.181428562732,17.2246408787393,17.1774269032419,17.1566222794886,16.9600185720694,17.2630811863725,17.318162420429,17.1347800135678,17.3051248847185,19.9633165966721,20.608685312122,20.6566338834178,21.5571375880267,21.7949960592447,20.7969999661969,20.344878347592,20.3473721485361,20.1519683370942,22.028855952486,21.9570972541387,21.4574480849469,21.0558751896841,20.3958375343544,21.4880942119326,21.362757127619,21.9927880423979,21.3317606868787,21.8595069333448,21.0676540440465,20.843074105417,21.0506069156327,20.4964150021443,21.2683189890486,21.511877234442,21.8714189122792,22.0907134061638,21.892208326525,22.1771009197679,21.6855519682857,21.2082655136982,21.579232403108,21.4106410839102,19.9447191052521,17.7917858065351,17.7274298674355,17.9541056473123,17.5654400055668,16.9841424022273,20.4283636528753,18.4949535849885,17.8405070892397,16.8757952776105,20.7583307204363,18.1288195824806,17.5302039339242,19.1806768559289,18.4794265426321,18.7541781708928,17.7847658078369,17.9296293543135,17.2295242575415,16.547860150557,16.4039476676937,16.2784597075148,16.8217131977337,21.1201488182883,20.3211012333947,17.2957017943576,15.9234635509216,18.8764795993699,15.7357780161335,16.972955260088,16.1117924332936,16.2582525545053,16.0988080321095,15.5730793422636,15.7223133574228,15.469985009398,15.8470100963016,16.7916001481714,16.7046933614229,16.6446663816315,17.4398402245238,17.1351516507645,18.3157009557188,17.4245308566448,17.1912686435526,16.9518138956142,17.090706534624,16.5464008607626,16.4063598473684,17.6792931120289,17.9470826632412,18.7244285504559,17.1670003253267,17.7762352065646,18.2860466553947,17.8202624097995,17.4634159390843,17.2408903031535,17.1080706734259,17.0443333494714,17.03421580663,16.6746973661997,16.5283909928707,19.3219833619475,17.675096146147,17.0271066221893,16.8641853010794,16.6255431109652,16.4546035105275,17.8167145365569,17.488179683705,17.2965809187638,19.6554129321915,17.6186665485837,17.7564311694949,17.3174981506751,17.8153611586317,17.8620425925403,17.6850407320241,17.8043449398619,18.2161684377055,19.0700883535086,19.1056861765907
VANB32,9.23777659179421,11.1412831535926,14.5280569119745,12.0224687483191,12.9154292601559,14.8916076171067,11.9154359775772,13.9312824931754,13.3951341735395,15.9146774951871,15.251155707563,14.5269010829003,13.0798518432662,12.1280523626845,12.8972704425236,12.8430653664145,12.7908811130385,12.2098253732243,14.1362398174241,12.0861039260209,19.868142774797,14.9534175732321,13.5544323139734,18.7000787657915,19.7533956887622,16.3387491345177,17.0309603174417,17.4066477015282,17.217374079,17.1802065770879,17.0908260130195,17.0141349517271,17.0039085730704,20.363060882436,18.9527971828905,18.9842651842233,19.3558187881083,19.1903554699528,20.9282534491872,20.4873123330752,19.7064749787279,19.4598647470298,20.289129176819,21.0691585882286,20.334514063566,19.8765799711008,19.5497587345082,19.9589521803341,20.1690368984569,20.8269233164159,21.0715200024953,20.224011514195,20.5081225454534,20.4271725199183,20.0166530820214,20.2229879213751,20.085833724176,20.6659258720679,20.9350983191473,20.0913268870367,20.4099258146276,19.9391645909885,19.9885685491897,20.1287725237655,20.7585106537442,21.1566742836243,20.3947701763965,19.9049701458437,20.1274452449501,20.9748688448535,20.7072575388679,20.0762327387333,21.7254395718449,21.3737351675753,21.023124844397,20.9171569123319,19.8179641929636,20.610192436108,20.0395258082184,19.7554474298269,18.9375952701724,18.856791202956,17.6904407946337,19.2791505921008,17.5535705830476,17.5331736640803,17.6655574496987,17.5247841620083,17.9816048560796,18.8357366859873,20.1332750248645,17.4972769364187,16.4947440616008,18.4774711093247,15.2716793739322,16.169519954747,15.8615223130326,16.7429415812267,14.9155479727232,15.0409546965025,15.8795946594755,15.451999781221,15.7948945325054,16.9884644873329,16.6503316602325,16.8685925212345,21.5181980958975,18.7597676858653,17.9012213335992,17.6005303771366,17.3296799365273,16.8885188028805,16.6087597099047,16.6473189120248,15.9323153871064,17.0058522847512,17.6254405773538,19.1239915454036,17.3455260483924,18.2250336611033,18.6863561324143,18.1155759903758,17.9711497357727,17.883262821653,17.9470497359229,17.9129721475801,17.5146618881158,16.8914282665105,16.5900048431648,18.3173684390344,17.044218286076,16.759379965009,16.6552245847946,16.5334191011013,16.3698966405366,18.7058901841748,17.7905273826023,17.7519124455216,20.2261131271399,17.913556960748,18.0793562445486,17.2576820588932,18.02374885657,18.0046845665203,19.3486925445777,18.4656650361531,19.4173622062563,19.2388719312821,19.2744542350238
VAN32,12.0928104999483,9.28269583002368,17.0458709053182,12.8862521555972,11.5203438789707,15.7621348018372,14.0899077510162,13.3328649631754,13.1099233386606,17.1914885135675,16.6329463159383,14.4186127114642,12.6882837882601,12.6868103205424,13.0541844462913,13.6352926512208,13.4043893550244,11.8995138283028,13.5995950949734,12.7847562619529,17.9085320324762,14.489243653259,13.9447928515891,17.959129853941,18.2071029591598,17.6067882943986,17.4195194938733,17.445090206346,16.8849703278074,16.9592091153734,17.2148552423885,17.2810782750167,17.3790390037583,19.9677736601467,19.3283550315226,19.5984395412661,19.6864568039691,19.9849184648186,20.098338769248,19.3585576538845,19.9655910746865,19.6826857487374,20.166985346173,20.1394376546032,19.6744140266419,19.4508412710804,19.05505598835,20.1211136465695,19.9055925508027,20.6128239604724,20.3820470423498,20.5944527200438,20.1643264615992,19.3036036064864,19.3386562408783,19.1023171694607,19.7014390034537,19.8463805199842,20.1524798580576,20.3203135153285,20.2277556029497,20.5460796418682,19.8070688017554,19.4864157799702,19.7948107474618,19.8729552132747,20.4186033218156,17.880129899679,17.2806676008127,17.4763490684269,17.1601155304846,16.6652649564691,19.3288061668174,17.4901609013782,17.2536037077413,16.2097154828223,19.5632286131224,18.1737580606283,17.9912153967342,20.3518398630993,19.0368511895499,18.4701980153691,17.7905889581481,18.1929415794545,17.3815469046876,17.0574394001769,16.8669412848924,16.6407588122263,17.3158886310828,19.3091312567511,20.742900009131,17.421487986213,16.4243934547028,18.5379580815901,17.4098788609181,16.5722130395173,16.3262144728805,16.8307820530719,15.6906586511689,15.6316881869105,15.9593621303191,15.6160831407385,16.1063468588593,16.9977164015059,17.0502048107693,17.1123630849002,19.6672034797937,17.9959345978038,18.5665122943455,17.8152294167753,17.7715815917992,17.279858601602,16.8120120853693,16.7168886742065,16.3815662644634,18.0453737359017,18.5072280358805,19.6056828677159,17.5059608904865,18.4919559367579,19.1693141718293,18.2082312387548,17.8294033952998,17.6842231360089,17.7503690599338,17.6775752399169,17.4928102414019,17.2087057400181,17.118380072239,19.3622647857385,18.2903651617696,17.7418886718801,17.4981042129984,17.2789131036469,16.9618946508177,18.5824303976578,17.9554454080942,17.7926147234271,20.7382794115046,17.9920049159399,18.1348658591809,17.8735121460673,18.2450289774352,17.918266018502,17.6565111241615,18.3851938800405,19.0098162110073,19.5327464096927,19.6442318966372
VANB33,10.8561405381529,12.7003501662515,17.4148485615166,14.8466124138635,14.2503703006412,14.5748623406882,13.2192421339509,14.1384639314718,13.7723623389371,16.9157132466698,16.5564451026194,14.559782916556,14.8861304628903,14.087046918222,13.8241569250799,13.8135643449323,13.2378364909023,14.3262976169905,14.3816537214452,14.7822915303239,19.8235604851335,15.8418326000845,14.5886830181916,17.1311871071705,20.1395631460147,16.4865269936913,17.5557138156047,17.7293870718757,17.5694660638312,17.284252373309,17.1979456804044,17.0452190643346,17.1942512323698,19.0547387147801,19.7733222187304,19.431515045571,19.075678094803,18.8681194252229,20.1985368520654,19.3253012202807,19.7167501122471,19.5281777538541,20.1841167135323,21.3714589851919,19.9577284231988,18.7647620856676,18.5437968847892,19.4350931601114,19.6256994601166,20.4568530202393,20.5074260047025,20.0716026412362,20.3652798786017,19.6094386256298,19.5980059747019,18.9056217356762,18.6381832258622,19.072464375119,19.2007673855624,19.2589830714885,19.3412639197713,19.2322753996541,18.7519680058231,18.3760970567208,19.0917979187975,18.8879721385471,20.1903442523621,19.8588205649953,20.3488722789619,21.179878417428,20.7699029413266,19.9322864149837,20.6993948374958,21.0428909675708,20.2135621625083,19.7397657445976,18.9607211808424,20.9081979617474,20.2429940668519,19.6329778489867,18.9908161756944,20.1132098319166,18.2736906966992,19.3899089935053,17.3205633462051,16.3391893589002,15.7062979228484,16.0132163132934,16.8939489877722,18.1655259639151,20.279334071414,17.509480195517,16.3914798210366,19.2257342839032,15.8804278627814,16.5769780978103,15.4165189959559,15.9030029539527,15.4724905786067,15.6280563741862,16.0613125985306,15.6727869152429,16.0829606438871,16.9565022278419,16.9118964620235,17.109619336069,17.5935232615721,17.0731507272636,17.173516870939,17.250724427475,17.1338906961085,16.7904986575552,16.9904572936015,16.6372519012431,16.0699061252168,17.7653931752995,18.0826558409755,18.9010491890209,17.7816438433414,18.5828798432435,19.0027211719521,18.5938500172283,18.3987455813022,18.008003082511,17.7885857745568,17.7111048602296,17.2975491477145,17.0691422696077,17.1201094169576,20.6903471333032,18.6416410314861,17.9793794981781,17.6322138391616,17.4179593422475,17.0206039083172,18.6137126957848,17.621133337238,17.5929677837998,19.9135643863164,17.7050226014683,17.8261100687842,17.915618579202,17.8113809625633,17.7538457585491,18.372163133842,17.8559995179703,18.9281880084091,19.2000669420245,19.2939926717926
VAN33,10.3857354585397,13.2394837641756,18.6971522402629,14.2279283604386,14.6105114189653,14.9709431497204,13.3457789428192,13.7665731462962,13.0149710979786,16.6575387889585,16.3303863530481,14.15642122562,14.9843447099987,14.1199757300801,13.6632880528131,13.667597458899,13.6731124558476,13.9233043676451,14.1340118957521,14.6081071058116,19.1434658451617,15.0124981419877,14.2455249918935,16.7202167977848,19.4284829717014,17.2570122197235,17.4645137645861,17.7119372697069,17.3667919600592,17.198299670904,17.0620324411753,16.9066039917214,17.0295034329716,19.0516167273762,19.5800096552655,19.3670956055592,18.9654454984674,18.715304944049,20.149066755461,19.2609567347293,19.7119033978693,19.4960496374911,19.8199938405024,20.7770168124611,19.7672245771955,18.844580110284,18.5650454237799,19.4249980459149,19.2126068435448,20.2112117623446,20.2787797354606,19.9214023080714,20.0100477245467,19.4073039578839,19.5602181685821,18.8684267824674,18.5697047299512,18.9357927755029,19.0594204191053,19.0738810947038,19.2171869637504,19.2299686766114,18.8307541527192,18.3271833411932,19.221483466752,19.102801920096,20.1689222858179,19.68601082845,19.7424364438394,20.5349588258696,20.2679188454871,19.4313819952542,20.2513647844145,20.4851653107974,19.7099442057138,19.243326100609,19.3071150301964,20.3342877789701,19.7563311082321,19.7215684401916,19.3418500497965,20.4128635192259,18.8805048592128,19.5736485698725,18.0183254371852,16.7475206597972,16.3440437499255,15.8882037346764,17.2694206389659,18.3874333449384,20.3328593333686,17.6201785714329,16.7390616850784,21.0261214442091,15.8802084408485,16.1552902059207,15.7803877998428,16.0077576567495,16.0068178590692,15.9060131700111,16.2578877901521,15.8560408632431,16.1594879438861,17.2607481244653,17.1508103046571,16.9910521282657,18.033845228465,17.2820034558652,17.271529540626,17.2866121442689,17.3950953671331,17.0618771577416,17.1093026211348,16.8371120785982,16.2121262903228,18.0413923802454,18.3723394948032,18.8852569351898,17.69298119574,18.582441196461,19.0962071270436,18.7670933102458,18.4988870397947,18.0655907791259,17.7774999730794,17.6826808438883,17.2325124313996,17.0124073356462,17.0523344009015,21.1892068340782,19.1928277507701,18.2431197899499,17.7019647325384,17.3467769141036,16.9347108746609,18.4423412066862,17.6992073420839,17.6397065724121,19.7504600696063,17.6275330480411,17.748961924521,17.8902529096296,17.8097716023359,17.6819948356646,18.7162454664792,17.2291756461502,18.7433171376136,18.941616220827,19.1968094141317
VANB35,10.7290837589592,10.4049454986443,13.5286837659542,12.6042874870244,12.3857308806238,14.4499538175009,12.7396542626014,14.4478466430288,12.4344486842393,18.2552594047154,17.6360057819719,15.0757096752509,12.1870530466115,13.1735488217152,12.6512792507164,12.3413515874964,13.015655774971,12.3181024416468,12.3785072028787,13.4576579889502,19.0605511769626,15.4153573481466,15.7261410593609,18.7182343651771,19.3712959403939,16.9206053719237,17.4237106627173,17.5774839226237,17.2494410080764,17.3996407868298,17.5198708959827,17.5999184383297,17.7675317572892,20.3880249331538,19.7896294198825,19.8652475361929,20.3367584223433,20.6321498561847,19.8436812256812,19.6788516322646,19.7129022832317,19.5554386930102,20.8654804888057,20.9379628772792,20.3495851576877,19.8989667075775,19.3439193586345,20.3619174768339,20.272856891328,20.9604660410589,20.6856863100532,21.0327582355363,20.5816570831222,19.939003383919,20.0345703003769,19.761156817645,20.1801358206046,20.3987520852759,20.54989927463,20.6957336454866,20.5928605863736,20.7886172102697,20.3801640480974,19.9520093912603,20.2784108571094,20.3310114738965,20.4490264034626,18.320541843822,18.3339034115493,19.0643312429556,18.8110605209075,18.1179067699989,20.0283489934003,19.3566293844192,18.7491854615871,18.1918996144217,19.8078931836946,19.3900922514586,18.8938559368818,19.7085357107927,18.5806125287347,18.4993263575278,18.1370546714281,18.3320427669237,17.8471442734427,17.5401480578741,17.0340432484757,16.6981447221981,17.8301530115004,17.89903647692,19.7076852488905,17.8528984691144,16.753691470406,17.2305209265583,17.4122860546464,17.1089252109705,16.188687927568,17.7258575419674,14.869335767218,14.7342438792297,15.0506877479994,14.6725631925759,15.1089794674401,16.1173065725702,16.1956641358433,16.4870193214402,17.5577753502792,17.3942902162265,17.8887960408631,17.4034332236453,17.9186713569933,17.379999407594,17.2606821054584,16.786001824306,16.5885125037081,17.3909244953265,17.8610252976687,20.0374722853253,17.858353422187,18.5119172804263,19.065554108335,18.4637728838076,18.0944172382066,17.8497464889013,17.815828746587,17.8324267265604,17.9956064232168,17.8001646033871,17.674139556192,18.7316989504809,18.8206114465696,18.4266043690431,18.1553497523978,17.8551477680269,17.4291347831788,19.605329034248,18.6135136420482,18.3294813791672,20.0391566535665,18.467961443519,18.5789498946593,17.7127406670007,18.340896889798,18.3654351365082,18.6899255827699,19.7732691593009,19.9088014809687,20.8553802866657,20.8520126426789
VAN35,11.3080582942826,11.8400220736207,14.1989677688134,11.3550387601637,12.529312754149,14.8939874035281,13.6237143034826,13.5981090908903,11.6502737884144,18.2402836360214,17.401120772172,15.3601967718674,11.2681114409176,10.2750032869764,11.750347960569,12.3830533666817,12.971971676409,12.0010868243715,11.9805648544907,12.6849459200952,18.5525879824729,13.9846926515506,15.4878346050339,18.4533972759256,18.8680529617106,17.6425527488801,17.5889158669765,17.6243006313004,17.4022942202274,17.5169360279003,17.5511561530278,17.7215932928308,17.9218179223629,20.9390118476159,19.4947881456495,19.6311364821381,20.0681938073601,20.4150641087011,19.9694713342235,19.4237694132917,19.7917234205538,19.5440988950444,20.6168637241384,20.6477222268618,20.1137439631787,19.7296132808782,19.1350561865813,19.9019141085601,19.9401641722353,20.7187237557444,20.2974564201531,20.9015027009801,20.0107922428424,19.6809068877267,19.7433980547809,19.3441463208239,20.0341035888878,20.1560229974035,20.4053066495044,20.4533475348908,20.4014963238066,20.6596731685767,20.1692731583693,19.7509033588294,20.1516539348013,20.173648152585,20.4819556208959,18.023857404402,17.8281938806037,18.2055417210161,17.9012646425091,17.1315668518328,19.5778346442545,18.3726208851295,17.6308451980675,17.0997618444446,19.8232915259792,19.0029986737731,18.532874628637,19.6525132163154,18.7308234926856,18.3875386649947,17.852746851209,18.4790964565309,17.7796316740193,17.3958055211416,16.874758373779,16.7341525864898,18.2926688261497,17.8505293473197,20.2158314753198,18.1636091923757,16.7847931683291,16.8934648706507,17.4262948096608,17.3107984956286,16.3651030850478,17.8469712291382,15.6622317820252,15.5539559822277,15.7932044899414,15.4679304011306,15.8365392803906,16.4085072321195,16.4854496051446,16.9071268328087,18.212332873635,17.8361164032846,18.2317368895059,17.7815485467454,18.0593606569086,17.6145466395401,17.4732080731649,17.0368174900123,16.7948731198625,17.6359514232852,17.99969121328,20.0449152998329,18.0806776750689,18.6368527537803,19.2194152883174,18.6405958001585,18.2371170873082,17.9743025012797,17.9453747707779,17.9753825088414,18.102244102367,17.8600331880672,17.760267563711,18.9726313030041,18.6968692651148,18.2619248296571,18.0142237928627,17.7439031169812,17.3940121485938,19.5300070609421,18.8501668400483,18.5615198048926,19.9854661836445,19.0350937729952,19.1922156953928,17.368364541375,18.5035721504879,18.4861443289855,17.5417944067489,19.6480080350846,19.7565790425139,20.8166788232288,20.8342969308956
VANB36,11.5343474261351,12.4643757375615,17.5052405141184,14.9379343384782,13.5457360096477,15.1145606367159,12.3606629948661,14.1977767232225,14.4841299506357,16.3403941738013,15.688855907151,14.6120959821386,14.9293861286032,15.2483713946555,14.4686090951928,14.0515371714215,14.1601056382944,13.885888024878,13.6536524974747,13.6849071850902,19.6232884827107,16.9507896623616,15.7189380890364,18.8499812909132,19.8445153317074,17.2768877308627,17.1349550998884,17.2446607172071,17.0492075505865,16.951214316294,16.9753308906299,17.0262108718613,17.084504747699,19.7072825554215,19.9396431480427,19.7838160734209,20.3163661498703,20.3043480520373,21.0011064954375,20.1005683171943,20.2666017476405,20.1294636707818,20.7077267777042,21.0044554239096,20.3690526035474,19.85977615214,19.2896014114811,20.5890509774204,20.7419179363758,21.3383382359532,20.9721268513129,21.090132738972,20.7299926955933,20.3137548092271,20.437684740785,20.308897553796,19.9133081576807,20.2895660308798,20.5521994721186,20.8050611027,20.8113402195129,20.7613814290524,20.5195636967982,19.7965597260705,20.0704549757584,20.0985494074686,20.0610902794995,19.0320852998123,19.0242654101409,19.8565541472683,19.6215828423444,19.0814189857856,20.8117216905691,20.1780263156149,19.5748582741543,18.7963205848915,20.3183500408682,19.7861420718826,19.0952514672604,19.1364717154696,18.9718211549058,19.4073307698026,18.1611733265588,19.0714559357489,17.5892951508706,16.3798937143325,15.8414207899729,15.6716906959152,16.2246593793535,19.1491307387363,20.635253558411,17.3041646429214,15.9981003106739,20.2618165467001,15.6206654883862,17.1059531556341,16.0786799106901,15.8975117316759,15.6891525333033,15.519387752887,16.0408740470509,15.5937626023903,16.2397283922451,17.6225030638006,17.3197073604638,17.220610771675,19.7211604579493,18.1139287902275,17.5625793344644,17.397602221953,17.2269599770555,16.9943733409905,16.8290376677813,16.9769033775459,16.4534976525958,19.0735740296324,18.8528231118824,19.0460169144491,17.1143195872552,18.0080048497128,18.4407079969689,17.9603009510356,17.6988364675087,17.4938023746073,17.4332602622717,17.3066667203876,16.9323570293381,16.557903082422,16.4914238237275,19.8207594183362,17.9545194970304,17.2870124241047,16.9773455090883,16.8013712961449,16.4465532947629,17.7466855329965,17.2027346375215,16.988571728076,20.0977844584344,17.3775736736094,17.5288561602886,17.5524724573467,17.8294111433561,17.6915242227654,18.9588936282362,17.227697612801,18.300710893826,18.5944226945216,18.6698462988857
VAN36,10.6419885425444,12.3740661297926,17.9262888438532,15.0596538578072,13.6267574411078,14.4293929137185,12.904000135363,13.8861262023742,14.6785756065032,16.4618044048837,15.8025183762497,14.4756830171327,14.1346874372999,14.8463848571314,14.1834982492756,13.7202175297385,14.4670912698693,13.5185243151678,12.9481449118821,13.3606862013774,19.2714352196041,16.6325324970486,15.0676136063436,18.9444181113362,19.4906100348075,17.3675201992891,17.1164222932466,17.3509237155793,17.1015281827018,17.0065831821889,17.0895983382089,17.2628747096323,17.3538311378133,19.8574121308281,20.0388977911692,20.0968483273156,20.64709680174,20.6983522914674,20.7820487798052,19.949171608565,20.2497925614102,20.0787783224022,21.0511899856564,21.0799728801232,20.525160331013,20.1310324818363,19.6084812321956,21.0237222206666,21.2368998480468,21.5323635019192,20.9560124886534,21.0890082593075,20.3501625718167,20.2217117480809,20.4113979950288,20.0764537311741,20.3741909519242,20.65243079888,21.4030716143999,21.5463051726303,21.5717276295527,21.8329282828042,20.9587618442004,20.4172125028075,20.7505634886007,20.6122648678138,21.0973055115119,18.5873230641928,18.541754591947,18.9937178760661,18.6741033410639,18.0195989671352,20.3807280960412,19.2492852524571,18.605856077216,17.7752854110513,20.3021308418296,18.899968037284,18.2252327374806,19.3005875290179,18.9564245931259,19.4224735615765,18.1835174382745,19.1227631085168,17.5107383670384,16.3366915399038,16.0991516728429,15.8372643788481,16.503959613616,20.2691363779218,20.7012596671745,17.087534986328,15.9198577814596,20.031171285817,14.8819535915268,16.9086611507763,16.1975297389811,15.9414054986376,15.8334054393948,15.7887310683772,16.0101791549408,15.7179752390748,16.2782037933919,17.6905994623769,17.5191068464054,17.3097799693491,18.9403791804777,17.6154199004305,17.3086955256808,17.224552549947,17.0998238045262,16.9683514318634,16.9219182494638,17.1883666859011,16.4527423830634,19.6678384756611,19.412050685091,18.985176815737,17.0400487756749,17.9759494207295,18.1444568251238,17.9110506737753,17.5798823587036,17.34030370133,17.2633492716864,17.1024674666669,16.81045107614,16.3902391283967,16.2901320945344,19.6565826765204,17.7232481944842,17.0961434731979,16.8481479309349,16.5803322368244,16.2961729786069,17.3488119638882,17.9503481895998,17.8944577060043,19.9600871343712,17.3212038456508,17.4864190918419,17.5561668497759,17.8183887639464,17.8176907893483,17.8285309056382,16.721135493369,17.8268314797999,18.195490957502,18.8902127322545
VANB37,11.247427279402,10.5725083997608,14.1090735202225,11.9439724843015,12.2157639180486,14.2026938741258,12.8219418339057,13.9309284293025,11.9213444769141,16.7725090564205,17.1383890958988,14.8795250756094,11.2992906045416,12.3054629886079,12.1895643799598,12.6384467401909,12.7698642505946,12.9755515775565,11.3619819135259,12.3433956695004,19.518052092293,15.652817566302,16.7069327624723,19.549857235824,19.7243382102517,16.0915293506212,17.3769971698157,17.4651552232922,17.0540725741629,17.2197482476371,17.3810705881104,17.5132816676291,17.5168856210804,20.7854379638438,20.2927782983063,20.3601438940934,21.0345230922373,21.3320032822015,20.4559702432135,20.0505084183212,20.2471598762566,20.0059278089458,21.4600549837963,21.3812355143778,20.848782543994,20.4230056162597,19.82021381289,21.2390234345353,20.9071384945266,21.5724740260687,21.0009064354186,21.5309228941335,20.7030546962245,20.3140190612747,20.527710752747,20.1162099400825,20.9291337928895,21.0571668780218,21.2997180397972,21.524399006724,21.3003739313531,21.6468872379093,21.040299211681,20.5029522235405,21.0573575967873,20.9675921244804,20.5873251991364,18.0184705376488,18.2711851423275,18.3973055505911,18.0536785612171,17.2265879212464,20.0071406457832,18.3103428373417,17.7325992527167,16.7670310767201,20.3541381257329,18.0925688122683,17.7324088375846,19.5875851060773,18.1027822937967,17.8453518116461,17.5601300357259,17.8586684766555,17.2097890264037,17.0115740427789,16.5325220288827,16.0109997768486,16.4577062291499,18.7220736385108,20.3131152808907,17.4386438517315,15.1224820096117,17.7692801997299,16.8525679686335,16.2475288753164,15.2682318725966,16.841421576531,14.9787076730181,14.9362806352054,15.4447682572217,14.8528088685137,15.4368200974148,16.2248930314429,16.4359774278612,16.8748421450061,19.0093900221842,17.5300824858034,17.9980212493484,17.5002420188319,17.5195248248019,16.9642239499864,16.7522353027468,16.2243840328627,16.0468497594708,17.607373984648,18.0288886683543,19.5559728617979,17.4013969912331,18.3552689465461,18.9332491519922,18.0612442117753,17.6831905486997,17.580878503547,17.5888301486376,17.6746792297354,17.7995264719737,17.9542259281658,17.8519508131207,18.6845829786097,17.84876373646,17.442371061897,17.2336047490373,17.0447270922542,16.7977617838281,18.5913662481639,17.8396213671332,17.4274265766067,20.3226087674592,18.4876160201137,18.6502191571096,17.5140793957011,18.4770241953008,18.515059589359,18.2877246145126,19.2179167443031,19.5040092609669,19.8683268340768,19.8858308970729
VAN37,10.9167062521149,9.48221069788723,14.1762698700136,12.2734584490636,13.7584932968908,13.8165543516042,12.5999103514947,13.9077553782235,11.9241264563877,17.1052789819833,17.244951650941,14.7566922247897,10.7614350095506,12.1588864672748,12.1423624739085,12.329879675769,12.7488745461371,12.8713233820101,10.854811806057,12.1995531746172,19.3143930178157,15.5775651935437,15.6746680147666,19.341388635227,19.5479350056358,16.4430387287955,17.2202319232931,17.3965685770618,17.0267572209588,17.1563821173221,17.2909720280824,17.4106187583121,17.5093324495074,20.7489367662222,20.1460454737145,20.2598234872086,20.9267525771262,21.2712282910563,20.0891299996187,19.9898018737607,20.003703089342,19.7949873048386,21.4164764780556,21.3009252293593,20.8445719533041,20.4318548220749,19.8786102569112,20.9707660907299,20.6983025187652,21.4051763665676,20.8951522167133,21.4246421592537,20.6791904806547,20.1837346016156,20.4096487067596,19.976093458267,20.7460010661251,20.9000846840766,21.1209424013641,21.3936451731665,21.1517686435389,21.4930252597391,21.0151753883993,20.5336655718605,20.971464516079,20.8707823277873,20.5862403689854,17.3915448548907,17.3256246274727,17.4891793699399,17.1941787294181,16.4733456969208,19.8774115447991,18.2147855493026,17.6041500277842,16.4892961132008,20.1635877949217,17.5226962138624,17.3191933034695,19.5046694712285,18.2614073019268,18.0111598584216,17.8172778662349,18.036082161195,17.5519011119544,17.3001690289652,16.6354912622338,16.2683335513355,16.7453870443622,18.6849375406792,19.9741329281558,17.4700716999606,15.7627687963026,17.1616128333673,17.1291794603845,16.488537929504,15.7744653327598,17.1272290518037,14.9345219802273,14.9637753990133,15.4365895146698,15.0330369348954,15.4952506547766,16.2169732856223,16.3862409464309,16.6806529179158,19.0506891299002,17.614767002398,17.8599110410918,17.3510399451187,17.6158768747581,17.0720855862822,16.8692419216182,16.3071837046339,16.1423274843644,17.4502884207145,17.9527657879535,19.6485457613629,17.4480358085077,18.3031587099607,18.7766386042342,17.9985581318986,17.7099055879461,17.5570473695924,17.543137425617,17.6390325749495,17.8045905654867,17.9697094522595,17.941017196467,18.6129043823821,18.0024056489909,17.6165495365539,17.4456499177414,17.2139266196023,16.9094459018349,18.919218331691,18.0942128085184,17.6791458054615,20.1303753275855,18.3409723962853,18.4587547845288,17.2742486699685,18.1393764859447,18.1865176681288,17.0143848760119,19.277794308278,19.44736459773,20.2277119083668,20.2284277234502
VANB38,10.8407511514353,10.3698652917946,16.5857119791783,13.4848303717886,12.9597088908386,14.6121269793129,12.2203210495553,12.89110039771,12.6858064367694,16.2610450912128,15.2728993961114,14.011654485426,13.9089699787237,12.4057975075914,13.2329840907079,13.712421661158,13.7577677175409,12.2591634275314,13.2885200832045,12.8984001706611,19.8318902098625,14.1701750185307,16.2411782000254,18.5661817792823,20.1114688189804,16.524160075855,16.8130440610032,17.3830328641967,16.7404853768426,16.7307820130629,16.883620501611,16.965363528968,16.9956624190792,20.0945270832756,18.8933222167839,18.5663033037916,19.0418055981513,19.1940091463646,20.3036435555292,19.4341744094278,19.7382504810441,19.7058749683227,20.1996895909061,21.0173596422605,20.2328252648635,19.5550463962843,18.7957239202484,20.1980183267774,20.0681808176765,21.0679560946981,20.8755511599787,20.8591551865996,20.8043987052022,20.2002009185046,20.1580585125927,20.2939515611671,19.1656062528306,19.4851536200425,19.7404908451492,19.4388532577257,20.1315596349513,19.5815732878912,19.7619573221755,18.8081893848904,19.0542528970241,19.3675688884863,20.1302929865128,19.8669189669378,19.87652468576,20.7265507698032,20.5224034964555,19.8035758757601,21.087701934174,20.8696682778449,20.2445262915239,19.7569322556534,20.3137991269465,20.4553261391587,19.9580231278924,19.1329663511087,18.5518616228914,18.093928784048,17.5592836529566,20.898215957389,18.4570235206055,17.2070399685219,16.9359824066993,16.8737601024703,17.637042891028,19.6868166829357,20.1441551799479,17.0941283061851,16.415661893777,19.7736641997662,16.3875847915728,16.2160434138946,16.3282783704146,16.0261766030219,15.9969949872701,16.0983819185021,17.1148349432461,16.5596937691615,16.968215364717,17.1178658945848,17.2295273214307,17.7974117509297,23.4279027549047,20.9286547361081,19.1279147634513,17.9851280514748,17.9094630255333,17.4718297895921,17.408102311511,18.4907387778742,16.3968149981313,17.5124015716182,18.0578492831694,18.9521544135728,17.1217441015113,18.3452656409437,18.9513376018163,18.2748851172628,17.88731566559,18.1490397455417,17.9910560355794,17.8260335784187,17.9512773498151,16.9712901741063,16.672719356771,20.5527750910996,18.2732913830719,17.711519810579,17.3671870644255,17.1628535365916,17.1913412388647,18.4018713181409,18.2680060647332,18.5038997013184,20.0911937721137,17.6206353578574,17.7450635016623,17.4517655892458,17.9556908873502,17.8451886264935,19.4257611334833,17.1918011700492,18.261922744582,18.9282918988454,18.8766313950897
VAN38,10.2899329097573,10.7617893075312,16.2583717439332,11.961474601571,12.552877563412,14.6734188944145,12.1287183135004,13.8548343856897,12.9275269477726,17.40261206588,16.8433361598843,15.1311053512187,11.5648350753495,11.3899724382454,11.93492133429,12.4604245504573,12.8424771472951,11.6871336754937,12.7531714230246,12.8732339545302,19.1925820196114,15.515816161218,16.8056077834308,18.9432559732629,19.4686933485882,16.8011971170322,17.3516491378315,17.6431022456006,17.0368128499445,17.0691298019101,17.2703959783137,17.5501404896641,17.6141235885015,20.6454461650077,19.7055899500268,19.703416734478,20.3737254939605,20.6424389515248,20.2054205063785,19.8150061645382,20.2050436102142,20.0619971197428,20.899939878549,20.835380248226,20.3441397866444,19.8334179972431,19.3205075809256,20.704365441036,20.5465222060901,21.1783418708077,20.8812539740774,21.1979253527237,20.6685557012509,20.1236143961449,20.1860293193772,20.2656035837921,20.4657286320539,20.5025068450607,20.5304581277461,20.8108473400379,20.6836889337824,20.8917732120662,20.5364223944663,20.064842376269,20.4484502960013,20.5242064156047,20.1049181209382,18.6076694855096,18.8032904290457,19.1202840100179,18.938169766117,18.1130848947,20.1794021960624,19.0917581064916,18.6468757859496,17.598155015935,20.2137974399842,18.6509974821946,18.2190303751779,19.5781752733099,18.3893640321342,18.1948178005039,17.6966203604908,18.7701920411289,17.6588092697616,17.1750978763983,16.6447946151283,16.2368609291022,17.3056079294795,19.6411332299983,20.3660503105851,17.7071721977707,16.1442470070943,19.573619553026,17.1593063099173,16.3113866729085,15.7753519581347,16.7228732577382,14.7979852354172,14.8164677737147,15.3441162269853,14.8873532789376,15.4870819366597,16.4536544607657,16.9538929872995,16.6489911430044,20.201575519807,18.2480335885725,18.3322594238067,17.5329201501324,17.6045514819988,17.0754145059759,16.8257494604349,16.5922994943801,16.1535664285425,17.180907202657,17.7484673227385,19.3548949742929,17.4359898956037,18.3425367634182,18.8014542535036,18.1274257224049,17.7479131454233,17.5276315772612,17.5089222599695,17.478261176712,17.5846070440373,17.5292057042069,17.4776453652376,18.6467669847788,17.7884839732624,17.4534080686003,17.2953396868538,17.1400506571568,16.9525290480676,18.7525130330392,18.2020048803983,17.8689755500414,19.7239054536013,18.279463853448,18.5007606846629,17.3473922139821,18.2429129288384,18.340056983812,17.6133391377705,18.7680690377841,19.1421646663471,20.0909959296056,20.1053211346774
VANB39,11.3044398658015,12.4346119138502,17.2274739517862,13.1168773661334,13.2641703740853,14.6969780838181,13.7161380820903,13.6757575112334,14.3802244463087,17.0350785357632,16.1862715057466,14.800982237384,13.1806444146617,12.7843903040442,12.758883672708,12.9295980822882,13.1529306523326,13.0293802828256,12.9924330567445,14.0490712406154,19.7367755956668,17.3970668492784,17.3869291971282,19.4479342722905,19.983934082039,16.1995031909923,17.1228618067077,17.2120817540263,17.0183465120475,17.1292384610681,17.0829629629403,16.907269372096,17.1201209547049,20.2183816736464,20.1660626541705,20.0048590236053,20.6215719682412,20.6636249912283,20.4944843603031,20.0554118311988,20.4193656434387,20.3370427117149,20.6881459099254,20.660702650833,20.3136759655218,20.0053084637802,19.4563890316096,20.9979986172754,21.2254196796169,21.646462556671,21.2272551087166,21.3894799106661,20.9290547506078,21.5333012794875,20.704593903183,21.0419301124576,20.4297189624227,20.7643194215462,21.1664674021968,21.2593905922985,21.4334770541316,21.350833373404,20.968611920046,20.1134730175324,20.1887693196462,20.2666722091,20.5659345702029,18.998272582755,19.2604379571831,19.5255036406396,19.0860250565832,18.4651555517463,20.470457623818,19.5944836458868,18.9395616661218,18.1153748569914,20.7640513355157,19.2234364550349,18.4334934242013,18.8767848774359,17.9546061480353,18.4101186213732,17.3706259154378,18.3156474660473,17.0494889847047,16.5908695528302,16.6871485042439,16.4655360728557,16.8133359888028,21.3360724608014,20.3535300707061,17.4439633151806,16.1532260263034,21.7400933793742,14.9911583012238,16.7079813371873,15.9293478490882,15.7682000663865,15.4887080863456,15.2214411418066,15.3236886486075,15.0880999645194,15.3130939776987,16.1565658457116,15.9408195143586,16.1707410898068,18.086075384839,16.866002339079,17.8644593106648,17.0709956981785,16.6425004693466,16.4893471140659,16.978939905218,16.0724857797903,15.8839255594417,16.8184321677736,16.8964196622949,17.7692954926414,16.9848399769785,17.6132010845626,18.0148176843928,17.9933596508949,17.546750489267,17.2487502842086,17.0566569325605,16.9158535772839,16.7183810333145,16.4127002424601,16.3963584584871,19.3615830692764,17.7087518343504,17.6175608569563,17.0496342571106,16.668718830905,16.3028084548082,17.7377262000742,17.5605355715498,17.3695194077872,18.9645187532804,17.7475144615468,17.9584265946382,17.4341481026583,18.1276745470613,18.4369318773578,19.0768526894336,16.6623571287664,18.4416967375621,19.153930575298,19.1335578293983
VAN39,12.0799067716856,11.6678654378243,17.0551194978944,12.6912945689901,12.474961170865,14.8358358963208,13.5004089704504,13.2902796337841,13.8525603560132,17.1391122293066,16.6561876581673,14.5915816901026,13.0950447736026,12.0528386353241,12.2650081886288,12.5818306148707,12.6074936446335,12.7545980913681,12.2246037042154,13.7140403637946,19.7809957042401,17.552782318999,17.0149730939891,19.6800647500186,20.0000704615246,16.35105758086,17.2561180093164,17.2947032094841,16.9457506598298,17.1453618915971,17.1568148576354,17.0337257509844,17.0995496859657,20.7067065501423,20.332001383429,20.1689613734386,20.8052896459103,20.8479526688063,20.7367039998118,20.220218621447,20.3796865861188,20.3066522328301,20.8654804888057,20.6391013417553,20.4389847971757,20.1213979020041,19.4637029448498,21.0948346372257,21.1831374074155,21.7064919704246,21.2347199888304,21.5595627356603,20.9848688856882,20.6976802432925,20.7600954937205,21.0977995633994,20.5645997548381,20.9112190083906,21.1302788025958,21.3721959238027,21.4012489984823,21.3310901741278,21.1067882922307,20.2523928800804,20.4543716984217,20.6470469934687,20.2902983940749,18.5678423397772,18.8651189284497,19.0820964699033,18.7023219794747,17.9033092923928,20.4456623783082,19.2258994284117,18.5358759283971,17.6233494740879,20.5033458349977,18.6276893964611,18.1623398493149,19.8234038004041,18.3259799590457,18.1129563734958,17.5774286518234,18.2345352654901,17.2761665016544,17.0190744878354,16.611337834133,16.3765017685288,16.8170281352924,20.3263998397461,19.9700396550625,17.41333787079,16.1306475723548,20.4323210877748,16.1316456763348,16.42066492929,15.717442364643,16.184915668945,15.2587199385457,15.19829106584,15.1671732493582,14.9049184722836,15.4310367550413,16.1811013629434,15.943837065553,16.3218912147491,19.4011025855291,17.4723662611769,18.8336870050884,17.5786165486061,16.8766230416234,16.7789407816643,16.8279363585733,16.446049083143,16.0148837371036,16.7286273042867,16.9203619142363,18.301501016041,17.100214708283,17.8330204868713,18.0306350682248,17.7880035082519,17.5531320921105,17.2847922050581,17.2148991841438,17.2167014278513,17.2626456152579,17.1082600042955,17.0244119138539,19.4451432966043,18.4132025973679,18.9096953078086,18.0490876687989,17.5311042222736,16.9187620579282,18.1670219710393,17.7672587463322,17.4639488790647,19.1792102762436,18.148733835301,18.3092497998263,17.4809765907426,18.3697748019838,18.4997403940941,18.2544318748837,18.1342023499933,18.6730551177749,19.5401932684467,19.5660332724579
VANB40,11.2517601271184,10.4039891692694,14.6760266557099,12.077204856806,13.2750012003761,14.2260037045555,12.7496797931923,13.9933579290693,12.4282145502253,17.6713031476046,17.5059081828795,15.6223885295656,11.6383405680966,11.9227035699568,12.3186448446646,12.46004469592,12.4794134753622,12.8066183067682,11.547441558783,12.5241467698726,18.9043299690566,14.8026803647567,16.6857728296122,18.7958759146403,19.20071747169,16.4481654181083,17.6183738762053,17.6761545337523,17.299968881383,17.4151571631171,17.5643863118993,17.7111738046397,17.8000358317894,21.0668776983149,19.7790855261068,19.8701873447047,20.40532944279,20.7157421293132,19.9855489502848,19.7400069310195,20.0061731730627,19.8064447619508,20.8866929551295,20.8151474214928,20.2954355339688,19.8614128589253,19.3179088857769,20.4679506445993,20.3292378041462,21.0226529455833,20.7020187938802,21.0701000799164,20.5763933073773,19.8334882171449,19.9400701661182,19.7300563558772,20.3049925564811,20.4743658267602,20.5129949941738,20.7427715121682,20.5194534287942,20.8117467995888,20.3519004452886,19.8960913067559,20.333992053381,20.2885207487267,20.6507431063675,18.0044428738414,18.2273727206313,18.3432095801097,17.9465161818943,17.306115164202,19.7734971077092,18.4823302887434,17.9466642632817,16.9575202143832,19.9101483946317,19.241391432954,18.7127306048526,19.4723611075918,18.3413212052845,18.0940500611835,17.9538491406379,18.2121817027858,17.7967778619251,17.5204551593235,16.8166945511028,16.4905798202433,17.0137792038513,18.4592615525955,20.0265245940915,17.8976014367598,16.2965745678345,18.6065694675233,17.4261894152267,16.413610880298,15.5825755725092,16.9501248887158,15.0449325918281,15.0796321772062,15.5509431466997,15.0767206959448,15.6597905348025,16.5285220269304,16.6784338384737,17.0363865372759,19.1684825021964,17.9272203623433,18.1466223695861,17.7921340157473,17.896629785003,17.3139728752983,17.0260823408801,16.4306052908551,16.2206553950872,17.5927698283022,18.1525381483313,19.7296534757248,17.7494707931763,18.7829913763374,19.1800437378147,18.3871195809689,18.0576663634507,17.880628404488,17.8383257545924,17.9168406433553,17.9494221837184,17.6362264439679,17.4700956680878,18.8782160125032,18.6971454747511,18.1611648715789,17.7971126225464,17.4907843743984,17.0698576315123,19.2829820728604,18.4545240942641,18.3002861624513,20.0653385267073,18.6208646510257,18.7930043211348,17.7607486350278,18.6513414373341,18.7209162362963,18.1347890985215,19.3465689013268,19.5973350873082,20.5759914714229,20.5253416763162
VAN40,9.8690837811304,10.1385877598729,14.5354000795952,12.9142882772132,12.576570052132,15.7244625405852,13.6401514430779,14.4091117158054,12.8182035947664,17.8975401512699,16.9248521632484,14.5580952328372,10.6677693655248,11.6141271997427,12.3575748352572,12.8391818770498,12.3402554466597,13.6289785060174,13.9527692682072,12.893795520573,16.7829556290856,13.956088811393,14.285306570923,16.9090303132552,17.2744109572949,15.938044153019,17.2056851119204,17.6156755466228,17.1939589995954,17.3075410701509,17.4353442216271,17.5236279468826,17.6113667714257,21.1229544685302,19.0374545799731,19.1534051034468,18.7116443167256,19.1687737695181,18.9803288757797,18.9379888869801,19.4825979578816,19.2493733309618,18.9545204461144,19.1162517007034,18.8722791561312,18.6075442100958,18.2952127297131,19.0781838593308,18.865457724206,19.7380206267393,19.652516295344,20.0665255482235,19.2311874899107,18.6867134010009,18.3070542055285,18.6273254087676,19.2176285359791,19.1850996725595,18.846627437104,18.941964284908,18.8639000673659,19.1474730091407,18.5264750303095,18.1690252292082,18.6507156484596,19.3641069424591,20.6796523734264,17.6062254400684,16.6512010528834,16.9695772347922,16.6016959556362,16.1946065584128,18.9599658258116,17.3368399128484,16.6987880906423,15.9962619755595,19.4296656897903,17.9168492267308,18.729160436214,20.3012404577559,19.0829874774033,18.6083749697198,17.981553887059,19.7537424615921,18.2130960993882,17.4897296462964,16.8092886263156,16.6596175678251,17.9112268353943,19.3067704072164,20.3870557000236,17.4433121535692,16.895596903718,18.3441335458071,18.1606662524183,17.0652596562236,16.4111963852623,17.8581304318281,15.2980924680879,15.5092945547292,15.9489073030847,15.4100427950708,15.6405325574367,16.1837711912943,16.308132748149,17.2572835199463,21.0475485660817,18.4435511987815,17.7240415077428,17.3722093085174,17.6798673442502,17.0361904410199,17.1902688780183,16.7106533645464,16.5390739479701,16.9584189345796,17.8905279314792,20.1341495540025,17.5728601133167,18.6409748582025,19.0821342171511,18.2617659354929,17.9382945429469,17.7299970348896,17.7786409953327,17.8284105132122,17.9906454421957,17.6406086508246,17.4214957066732,18.3211234709807,17.6933848851863,17.4501182866527,17.3747792629436,17.1935030047657,16.9592081740292,19.9708642643165,18.384141804494,18.0924239017528,21.2453051480048,18.6521768112928,18.7499305988654,18.0757182535313,18.8362581294965,18.6571028228196,17.282477506517,20.0072131514519,20.4246049094968,20.8265057347583,20.8106539163618
VAN41,8.44133427808437,10.3179677289899,15.0624882298423,12.7435051001883,13.0141152630966,15.0215464073821,12.5047240557072,12.6720482313197,12.3250317965761,17.9948481040396,17.1361441147141,15.1706635203044,10.8704334556786,11.3141043575869,12.7781216470837,13.118005608144,12.7801275530955,10.3446663828225,12.1268833058557,12.2508389583318,18.1120113798859,13.3579156742216,14.7554280010819,17.4677789285942,18.507785044867,17.6838057360557,17.551571112805,17.8586473345562,17.291025710887,17.294789339556,17.3488428003996,17.4581641484363,17.7855642407131,20.1677142168317,18.9064156057323,18.9251900757553,18.8610806106093,19.2229747833149,18.9696088058018,18.9081657372955,19.6049825845781,19.3650491954278,19.3949512857241,19.7412083768439,19.1751136315511,18.593722319634,18.2171044760033,19.2019038530764,19.2334311073405,20.0940694654097,20.0527978180716,20.405870251556,19.6214246776123,19.1038662338078,19.0044394947321,18.9551397560025,19.1483484632758,19.0668122778775,18.9562732747251,19.1082954456245,19.1166500371886,19.2859380310678,18.8058151689919,18.1246019302908,18.7143165108648,19.1840299362137,19.9382699147448,17.9631865427327,18.0437277043397,18.8475164364654,18.6182622357814,17.7461775857734,19.6620913795762,18.9531749181191,18.1383713584261,17.6816728835115,19.6577297943889,19.2240090707752,18.7779064688482,20.1807206249655,19.0021081629005,18.215783551619,17.8390376099929,18.5188523079226,17.931557803367,17.3641379922543,16.8164682315645,16.7711027018186,17.9358764726692,17.8376360971121,20.3766969988177,17.9883467924319,16.6636097253904,17.0305420951195,17.2108558430694,16.8780380765907,16.1900172066435,17.4164393921463,15.3585189149167,15.2656158911542,15.7912607248774,15.3130002458469,15.7084531269584,16.3922463257292,16.5817144208914,16.9440508287058,19.8050308336845,17.9030329238013,18.0562306103911,17.5634340151093,17.8243967396856,17.4102171978933,17.3980221200206,17.1731792147464,16.5178109224,17.4049917683338,18.194887851747,19.8001787481536,18.0117030757805,18.6312013965051,19.1134194021747,18.4741916320092,18.1269924182108,17.9380936642903,17.9242369997309,17.888390217871,17.7990803264117,17.5277460975248,17.5256797532919,19.3375352088321,18.7397394987805,18.2514415006122,18.0118543083103,17.7407071000265,17.3247397453225,19.3705892427703,18.555554312048,18.3096610070043,20.1644661445141,18.6101143271419,18.723804376669,17.2296522960749,18.0835266207956,18.1331537335192,17.3041947008583,19.2433027569401,19.7323571368675,20.5520482287436,20.5666722174848
VANB42,8.19109536124592,11.3831598897839,14.1561068405798,13.0212316701844,13.4716982552171,14.9161683696527,11.7939990400743,13.1296535950652,12.2761658791482,16.4108847374097,16.0037405690349,14.3337708962435,12.4880977966974,12.9788318208135,13.3423501888912,12.9572959735729,12.3823651424619,12.6437644149991,12.601862472655,14.1308798552518,20.2298150455644,17.4599970205437,16.1302135340464,19.8181506073959,20.5376758524706,17.1435294489732,17.0447013388387,17.0891529227893,16.7412551016766,16.7458488341327,16.7526378510479,16.538977562872,16.5986494456063,19.1123003166404,20.3817694257954,20.2211489810071,20.8140008345461,20.8213455111706,20.4203442597572,20.1732977335015,20.5027436588598,20.4278250117661,21.2170580261551,21.2451267959956,20.7758422671594,20.4076847396443,19.6019064366516,21.1910694803747,21.2856018322066,21.9677369185109,21.6363498215378,21.8102054749854,21.4716470627345,20.835776037028,20.9517725888741,21.239649479199,20.4485043324916,20.843828261033,21.0393127071025,21.1889373955924,21.3350094702275,21.0682626150893,21.1566319216359,20.176630517456,20.385590330795,20.4661861258425,20.7709999201895,19.2235132980296,19.3562050047473,20.1920818858848,19.969819662538,19.2659717044786,21.1198906853318,20.5154853727636,19.8271407427616,19.1071507622075,20.7658422609508,19.9703098234295,19.2587985469624,19.3878783022805,18.923988858793,19.521248829008,18.1131746119462,18.4953846024,17.1668628903753,16.3674277868318,16.3660948441494,16.167879147082,16.956629023706,18.0271189802676,20.5921687458285,17.4553573501071,16.4591362788445,19.0570739782162,15.9853476411767,15.6621722890909,15.6446107594326,15.3622810214474,15.3418581040196,15.5511465072972,15.9555145729465,15.5099499480478,15.8673224549904,16.8087434124194,16.8020511853997,17.0238159625011,17.7112155516773,17.2244239899861,17.1635196438786,16.9765112859936,17.1747400593176,16.7469610788236,16.527246306759,16.2750965764442,15.5853607506682,17.4265911802622,17.957822241129,18.5338842314554,17.2412505877371,17.9603193653437,18.498126939226,18.0802895645406,17.7937735985764,17.4929807906759,17.3773393873112,17.1622324592961,16.9243880235343,16.8301257968724,16.8313429080877,19.1653008570234,17.9492368985719,17.5111585771167,17.2994853546063,17.1291900197055,16.8461801810752,17.8956492111913,17.4084896127032,17.0800794728596,19.650448632031,17.6072582693932,17.7971966700319,16.855856279268,17.3928420239075,17.3925475642893,18.5553249784048,16.9554060658966,18.196335483913,18.7793391598766,18.9622998615686
VAN42,9.61077217064657,12.6930564241437,15.8455843481504,13.659618354338,14.7687220607508,14.2918075274649,12.3216873606363,12.997820262722,12.6082739129371,16.3084675455236,15.9085179687449,14.2358912415739,13.6785335529981,13.5675436029812,13.4708814644514,12.8416469757604,13.3473346719075,13.3587441614161,12.7918485458154,14.0514018649737,19.581352199759,16.7960580176921,13.8240609072247,19.1924218105711,19.8363449199046,17.6303134061245,17.3529837900146,17.4700643633707,17.1281536712836,17.0133365441214,16.8141122562677,16.6450373516467,16.6831796208744,18.7334674655025,20.1727358103703,19.9361729444394,20.4189990684124,20.3932021164657,20.2100228752458,19.7560276113991,20.1955702278408,20.0102823726464,20.601751477802,20.7452089920525,20.3478644463696,19.8597625513027,19.2964433737159,20.7648260785862,20.6710938277996,21.4952452872533,20.9737251432295,21.1833386362544,20.6517390736814,20.2242883455752,20.3731429101683,20.3917348991944,19.8705606808,20.2560235614729,20.4125113756789,20.8007232001214,20.701782473419,20.6809315329743,20.5414200056746,19.51032467022,20.0264755029267,20.1863572146821,20.5628625059492,18.8473281711448,18.929299194165,19.648131706472,19.4224813051562,18.523093162572,20.6011938835212,19.8384016524897,18.8463793532296,18.378093374186,20.43147723852,19.5139723267997,18.9278651433986,19.2478842378178,19.2215726752059,20.1709726301147,18.5093117131033,19.1051203981609,17.5074148585027,16.2345241581723,16.2575524398013,16.0767181152983,17.2228565090455,18.4052198755593,20.6511289487643,17.6848709976733,17.183845355757,18.4529034926015,15.609302852143,15.8028662614043,15.8095137742268,15.3502488305513,15.4178331469697,15.4026529009772,15.8194798926622,15.4260551268693,15.8417501316371,16.8502367204953,16.8654892093901,16.7794851242495,17.5857225797114,16.9634258938338,17.0491195959145,16.9310476810417,17.1142442467529,16.794829350695,16.7815758650229,16.6325205338006,15.9684849437018,18.0398162424504,18.2982624769825,18.4477818601558,17.4360225035377,18.1262873816707,18.726762490725,18.5262999749008,18.1950042428239,17.7187000129104,17.4965154741103,17.3126368092056,16.9666072770138,16.8348231368582,16.8779834194544,20.8482318409084,18.7421955049883,17.6759519502412,17.3771357239183,17.1373841432185,16.7382412959766,17.9958411399204,17.4390683531629,17.2733996123443,19.5112399610807,17.5699298911893,17.7001554289308,17.6019105864157,17.6830065210413,17.4821748889201,18.0034113049858,16.3321232167122,18.1567608697151,18.6122698632955,18.8541192912639
VAN43,9.66502087634026,10.1073010625225,17.908662073412,12.1463166820159,12.7556236438739,14.1989752736619,11.9879228301521,12.0884319475069,11.9071958786179,15.2089185468239,14.3086594523299,13.5913935816945,13.3242326517958,11.0805026806616,12.6179564542522,12.8009150194307,12.9158868871904,11.111506105533,13.3876481495036,11.2419099282249,20.3959678185208,15.7124053774536,15.7767236700757,19.9787871314723,20.5851520618071,17.0290523813512,16.42898623258,17.5211689419445,16.5445685029902,16.420299712019,16.4095850363913,16.3708486285542,16.4699884881459,19.5574788733371,20.1226738010111,19.7578001226635,21.0041335912421,21.2913299293143,20.8088846648302,20.1758648306318,20.215624652207,20.2335436865032,21.5377234263897,21.6855097813452,21.1073593342113,20.5551120670299,19.9827911221419,21.5262097493035,21.289937748213,22.085175627161,21.5034035666116,21.9348884528131,21.1582860826137,20.991044216858,20.9707697887276,20.9137251516263,20.8300515072179,20.9301676770823,21.3052081526904,21.5012148253925,21.4746982368049,21.5877058338147,21.2371621133485,20.4310615732963,21.0808097969409,21.227405054594,19.762646972452,19.3557938845984,19.4516291715098,20.527295158231,20.4188478677807,19.353866516179,20.9667051647811,20.4162589044619,19.4312236034833,19.0296107591723,21.0551923771715,20.042325769044,19.5358880667063,18.2841955164428,18.1172779962392,18.4328144295181,17.0323688737339,18.6510983577386,16.2341529813693,15.7941978081166,15.9926217837325,15.9095474650871,17.0349390160327,19.1635101272222,20.2115957625312,16.7865332512044,16.5239415756445,18.4301894845925,15.4467440469862,15.1934610439724,15.2282243611223,14.8044943712367,15.0967351834425,14.9837491780167,16.1456814150963,15.3940818376369,15.9607296837783,16.3667211143516,16.2044578352983,16.7684596679182,22.2954161043235,18.9100519761681,18.80767262178,17.4521820280576,17.3884857394053,17.2035027210755,16.5105482539566,17.4812229358208,15.6267875009176,17.2472743384265,17.5722062943906,18.0186672432038,16.7899153563071,17.7309036410469,18.4976576885492,17.6016999834324,17.405258488278,17.4677208890424,17.5324865060775,17.4665595345813,17.1410040383059,16.3523614352838,16.1662292457821,19.6648559117861,17.1880412642516,16.8134555749737,16.981031870946,16.8297141847357,16.559176190491,18.7854314408915,17.934058061139,17.882659903847,20.5250210773177,17.3511361252985,17.433402034544,16.8273530349714,17.3647565377453,17.1967002721103,17.6134861933802,17.1977731484433,19.0803183819671,19.1799375415835,19.0567278283712
VANB44,11.7873873131109,9.97225254396248,15.9690958911861,11.6782899100766,12.1492181116815,14.2134447408824,14.0532255703034,13.4639186701851,12.7809724547131,18.162754771346,17.6292595954233,14.5282801353481,11.7112683728453,11.8726073690031,12.6419071403164,12.783497314207,12.8658053847713,11.4790260147744,12.9187213225719,12.0142430811623,17.4476096529488,13.4224716688248,14.067419317578,17.2933286153805,17.8196225281992,17.5112909878989,17.2736054149387,17.7217726411671,16.9873125550681,17.0979903745849,17.3194341404356,17.5913492999967,17.8816797028704,19.478248208515,19.3491000751698,19.5234314261709,19.1045414748518,19.6932706571295,19.6383113225964,19.1891493567623,19.5737284621081,19.2941808908862,19.7448477406371,19.7448717383074,19.1042214139023,18.5958513707976,18.3366929635877,19.6984766368503,19.5324184495849,20.2754899098345,20.2060967884571,20.3754632034171,20.1710741919127,18.9301527631008,18.6475817444095,18.6483904810187,19.3031804137727,19.5407134774177,19.2538051525832,19.3104889008084,19.286044090196,19.6042937145387,18.8700539469275,18.6234668826024,19.1857378542215,19.3651395237747,20.9348865603428,17.3600708337244,17.3307118315987,18.0403924296218,17.7453976129403,16.7340453168184,18.8884097782589,17.8527639075292,17.9447011881269,16.6597704615712,19.1676278450219,19.3136135245472,18.7861720689425,20.368606567325,18.5728855365111,18.0989363779855,18.016524491808,18.1911872922845,17.3932263556661,17.4986744928797,16.7634436552021,16.4420142467671,17.9394748131174,18.0647858245638,20.5389197137026,17.4640907332783,17.1463783547611,19.4001948631575,17.9802294802335,17.3046456498389,16.1930574018588,18.0535268017703,15.6015542431122,15.4211001021484,16.1217113554441,15.4417324033638,16.0258712698125,16.5813450560876,16.8751680970797,17.1716467479099,20.3250208345337,17.7662734789345,18.2440406661681,17.7506703810522,17.7829124310001,17.0608179585617,17.503657529884,17.2373278550997,16.7442883488078,18.0873427954665,18.657316479209,20.5769610655151,17.8786272084601,18.8657554591071,19.3464246208315,18.4837121499306,18.1285603153141,18.057987524792,18.1072727789756,18.2548931734899,18.000894646201,17.6265472635804,17.6232479062704,19.7078893739305,19.1703213064423,18.5495606567655,18.188535021411,17.8837041570465,17.4748692651299,19.6957292928353,18.3824507869526,18.3941328320336,20.3763953613508,18.1051511224781,18.0097911948806,17.4657673548013,17.6388385939126,17.7366240560544,18.0886122191569,19.8967458627866,19.8774825133403,20.8155906287298,20.619359472484
VAN44,9.2898325356821,12.3090757029864,16.0851404790467,13.5705087180626,14.075127981825,14.1116781736686,12.8231688211068,14.153943316493,15.9495009853251,16.7074023605963,16.1253880320287,13.9849721947642,14.9541308500463,13.8920294918348,13.733662496136,13.0219067525762,13.2541059707868,12.8580774269084,13.1811302477595,14.1835631181648,18.9878929119162,16.1518911426894,14.602525827536,18.2723150122042,19.2523957529004,17.082035552981,17.2919437312702,17.5600594597231,16.9698711039667,16.9554245688142,17.1343290768749,17.07358503362,17.3821990764603,18.695239958085,19.5405211784088,19.6875468325377,19.8115350217516,19.8420335928439,20.1192105664682,19.6300505149101,20.0907874890911,19.8963180353136,20.1645037080135,20.4897579386613,20.0879043478646,19.6315093178844,19.2849766314674,20.2138711943413,20.2971741536766,20.855363279746,20.7318913725723,20.7298599258946,20.3626009609707,20.0688050713747,19.9730956617185,20.1724612180635,20.0273332887245,20.1067680540344,20.0944360200107,20.194091581725,20.5431719308087,20.516176254888,20.3105655968923,19.8693729940804,20.1687787613269,20.1670114230369,20.3498656486626,19.2777336456406,18.9610784395977,19.6020548714845,19.4428766619813,18.6753533090409,20.0581962187667,19.7362155153622,18.7748171712025,18.4100647617767,19.6769013166147,19.7937258873371,19.1225067707705,19.5728321698353,19.3681066891529,20.1793200675937,18.7791854969527,19.6261511313988,18.7535627778955,17.6469579308115,17.4508093128444,17.5412416617748,17.9082662578747,22.6715061667153,21.0744230998827,17.4213883826511,16.868448749563,17.898722870637,16.2966958448664,18.558814490653,17.7613179085163,17.1081984157566,18.6107463755202,17.4182512761808,17.1008882012915,16.7743536640268,16.9829215496825,17.5426159967925,17.4503940911657,17.3869767226471,17.7818679311765,17.4894703729452,17.3472492080435,17.2837489820424,17.676738785337,17.5038031066006,17.4903718137702,16.9631543433054,17.0903223452441,19.6641132565558,18.9586606248022,18.4032773036386,17.7289381891313,18.1225167097973,19.0404857556567,19.2715185208756,18.6887312472708,18.1837416573767,17.7258201085331,17.5137530081363,17.4672281707479,16.9472304608156,16.8961130065508,19.9284543829147,18.3175856774661,17.7353135482312,17.3975150323327,17.0971171211742,16.8481600166459,17.643917227404,17.3665089701963,17.2257225714633,19.4824396213717,19.563659626589,18.1336308734378,17.5486709990266,17.6937794105031,18.0813807830536,18.265429724659,15.9154161486991,17.5189456762631,17.9102587760507,18.2272615632142
VANB45,11.4073385172408,11.0765577578727,14.4479664616483,12.2051424452782,12.4501141525358,13.9185267641544,12.9402718161083,13.7794694899967,11.8891998901838,17.0731204017164,16.6508347692829,14.9846584935475,12.3821177625378,13.0643612312998,12.8878288764156,12.6867813698181,13.4895914186103,12.4359730009391,12.138430385681,12.8495674284155,19.7047219285894,17.1189914972757,17.4549718566535,19.4301177842078,19.9493777355346,16.1024383073557,17.2370025245818,17.37156647026,16.9911754633005,17.0858889066927,17.2525852872,17.3726164375125,17.3876885314169,20.5269344117969,20.299512245653,20.1906497045229,20.9003921766475,21.0053204465301,20.2262116512187,19.9776375153242,20.3275212756455,20.1837373259207,21.1815473314394,21.2485236567205,20.6873080990622,20.2471353561254,20.065287069203,22.3625028910311,22.9209497444323,22.7338790353804,21.9794385136737,21.5983850536734,21.0453898327974,20.8013387462226,20.8729272310909,20.7196737308173,20.7455594691167,21.0512852413409,23.1410863631338,23.1249560467648,23.334350436677,23.7943333118869,21.7422857351923,20.8253279764755,20.8251956917721,20.6576621469555,23.401309832768,19.2803736375318,19.0983505094252,19.4523073873372,18.9793306284778,18.3839360038677,20.4026401180735,19.5129917632909,18.923896465811,17.994681011422,20.3098225696738,19.3707013756249,18.6721824029369,18.9838396759704,17.6191173350683,17.2586932642363,17.0250719209615,18.0752492725555,17.0034464362442,16.4562713568786,15.993936550492,15.4326800696802,16.4589781185164,17.5108363613415,19.8555632627277,17.5078540329324,15.243390138453,19.9079751893485,16.3497452740976,15.283709786314,14.4740423451605,15.1519001412248,13.5136048143842,13.0681951138983,14.089022789448,13.394643457607,13.9347803944826,15.4600293909802,15.5930046356122,15.987498182673,19.5646646552988,17.4190802229724,17.7424060486975,17.3028559419511,17.265561085107,16.658399023594,16.322948297846,15.6747459903457,15.2806853781171,16.8453549949832,17.2712612492448,18.6327456862103,17.1189162943561,18.0067488365008,18.5509709793028,17.7883427206446,17.3518718518111,17.1731336789368,17.1473294293545,17.1577297974455,17.1929460077215,16.9892721707333,16.7975932237392,18.4545614265697,17.7385989724194,17.2248362625041,16.9132691946833,16.7038780163583,16.4180808475416,18.4160601861858,17.8374358290989,17.6005410559685,18.4974749231133,18.1861239421575,18.357757584853,18.2334517686436,18.5811183108193,18.5570302801054,17.0679530355496,18.6879056853554,18.8415893017417,19.9171905768045,19.8801503015805
VAN45,10.546337409769,9.26242210177683,13.5259935318642,12.2941440789736,12.7039529877833,15.0062584061828,15.1477418591745,13.3349293363957,11.9625429805478,17.3603955169955,16.7806964446465,15.2790019212569,10.2886941245086,11.2164309322788,11.9165148821199,11.8615173454576,12.1652953691657,11.8138003975163,10.3384149673337,11.5400602250705,19.7328391301679,16.3801251099388,16.7573192900478,19.7675116361947,19.9383643213162,16.2444018073782,17.4516104432184,17.3457583645627,17.0677904931646,17.2221579043652,17.3231436483258,17.3225917366441,17.3233102128388,21.3377102809804,20.2429847114376,20.1217398634111,21.1399524649177,21.4230138204143,20.1078122965585,19.96681941343,20.2759529815347,20.0298509246603,21.4590537587863,21.4101865167418,20.9894957450885,20.5061260453862,19.8884971749085,21.00652035834,21.0564079534219,21.6843838804291,20.9894268984932,21.650186579238,20.8464498211518,20.4977275930581,20.7234118454988,20.3355744821158,20.9110353081513,21.0670001612727,21.294297199696,21.6798377637783,21.3459170277056,21.717718461742,21.2177947769694,20.5475673948325,21.052253726544,21.0055055150759,19.5471787540224,18.0352990600797,17.8930849834962,18.1237001810861,17.8184539391505,16.9387977899872,20.1132883683387,18.3672741462754,17.6459990376591,16.7287715166875,20.4852248933819,17.8584838242504,17.5261325488331,19.3798244146348,17.9790403338281,17.2564210008018,17.1024085967,18.5456021979236,17.5850239795737,16.8196984679647,16.206733541134,16.0429621001705,17.1366375871781,18.0385338878874,20.0588524886025,17.808954973933,15.7295544218868,16.7934994765335,16.4897116203804,16.3672698689108,15.8013480029379,17.1419812629864,14.7184502433334,14.7964054029734,15.1134206477135,14.7728328797391,14.9632696240316,15.7521574075163,16.0700847340592,16.631248793211,19.2698147593209,17.5871780408875,18.3304943191487,17.7022202701594,17.2978124354614,16.890492009368,16.6826203442324,16.135874348834,16.0894074929408,17.0237238346518,17.6909559458362,19.5670895605886,17.4990522755433,18.2826024260699,18.6962935905895,18.1491231187739,17.7285200964197,17.5228897203981,17.5139857996434,17.5023660994608,17.5669422638299,17.5759084123895,17.5509527237872,18.3362776129598,17.5377860304201,17.2877688784705,17.1932316399521,17.0692925867408,16.8871018754717,18.57613458962,18.1605446978852,17.7282825889108,18.9341750626918,18.7428273165584,18.8763607653896,17.4021700744574,18.5578285666827,18.6845693412889,17.2469582424066,18.6878369567566,18.8580940773212,20.1016143159908,20.0758381940423
VANB46,11.9441503129788,9.64996827571552,15.6316771733272,11.9198362323472,12.3159537066121,15.4118592404388,13.3479735149982,14.0813994007456,13.6494692008896,17.7320795486599,17.145371937354,15.3807627233185,12.1351435101191,11.6811782382361,12.3045104508878,12.8552603949288,13.469711393614,13.4035663207735,12.7063963689822,14.4725804650345,18.7312562276504,15.2968794984976,15.2514190840572,18.8552443436665,18.9701745175038,16.6146912711924,17.7044795173054,17.5658789676064,17.3038603081528,17.4483594737845,17.4643580718846,17.4106450774996,17.5116060967686,20.2296406165605,19.6849205566477,19.704906648321,20.2840690351212,20.467180227666,20.1469804754289,19.5896508652227,19.8322102471019,19.6200653546633,20.6433478946565,20.5388134799338,20.0682167788984,19.7842759999445,19.2109533724828,20.4888212004771,20.2962763413915,20.8739180080072,20.5066852131368,20.9112053236919,20.3128981209161,19.8466689319444,19.8698406059068,19.7192797896332,20.1565977620858,20.4250427690896,20.6459440729293,20.6677018622645,20.6236075944509,20.7751566952949,20.2612124490371,19.7162742360647,20.1908703150315,20.1463407010814,20.4535523029882,17.6233527764142,17.4510491582601,17.5705839349862,17.2002911912492,16.6494149116347,19.3521536656753,17.3947656816427,16.805021521011,16.123506746144,19.8562423824317,17.4174515422499,17.316483345251,19.3937663155159,17.9713706407597,17.9164618580035,17.6841344508886,18.0716148685765,17.4143922479181,17.0878375333222,16.7192709733692,16.4729846838628,17.2583528139539,20.0632292937657,20.2887454661721,17.8981595681833,16.2269163870669,19.4618099085035,17.1230629327422,17.1289498738304,16.0726902941528,17.3156344430331,15.4674284832709,15.4240607657544,15.6106942269487,15.3377745110469,15.8398190780326,16.3740338748155,16.5202210482355,16.8443994014467,18.6971593348677,17.7001145083397,18.4721715958044,17.7191740022779,17.4999618801682,17.1579018290472,17.1299961956899,16.8844012128591,16.6349740153101,17.5684813904149,18.0414892562988,19.749407995301,17.7104673863023,18.2621728574242,18.8446606970779,18.2406977177965,17.8443466953243,17.6253777129244,17.5936380132516,17.6356297111494,17.6698008201105,17.5487857540499,17.4569894751681,19.3258748858203,17.9812418404139,17.6629970983711,17.5052486391498,17.4164066705185,17.2636200418721,18.6439222037141,18.3499417772516,18.0476675856307,19.7669797438843,18.2983254256661,18.5141697357259,17.6415244873573,18.2410798950826,18.3568222161778,18.5412414165689,18.989496826318,19.1798266647651,20.1452956284707,20.1572492967128
VAN46,10.7496411489989,9.9486972884621,14.7213038074663,12.4250898992779,12.8972917943797,14.2720013634808,12.7429274027856,13.7998335245046,12.7395080459078,17.6401612911183,17.0356777647027,15.1117275360366,11.812069149805,11.2826495242859,11.3481923264024,11.7152160232281,12.0743593004399,12.0271298488035,12.0985024866017,12.3551704307676,19.0883244167149,16.0149484184325,17.269664559782,19.3582829637355,17.4085477849064,17.3855760859788,17.3943586180942,17.336736000585,17.1057651775914,17.3070439805736,17.5000420518915,17.5640786124728,17.6834508842797,20.391240924601,19.211240458909,19.4016305388348,19.986605561893,20.0727050066625,21.3812996917946,21.0145090499815,19.4135651881472,19.1913879300463,20.0140852165006,19.4494091261294,20.0023862956931,20.2828890843412,19.9515615790225,20.0815209131313,20.6774459959567,20.8990593896124,21.1248449350746,20.2735580431948,20.3523198437143,20.3841340537087,19.5340375862179,20.6607178733033,20.5040166310437,21.1665293366527,21.4299662043796,20.1470351447162,20.6245701136244,20.0279660733381,20.2645382041143,20.1883926130526,20.8359574479242,21.1323038183456,20.957433354471,18.8514081303007,18.0808377258637,18.3437377787009,18.0500134991682,17.8773070859206,20.4234639952403,19.5061546656319,19.5277297062209,19.8063205810094,19.1483116983287,18.2951242694623,18.2338612816288,19.4603963198734,18.1613932954709,17.9772094704661,18.045424612695,18.4759432541773,18.0134010805938,17.8468024106178,17.6242790809656,17.4590100921474,17.8126431821797,19.1557995995435,19.4784626907781,17.5265685212801,16.2967605294449,16.1995625309767,17.0908086958226,16.6585956127214,15.8400802482218,17.1197546098324,15.1432191461479,15.0118003784051,15.3207500211838,14.992171835944,15.3863972077093,15.9832685539318,16.1579106907332,16.7730087251985,17.5394339187142,17.3385302628009,17.943277473073,17.7482193506887,17.2550621546577,16.8754132659268,16.8562007406026,16.491318271754,16.4689325230447,17.2550565730402,17.7233829416653,19.5999643299914,17.6123722576104,18.3406179388887,18.6857725605791,17.9848056381608,17.5509153010958,17.3543714064864,17.3261488581183,17.4001910902755,17.5738958805099,17.3321906933232,17.2178290108923,18.5518043773497,18.0349681980416,17.6204817260328,17.3414415330792,17.1400506571568,16.9643771231718,18.9394036275884,18.2021356283042,17.99102397134,19.6311388978772,18.486396373163,18.6393150092673,17.603999063143,18.2888124866222,18.4547556742117,18.7926322210968,19.18743392782,19.2203796103034,20.3642161003921,20.1744177605261
VANB47,11.7724914712494,9.93923825222744,13.9697629620832,12.02612698627,13.4791609451137,15.1856425173301,13.2311855176742,13.3612193918596,12.3541447208422,17.1553428158095,16.4187365891233,14.9575011155338,10.8604124163136,12.0651129895419,12.8582065241106,13.255350783369,12.8833451214292,13.6013324413919,13.4164269894142,12.6085663605734,20.8542303839275,18.4826611003279,15.5149014004086,20.8840592321636,21.095220490298,16.3978975266253,17.5286815707065,17.497761139117,17.2387732994075,17.2824765443182,17.4760066407134,17.7110955878954,17.811517629128,20.1183706543205,21.2834910882415,21.055180005984,21.9055773210006,21.9617127374704,21.3113652117097,21.0920460961346,21.0330458962387,21.0461123806687,22.0337870630851,21.5253128889866,21.5188701450844,21.2421665237681,20.5560754246373,22.1302986956353,22.2462030225441,22.8663056598153,22.3606813466211,22.7372184389184,22.1664059031296,21.7400489581388,21.8633947390067,22.1222615840183,21.5077681100237,21.8537577707536,22.0446943025406,22.4065333898813,22.3852894262561,22.2960833457265,22.2534125374314,21.2759404181419,21.4732192775501,21.5813957080562,20.1523292762037,18.0918130229714,18.237853413783,18.5914823152905,18.4032801952661,17.8618213307442,21.359633355311,19.7053280012985,19.0556183690636,17.5212169772547,21.4993245709934,18.3309558589936,17.9092195457576,19.8352344807215,18.7769494175193,18.258186453973,17.6046504692997,18.0401029999013,17.1430744845353,16.8088917531342,16.5231763644065,16.0828999188468,17.0693778540885,18.0695750552903,20.0704331419966,17.6339441467867,15.6610227974464,19.3564647766831,15.8389278277665,16.0826617652411,15.9707447234571,16.4789379685837,15.2333738888342,15.2201737004041,15.6088325580022,15.0486858180314,15.5614834158435,16.400074148597,16.4311767916841,16.89683223952,17.671072049356,17.3699145166234,17.6709534916164,17.1752225075741,16.880393070269,16.6919969685584,16.7773095298374,16.477468561378,16.0183329855752,17.5295357007027,17.8722199057121,18.995055433519,17.3723036055031,17.9122360186963,17.9912565716062,17.6824571214228,17.4983434619204,17.3259737297931,17.32153141332,17.237392223546,17.1833048233087,17.0670108420155,17.0183660280699,18.3024259152316,17.5925700399555,17.2728557364529,17.1011647711636,16.9050811316837,16.6628449939207,18.2139937922353,17.8832342779516,17.5241220092556,18.8347183713162,17.9564306045067,18.2048807479311,17.3395182730785,18.036573033852,18.1030386989696,18.1144238062804,18.3725499580131,18.5633014805799,19.6602074619266,19.7355337583533
VAN47,10.2424839490618,11.9866135495758,14.1760885147544,11.1418718079375,13.3160401432855,15.1251897096216,13.1371353608808,12.8026927983148,11.781089478909,17.1631495026617,16.2979590758218,14.5908887794464,8.68376396560743,8.78025236874127,11.5841668660979,12.3268195002072,11.9481943593019,13.7616432866963,12.7082900788149,13.4362305720866,21.1894999090006,18.2852295093434,13.7055554492885,21.1040540473211,21.2045536457616,16.8872255976746,17.22223722982,17.2355978869043,17.0677904931646,17.1764153730185,17.306685137529,17.6329257684647,17.8117424960248,20.0347542244397,21.1047317647228,20.967398914169,21.8646778575315,21.9597953890973,21.9001199879227,21.5491157715765,21.1809468146214,21.0837385123201,22.1989591596022,21.7802935730154,21.7580380718387,21.5288428560162,20.9469390590398,22.1226085433186,22.3116633381805,23.0215301767487,22.6009706644805,22.8130973405538,22.3776080325815,22.0287394485663,21.9895586957304,22.2684268061374,21.6940135888574,22.1009399752005,22.403428965149,22.4579529507593,22.5201573364269,22.3508045253248,22.3140824847851,21.4007128858981,21.7138911014658,21.9128289082921,20.6338251078066,19.4241691977354,19.3538846970177,20.1830305917923,19.9993010306539,19.1951823454127,21.7170161484329,20.7363213792389,20.0855668704606,19.4970402427005,21.484511611455,19.7093199791917,19.1904580408746,19.8587266312172,18.6853716868035,18.1166194103011,17.526924986075,18.3954242476067,17.4776935950289,17.1374682175717,16.9659596183581,16.8046578952692,17.4245390622036,17.9333157822285,19.8220565915551,17.4363805372817,15.8285308213486,16.5164002454947,16.2699565682793,16.0617302705303,15.8854898191898,16.5860703589427,15.4096317317436,15.5100521251124,15.7678139594734,15.2762071630215,15.5736907871543,16.0084345196607,16.1598676715126,16.8899098469183,17.6800571573524,17.2882531857473,17.4184529593861,17.0406899320785,16.9370018936137,16.5810941835866,16.6813202738905,16.2270297258412,15.7956628750657,17.1015904055265,17.6798937549337,18.9104611692315,17.1971111971021,17.6475687734605,18.1056914633829,17.5945028833255,17.4017301368991,17.2023220098974,17.1765946953138,17.1389425011211,17.0487181740066,16.7833444819936,16.7109875006747,17.9337203582623,17.4316477537739,17.0743926047049,16.8877016757706,16.6803088459041,16.4474764011511,18.2126299475306,17.7898164262301,17.4932256778119,19.0560360100676,17.9484479859814,18.192851649074,16.5674987334992,17.5862921309081,17.6869369308336,18.025767445239,18.2812201861213,18.4612301725429,19.5450906809116,19.6130208971618
VANB48,11.8515079224194,10.8416143469164,15.3879028471111,12.0330194267405,12.1277965852317,15.0549519381289,13.3493338506441,13.4994685399962,12.8923138332075,17.2029812023977,16.3247083487697,14.743885484717,12.3697464233705,12.1632723416247,12.7726976747549,12.9399186842096,12.9642391233513,12.3876259133019,13.618998963084,12.8377782582582,20.2166413010746,17.6899693548063,14.0167348560262,19.8945583135403,20.4613707073208,17.0736737281055,17.3610331280523,17.4490461898402,16.9748315975164,17.0596464827798,17.180290123851,17.1469540280886,17.1717685006866,20.4238331416068,20.5068112031015,20.2106795579483,20.9366221273863,20.9864446716592,20.7324740257997,20.3544557255681,20.3560018915483,20.3386089432939,21.0657265807954,21.1898201634124,20.7153597012643,20.2562533843577,19.5678592868693,21.3071329791915,21.4071190435778,21.9737764710385,21.5272072591203,21.7759193190668,21.3660694495323,20.9079776889612,20.9515256093563,21.1507936692516,20.5693615560312,21.0181479201677,21.1898604827993,21.4862135051909,21.44590392292,21.3876255454072,21.1878392395404,20.1817827174889,20.4766515613098,20.612434631683,20.2196244828259,18.7422402337753,18.8955913299571,19.8766126306793,19.6350010900665,18.9940480084292,20.846303862595,20.0694114744369,19.4179520070752,18.5778532776686,20.6045584898959,19.7588037847077,19.1309039361955,19.9656456903874,18.2010934141333,17.5158792490288,16.9868993144508,18.7014270514853,17.0707805151642,16.4517076588458,16.0391130064088,15.7549375240894,16.8490114999677,18.3767855990055,20.1441327198013,17.396501635424,15.7766805000933,16.882061067241,16.1220636230066,16.2920113287065,15.7427114788698,16.7496347368875,14.8421223265521,14.972119382007,15.4958438635528,14.7094203053695,15.3824172544485,16.3880221927907,16.4100812309567,16.9655970895439,18.3693082064824,17.4274337544956,17.7751014195663,17.3605307516698,16.928993710273,16.5845525974856,16.5806614836687,17.0434680206154,15.8864664128942,17.333636425286,17.84459084772,19.4025889545332,17.2506229470705,17.8672673010679,18.4095586117276,17.7960712875727,17.4733250272511,17.3521869255323,17.3266066299401,17.220365408105,17.1189416296248,16.8214216561257,16.6926625227558,18.6147163453593,17.4955751764697,17.1206540888096,16.9560176493082,16.8046769104613,16.542608167692,18.2011478294519,17.7002691783026,17.4579418278139,19.9844046951395,17.9679254479555,18.162312244292,17.3556937864859,18.1665726669091,18.2627161455392,18.8241059070013,18.4022301603178,18.739021501694,19.5633778820829,19.560662325019
VAN48,10.7442892419586,9.05290058125592,15.2610787385235,11.7753592637536,11.9555202441175,15.2298900110866,12.7084791367899,13.1161202792816,12.2681545606701,17.3006818118368,16.4001835884984,14.7739174668115,11.3978716923419,11.0004464570876,12.3038628922511,12.8407656073346,12.6346896496002,10.4878543893407,12.7300814688058,11.5964893409949,20.105754894738,16.2698853462115,13.7179186635451,19.7131298097237,20.3222417069419,17.2747875802898,17.2696434056086,17.3854581539032,16.7983922678218,16.8379485391943,16.9764332798856,17.0165157757553,17.1711640709103,20.1942591617012,20.2550131803686,20.2933814092893,21.142203000823,21.4297867746148,20.3783024824883,20.1397687175359,20.2202705023348,20.0189419060387,21.7348691282282,21.7993333175925,21.2863994207116,20.7322989336489,20.1572405143748,21.1190811612845,21.0822283991043,21.8186134387524,21.3401237470458,21.716330526647,21.1014661338565,20.716713027579,20.9492260530184,20.418720094977,20.9205237684133,21.1203625681395,21.4280610326458,21.7310368527304,21.5245612140472,21.8018478275708,21.3636184778264,20.8316351558732,21.1862740956981,21.1265250912574,20.2266195549343,18.6946328315822,18.8456624318771,19.8385276679766,19.662953146543,18.8913305096481,20.8067766203925,20.1329640768346,19.3221531203326,18.7178445378308,20.6139174568343,19.6696168479253,19.202315651664,19.8468917121693,18.8072791331946,18.190894597189,17.537130041299,18.3384203779903,17.4187362631085,16.8847928078984,16.3314954726697,16.2176120969565,17.3019271643366,18.2417243928808,20.2053423186075,17.5310643935727,16.2678845180068,16.5877359779738,16.5548351192832,16.3433164033133,15.8738647928738,16.8427756431033,15.2281480076332,15.4541926130458,15.716361528141,15.2669023601207,15.7203651250871,16.4987278222426,16.6465029847729,16.9842360659496,18.0534199323901,17.5115191734525,17.7516470590008,17.3939105445761,17.3320194040109,16.8700096254098,16.6723081203794,16.6438500545792,15.9291840648572,17.2918471485143,18.0485704481371,19.3774418693775,17.3713257124143,18.1205179900569,18.5509709793028,17.908588585942,17.6732065705817,17.5425190062853,17.5297724702633,17.4591785289349,17.3751189946858,17.2078707832286,17.1683577021249,18.7302078141598,17.8539665595634,17.4378089953007,17.2532121095402,17.075361670072,16.8188327124323,18.4248034340531,17.8714208973203,17.5282491539561,20.1347122863642,18.0199571137682,18.2007832557149,16.8740346962125,17.7623174644066,17.8518828758047,17.4000178760314,18.3580081779236,18.8101951762177,19.6105922097008,19.6914511640412
VAN49,7.32873831094754,10.7614254610283,15.5763548042312,12.1415914639869,12.8120408583652,15.4925515491731,12.9306713725384,14.0911570134674,12.7215529351412,17.64031776501,16.3740841384066,14.7167241085323,11.3523222558719,11.2462841517687,12.0494942552441,12.5508027227417,12.2163487920113,12.8718126920501,13.5139140648759,13.7263163707182,19.239211239366,14.1055475234956,14.8480386100767,16.3342245992987,19.549809319474,15.8870418281104,17.0913560717841,17.3451486501399,17.0298636946637,17.1930672393099,17.2637994060085,17.4510198008885,17.6162938593436,20.5413569096558,18.6446407122577,18.7192843168647,18.3572152816569,18.3158470277212,18.5990906135619,18.4240998146533,19.0116476503049,18.8372219802117,19.7632164264595,20.8514562510762,19.7440618061752,18.5540746563047,17.9939005839687,18.6386818070303,18.4199237185738,19.7937679081838,20.0162240188405,19.7629789817886,19.7849607172937,19.3331869788204,19.3140884130701,18.1088412856028,18.4677439049469,18.5263416702111,18.1703376079132,18.3604752444793,18.3024448246919,18.3709005712595,17.7289095469863,17.6898261903472,18.1663093791042,18.8834535229634,19.912802323964,19.3039341050567,19.7527212530035,20.6552931457718,20.4300329713314,19.5939007707014,20.6173119473193,20.6514385572792,19.9580821387612,19.4308316028078,19.5396842029662,20.4230506538642,19.9893983833559,19.2853550939077,18.6503374221217,18.1389364260245,17.6739364797814,19.4229209425944,17.8696862227243,17.1500294039831,16.8545043665213,16.6178794145289,17.7620025892485,19.216993516682,19.758130346211,17.4442918218983,16.8078320217798,17.8606410077072,17.3010160537937,16.6157136261682,16.0287102447643,17.201993291602,15.2107453258728,15.1565145167857,15.9559238582683,15.7416377703555,15.6564412167471,16.3022976924078,16.3543184095385,17.0916994337998,22.5825905645312,19.8386382265474,17.9926459444993,17.3436537992694,17.4748155321529,17.1524285563097,17.1345615985323,17.0071980524092,16.3102413528194,16.8929424066242,17.5897873334397,19.4344110103172,17.6014502880468,18.2053860804862,18.5613747047343,18.0831402549092,17.9006608912659,17.7093476236291,17.7216607536701,17.7058200964408,17.7525981334421,17.3168550035218,17.0960314000429,18.8197416737492,17.7197239724557,17.6968936791752,17.4566014993867,17.2581625081317,17.0760065706594,19.7031847245772,18.4756548008659,18.2778158131569,20.414163796366,18.394279462001,18.5180468093261,17.4611029950915,18.2026364590489,18.0601981710177,17.4972667313263,19.3028716472534,19.9375155074643,20.4616491830917,20.4626327197167
VAN50,8.13644081703693,10.5112690177783,14.3195929850655,11.7951589998081,11.0496408092343,13.1477669465947,12.0342071934604,13.9225102252068,11.5366743127895,17.2835573677587,17.224510041938,14.1159872370127,9.11939786691873,6.08882594057922,10.2514650153119,10.6041743371634,10.5217635796071,10.7222084822544,10.7222084822544,7.38004297371268,19.8856585414472,15.6425424111139,18.0231175619313,19.3218361852202,20.1207502044219,15.6269999481218,16.7794850565885,17.0296312654529,16.5033608072373,16.7469666822793,16.9575760740381,17.2171103898927,17.3893431264104,20.5837823779204,19.8272472433381,19.757508854966,20.5258148121719,20.7995513504444,20.1516442503615,19.8819747071781,20.234137143865,20.0633315507304,21.0810509755308,21.2647982279694,20.6233851741877,19.988059749271,19.3364087500307,20.6826263595821,20.7076390677456,21.4673631274271,21.0276647459462,21.4090921888777,20.7785616297173,20.3699107325483,20.4762644307913,20.5932786397162,20.6204119036073,20.662549001337,20.678165390002,20.992372540717,20.864949475934,21.0343192126835,20.7351524320355,19.9865395216433,20.4631637263137,20.6253479571684,20.285684472838,19.3445955049336,19.8119502176833,20.2834217853698,19.9934731585279,19.0298471155418,20.48737935543,20.1707663738105,19.4815115710094,18.8759448437176,20.1107502740306,20.1193734212465,19.4558852695024,19.3812426314477,18.064053581306,17.5205465173537,17.5157364653911,17.914824976309,17.4610665342868,17.1235345857914,16.5979670805868,16.3949569253393,17.1472008672442,18.5338982462003,19.3238115272469,16.9779759734108,15.6349221267776,17.0253136703286,16.4170481851431,16.3271972855273,15.4644228367985,16.907060104664,14.9915493680988,15.0761730996544,15.4517113476145,15.1078543034935,15.5841851379221,16.2799987124787,16.3602939964646,16.5981176695412,19.2309940606407,17.2698838276365,17.5643616736039,17.1197164119943,17.3161363710168,16.9589844247916,16.853193861462,16.2187903068363,16.0867406246429,17.2396753758214,17.6994008972174,19.307747759252,17.2785960061488,18.197754204641,18.5522750867132,17.8218712096108,17.5497629936255,17.379985617451,17.4015129456724,17.4890372299964,17.5271309867295,17.3763905949147,17.3069353105351,18.6762915222042,18.3259880280284,17.7958420107074,17.4827629341102,17.2301431700817,16.8617195087752,18.9552399842709,17.960982638831,17.8346491822835,18.4870521038031,18.4418026824296,18.5841133129303,16.6747060158625,17.9698531743047,17.9956349038328,17.0395186259902,18.9224558546644,19.4045178772349,20.1485790115654,20.0767596986638
VANB51,11.700304396511,11.2514911544979,15.212137655093,11.9070239840094,12.2315221864384,14.8175006270504,13.8622540732111,14.3019037293474,12.79481018599,17.7608000348219,17.4944154681793,15.3175556787418,11.7981680573573,12.1591506716055,12.3181405206659,12.6930063632753,12.5624334395652,12.8005420915921,11.741516027971,12.8312002704809,18.6581085706113,14.7464701677001,17.2633443053091,18.4876398106136,18.950822136043,16.4281461359302,17.6631972623866,17.6660802927691,17.387385737451,17.5767005779145,17.7367759418041,17.8027692284983,17.9076850736934,20.9554358497832,19.6305786288758,19.6198230903349,20.0428284374984,20.3251692915208,19.8807109713281,19.4652596410372,20.0290286973747,19.7596189460244,20.4018868508358,20.4760770104084,19.8393561669766,19.3296383080851,18.8760075425503,20.3804601353911,20.03873649774,20.6324328628267,20.3531253595089,20.6369221704392,20.2629424686414,19.5363086304762,19.4975616715336,19.4822646722532,19.9882246890413,20.1961030173532,20.0184718222899,20.3480199125955,20.0430854914048,20.4237190098961,19.800397925521,19.3150734708006,19.8316823707306,19.852233188967,20.1713200217487,18.2461228885968,18.6256623820108,18.7291411252547,18.1991744983682,17.4671222297632,19.4041520955901,18.3830484700051,17.7453620746722,17.1171790556742,19.8079993289105,18.5279195222392,18.1273062859742,19.6748202593464,18.0993008119956,17.8923232155611,17.9848951834891,18.2507213722516,17.5940324893534,17.4738274509889,16.8440761936246,16.4380898377519,17.0148861855457,19.0946986326985,20.2484244761187,17.8524175992105,16.3382176569271,20.6106229463176,17.3413725424888,16.9418679948137,15.982072777724,17.5834826805914,15.1762626976973,15.1476308411208,15.7378691545134,15.3077019148733,15.8704376108982,16.4639152099144,16.6155513486042,17.2184297850219,20.4935797630661,17.8365337962063,18.2866591966998,17.8402570441478,17.5728973936045,17.1178964025745,17.343702370377,16.7918681151154,16.4751675274942,17.5836566712925,18.1940006608978,20.1194838501928,17.8957464870471,18.586317277825,19.0376279617251,18.3184175856724,17.9586390767897,17.8046669768153,17.8003093834451,17.9308434864825,18.0131938383545,18.112869916699,18.0299949245127,19.0748008723005,18.1712969965906,17.7848224539229,17.6170559920172,17.44549044442,17.2267818657407,19.2152781100862,18.364819017052,17.9716438084866,20.1430753922634,18.732093894759,18.8352628321286,17.8270619690015,18.6852249176479,18.7972758737442,18.3630150760055,19.6361381080372,19.5713465816332,20.7546910383904,20.5719876260814
VAN51,12.1293680901064,11.5154286994863,17.6393407373879,14.9794325482454,13.5608834388335,15.4669748819891,13.9930213571831,13.4645408232871,13.1330950162572,16.3317740393524,15.4958532683711,14.582554524662,14.2652705004689,15.4117280834253,14.5779035106483,14.2809728977134,13.9709097225673,13.0153435053471,12.8902679896816,15.480338391957,19.5247559243039,16.3799869597687,13.8732240942093,19.348230318083,19.7286369039311,18.2000446231554,17.4334519867331,17.4945081988524,17.3939775104736,17.5524039469661,17.5844001353005,17.5575481749176,17.5689874288469,19.7768747577404,20.3929172878644,20.2240861180256,20.8805154289479,20.9774507895699,20.6246632723242,19.977045808199,20.6543557956989,20.3712333473443,21.1943289344254,21.2494305620586,20.7198053553177,20.2916164555517,19.6854757911012,21.044239338164,20.8743035871794,21.5069814265121,20.9501243414338,21.3196693956647,20.5747732285116,20.3528666436086,20.5075299935183,20.0636301390619,20.5416023043372,20.79024046343,21.1001795065631,21.334670198583,21.1375274897338,21.3595908900439,20.8238799264828,20.2226367882856,20.7291873647516,20.6740349372123,20.0200476462707,18.3734052743057,18.6550590647672,19.1513957710507,18.7933976993256,17.9660809431221,20.3944488367814,19.1171994044616,18.5273202414116,17.6827751379753,20.4945368621545,18.7645736767756,18.3714816749449,20.074423208,19.3957519665416,19.6405183350574,18.1238518992934,18.3098736845533,16.761259050599,15.8261430385218,15.8170177504393,15.5784231492679,16.8079662596468,18.0449449897008,21.3440060999277,17.4582415291519,16.4281969726809,19.1726693513893,16.0360236928566,15.8889944948578,15.4208108472052,15.8967037098472,15.0771465480602,15.2858950831752,15.6796213170847,15.2034837343928,15.7285888152673,16.8518714030533,17.0494087837665,17.0762561361961,17.7884325632234,17.2195759086956,17.4409195905848,17.3306115925965,17.0489223491293,16.8066184240519,16.4601718049494,16.4297397818598,15.8894634369385,17.8142501406026,18.3400941446042,18.8408134471758,16.9871836022696,17.794429164074,18.2536874588656,17.6731613829667,17.4704702218072,17.2949051178999,17.3458913227574,17.1851024467798,16.8247476269083,16.4828622230006,16.3479857575186,20.2149725107266,17.6180558903456,17.0366605525282,16.8127282680594,16.5915060951772,16.3285417351866,17.7640721287292,17.4675036543597,17.2393143223672,20.2342743979675,17.605616678689,17.7896103420611,17.0592820819528,17.6719599751004,17.6122903448113,18.6692012804122,17.6201428379319,18.4500183872563,18.8312818549528,18.9693868908948
VAN52,12.753893909104,12.3891009752425,13.932942153791,13.0473930829902,13.576326739219,14.7864045059873,13.4395535900064,13.3006398146969,11.4727308753297,17.6681879623095,17.7243516089979,15.0827513486874,11.4136059468176,12.753893909104,12.753893909104,12.667510907438,12.667510907438,12.1352596045041,13.0164469325343,12.667510907438,20.2114476046946,16.0314037500159,12.7266293903752,19.8873181762314,20.4476443038581,15.8181089908752,17.3165183773031,17.3372783079138,16.8001354609099,16.923690303613,17.1286788069298,17.3556201548304,17.3587629544843,21.3411913915252,19.9001287584186,19.5374859467417,20.4374167169584,20.6802839828608,20.3262462944855,20.1969971678443,20.0449809104534,20.0925664474448,20.9172458304372,20.7969201283043,20.4536356115845,20.1025649116882,19.3112224007166,20.9358323690902,21.1127076336766,21.9414405007919,21.4155572361647,21.7609229793992,21.2974827456912,20.8784278309712,20.8429424613183,21.1103560153573,20.2278617156495,20.3834328421061,20.6565153403265,20.7738023947378,21.0679332955194,20.7614468956697,20.8847933685139,19.6018090776952,20.1156276129534,20.5270816421455,20.619005420182,19.0507470799545,19.2799840483022,20.0096015007255,19.8282992988702,19.0094007225303,20.6584403870281,20.12273078648,19.4573064119701,18.69855284068,20.5789528880824,19.911440813935,19.269471549545,19.6285598407825,18.0320692754582,17.5739564721874,17.576479815554,20.4053337064983,18.4118947884049,17.5534631130857,16.9285290724827,17.3622154609726,18.7642223600786,17.8792793683041,19.3682456401326,17.7309850272262,16.0337021678326,17.463094007511,16.1451530838957,15.9093325112552,15.4194490943809,16.1073945554158,15.0825398174536,15.2497196235454,15.436694292276,15.0381513396924,15.2274379988585,16.2112864504553,16.1215156726569,16.9318339394166,20.5150741731812,17.637682243145,17.6759869661444,17.5398307142774,17.060817387588,16.8826896847851,16.7317562187257,16.1584222291861,16.0064946673718,16.8935060023515,17.4713781411723,18.6362689530466,17.1366415818525,17.9747085498861,18.3498131949295,17.6730280780898,17.4611086293523,17.3365300090787,17.4253061081473,17.3869176951954,17.3179703360332,17.1658430910852,17.1153134830014,18.4070557011796,18.234300861897,18.1570452775379,17.5706427730882,17.2888305800379,16.8891235702999,18.4926528484889,18.1714535004615,18.0639098012151,19.003740148748,18.7822862370148,18.9425530722352,16.3901067548234,18.2257205773539,18.3884681243721,17.2396547628629,18.3119574244062,18.8807408634865,19.7110924085554,19.7711386607633
VANB53,10.0364772998532,10.617506882226,13.7019641917925,12.1124905894621,12.4874448807363,14.7541606873739,12.5370779489131,14.0477300062529,12.449903926169,18.0902546304748,17.3567845018557,14.8848890391263,11.7562387379468,11.8465340332337,12.1304327378584,12.6019751789985,12.5609134359086,12.6305149249707,12.6717116880122,12.6654260070422,19.0262568038744,13.9203550962525,13.7557973825344,18.9126422778783,18.170978087409,16.8826405880425,17.3097975952283,17.445090206346,17.2096310725328,17.4363205746634,17.6498113342896,17.7465301209778,17.893024384472,20.7152285954482,19.0850191350882,19.0314761903271,19.4544018663282,19.5406752269905,21.2008842849988,20.9588393992824,19.660534671712,19.3810858425584,19.7680703365223,19.7511672985141,19.7826313752324,19.9033406958321,19.6349149368415,19.9857224235444,20.274558647073,20.5796324777532,20.9953235988505,20.2528716943105,20.4300545924271,20.3720458453656,19.6119386059695,20.3061867766716,20.0535958724527,20.8409044789841,21.0933630446516,19.822918517397,20.3689876202964,19.5379006110386,19.8618436080987,19.9115324954629,20.5877266728711,21.0311958852158,20.7352146883551,19.0892356864113,18.9237156738938,19.530423952381,19.1851895461014,18.5784241885743,20.7944103551848,20.1798501942068,20.0712713929983,20.242157594953,19.0908746116037,18.7411951952478,18.3206670653369,19.750426738443,18.4027346561266,17.8885660355741,18.0455573747279,18.4409493526715,18.0823266368371,17.8588958967273,17.6335821604551,17.450494982201,17.9856017885495,18.7059931411445,19.7585373823499,17.481769549868,16.1776594569903,16.0975934411717,17.1888827573523,16.7174857382672,15.9084970195104,17.2362718969788,14.6602342705344,14.6671712811669,15.0438649459194,14.8020092991744,15.2578977601666,16.04123497217,16.0763922409209,16.6564699105902,18.221891667416,17.3412431456437,17.6364978444703,17.3857196220441,17.5898874996307,17.0708027198619,17.0846883378428,16.6198060589497,16.2793994969741,17.2582574104907,17.7515984496924,19.7721257252331,17.7140778546842,18.5258492632775,18.940564756662,18.167488824631,17.7525427973811,17.5639382289253,17.5844227365571,17.6193328031253,17.8953108089004,17.9970077407617,17.9820703721705,18.4216000361772,18.2494640449939,17.9251690767393,17.7789769466771,17.5501833103114,17.2891642561291,19.2737186091826,18.2246278438256,17.7452323078294,19.8199444619948,18.4844738829862,18.6251366295084,17.7487060386513,18.4527023010454,18.5438387606928,19.4714959798759,19.5334498929323,19.7343340606459,20.689648026822,20.5243702461958
VAN53,12.3660007478958,11.873055367385,15.8917652976802,12.5243983253498,12.5664977695591,14.9013439769633,10.9304507780863,13.5200104637811,12.0616850967955,17.3819365789048,16.8354965220449,14.630858636736,12.1465782706415,11.9055254394224,12.7963647751692,12.7749261943964,11.5064754735279,12.3660007478958,12.8538984826176,11.5951372212416,20.8324538698175,16.4316829856449,16.6959857614071,17.9371007062664,21.1415520782682,16.6810229720662,17.2736054149387,17.395231349748,16.8348297939556,16.8902401459697,16.9864347058192,16.9876037273653,17.1891295904886,20.0225805464638,19.5454538965179,19.5390864094498,19.4953014604276,19.2259651315381,19.7669174931357,19.3330709326244,19.9187911017969,19.7079497457519,21.0888371363891,22.3055419358786,20.9458135309649,19.4310540649608,18.7647275599575,19.7275376232168,19.7503343349309,21.0756460487638,21.2479255258107,20.738662580063,21.0769166486026,20.4236117590635,20.4947537588621,19.8174478260743,19.5675998131597,19.7508605905566,19.7321344534875,19.8852960698769,19.94844529122,19.6686166479513,19.3905463881498,19.0712410530349,19.3271325318273,19.5753437033395,20.2399962055415,20.5699480870971,21.2065248213255,22.2038760255181,21.9713591234271,21.0025478199907,21.7960897245883,22.1970643482492,21.1438675310087,20.8751025157713,19.9115603972314,21.8453715938975,21.1244598990479,19.9731535940853,19.0416955628748,18.6041598410922,17.7433992706133,17.9550797232416,17.3104518889556,17.1520776266724,16.8048518782161,16.5357914812637,17.4803842652154,18.0732521731998,20.1570778289245,17.7702034535292,16.28650203029,17.860061461147,16.3828950987295,16.6116242114265,16.2194972443282,16.9015242072264,15.3873238309712,15.410799294153,15.6314289101329,15.3271710857896,15.5558083536715,16.5267449242586,16.5513641233151,16.7116852507931,18.2430884669629,17.372741861562,17.5686528476092,17.3442434653175,17.4299465960508,17.1328174607371,17.0666731018676,16.8085055797526,16.2867160794263,17.1353491098106,17.7247418990021,19.0981862732095,17.6804972356393,18.3030630649508,18.8253442151674,18.3112972284163,18.0065103517096,17.8044425350446,17.770792667737,17.7193594195514,17.5041184645871,17.2558887482378,17.1857502702546,18.9751653749534,17.9992255992752,17.6753238554931,17.54580946787,17.4400016563647,17.2362047689682,18.6982893462995,18.1553935910216,17.7467132159191,19.8780273641377,18.4412755788988,18.592209259587,16.7852073506042,17.784993295483,17.7887386276524,17.835355368641,18.5825237333531,19.0876104018966,19.7842427624973,19.8656698661087
VAN54,10.0958144409555,9.27687020963076,14.6596250871451,12.491726218603,12.813326810134,14.9717348459836,13.8073236547972,13.103526599123,12.4107241611893,17.7173981496433,17.3314050360505,15.4445481321994,11.1452615999153,11.4258461635417,12.1831667811207,12.499076065379,12.2778209391232,12.4277063293483,10.894290117728,12.2320438045988,19.1272247011765,14.4424416183418,15.7404242703044,18.9169067880942,19.3395711269407,16.6239583282932,17.7380637722578,17.7496956436738,17.5012062482583,17.6993606918668,17.8807240115795,18.0882235894076,18.1732764352845,21.6929231694224,19.8891929936727,19.9028527815036,20.4301089518241,20.7199333909091,19.8088236038124,19.6343692222187,19.8340412132164,19.6428566426606,20.8248095270823,20.8719488653705,20.3472907860595,19.888170029757,19.2988601551232,20.4281652668589,20.4032438239078,21.1393410932142,20.583615672235,21.1163193370185,20.1956889538927,19.9263695289013,20.0131925145477,19.6558621527844,20.2762683829475,20.3306288702065,20.5550047919308,20.7879459263954,20.6403439974019,20.9508178768428,20.3882749400073,19.7453533738525,20.2970383028064,20.2605654946002,20.3482166604517,18.1497788618606,18.2417231074488,18.7610559244931,18.5208192116806,17.629511766153,19.8198683563379,18.8578362104324,18.160975534181,17.5229021038567,19.9879787634005,19.3066636207287,18.8175604401228,19.6031056346435,18.4832820189468,18.3002274160935,18.2026799130861,19.1697115181403,17.9624816868753,17.4901879568242,16.8851814341688,16.6985247327904,17.501253713452,18.5602661353788,19.8917444570297,17.7664932306451,16.2784581933308,18.8234021330607,16.8641474357966,16.1781000442325,15.398693079375,16.6262199222663,15.3363179449091,15.5592702260051,15.7555446665431,15.5037661123289,15.7863801524473,16.3928029806559,16.6858968576656,17.2739300390121,19.9821121103149,17.9591119743147,18.3663613656877,17.888916395822,17.830654445521,17.6041596356754,17.3567078421368,16.5623288522141,16.3711736781921,17.7869469007581,18.2436562208376,19.3808778913571,17.9286974275424,18.6405030800143,19.0473879107237,18.3603317849797,18.0973847935478,17.9586847790554,17.922876639738,17.9398707740018,17.9755552406333,17.8047000109441,17.7001659004562,19.1481268181439,18.4404155575826,18.0002417892567,17.7636017784611,17.5694939289976,17.3067828332347,19.0821762108293,18.424452532066,18.2579675845194,19.8488533573842,19.1261575795928,19.23604843012,17.7767112297431,18.8747284195334,18.9825639591733,17.9432738037813,19.2392438221072,19.3712631003677,20.4313008843788,20.3969608119709
VAN55,8.77722011103299,10.9192530625628,16.9841405963454,12.6289943036517,12.7361602848021,15.3811300702651,11.8035075276222,12.9306187932601,12.7248720282266,16.9329440152273,16.2419063366687,14.8075339561432,12.4530254535384,12.2280884208659,12.3818349040884,12.4962287770552,12.2336384963508,13.4892613426348,11.4497908439218,14.329307363745,21.0148342824413,18.5483626025661,16.7495617415218,21.0132991868684,21.1411072749784,16.8406924038556,17.2930654360142,17.184216787694,17.0136032478567,17.2726146748114,17.2637508258534,17.2527135736816,17.3818767897084,20.7624571362162,21.3517616900545,20.9676102025549,21.9784280637475,22.0684466401309,21.4008448322423,21.0595803852203,21.1092709185155,21.0737978921248,21.9344918162886,21.5713045042627,21.5521436955056,21.1671743081588,20.4754560194209,22.2770544951133,22.2698151609914,22.9147800482571,22.2507950403058,22.7827570356984,21.9787519186452,21.7936261056613,21.8796549644532,22.1413481073438,21.5266047257997,21.9096920186899,22.0720316113209,22.5186939455564,22.3813233178749,22.3710383399547,22.2580348718559,21.0812422494902,21.5538742982142,21.8745490229072,20.2377147162551,18.7771720056897,19.0665863174976,19.6256677049234,19.3838774280428,18.4193869528351,21.3575353165276,19.8386713892523,19.0630411025783,18.1841205853123,21.5718439017533,19.2723336050087,18.7318463464717,19.7584951125375,18.2747690989988,17.9737749379911,17.2607099675567,18.2097380083818,17.1962333418745,16.7850449955493,16.5914973077376,16.5917400858102,16.8939776949736,18.6742391633823,20.4878225544501,17.4347108620601,15.6106426525693,18.8565464345193,16.1067892690207,15.7626732186834,15.4764387841796,15.9860374596349,14.8414425129133,14.9609830169474,15.2305447996026,14.8651824872957,15.2822510011733,16.2196771446243,16.3526694309175,16.5553583369435,18.6017323537807,17.2510836505717,18.3566784668998,17.4081812155705,16.9590158222454,16.716563690562,16.5834787712657,16.0896996249287,15.7297952570376,17.0439687265675,17.7234639415518,18.5925388811804,17.083713532169,17.9723821586379,18.3763969183557,17.8209640568256,17.5768130469924,17.4262119068607,17.4828881906395,17.4351382903481,17.0757214061188,16.7515802167309,16.6547685849393,19.2001869741679,17.6282167711733,17.353200952716,16.8769570816415,16.668017672078,16.438146327023,17.9706594106441,17.7784898609064,17.5939676777937,19.1845021597768,18.3649693980592,18.5331743453306,16.9516203271379,18.2255287013501,18.2022718541282,18.5010131255536,17.4958059994086,18.4944117823543,19.2509538981402,19.3247014090237
VAN57,13.461070603295,11.9517416679954,17.3061143679206,15.1923848131591,14.6402464075505,16.0592393139508,13.8525961773444,14.0820010868134,12.8062470043829,16.6829694612639,16.1269718636348,13.8459055234058,12.6362056431921,12.980157570068,12.6567923577787,12.4828735374385,12.6001643871736,11.1594028276209,12.5089419857582,10.9026257904962,19.8713893105346,17.1473252250095,15.1002095148384,19.6649764206907,20.0718528671963,16.0301442352416,16.8748818387439,17.2769483668528,16.7551023193779,16.7862511975743,16.8530320977997,16.9500424431737,17.1095230701147,20.0022083152817,20.3615668564611,20.2202166099859,20.9444228838737,21.1140986744665,20.66145489264,20.2293473289442,20.3407546048713,20.2220939676989,21.2803090298215,21.1270990598118,20.8007531102956,20.3492305274971,19.8114938256227,21.130086792785,21.1783952204616,21.8052186882063,21.2979183966036,21.5966987642262,20.9147841572491,20.6542261038301,20.7941183898024,20.8426277259686,20.7134339030431,20.9160905415406,21.2390456044316,21.5522390029143,21.4708514474574,21.585506758419,21.2136229948225,20.5245500517246,20.8864082550343,21.0048801701305,20.4719816880191,18.586104500892,18.5012395846697,19.3034687449958,19.2002329714123,18.2879247200893,20.5864837678677,19.6045477704878,18.7205031643278,18.0791883836898,20.582241411934,19.1248307668721,18.6782081261926,20.1407127645462,18.9871263836881,18.8474156628323,17.9188925811918,18.3026183334857,17.11869767301,16.8968530967933,16.6676690945734,16.2238477156232,16.604872163038,18.3587040343204,20.2402271251082,17.2833196089528,16.5513907534855,20.255802812832,15.0726830570473,15.8062694981536,15.640401068313,16.0869479664003,15.3770266222119,15.3986604776598,15.752559939369,15.3773395237049,15.8475481863073,16.8553001022913,16.8747175147144,16.757700113834,18.0456859231433,17.0609126112165,17.577300498364,16.9686249172116,16.9314699552088,16.6577338253656,16.2971338719372,16.6609893427638,15.8456213365276,17.4219912121933,17.9748636290727,18.4901663020932,16.858199913217,17.659253670331,18.0769833555892,17.854673371255,17.505406080708,17.3118867157997,17.2679773680878,17.1245421634945,16.5621100999746,16.3699575189516,16.4114673343498,21.5011374620305,19.0897551761736,17.9015151295684,17.2158163104322,16.7964148273353,16.44519772911,18.047788294443,17.1817368817955,17.0748439631011,19.9206117898386,17.744034087266,17.8829896122321,16.8646465855888,17.6314543616095,17.4864029907483,18.1731241861742,16.5274414281159,18.6683014186532,19.2709519591184,19.1675407141648
VAN58,11.0750552767262,9.73902304084464,15.3562716906025,11.747850944752,12.3189684600788,15.475661252218,13.1649860074162,12.2986284592777,12.2122352410854,16.803340107505,15.4472371904296,14.8620392874227,11.3374037621373,11.8097172699785,12.9637383462733,13.5325651296616,13.3947693245328,12.8633636457459,13.0662301608495,13.0751356645802,19.7963106170019,15.6765940294533,16.623235816434,19.7173794637964,20.0032684659444,17.6095944038939,17.4258199873967,17.4089500541791,17.021455857119,17.0972003667476,17.2421688074206,17.308166967683,17.4012129318772,20.1203944830155,20.2652682669855,20.3161785882762,21.2020374144508,21.5455073560049,20.4882023686337,20.192582286608,20.4967572660275,20.2430120369805,21.7498513111161,21.6993121934025,21.2723457860366,20.838516113748,20.2537987227915,21.1489149022283,21.0561728578044,21.8322836582773,21.2216513930513,21.7523247252461,20.9873814705206,20.5507377131107,20.8181438328053,20.4503105853463,21.0880697602663,21.2093604838385,21.5093326123124,21.8315531513256,21.6012648005777,21.9739914887313,21.4346154286842,20.9031924460011,21.3290530374335,21.2474276943018,20.3665856317894,18.4575917313057,18.3009094424858,18.4952862823476,18.1572998670986,17.4172106223381,20.4737828706924,18.9721729288117,18.2448297138879,17.3027089739545,20.6661701534076,18.5408426787938,18.1691508831211,20.0708897586621,19.1350658646534,18.4830334909457,17.6922952146939,18.0147406078394,17.2441234118216,16.7603041212745,16.6053850102896,16.2848099626814,17.0879262041295,17.9159439338393,20.4554924857293,17.7061044783623,16.0364474972526,17.4750053368913,16.3406426633409,15.9523092820534,16.0837931802255,16.3694255987264,15.3502250366842,15.4389836803138,15.8338801764081,15.2957359428268,15.7486117912744,16.630232015704,16.8049053935743,17.034905886251,18.9770680067301,17.7865535144717,18.0968465671441,17.4460252097997,17.3848329261551,16.9538006627567,16.6117243578902,16.353783841476,15.8478043649979,17.4268557922729,18.1515100707197,18.9957980555644,17.2943156761949,17.985920277617,18.5981710745199,17.8585693874476,17.6251777406149,17.4311423017736,17.5155781951961,17.3963529641172,17.205976377715,16.8336500096474,16.676026537161,17.995005481108,17.3214519045312,16.9860958742361,16.8077479792433,16.6290317396949,16.4232205224869,18.1820868749174,17.8765306144574,17.61722990782,20.0954484771009,17.989762580699,18.1821881432457,17.1527618715517,18.0011214267672,17.8277816871975,17.6182854587349,18.1761340812696,18.7379046761881,19.4373711221984,19.5769953408801
VANB59,10.553437820511,10.6150892768126,15.4147974963076,11.9071710340789,12.4272878571338,15.5948379522788,12.4654799303408,12.8833437304231,12.8938082242965,17.3806684782139,16.4297682789801,15.0860917629133,12.585510342296,12.2212917847472,13.443293090257,13.7714305948947,13.465418870767,14.5150896707893,13.3336038570172,15.5795916463722,18.3552484745328,14.3227898788656,14.5034938609769,18.4627683540156,18.6415466881334,18.130963120809,17.6028177491454,17.5261291488035,17.2558993727015,17.4991447818094,17.546588476804,17.3215877893404,17.4638182928356,19.662224872843,19.5763024602061,19.6356268791211,20.0021674516891,20.249938080808,19.8935613526287,19.2471659372619,20.17098224153,19.8147768630305,20.4058050895455,20.4124818185098,19.8429979004261,19.5496201541845,18.9359558984599,20.3638439639758,20.3613731836468,20.8379320040482,20.5207703667189,20.7337960810297,20.1858064115259,19.7010852030418,19.5664712040459,19.1734065660898,19.852915187559,20.1003759630311,20.3018140031262,20.3825810128534,20.2524309872877,20.5418330643469,19.9025262776148,19.4759527881884,19.9865813502968,19.8862022260887,20.4709324830954,17.5082992364337,17.0908573250702,17.368532808578,16.9737037508798,16.6050885909385,19.3205961278078,17.2650727018182,16.8845545313543,16.0331275752516,19.6988764539807,18.5221015250613,18.2151652296782,20.1457072962587,18.8774264200674,18.320697471345,17.6318767139627,18.2390559973176,17.0627808087001,16.4515686149364,16.3821879601544,16.1959900387666,17.1861230946161,18.4934347241565,21.197223609159,17.865302659842,16.2671909854661,18.2119400963404,17.1354340535972,16.5413048276948,16.2482109194192,17.082337206863,15.8575545771604,15.644268627919,16.2835405553946,15.5472869562898,15.9468010449176,16.6304817806786,16.893662638242,17.3877921525462,20.7777876880849,17.8326217227513,18.1575522917381,17.9402706308883,17.4259881240979,16.9851604043589,17.1658206779365,16.5052121811708,16.3423158545144,18.6278613635392,18.6866474026096,19.8364970974147,17.6077198793114,18.4898978240845,18.8833272332767,18.1820251223071,17.9072925854357,17.8279800123294,17.9021886279952,17.9034683812967,17.6190278891624,17.3102319281679,17.2681264018685,19.5981243593981,18.3828956183333,17.8904591367634,17.6151083484993,17.4200639692201,17.0525141768197,18.9384601297888,18.0239560414434,17.9639228669951,20.5838500474725,17.9046750191314,18.0260225581484,17.259089555892,17.6262191011507,17.8012456558466,18.67968153602,18.8843619466862,19.2714132932716,19.9650433062278,19.8850429487182
VAN59,10.8471418086979,7.42503604655778,16.1368292544944,11.9255369332551,12.3828910115542,15.7534071662202,12.7993429007984,12.7815484351661,13.1209138701767,17.4138199317224,16.3354167091048,14.8783828050912,12.1099847851092,12.0117870862391,13.5497720324336,13.8826747373904,13.6793442744288,14.2680907262461,13.7181643420838,15.4842653706502,16.602429037045,13.4292308951241,13.3602948362785,16.806911645543,17.1322325727316,17.8295812546561,17.5111270226608,17.4014707409622,17.0869401417408,17.4012108040372,17.333948619116,17.1999748470818,17.4066142115357,19.5571162326835,18.8608958129308,18.9584144477302,18.6723320042514,19.2089537241943,19.5722839677738,18.7402475393168,19.8270147481657,19.4311279157803,19.1421517105384,19.2915750841907,19.280259516225,19.709846099192,19.6452757334708,20.00540395971,20.4645264829418,20.6409728635634,20.2753292961508,20.2942553729819,19.4752534840604,23.3476724954412,22.4628320418587,20.3312710091529,19.8151356340891,19.4882653258318,21.0131181558373,23.458816318479,23.6672950516373,21.995310202271,19.9532033465215,19.1782633318791,19.1182536935053,19.4134518780282,21.4709631532339,17.5259214113532,16.7775379041825,16.7842142022918,16.3381880912245,16.688766452217,18.6141412580854,16.7568259663517,16.364520717767,15.4983019835807,18.9842782072208,18.2907302332125,18.0766768040045,20.1603035346989,19.1295706970061,18.3534316368951,17.5800248786081,18.1519333614063,17.1032828020381,16.7884744010233,16.3152766299722,15.8668506079175,16.9962093676901,17.6846617881029,20.9483138930622,17.6432143604454,16.4620256190642,19.8301035018317,17.4002952427798,16.4878901984101,16.2459024638687,17.1092970410667,15.6912915163099,15.5340118892324,16.0519705610398,15.3077019148733,15.7652486406546,16.4989156830631,16.9172891587095,17.1186157786056,20.0623220993604,17.9300217441829,18.4011663715172,17.7515247656618,17.5414713331417,17.0697159329544,16.9872914698247,16.5153063020342,16.2850866900166,18.2488009605142,18.6405751894274,19.62982626953,17.4869539359071,18.3198796094252,18.8390223443187,18.0481377298672,17.8527521707557,17.772758534269,17.8369230010745,17.9375855234407,17.5341796960595,17.1677931177,17.1208175700414,18.7227087938832,18.3747014934527,17.9253363272941,17.7449973147161,17.4969592026681,17.0426581148951,18.7378277127698,17.9202490900843,17.8292208636297,20.6600171950618,17.8076146708662,17.9454669406845,17.0072855135413,17.4622623636585,17.5506425460968,18.0542907790664,18.7853066837249,19.2990307915258,19.8613091259738,19.8011271646722
VAN60,12.1409954188997,11.8386903873216,17.044723984622,12.9451167289957,12.9494589919105,15.4896852831979,13.7103836227982,14.1591702570964,13.9189286195266,17.5937887267098,17.068890013984,14.7880951674893,13.0100717659674,12.9151854646276,13.2763792628932,13.9188352013571,13.4331161883903,12.8867878337597,13.2991838094461,13.6992361301717,18.6424586772533,16.1298792274554,16.1267012966552,18.3756979967236,18.8241235087908,16.4705177724499,17.3626990080747,17.5980636145199,16.9821411175785,17.0256074625411,17.1976148165337,17.1916136059162,17.2346721643711,20.7736323930595,19.6492598959219,19.619456577271,20.0261319195814,20.2628325820856,20.3733224794519,19.8295311000145,20.2272032850669,20.065148146565,20.4071090079161,20.2967075727792,19.8113835594508,19.4955463733947,18.9983507869665,20.2916669914342,20.4337439434213,20.7749561104453,20.5233764253403,20.7332077373681,20.5252418984298,19.815922720067,19.8207520348103,19.9771985797424,20.1268862888114,20.356824075467,20.3095254347377,20.5341446683364,20.3808511446729,20.514381055532,20.1137500247625,19.7387596956613,20.0502044248383,20.081852949736,20.1232737044269,17.7501953564063,17.5128492512779,17.9364854742603,17.7073358270277,17.2481593315578,19.9352521408702,18.3674805983411,17.9141668715204,16.699814815513,19.6325570928513,17.9881279155751,17.684552458375,20.7984812634275,19.2765919274286,18.6213747401973,17.864763158325,18.0319668830574,17.3005734031489,16.88239619586,16.1386454734618,15.7759026678483,16.7806017733808,19.5854686831513,20.8135356494279,17.4335677479672,15.9139817569295,17.7979038466808,16.8424142009793,17.0941035346857,16.0324357676167,16.8379592373868,15.2560160845423,15.3507899140251,15.7766592637267,15.312713485056,15.9111345303597,16.8363843529568,16.7807702258657,17.1026786551033,20.1752095249807,18.1779218261394,18.8933148023072,18.0795194840487,17.50466863998,16.9352624097856,16.9922962766432,16.7501142048898,16.1235927204703,18.5533374952645,18.2811052822391,19.6675611937917,17.4620604685765,18.2546440209554,18.7943247413567,18.1158109043545,17.7347494640552,17.564236215517,17.5320472196232,17.5157235292659,17.4570868617618,17.5468515627631,17.5235475249145,19.6043976968234,18.2563468523379,17.6714208328405,17.4271780982047,17.1644878117956,16.8368286844091,18.6194701662284,17.8807999471846,17.5508002815825,19.7935971188548,18.1449930372668,18.2578002224425,17.8020387735805,18.4657479053126,18.5217932635314,17.9677617401278,18.7439032961457,19.2058102231423,19.9465037586372,19.9024767796892
