"feature"	"metadata"	"value"	"name"	"coef"	"null_hypothesis"	"stderr"	"pval_individual"	"qval_individual"	"pval_joint"	"qval_joint"	"error"	"model"	"N"	"N_not_zero"
"Lactobacillus"	"NGAT"	"NGAT"	"NGAT"	-1.74289277126704	0.589613783563953	0.62192104247893	0.000598565690666916	0.308859896384129	0.000598565690666916	0.189146758250746	NA	"abundance"	68	68
"Howardella"	"Reads"	"Reads"	"Reads"	0.0398801481092196	-0.868634719186846	0.24060167142693	0.00433445311428783	0.475501992435494	0.0086501187447757	0.68335938083728	NA	"abundance"	68	23
"Atopobium"	"Reads"	"Reads"	"Reads"	1.39752081302388	0	0.503706448601159	0.00552909293529644	0.475501992435494	0.0110276150019057	0.696945268120442	"<4 average observations per random effect group often inflates coefficients and deflates p-values: consider setting small_random_effects=TRUE and see tutorial"	"prevalence"	68	46
"Howardella"	"Reads"	"Reads"	"Reads"	1.25394024402917	0	0.445417073347321	0.00487461714046099	0.475501992435494	0.0086501187447757	0.68335938083728	"<4 average observations per random effect group often inflates coefficients and deflates p-values: consider setting small_random_effects=TRUE and see tutorial"	"prevalence"	68	23
"Solobacterium"	"Reads"	"Reads"	"Reads"	1.35689863664174	0	0.475776870962755	0.0043449984178493	0.475501992435494	0.0043449984178493	0.511027142478274	"<4 average observations per random effect group often inflates coefficients and deflates p-values: consider setting small_random_effects=TRUE and see tutorial"	"prevalence"	68	6
"Veillonella"	"NGAT"	"NGAT"	"NGAT"	1.57236584881269	0	0.518575846307184	0.00242871107100349	0.475501992435494	0.00485152350454057	0.511027142478274	"<4 average observations per random effect group often inflates coefficients and deflates p-values: consider setting small_random_effects=TRUE and see tutorial"	"prevalence"	68	11
"Atopobium"	"Reads"	"Reads"	"Reads"	0.447131154455345	-0.868634719186846	0.424677980511263	0.00685521371181	0.505327182184852	0.0110276150019057	0.696945268120442	NA	"abundance"	68	46
"Bifidobacterium"	"Reads"	"Reads"	"Reads"	0.173158313710831	-0.868634719186846	0.322221723262925	0.00842847344058637	0.543636536917821	0.0167859077166341	0.757763834065195	NA	"abundance"	68	44
"Actinomycetaceae_unclassified"	"Reads"	"Reads"	"Reads"	0.522939955797287	-0.868634719186846	0.521986417843207	0.0174478270804436	0.815207950210643	0.0345912274910581	0.883853044489963	NA	"abundance"	68	26
"Anaeroglobus"	"Group"	"Follow up"	"GroupFollow up"	6.16333338428264	0.223859096268211	1.96643557237308	0.0222060911311371	0.815207950210643	0.0439190717789499	0.883853044489963	NA	"abundance"	68	14
"Ezakiella"	"Reads"	"Reads"	"Reads"	-2.7133899788945	-0.868634719186846	0.67146894708905	0.0208194038852356	0.815207950210643	0.0412053601923346	0.883853044489963	NA	"abundance"	68	16
"Microbacteriaceae_unclassified"	"Reads"	"Reads"	"Reads"	-1.93174483081082	-0.868634719186846	0.375834516768636	0.0198088779384899	0.815207950210643	0.0392253642317979	0.883853044489963	NA	"abundance"	68	19
"Alcaligenes"	"Reads"	"Reads"	"Reads"	-10.5127338714318	0	4.69920308663171	0.0252777658980044	0.815207950210643	0.0252777658980044	0.883853044489963	"<4 average observations per random effect group often inflates coefficients and deflates p-values: consider setting small_random_effects=TRUE and see tutorial"	"prevalence"	68	5
"Eggerthellaceae_unclassified"	"NGAT"	"NGAT"	"NGAT"	1.52900451849917	0	0.635043763668972	0.0160526985337927	0.815207950210643	0.0160526985337927	0.757763834065195	"<4 average observations per random effect group often inflates coefficients and deflates p-values: consider setting small_random_effects=TRUE and see tutorial"	"prevalence"	68	6
"Fusobacterium"	"Reads"	"Reads"	"Reads"	0.666114648005123	0	0.297032033917922	0.0249246609911544	0.815207950210643	0.0492280832567847	0.883853044489963	"<4 average observations per random effect group often inflates coefficients and deflates p-values: consider setting small_random_effects=TRUE and see tutorial"	"prevalence"	68	13
"Prevotella"	"NGAT"	"NGAT"	"NGAT"	1.14654032519513	0	0.509735435546276	0.0244943625450027	0.815207950210643	0.0483887512935193	0.883853044489963	"<4 average observations per random effect group often inflates coefficients and deflates p-values: consider setting small_random_effects=TRUE and see tutorial"	"prevalence"	68	38
"Achromobacter"	"Age"	"Age"	"Age"	0.28978691533342	-0.17233851256154	0.241438371747971	0.213426628428153	0.848251573748272	0.381302331134098	0.925840013510537	NA	"abundance"	68	8
"Achromobacter"	"Reads"	"Reads"	"Reads"	-2.47374765650293	-0.868634719186846	0.492406554758263	0.051971288163622	0.848251573748272	0.101241561533858	0.883853044489963	NA	"abundance"	68	8
"Actinomyces"	"Reads"	"Reads"	"Reads"	-0.119775290827526	-0.868634719186846	0.545734517369007	0.207924625634507	0.848251573748272	0.372616601323764	0.925840013510537	NA	"abundance"	68	23
"Alkalibacterium"	"Reads"	"Reads"	"Reads"	-1.34608284821564	-0.868634719186846	0.381251005449098	0.242760625312956	0.848251573748272	0.186401141460211	0.883853044489963	NA	"abundance"	68	35
"Alloscardovia"	"Group"	"Follow up"	"GroupFollow up"	1.60848323640278	0.223859096268211	1.21926153521044	0.285787923753066	0.848251573748272	0.401178098538531	0.925840013510537	NA	"abundance"	68	15
"Alloscardovia"	"Reads"	"Reads"	"Reads"	-0.0879651815739297	-0.868634719186846	0.632475358543975	0.249248295136123	0.848251573748272	0.436371877643982	0.930716564081615	NA	"abundance"	68	15
"Anaerococcus"	"Age"	"Age"	"Age"	0.592227787831653	-0.17233851256154	0.608237939495123	0.231318737418985	0.848251573748272	0.409129116556856	0.925840013510537	NA	"abundance"	68	35
"Anaeroglobus"	"Age"	"Age"	"Age"	-3.49647222932396	-0.17233851256154	1.31877785457049	0.0357575876408775	0.848251573748272	0.0702365702078599	0.883853044489963	NA	"abundance"	68	14
"Anaeroglobus"	"NGAT"	"NGAT"	"NGAT"	4.75065699337069	0.589613783563953	1.68207754396445	0.0391328290323739	0.848251573748272	0.0767342797566709	0.883853044489963	NA	"abundance"	68	14
"Anaeroglobus"	"Reads"	"Reads"	"Reads"	-0.0297874852466698	-0.868634719186846	0.405853787579077	0.182386856016764	0.848251573748272	0.331508746785848	0.91529579140541	NA	"abundance"	68	14
"Corynebacteriaceae_unclassified"	"Group"	"Follow up"	"GroupFollow up"	1.21105140278669	0.223859096268211	0.420981271323095	0.0608635905253398	0.848251573748272	0.118022804399043	0.883853044489963	NA	"abundance"	68	44
"Corynebacteriaceae_unclassified"	"NGAT"	"NGAT"	"NGAT"	1.09416583873526	0.589613783563953	0.309656315238193	0.156970922974225	0.848251573748272	0.289301975289069	0.91529579140541	NA	"abundance"	68	44
"Cutibacterium"	"Age"	"Age"	"Age"	-0.874436423417666	-0.17233851256154	0.531573477549588	0.236999162069149	0.848251573748272	0.41782972131682	0.925840013510537	NA	"abundance"	68	16
"Cutibacterium"	"Reads"	"Reads"	"Reads"	-1.92371260700119	-0.868634719186846	0.641451764810487	0.135010634541324	0.848251573748272	0.251793397643397	0.904167200628561	NA	"abundance"	68	16
"Escherichia-Shigella"	"Age"	"Age"	"Age"	4.23248085491395	-0.17233851256154	1.98400204113953	0.0577290745664548	0.848251573748272	0.105931055405164	0.883853044489963	NA	"abundance"	68	13
"Escherichia-Shigella"	"Group"	"Follow up"	"GroupFollow up"	-4.81719705441825	0.223859096268211	2.23196486623395	0.0550626698132058	0.848251573748272	0.107093442019454	0.883853044489963	NA	"abundance"	68	13
"Escherichia-Shigella"	"NGAT"	"NGAT"	"NGAT"	-1.53138853890066	0.589613783563953	1.65384876260704	0.235715790071216	0.848251573748272	0.415869646453535	0.925840013510537	NA	"abundance"	68	13
"Ezakiella"	"Age"	"Age"	"Age"	0.509264447350047	-0.17233851256154	0.552879502988074	0.260262117796419	0.848251573748272	0.452787865632961	0.930716564081615	NA	"abundance"	68	16
"Finegoldia"	"Reads"	"Reads"	"Reads"	-0.26331958967272	-0.868634719186846	0.332524446523841	0.0951913770740574	0.848251573748272	0.181321355878859	0.883853044489963	NA	"abundance"	68	44
"Gardnerella"	"Age"	"Age"	"Age"	0.9223824677484	-0.17233851256154	0.854179497243373	0.2134387297019	0.848251573748272	0.381321368067038	0.925840013510537	NA	"abundance"	68	47
"Gardnerella"	"Group"	"Follow up"	"GroupFollow up"	-1.21360699191662	0.223859096268211	0.861193526989001	0.123798325363986	0.848251573748272	0.097838140430679	0.883853044489963	NA	"abundance"	68	47
"Howardella"	"Group"	"Follow up"	"GroupFollow up"	1.51353615393685	0.223859096268211	0.702461203697293	0.102573707667959	0.848251573748272	0.194626049831166	0.883853044489963	NA	"abundance"	68	23
"Howardella"	"NGAT"	"NGAT"	"NGAT"	1.51381315755389	0.589613783563953	0.440263088259502	0.0657791090962015	0.848251573748272	0.127231326998913	0.883853044489963	NA	"abundance"	68	23
"HT002"	"NGAT"	"NGAT"	"NGAT"	-1.21972749238424	0.589613783563953	0.882674054761732	0.0714973034410155	0.848251573748272	0.137882742482694	0.883853044489963	NA	"abundance"	68	17
"Idiomarina"	"Group"	"Follow up"	"GroupFollow up"	1.19705363537507	0.223859096268211	0.785385285573193	0.27262579874863	0.848251573748272	0.418971904848123	0.925840013510537	NA	"abundance"	68	12
"Lactobacillus"	"Group"	"Follow up"	"GroupFollow up"	-0.980890197726392	0.223859096268211	0.756799227795205	0.137849778787947	0.848251573748272	0.137849778787947	0.883853044489963	NA	"abundance"	68	68
"Lactobacillus"	"Reads"	"Reads"	"Reads"	-0.307736203562757	-0.868634719186846	0.395357748007184	0.177552535797138	0.848251573748272	0.177552535797138	0.883853044489963	NA	"abundance"	68	68
"Limosilactobacillus"	"NGAT"	"NGAT"	"NGAT"	-1.09607137891469	0.589613783563953	1.32617437333504	0.280282901102601	0.848251573748272	0.482007297554711	0.930716564081615	NA	"abundance"	68	12
"Microbacteriaceae_unclassified"	"NGAT"	"NGAT"	"NGAT"	0.105341790030495	0.589613783563953	0.346595749787264	0.225197912388148	0.848251573748272	0.215301378959358	0.883853044489963	NA	"abundance"	68	19
"Mobiluncus"	"Group"	"Follow up"	"GroupFollow up"	-1.47238863649144	0.223859096268211	1.32378625712211	0.23738855739811	0.848251573748272	0.418423787612664	0.925840013510537	NA	"abundance"	68	18
"Paracoccus"	"Group"	"Follow up"	"GroupFollow up"	1.25252877169186	0.223859096268211	0.715379042024241	0.205417468632775	0.848251573748272	0.338891163273522	0.91529579140541	NA	"abundance"	68	25
"Peptoniphilus"	"NGAT"	"NGAT"	"NGAT"	1.34379025519053	0.589613783563953	0.610638824197393	0.239871211546533	0.848251573748272	0.120102752249977	0.883853044489963	NA	"abundance"	68	34
"Peptoniphilus"	"Reads"	"Reads"	"Reads"	-0.110468939998671	-0.868634719186846	0.397175133984658	0.0799841764252147	0.848251573748272	0.15357088437201	0.883853044489963	NA	"abundance"	68	34
"Peptostreptococcus"	"Reads"	"Reads"	"Reads"	0.37541828419308	-0.868634719186846	0.717956552106814	0.114661908204395	0.848251573748272	0.216176463215716	0.883853044489963	NA	"abundance"	68	16
"Prevotella"	"Reads"	"Reads"	"Reads"	-0.281409461575314	-0.868634719186846	0.508166078442152	0.266318635398229	0.848251573748272	0.447889977448243	0.930716564081615	NA	"abundance"	68	38
"Prevotellaceae_unclassified"	"Group"	"Follow up"	"GroupFollow up"	-1.8303181585634	0.223859096268211	1.39552504159944	0.164462087638312	0.848251573748272	0.301876397006271	0.91529579140541	NA	"abundance"	68	22
"Stenotrophomonas"	"Reads"	"Reads"	"Reads"	-1.29676221636159	-0.868634719186846	0.352817259292238	0.283630969435482	0.848251573748272	0.337858868360015	0.91529579140541	NA	"abundance"	68	25
"Streptococcus"	"Group"	"Follow up"	"GroupFollow up"	1.33120151792552	0.223859096268211	0.925674263967841	0.253699247725831	0.848251573748272	0.334717275196886	0.91529579140541	NA	"abundance"	68	53
"Streptococcus"	"NGAT"	"NGAT"	"NGAT"	1.3885971803629	0.589613783563953	0.668424987586412	0.246750750114695	0.848251573748272	0.157549198340456	0.883853044489963	NA	"abundance"	68	53
"Uruburuella"	"Reads"	"Reads"	"Reads"	-1.51241115742945	-0.868634719186846	0.282258221868407	0.0699282964945393	0.848251573748272	0.13496662633845	0.883853044489963	NA	"abundance"	68	31
"Varibaculum"	"Reads"	"Reads"	"Reads"	-0.202384506619219	-0.868634719186846	0.559857265827972	0.287682219778968	0.848251573748272	0.492603379980982	0.930716564081615	NA	"abundance"	68	14
"Veillonella"	"Age"	"Age"	"Age"	2.17651320334027	-0.17233851256154	1.21555361175676	0.185142953768166	0.848251573748272	0.33600799420633	0.91529579140541	NA	"abundance"	68	11
"Veillonellaceae_unclassified"	"Reads"	"Reads"	"Reads"	-0.131238395043689	-0.868634719186846	0.410682250633362	0.0968855078090438	0.848251573748272	0.112051130219979	0.883853044489963	NA	"abundance"	68	35
"Vibrio"	"Group"	"Follow up"	"GroupFollow up"	1.22047438310745	0.223859096268211	0.54247914017832	0.134012963776462	0.848251573748272	0.250066453092773	0.904167200628561	NA	"abundance"	68	21
"Achromobacter"	"Group"	"Follow up"	"GroupFollow up"	3.01794376006041	0	2.25065114197858	0.179946336957999	0.848251573748272	0.327511989731396	0.91529579140541	"<4 average observations per random effect group often inflates coefficients and deflates p-values: consider setting small_random_effects=TRUE and see tutorial"	"prevalence"	68	8
"Achromobacter"	"NGAT"	"NGAT"	"NGAT"	1.45954722724361	0	1.33789911234956	0.275306004581285	0.848251573748272	0.474818613004059	0.930716564081615	"<4 average observations per random effect group often inflates coefficients and deflates p-values: consider setting small_random_effects=TRUE and see tutorial"	"prevalence"	68	8
"Achromobacter"	"Reads"	"Reads"	"Reads"	-1.75417673696938	0	1.47874804848807	0.235520418311341	0.848251573748272	0.101241561533858	0.883853044489963	"<4 average observations per random effect group often inflates coefficients and deflates p-values: consider setting small_random_effects=TRUE and see tutorial"	"prevalence"	68	8
"Actinomycetaceae_unclassified"	"NGAT"	"NGAT"	"NGAT"	0.67587273588936	0	0.399191348988617	0.0904355461608642	0.848251573748272	0.172692504312315	0.883853044489963	"<4 average observations per random effect group often inflates coefficients and deflates p-values: consider setting small_random_effects=TRUE and see tutorial"	"prevalence"	68	26
"Actinotignum"	"NGAT"	"NGAT"	"NGAT"	1.22016353347784	0	0.666698387758802	0.0672262834836428	0.848251573748272	0.129933193776263	0.883853044489963	"<4 average observations per random effect group often inflates coefficients and deflates p-values: consider setting small_random_effects=TRUE and see tutorial"	"prevalence"	68	18
"Aerococcus"	"NGAT"	"NGAT"	"NGAT"	1.6478319920087	0	1.22190660941984	0.177473702890643	0.848251573748272	0.177473702890643	0.883853044489963	"<4 average observations per random effect group often inflates coefficients and deflates p-values: consider setting small_random_effects=TRUE and see tutorial"	"prevalence"	68	9
"Alcaligenes"	"NGAT"	"NGAT"	"NGAT"	2.14034158198935	0	1.65041781634858	0.19468337922258	0.848251573748272	0.19468337922258	0.883853044489963	"<4 average observations per random effect group often inflates coefficients and deflates p-values: consider setting small_random_effects=TRUE and see tutorial"	"prevalence"	68	5
"Alkalibacterium"	"Reads"	"Reads"	"Reads"	-0.443525243371685	0	0.268053624977916	0.098002850037879	0.848251573748272	0.186401141460211	0.883853044489963	"<4 average observations per random effect group often inflates coefficients and deflates p-values: consider setting small_random_effects=TRUE and see tutorial"	"prevalence"	68	35
"Alloscardovia"	"Age"	"Age"	"Age"	-1.36218919712978	0	1.02389864077596	0.18338830103428	0.848251573748272	0.33314533311232	0.91529579140541	"<4 average observations per random effect group often inflates coefficients and deflates p-values: consider setting small_random_effects=TRUE and see tutorial"	"prevalence"	68	15
"Alloscardovia"	"Group"	"Follow up"	"GroupFollow up"	-1.40842739183368	0	1.16370197669404	0.226164163752111	0.848251573748272	0.401178098538531	0.925840013510537	"<4 average observations per random effect group often inflates coefficients and deflates p-values: consider setting small_random_effects=TRUE and see tutorial"	"prevalence"	68	15
"Anaerococcus"	"Age"	"Age"	"Age"	-0.709005113357894	0	0.641233270034694	0.26886078798481	0.848251573748272	0.409129116556856	0.925840013510537	"<4 average observations per random effect group often inflates coefficients and deflates p-values: consider setting small_random_effects=TRUE and see tutorial"	"prevalence"	68	35
"Anaerococcus"	"NGAT"	"NGAT"	"NGAT"	0.857134197914652	0	0.647066169124021	0.185288291186655	0.848251573748272	0.33624483152244	0.91529579140541	"<4 average observations per random effect group often inflates coefficients and deflates p-values: consider setting small_random_effects=TRUE and see tutorial"	"prevalence"	68	35
"Anaerococcus"	"Reads"	"Reads"	"Reads"	0.720676482002411	0	0.4494080457504	0.108799433711478	0.848251573748272	0.205761550647017	0.883853044489963	"<4 average observations per random effect group often inflates coefficients and deflates p-values: consider setting small_random_effects=TRUE and see tutorial"	"prevalence"	68	35
"Anaeroglobus"	"Group"	"Follow up"	"GroupFollow up"	1.05271873243486	0	0.803428041184766	0.190099851793901	0.848251573748272	0.0439190717789499	0.883853044489963	"<4 average observations per random effect group often inflates coefficients and deflates p-values: consider setting small_random_effects=TRUE and see tutorial"	"prevalence"	68	14
"Arcanobacterium"	"NGAT"	"NGAT"	"NGAT"	0.937595237222136	0	0.623010637449589	0.132338839388546	0.848251573748272	0.132338839388546	0.883853044489963	"<4 average observations per random effect group often inflates coefficients and deflates p-values: consider setting small_random_effects=TRUE and see tutorial"	"prevalence"	68	10
"Arcanobacterium"	"Reads"	"Reads"	"Reads"	0.565615195426329	0	0.445194200387628	0.203909810229385	0.848251573748272	0.203909810229385	0.883853044489963	"<4 average observations per random effect group often inflates coefficients and deflates p-values: consider setting small_random_effects=TRUE and see tutorial"	"prevalence"	68	10
"Atopobium"	"Age"	"Age"	"Age"	-0.513302593185677	0	0.373116336718189	0.168909178860422	0.848251573748272	0.309288047017542	0.91529579140541	"<4 average observations per random effect group often inflates coefficients and deflates p-values: consider setting small_random_effects=TRUE and see tutorial"	"prevalence"	68	46
"Atopobium"	"NGAT"	"NGAT"	"NGAT"	0.465564093255808	0	0.398338909261824	0.242498813086158	0.848251573748272	0.42619195182412	0.928804529492566	"<4 average observations per random effect group often inflates coefficients and deflates p-values: consider setting small_random_effects=TRUE and see tutorial"	"prevalence"	68	46
"Bifidobacterium"	"Reads"	"Reads"	"Reads"	0.902012902080572	0	0.444109538732152	0.0422489581860608	0.848251573748272	0.0167859077166341	0.757763834065195	"<4 average observations per random effect group often inflates coefficients and deflates p-values: consider setting small_random_effects=TRUE and see tutorial"	"prevalence"	68	44
"Brevibacterium"	"Reads"	"Reads"	"Reads"	-0.599093340074925	0	0.415614789494539	0.14945392388842	0.848251573748272	0.14945392388842	0.883853044489963	"<4 average observations per random effect group often inflates coefficients and deflates p-values: consider setting small_random_effects=TRUE and see tutorial"	"prevalence"	68	15
"Brucella"	"Age"	"Age"	"Age"	-0.671029625220646	0	0.600931368384393	0.264144279819269	0.848251573748272	0.264144279819269	0.91529579140541	"<4 average observations per random effect group often inflates coefficients and deflates p-values: consider setting small_random_effects=TRUE and see tutorial"	"prevalence"	68	7
"Campylobacter"	"Reads"	"Reads"	"Reads"	0.577264912244327	0	0.455035014243353	0.204577888202611	0.848251573748272	0.367303664063782	0.925840013510537	"<4 average observations per random effect group often inflates coefficients and deflates p-values: consider setting small_random_effects=TRUE and see tutorial"	"prevalence"	68	20
"Catenococcus"	"NGAT"	"NGAT"	"NGAT"	0.719020599068082	0	0.606036672765806	0.235452198386654	0.848251573748272	0.235452198386654	0.894549332081211	"<4 average observations per random effect group often inflates coefficients and deflates p-values: consider setting small_random_effects=TRUE and see tutorial"	"prevalence"	68	4
"Catenococcus"	"Reads"	"Reads"	"Reads"	-2.31464035307125	0	1.55861037141857	0.137526157493941	0.848251573748272	0.137526157493941	0.883853044489963	"<4 average observations per random effect group often inflates coefficients and deflates p-values: consider setting small_random_effects=TRUE and see tutorial"	"prevalence"	68	4
"Caulobacter"	"Age"	"Age"	"Age"	0.439382890435205	0	0.352332761175217	0.21237258738452	0.848251573748272	0.379643058896644	0.925840013510537	"<4 average observations per random effect group often inflates coefficients and deflates p-values: consider setting small_random_effects=TRUE and see tutorial"	"prevalence"	68	41
"Caulobacter"	"Reads"	"Reads"	"Reads"	-0.378253657923251	0	0.263833083294889	0.151662040571064	0.848251573748272	0.280322706591948	0.91529579140541	"<4 average observations per random effect group often inflates coefficients and deflates p-values: consider setting small_random_effects=TRUE and see tutorial"	"prevalence"	68	41
"Clostridium sensu stricto 1"	"Age"	"Age"	"Age"	-2.42345182938894	0	1.79151614647176	0.176139370920146	0.848251573748272	0.176139370920146	0.883853044489963	"<4 average observations per random effect group often inflates coefficients and deflates p-values: consider setting small_random_effects=TRUE and see tutorial"	"prevalence"	68	5
"Clostridium sensu stricto 1"	"Group"	"Follow up"	"GroupFollow up"	2.78566478006981	0	2.299238592271	0.225680975451613	0.848251573748272	0.225680975451613	0.883853044489963	"<4 average observations per random effect group often inflates coefficients and deflates p-values: consider setting small_random_effects=TRUE and see tutorial"	"prevalence"	68	5
"Coriobacteriaceae UCG-002"	"Age"	"Age"	"Age"	-1.74711332012752	0	1.26577013838303	0.167501395461169	0.848251573748272	0.167501395461169	0.883853044489963	"<4 average observations per random effect group often inflates coefficients and deflates p-values: consider setting small_random_effects=TRUE and see tutorial"	"prevalence"	68	7
"Coriobacteriaceae UCG-002"	"NGAT"	"NGAT"	"NGAT"	1.20579317005408	0	1.03377447976157	0.243453299237292	0.848251573748272	0.243453299237292	0.894549332081211	"<4 average observations per random effect group often inflates coefficients and deflates p-values: consider setting small_random_effects=TRUE and see tutorial"	"prevalence"	68	7
"Coriobacteriaceae UCG-002"	"Reads"	"Reads"	"Reads"	1.79452750662365	0	0.974119303037376	0.0654451609541858	0.848251573748272	0.0654451609541858	0.883853044489963	"<4 average observations per random effect group often inflates coefficients and deflates p-values: consider setting small_random_effects=TRUE and see tutorial"	"prevalence"	68	7
"Corynebacteriaceae_unclassified"	"Reads"	"Reads"	"Reads"	-0.405365958947724	0	0.261144176056126	0.120597918032372	0.848251573748272	0.226651978231001	0.883853044489963	"<4 average observations per random effect group often inflates coefficients and deflates p-values: consider setting small_random_effects=TRUE and see tutorial"	"prevalence"	68	44
"Corynebacterium"	"Age"	"Age"	"Age"	2.1834497494269	0	1.69501513725357	0.197690467815424	0.848251573748272	0.356299414565767	0.925840013510537	"<4 average observations per random effect group often inflates coefficients and deflates p-values: consider setting small_random_effects=TRUE and see tutorial"	"prevalence"	68	64
"Corynebacterium"	"NGAT"	"NGAT"	"NGAT"	-2.15943628910843	0	1.52373644662028	0.156425037851031	0.848251573748272	0.288381283235366	0.91529579140541	"<4 average observations per random effect group often inflates coefficients and deflates p-values: consider setting small_random_effects=TRUE and see tutorial"	"prevalence"	68	64
"Cutibacterium"	"Group"	"Follow up"	"GroupFollow up"	1.25193083283038	0	0.995060927350108	0.208339356986856	0.848251573748272	0.373273426304016	0.925840013510537	"<4 average observations per random effect group often inflates coefficients and deflates p-values: consider setting small_random_effects=TRUE and see tutorial"	"prevalence"	68	16
"Cutibacterium"	"Reads"	"Reads"	"Reads"	-0.826932678324106	0	0.593839023272021	0.163765009132674	0.848251573748272	0.251793397643397	0.904167200628561	"<4 average observations per random effect group often inflates coefficients and deflates p-values: consider setting small_random_effects=TRUE and see tutorial"	"prevalence"	68	16
"Dialister"	"Age"	"Age"	"Age"	-0.628301584871664	0	0.470364653219715	0.181622659704209	0.848251573748272	0.330258528890387	0.91529579140541	"<4 average observations per random effect group often inflates coefficients and deflates p-values: consider setting small_random_effects=TRUE and see tutorial"	"prevalence"	68	36
"Dialister"	"NGAT"	"NGAT"	"NGAT"	0.987093718332838	0	0.514574854414239	0.0550767320235175	0.848251573748272	0.107120017636645	0.883853044489963	"<4 average observations per random effect group often inflates coefficients and deflates p-values: consider setting small_random_effects=TRUE and see tutorial"	"prevalence"	68	36
"Dialister"	"Reads"	"Reads"	"Reads"	0.355606658011039	0	0.333133225441891	0.285763807717752	0.848251573748272	0.489866661634155	0.930716564081615	"<4 average observations per random effect group often inflates coefficients and deflates p-values: consider setting small_random_effects=TRUE and see tutorial"	"prevalence"	68	36
"Eggerthellaceae_unclassified"	"Age"	"Age"	"Age"	-0.884518439198448	0	0.579011911926052	0.126603368203735	0.848251573748272	0.126603368203735	0.883853044489963	"<4 average observations per random effect group often inflates coefficients and deflates p-values: consider setting small_random_effects=TRUE and see tutorial"	"prevalence"	68	6
"Eggerthellaceae_unclassified"	"Reads"	"Reads"	"Reads"	0.621314092031284	0	0.385170164748682	0.106724983756244	0.848251573748272	0.106724983756244	0.883853044489963	"<4 average observations per random effect group often inflates coefficients and deflates p-values: consider setting small_random_effects=TRUE and see tutorial"	"prevalence"	68	6
"Enterococcus"	"Age"	"Age"	"Age"	0.477565675771985	0	0.339641959587198	0.159698701505175	0.848251573748272	0.293893727747911	0.91529579140541	"<4 average observations per random effect group often inflates coefficients and deflates p-values: consider setting small_random_effects=TRUE and see tutorial"	"prevalence"	68	34
"Enterococcus"	"Group"	"Follow up"	"GroupFollow up"	0.601038965272217	0	0.557801788185774	0.281250916392624	0.848251573748272	0.483399754813557	0.930716564081615	"<4 average observations per random effect group often inflates coefficients and deflates p-values: consider setting small_random_effects=TRUE and see tutorial"	"prevalence"	68	34
"Enterococcus"	"Reads"	"Reads"	"Reads"	-0.311819082283057	0	0.257944375878062	0.22671597429086	0.848251573748272	0.402031815583065	0.925840013510537	"<4 average observations per random effect group often inflates coefficients and deflates p-values: consider setting small_random_effects=TRUE and see tutorial"	"prevalence"	68	34
"Escherichia-Shigella"	"Age"	"Age"	"Age"	2.19985685480017	0	1.14381858877138	0.0544478096927512	0.848251573748272	0.105931055405164	0.883853044489963	"<4 average observations per random effect group often inflates coefficients and deflates p-values: consider setting small_random_effects=TRUE and see tutorial"	"prevalence"	68	13
"Ezakiella"	"Group"	"Follow up"	"GroupFollow up"	-0.805934531859782	0	0.750120680662393	0.282640532432474	0.848251573748272	0.485395394291235	0.930716564081615	"<4 average observations per random effect group often inflates coefficients and deflates p-values: consider setting small_random_effects=TRUE and see tutorial"	"prevalence"	68	16
"Ezakiella"	"NGAT"	"NGAT"	"NGAT"	0.557218783874695	0	0.499012658375993	0.264147176631474	0.848251573748272	0.458520622340568	0.930716564081615	"<4 average observations per random effect group often inflates coefficients and deflates p-values: consider setting small_random_effects=TRUE and see tutorial"	"prevalence"	68	16
"Facklamia"	"NGAT"	"NGAT"	"NGAT"	1.85794963356399	0	1.50378148792549	0.216637648749771	0.848251573748272	0.386343426643713	0.925840013510537	"<4 average observations per random effect group often inflates coefficients and deflates p-values: consider setting small_random_effects=TRUE and see tutorial"	"prevalence"	68	7
"Faecalibacterium"	"Reads"	"Reads"	"Reads"	0.870171823277945	0	0.659505897922279	0.187025419914133	0.848251573748272	0.187025419914133	0.883853044489963	"<4 average observations per random effect group often inflates coefficients and deflates p-values: consider setting small_random_effects=TRUE and see tutorial"	"prevalence"	68	5
"Family XI_unclassified"	"NGAT"	"NGAT"	"NGAT"	0.793914430302584	0	0.644836032223754	0.21825253211428	0.848251573748272	0.388870896454265	0.925840013510537	"<4 average observations per random effect group often inflates coefficients and deflates p-values: consider setting small_random_effects=TRUE and see tutorial"	"prevalence"	68	16
"Family XI_unclassified"	"Reads"	"Reads"	"Reads"	0.66659877101525	0	0.417818144259736	0.110616556235364	0.848251573748272	0.208997089957357	0.883853044489963	"<4 average observations per random effect group often inflates coefficients and deflates p-values: consider setting small_random_effects=TRUE and see tutorial"	"prevalence"	68	16
"Fenollaria"	"NGAT"	"NGAT"	"NGAT"	1.22464634706767	0	1.09432599696465	0.263102888810189	0.848251573748272	0.456982647520111	0.930716564081615	"<4 average observations per random effect group often inflates coefficients and deflates p-values: consider setting small_random_effects=TRUE and see tutorial"	"prevalence"	68	8
"Finegoldia"	"Reads"	"Reads"	"Reads"	0.462917432747669	0	0.366611373281673	0.206699709162108	0.848251573748272	0.181321355878859	0.883853044489963	"<4 average observations per random effect group often inflates coefficients and deflates p-values: consider setting small_random_effects=TRUE and see tutorial"	"prevalence"	68	44
"Gardnerella"	"Age"	"Age"	"Age"	0.764395654502756	0	0.716590840486955	0.286102155099793	0.848251573748272	0.381321368067038	0.925840013510537	"<4 average observations per random effect group often inflates coefficients and deflates p-values: consider setting small_random_effects=TRUE and see tutorial"	"prevalence"	68	47
"Gardnerella"	"Group"	"Follow up"	"GroupFollow up"	2.68399981350607	0	1.3704759438873	0.050177985320765	0.848251573748272	0.097838140430679	0.883853044489963	"<4 average observations per random effect group often inflates coefficients and deflates p-values: consider setting small_random_effects=TRUE and see tutorial"	"prevalence"	68	47
"Gardnerella"	"Reads"	"Reads"	"Reads"	0.952527305593107	0	0.839857855769794	0.256730375605704	0.848251573748272	0.447550265452762	0.930716564081615	"<4 average observations per random effect group often inflates coefficients and deflates p-values: consider setting small_random_effects=TRUE and see tutorial"	"prevalence"	68	47
"Haemophilus"	"Age"	"Age"	"Age"	1.80020454818216	0	1.15859656170711	0.12023682398549	0.848251573748272	0.12023682398549	0.883853044489963	"<4 average observations per random effect group often inflates coefficients and deflates p-values: consider setting small_random_effects=TRUE and see tutorial"	"prevalence"	68	3
"Haemophilus"	"Group"	"Follow up"	"GroupFollow up"	-2.7525551842753	0	2.50851863026852	0.272517641399847	0.848251573748272	0.272517641399847	0.91529579140541	"<4 average observations per random effect group often inflates coefficients and deflates p-values: consider setting small_random_effects=TRUE and see tutorial"	"prevalence"	68	3
"Haemophilus"	"Reads"	"Reads"	"Reads"	-7.96519147664052	0	4.51057277872624	0.0774137058030055	0.848251573748272	0.0774137058030055	0.883853044489963	"<4 average observations per random effect group often inflates coefficients and deflates p-values: consider setting small_random_effects=TRUE and see tutorial"	"prevalence"	68	3
"Halomonas"	"NGAT"	"NGAT"	"NGAT"	0.810653862231343	0	0.642108891288482	0.206773749972939	0.848251573748272	0.206773749972939	0.883853044489963	"<4 average observations per random effect group often inflates coefficients and deflates p-values: consider setting small_random_effects=TRUE and see tutorial"	"prevalence"	68	4
"Howardella"	"Age"	"Age"	"Age"	-0.723326561787713	0	0.477846330828856	0.130096331823163	0.848251573748272	0.243267608092484	0.894549332081211	"<4 average observations per random effect group often inflates coefficients and deflates p-values: consider setting small_random_effects=TRUE and see tutorial"	"prevalence"	68	23
"Idiomarina"	"Group"	"Follow up"	"GroupFollow up"	1.2201460006245	0	1.03346645649967	0.237748010726192	0.848251573748272	0.418971904848123	0.925840013510537	"<4 average observations per random effect group often inflates coefficients and deflates p-values: consider setting small_random_effects=TRUE and see tutorial"	"prevalence"	68	12
"Lacticaseibacillus"	"NGAT"	"NGAT"	"NGAT"	-1.62785665155251	0	1.19997292132081	0.17491539272109	0.848251573748272	0.319235390831406	0.91529579140541	"<4 average observations per random effect group often inflates coefficients and deflates p-values: consider setting small_random_effects=TRUE and see tutorial"	"prevalence"	68	10
"Lactobacillaceae_unclassified"	"Group"	"Follow up"	"GroupFollow up"	-3.03174265102462	0	2.37151020004913	0.20110782796474	0.848251573748272	0.20110782796474	0.883853044489963	"<4 average observations per random effect group often inflates coefficients and deflates p-values: consider setting small_random_effects=TRUE and see tutorial"	"prevalence"	68	4
"Limosilactobacillus"	"Group"	"Follow up"	"GroupFollow up"	-2.43992555449937	0	1.44200267223823	0.0906384327243518	0.848251573748272	0.173061539961977	0.883853044489963	"<4 average observations per random effect group often inflates coefficients and deflates p-values: consider setting small_random_effects=TRUE and see tutorial"	"prevalence"	68	12
"Microbacteriaceae_unclassified"	"NGAT"	"NGAT"	"NGAT"	0.617351292565776	0	0.390794502590093	0.114167836980028	0.848251573748272	0.215301378959358	0.883853044489963	"<4 average observations per random effect group often inflates coefficients and deflates p-values: consider setting small_random_effects=TRUE and see tutorial"	"prevalence"	68	19
"Microbacteriaceae_unclassified"	"Reads"	"Reads"	"Reads"	-0.717831498879058	0	0.414411535697224	0.0832431831959763	0.848251573748272	0.0392253642317979	0.883853044489963	"<4 average observations per random effect group often inflates coefficients and deflates p-values: consider setting small_random_effects=TRUE and see tutorial"	"prevalence"	68	19
"Mobiluncus"	"NGAT"	"NGAT"	"NGAT"	1.05266238411299	0	0.663816261396688	0.112790648560348	0.848251573748272	0.212859566718033	0.883853044489963	"<4 average observations per random effect group often inflates coefficients and deflates p-values: consider setting small_random_effects=TRUE and see tutorial"	"prevalence"	68	18
"Mobiluncus"	"Reads"	"Reads"	"Reads"	0.820926661487129	0	0.432243086025878	0.0575349639882499	0.848251573748272	0.111759655895371	0.883853044489963	"<4 average observations per random effect group often inflates coefficients and deflates p-values: consider setting small_random_effects=TRUE and see tutorial"	"prevalence"	68	18
"Murdochiella"	"NGAT"	"NGAT"	"NGAT"	1.26913809657331	0	0.913102249916632	0.164553498454747	0.848251573748272	0.302029143055798	0.91529579140541	"<4 average observations per random effect group often inflates coefficients and deflates p-values: consider setting small_random_effects=TRUE and see tutorial"	"prevalence"	68	11
"Negativicoccus"	"Group"	"Follow up"	"GroupFollow up"	-3.53014149393802	0	2.3082198783803	0.126170678014685	0.848251573748272	0.126170678014685	0.883853044489963	"<4 average observations per random effect group often inflates coefficients and deflates p-values: consider setting small_random_effects=TRUE and see tutorial"	"prevalence"	68	5
"Paracoccus"	"Group"	"Follow up"	"GroupFollow up"	0.754712221432259	0	0.571854156409033	0.186914004101363	0.848251573748272	0.338891163273522	0.91529579140541	"<4 average observations per random effect group often inflates coefficients and deflates p-values: consider setting small_random_effects=TRUE and see tutorial"	"prevalence"	68	25
"Paracoccus"	"NGAT"	"NGAT"	"NGAT"	0.402662483535468	0	0.356566267168329	0.258780528286823	0.848251573748272	0.450593694753238	0.930716564081615	"<4 average observations per random effect group often inflates coefficients and deflates p-values: consider setting small_random_effects=TRUE and see tutorial"	"prevalence"	68	25
"Parvimonas"	"Age"	"Age"	"Age"	-0.938475376262817	0	0.617899732250203	0.128809071411357	0.848251573748272	0.128809071411357	0.883853044489963	"<4 average observations per random effect group often inflates coefficients and deflates p-values: consider setting small_random_effects=TRUE and see tutorial"	"prevalence"	68	7
"Parvimonas"	"NGAT"	"NGAT"	"NGAT"	0.654146871397872	0	0.520853307590309	0.209147214457335	0.848251573748272	0.209147214457335	0.883853044489963	"<4 average observations per random effect group often inflates coefficients and deflates p-values: consider setting small_random_effects=TRUE and see tutorial"	"prevalence"	68	7
"Peptoniphilus"	"Group"	"Follow up"	"GroupFollow up"	-0.721155080575767	0	0.657585678791146	0.272785280106502	0.848251573748272	0.471158751170221	0.930716564081615	"<4 average observations per random effect group often inflates coefficients and deflates p-values: consider setting small_random_effects=TRUE and see tutorial"	"prevalence"	68	34
"Peptoniphilus"	"NGAT"	"NGAT"	"NGAT"	0.867291496257615	0	0.464662239689939	0.0619716167673691	0.848251573748272	0.120102752249977	0.883853044489963	"<4 average observations per random effect group often inflates coefficients and deflates p-values: consider setting small_random_effects=TRUE and see tutorial"	"prevalence"	68	34
"Peptoniphilus"	"Reads"	"Reads"	"Reads"	0.463541352358838	0	0.318452967556099	0.145502174652182	0.848251573748272	0.15357088437201	0.883853044489963	"<4 average observations per random effect group often inflates coefficients and deflates p-values: consider setting small_random_effects=TRUE and see tutorial"	"prevalence"	68	34
"Peptostreptococcus"	"NGAT"	"NGAT"	"NGAT"	0.436454469755004	0	0.407723676091386	0.284409453860202	0.848251573748272	0.487930170275346	0.930716564081615	"<4 average observations per random effect group often inflates coefficients and deflates p-values: consider setting small_random_effects=TRUE and see tutorial"	"prevalence"	68	16
"Porphyromonas"	"Group"	"Follow up"	"GroupFollow up"	-0.936082474486334	0	0.815717458000703	0.251151390638322	0.848251573748272	0.43922576025708	0.930716564081615	"<4 average observations per random effect group often inflates coefficients and deflates p-values: consider setting small_random_effects=TRUE and see tutorial"	"prevalence"	68	18
"Porphyromonas"	"NGAT"	"NGAT"	"NGAT"	1.32790723281428	0	0.634298730079827	0.0363041446055202	0.848251573748272	0.0712902982955018	0.883853044489963	"<4 average observations per random effect group often inflates coefficients and deflates p-values: consider setting small_random_effects=TRUE and see tutorial"	"prevalence"	68	18
"Prevotella"	"Age"	"Age"	"Age"	-0.509033343574755	0	0.433871130892448	0.240701074365923	0.848251573748272	0.423465141530937	0.928804529492566	"<4 average observations per random effect group often inflates coefficients and deflates p-values: consider setting small_random_effects=TRUE and see tutorial"	"prevalence"	68	38
"Prevotella"	"Reads"	"Reads"	"Reads"	0.36265515385827	0	0.319912256397664	0.256958936160486	0.848251573748272	0.447889977448243	0.930716564081615	"<4 average observations per random effect group often inflates coefficients and deflates p-values: consider setting small_random_effects=TRUE and see tutorial"	"prevalence"	68	38
"Prevotella_7"	"Group"	"Follow up"	"GroupFollow up"	-2.57341015912825	0	1.810964320152	0.155311966029343	0.848251573748272	0.155311966029343	0.883853044489963	"<4 average observations per random effect group often inflates coefficients and deflates p-values: consider setting small_random_effects=TRUE and see tutorial"	"prevalence"	68	8
"Prevotella_7"	"Reads"	"Reads"	"Reads"	0.772198266147818	0	0.637492372491925	0.225778191893465	0.848251573748272	0.225778191893465	0.883853044489963	"<4 average observations per random effect group often inflates coefficients and deflates p-values: consider setting small_random_effects=TRUE and see tutorial"	"prevalence"	68	8
"Prevotellaceae_unclassified"	"NGAT"	"NGAT"	"NGAT"	0.604073556627751	0	0.470040244909876	0.198738879101793	0.848251573748272	0.35798061613695	0.925840013510537	"<4 average observations per random effect group often inflates coefficients and deflates p-values: consider setting small_random_effects=TRUE and see tutorial"	"prevalence"	68	22
"Propionibacteriaceae_unclassified"	"Group"	"Follow up"	"GroupFollow up"	1.02965287917709	0	0.694839640839797	0.138378389406503	0.848251573748272	0.257608200158268	0.904491013889029	"<4 average observations per random effect group often inflates coefficients and deflates p-values: consider setting small_random_effects=TRUE and see tutorial"	"prevalence"	68	18
"Propionibacteriaceae_unclassified"	"Reads"	"Reads"	"Reads"	-0.674613465718798	0	0.417465754622586	0.106100110602684	0.848251573748272	0.200942987735466	0.883853044489963	"<4 average observations per random effect group often inflates coefficients and deflates p-values: consider setting small_random_effects=TRUE and see tutorial"	"prevalence"	68	18
"Propionimicrobium"	"Reads"	"Reads"	"Reads"	1.25654660973094	0	0.80999841217193	0.120830968169816	0.848251573748272	0.227061813470776	0.883853044489963	"<4 average observations per random effect group often inflates coefficients and deflates p-values: consider setting small_random_effects=TRUE and see tutorial"	"prevalence"	68	10
"Pseudoalteromonas"	"NGAT"	"NGAT"	"NGAT"	0.538137056246653	0	0.472939182462209	0.255180290127323	0.848251573748272	0.255180290127323	0.904491013889029	"<4 average observations per random effect group often inflates coefficients and deflates p-values: consider setting small_random_effects=TRUE and see tutorial"	"prevalence"	68	9
"Pseudomonas"	"Age"	"Age"	"Age"	0.766101084136279	0	0.375345936644306	0.0412455238218116	0.848251573748272	0.0807898544082876	0.883853044489963	"<4 average observations per random effect group often inflates coefficients and deflates p-values: consider setting small_random_effects=TRUE and see tutorial"	"prevalence"	68	39
"Pseudomonas"	"Group"	"Follow up"	"GroupFollow up"	0.892571922326009	0	0.588319730624187	0.129227682835332	0.848251573748272	0.241755571659675	0.894549332081211	"<4 average observations per random effect group often inflates coefficients and deflates p-values: consider setting small_random_effects=TRUE and see tutorial"	"prevalence"	68	39
"Pseudomonas"	"Reads"	"Reads"	"Reads"	-0.61265486080018	0	0.286571710869528	0.0325267865489753	0.848251573748272	0.063995581254748	0.883853044489963	"<4 average observations per random effect group often inflates coefficients and deflates p-values: consider setting small_random_effects=TRUE and see tutorial"	"prevalence"	68	39
"Pseudonocardiaceae_unclassified"	"Age"	"Age"	"Age"	-1.01188698338729	0	0.609178990249566	0.0967000355573542	0.848251573748272	0.0967000355573542	0.883853044489963	"<4 average observations per random effect group often inflates coefficients and deflates p-values: consider setting small_random_effects=TRUE and see tutorial"	"prevalence"	68	7
"Pseudonocardiaceae_unclassified"	"NGAT"	"NGAT"	"NGAT"	0.907374155071369	0	0.542414461986047	0.0943582366405731	0.848251573748272	0.0943582366405731	0.883853044489963	"<4 average observations per random effect group often inflates coefficients and deflates p-values: consider setting small_random_effects=TRUE and see tutorial"	"prevalence"	68	7
"Pseudonocardiaceae_unclassified"	"Reads"	"Reads"	"Reads"	0.478472757108138	0	0.398055945328963	0.229354271038535	0.848251573748272	0.229354271038535	0.883853044489963	"<4 average observations per random effect group often inflates coefficients and deflates p-values: consider setting small_random_effects=TRUE and see tutorial"	"prevalence"	68	7
"S5-A14a"	"Age"	"Age"	"Age"	-1.53987883627192	0	1.21238730233522	0.20404145494286	0.848251573748272	0.20404145494286	0.883853044489963	"<4 average observations per random effect group often inflates coefficients and deflates p-values: consider setting small_random_effects=TRUE and see tutorial"	"prevalence"	68	5
"Solobacterium"	"Group"	"Follow up"	"GroupFollow up"	-2.23443943444631	0	1.4331821957611	0.118978480902456	0.848251573748272	0.118978480902456	0.883853044489963	"<4 average observations per random effect group often inflates coefficients and deflates p-values: consider setting small_random_effects=TRUE and see tutorial"	"prevalence"	68	6
"Staphylococcus"	"Age"	"Age"	"Age"	0.834001514223194	0	0.529862906419652	0.115488627701975	0.848251573748272	0.217639632275465	0.883853044489963	"<4 average observations per random effect group often inflates coefficients and deflates p-values: consider setting small_random_effects=TRUE and see tutorial"	"prevalence"	68	23
"Staphylococcus"	"Reads"	"Reads"	"Reads"	0.796422345116673	0	0.395973001185489	0.0442932859002899	0.848251573748272	0.0866246766247351	0.883853044489963	"<4 average observations per random effect group often inflates coefficients and deflates p-values: consider setting small_random_effects=TRUE and see tutorial"	"prevalence"	68	23
"Stenotrophomonas"	"Age"	"Age"	"Age"	0.461416089747313	0	0.341144996627198	0.17619903725575	0.848251573748272	0.321351973781647	0.91529579140541	"<4 average observations per random effect group often inflates coefficients and deflates p-values: consider setting small_random_effects=TRUE and see tutorial"	"prevalence"	68	25
"Stenotrophomonas"	"Reads"	"Reads"	"Reads"	-0.391753058651986	0	0.296408554381614	0.186279451138178	0.848251573748272	0.337858868360015	0.91529579140541	"<4 average observations per random effect group often inflates coefficients and deflates p-values: consider setting small_random_effects=TRUE and see tutorial"	"prevalence"	68	25
"Streptococcus"	"Group"	"Follow up"	"GroupFollow up"	1.44810043296474	0	1.09086768795146	0.184351347206952	0.848251573748272	0.334717275196886	0.91529579140541	"<4 average observations per random effect group often inflates coefficients and deflates p-values: consider setting small_random_effects=TRUE and see tutorial"	"prevalence"	68	53
"Streptococcus"	"NGAT"	"NGAT"	"NGAT"	1.76075785034147	0	1.01288914613685	0.0821488129007271	0.848251573748272	0.157549198340456	0.883853044489963	"<4 average observations per random effect group often inflates coefficients and deflates p-values: consider setting small_random_effects=TRUE and see tutorial"	"prevalence"	68	53
"Uruburuella"	"Group"	"Follow up"	"GroupFollow up"	0.754113776788008	0	0.56292554898861	0.180364611778413	0.848251573748272	0.328197830374849	0.91529579140541	"<4 average observations per random effect group often inflates coefficients and deflates p-values: consider setting small_random_effects=TRUE and see tutorial"	"prevalence"	68	31
"Uruburuella"	"Reads"	"Reads"	"Reads"	-0.41519392932649	0	0.270074901820776	0.124212808106265	0.848251573748272	0.13496662633845	0.883853044489963	"<4 average observations per random effect group often inflates coefficients and deflates p-values: consider setting small_random_effects=TRUE and see tutorial"	"prevalence"	68	31
"Varibaculum"	"NGAT"	"NGAT"	"NGAT"	0.676250320660396	0	0.543056690692066	0.213033794471152	0.848251573748272	0.380684191355527	0.925840013510537	"<4 average observations per random effect group often inflates coefficients and deflates p-values: consider setting small_random_effects=TRUE and see tutorial"	"prevalence"	68	14
"Veillonella"	"Age"	"Age"	"Age"	-0.552567295907673	0	0.419551229243471	0.187823982768438	0.848251573748272	0.33600799420633	0.91529579140541	"<4 average observations per random effect group often inflates coefficients and deflates p-values: consider setting small_random_effects=TRUE and see tutorial"	"prevalence"	68	11
"Veillonella"	"Group"	"Follow up"	"GroupFollow up"	0.865370446539681	0	0.794821913269297	0.276259657295634	0.848251573748272	0.476199916342166	0.930716564081615	"<4 average observations per random effect group often inflates coefficients and deflates p-values: consider setting small_random_effects=TRUE and see tutorial"	"prevalence"	68	11
"Veillonellaceae_unclassified"	"Age"	"Age"	"Age"	-1.72111384265352	0	1.04074089440136	0.098180547691364	0.848251573748272	0.186721675437752	0.883853044489963	"<4 average observations per random effect group often inflates coefficients and deflates p-values: consider setting small_random_effects=TRUE and see tutorial"	"prevalence"	68	35
"Veillonellaceae_unclassified"	"Group"	"Follow up"	"GroupFollow up"	-1.81294385388485	0	1.2447542048975	0.145263470011436	0.848251573748272	0.269425464303108	0.91529579140541	"<4 average observations per random effect group often inflates coefficients and deflates p-values: consider setting small_random_effects=TRUE and see tutorial"	"prevalence"	68	35
"Veillonellaceae_unclassified"	"NGAT"	"NGAT"	"NGAT"	1.96233650687472	0	1.14259004513618	0.0858977442428834	0.848251573748272	0.164417066019751	0.883853044489963	"<4 average observations per random effect group often inflates coefficients and deflates p-values: consider setting small_random_effects=TRUE and see tutorial"	"prevalence"	68	35
"Veillonellaceae_unclassified"	"Reads"	"Reads"	"Reads"	2.28897819845312	0	1.20596362083667	0.0576896107014307	0.848251573748272	0.112051130219979	0.883853044489963	"<4 average observations per random effect group often inflates coefficients and deflates p-values: consider setting small_random_effects=TRUE and see tutorial"	"prevalence"	68	35
"Virgibacillus"	"Group"	"Follow up"	"GroupFollow up"	1.29992556820084	0	0.806285520062734	0.106909777679382	0.848251573748272	0.106909777679382	0.883853044489963	"<4 average observations per random effect group often inflates coefficients and deflates p-values: consider setting small_random_effects=TRUE and see tutorial"	"prevalence"	68	11
"Virgibacillus"	"Reads"	"Reads"	"Reads"	-1.11775970443812	0	0.594957703233725	0.0602825590678934	0.848251573748272	0.0602825590678934	0.883853044489963	"<4 average observations per random effect group often inflates coefficients and deflates p-values: consider setting small_random_effects=TRUE and see tutorial"	"prevalence"	68	11
"HT002"	"Group"	"Follow up"	"GroupFollow up"	-1.22915260541034	0.223859096268211	1.21117226612841	0.298029527826437	0.852672860092302	0.507237456196425	0.930716564081615	NA	"abundance"	68	17
"Limosilactobacillus"	"Reads"	"Reads"	"Reads"	-0.0756408644198822	-0.868634719186846	0.530099293810264	0.294860040555076	0.852672860092302	0.50277763759401	0.930716564081615	NA	"abundance"	68	12
"Actinobaculum"	"NGAT"	"NGAT"	"NGAT"	1.58405516197381	0	1.52997199805645	0.300505897950124	0.852672860092302	0.300505897950124	0.91529579140541	"<4 average observations per random effect group often inflates coefficients and deflates p-values: consider setting small_random_effects=TRUE and see tutorial"	"prevalence"	68	6
"Faecalibacterium"	"Group"	"Follow up"	"GroupFollow up"	-1.87146830095279	0	1.79948914519248	0.298340006528442	0.852672860092302	0.298340006528442	0.91529579140541	"<4 average observations per random effect group often inflates coefficients and deflates p-values: consider setting small_random_effects=TRUE and see tutorial"	"prevalence"	68	5
"Paracoccus"	"Reads"	"Reads"	"Reads"	-0.285990552760512	0	0.273220941007673	0.295220750939488	0.852672860092302	0.503286210093701	0.930716564081615	"<4 average observations per random effect group often inflates coefficients and deflates p-values: consider setting small_random_effects=TRUE and see tutorial"	"prevalence"	68	25
"Pseudomonas"	"NGAT"	"NGAT"	"NGAT"	-0.382084114240568	0	0.36922453327554	0.30074895452868	0.852672860092302	0.511047975407266	0.930716564081615	"<4 average observations per random effect group often inflates coefficients and deflates p-values: consider setting small_random_effects=TRUE and see tutorial"	"prevalence"	68	39
"Uruburuella"	"NGAT"	"NGAT"	"NGAT"	0.37305590252907	0	0.354935209067222	0.293234007624416	0.852672860092302	0.500481832021356	0.930716564081615	"<4 average observations per random effect group often inflates coefficients and deflates p-values: consider setting small_random_effects=TRUE and see tutorial"	"prevalence"	68	31
"Alloscardovia"	"NGAT"	"NGAT"	"NGAT"	1.27943404173713	0.589613783563953	0.627844492200919	0.308424167858009	0.854602542305945	0.521722868397112	0.930716564081615	NA	"abundance"	68	15
"Anaerococcus"	"Reads"	"Reads"	"Reads"	-0.40672813314039	-0.868634719186846	0.434471834529533	0.30782418763615	0.854602542305945	0.205761550647017	0.883853044489963	NA	"abundance"	68	35
"Enhydrobacter"	"NGAT"	"NGAT"	"NGAT"	0.506949847904963	0	0.498711081625061	0.309381771949606	0.854602542305945	0.309381771949606	0.91529579140541	"<4 average observations per random effect group often inflates coefficients and deflates p-values: consider setting small_random_effects=TRUE and see tutorial"	"prevalence"	68	8
"Halomonas"	"Reads"	"Reads"	"Reads"	-1.10475203056339	0	1.08753692361316	0.309710611262038	0.854602542305945	0.309710611262038	0.91529579140541	"<4 average observations per random effect group often inflates coefficients and deflates p-values: consider setting small_random_effects=TRUE and see tutorial"	"prevalence"	68	4
"Howardella"	"NGAT"	"NGAT"	"NGAT"	0.478187877840518	0	0.469410936242183	0.308346467685537	0.854602542305945	0.127231326998913	0.883853044489963	"<4 average observations per random effect group often inflates coefficients and deflates p-values: consider setting small_random_effects=TRUE and see tutorial"	"prevalence"	68	23
"Caulobacter"	"Reads"	"Reads"	"Reads"	-1.22581920552545	-0.868634719186846	0.341575957642901	0.329166254821375	0.866580548407293	0.280322706591948	0.91529579140541	NA	"abundance"	68	41
"Bifidobacterium"	"Age"	"Age"	"Age"	0.414430896235068	0	0.415463206733195	0.318514461631998	0.866580548407293	0.535577460995274	0.930716564081615	"<4 average observations per random effect group often inflates coefficients and deflates p-values: consider setting small_random_effects=TRUE and see tutorial"	"prevalence"	68	44
"Campylobacter"	"Group"	"Follow up"	"GroupFollow up"	-0.836258396972792	0	0.855213850687138	0.328155728457843	0.866580548407293	0.548625274795988	0.930716564081615	"<4 average observations per random effect group often inflates coefficients and deflates p-values: consider setting small_random_effects=TRUE and see tutorial"	"prevalence"	68	20
"Cutibacterium"	"NGAT"	"NGAT"	"NGAT"	0.680793775276663	0	0.692675980340216	0.325683267559617	0.866580548407293	0.545296944350924	0.930716564081615	"<4 average observations per random effect group often inflates coefficients and deflates p-values: consider setting small_random_effects=TRUE and see tutorial"	"prevalence"	68	16
"Fusobacterium"	"Group"	"Follow up"	"GroupFollow up"	-0.738990175124895	0	0.741569221155304	0.318996496953005	0.866580548407293	0.536234228837722	0.930716564081615	"<4 average observations per random effect group often inflates coefficients and deflates p-values: consider setting small_random_effects=TRUE and see tutorial"	"prevalence"	68	13
"HT002"	"Reads"	"Reads"	"Reads"	0.551105517650472	0	0.556283961161985	0.321836483672639	0.866580548407293	0.540094245122509	0.930716564081615	"<4 average observations per random effect group often inflates coefficients and deflates p-values: consider setting small_random_effects=TRUE and see tutorial"	"prevalence"	68	17
"Prevotellaceae_unclassified"	"Group"	"Follow up"	"GroupFollow up"	0.692062457250844	0	0.697025773360489	0.320768781884159	0.866580548407293	0.301876397006271	0.91529579140541	"<4 average observations per random effect group often inflates coefficients and deflates p-values: consider setting small_random_effects=TRUE and see tutorial"	"prevalence"	68	22
"Pseudoalteromonas"	"Reads"	"Reads"	"Reads"	-0.49224801542442	0	0.498226867134799	0.323152775301838	0.866580548407293	0.323152775301838	0.91529579140541	"<4 average observations per random effect group often inflates coefficients and deflates p-values: consider setting small_random_effects=TRUE and see tutorial"	"prevalence"	68	9
"Vibrio"	"Reads"	"Reads"	"Reads"	-0.290873461089896	0	0.297119545427283	0.327590911836251	0.866580548407293	0.547866018154795	0.930716564081615	"<4 average observations per random effect group often inflates coefficients and deflates p-values: consider setting small_random_effects=TRUE and see tutorial"	"prevalence"	68	21
"Facklamia"	"Group"	"Follow up"	"GroupFollow up"	-1.9624307172268	0	2.03366102545344	0.334557661519018	0.871877542140472	0.557186494156963	0.930716564081615	"<4 average observations per random effect group often inflates coefficients and deflates p-values: consider setting small_random_effects=TRUE and see tutorial"	"prevalence"	68	7
"Prevotellaceae_unclassified"	"Reads"	"Reads"	"Reads"	0.296475490069041	0	0.306635952712446	0.333611656345733	0.871877542140472	0.555926575441723	0.930716564081615	"<4 average observations per random effect group often inflates coefficients and deflates p-values: consider setting small_random_effects=TRUE and see tutorial"	"prevalence"	68	22
"Actinomyces"	"Group"	"Follow up"	"GroupFollow up"	-0.948181626282032	0.223859096268211	1.15872708823442	0.338423913623132	0.877521303666011	0.562317081934267	0.930716564081615	NA	"abundance"	68	23
"Achromobacter"	"Group"	"Follow up"	"GroupFollow up"	-0.601629390147279	0.223859096268211	0.717132391013603	0.352945147829529	0.882291531206734	0.327511989731396	0.91529579140541	NA	"abundance"	68	8
"Atopobium"	"Age"	"Age"	"Age"	-0.924912518447635	-0.17233851256154	0.796706851826893	0.356624809039324	0.882291531206734	0.309288047017542	0.91529579140541	NA	"abundance"	68	46
"Bifidobacterium"	"Group"	"Follow up"	"GroupFollow up"	0.903168091510719	0.223859096268211	0.691395640932963	0.362328525580754	0.882291531206734	0.593375090711984	0.930716564081615	NA	"abundance"	68	44
"Cutibacterium"	"Group"	"Follow up"	"GroupFollow up"	1.0162854732833	0.223859096268211	0.761743614307328	0.354646474035388	0.882291531206734	0.373273426304016	0.925840013510537	NA	"abundance"	68	16
"Family XI_unclassified"	"NGAT"	"NGAT"	"NGAT"	-0.181737396896603	0.589613783563953	0.808260852588955	0.365136126872949	0.882291531206734	0.388870896454265	0.925840013510537	NA	"abundance"	68	16
"Finegoldia"	"NGAT"	"NGAT"	"NGAT"	1.06416940197195	0.589613783563953	0.497829594612731	0.36575562625202	0.882291531206734	0.597734074369032	0.930716564081615	NA	"abundance"	68	44
"Fusobacterium"	"Reads"	"Reads"	"Reads"	-1.27226643773954	-0.868634719186846	0.418637749641099	0.376790567201326	0.882291531206734	0.0492280832567847	0.883853044489963	NA	"abundance"	68	13
"Murdochiella"	"NGAT"	"NGAT"	"NGAT"	-1.04450500368721	0.589613783563953	1.66361401357206	0.363706669938236	0.882291531206734	0.302029143055798	0.91529579140541	NA	"abundance"	68	11
"Propionibacteriaceae_unclassified"	"Group"	"Follow up"	"GroupFollow up"	1.17112151989311	0.223859096268211	0.883512903786073	0.347356905351116	0.882291531206734	0.257608200158268	0.904491013889029	NA	"abundance"	68	18
"Stenotrophomonas"	"Group"	"Follow up"	"GroupFollow up"	0.766431426816763	0.223859096268211	0.54675549279	0.379286338397533	0.882291531206734	0.614714550300058	0.938404820747914	NA	"abundance"	68	25
"Veillonellaceae_unclassified"	"Age"	"Age"	"Age"	0.363549836749302	-0.17233851256154	0.580921882905362	0.376045776530027	0.882291531206734	0.186721675437752	0.883853044489963	NA	"abundance"	68	35
"Actinomycetaceae_unclassified"	"Reads"	"Reads"	"Reads"	0.244178153070921	0	0.273577460557893	0.372104881802205	0.882291531206734	0.0345912274910581	0.883853044489963	"<4 average observations per random effect group often inflates coefficients and deflates p-values: consider setting small_random_effects=TRUE and see tutorial"	"prevalence"	68	26
"Alloscardovia"	"NGAT"	"NGAT"	"NGAT"	0.835852824799521	0	0.884196733646155	0.344493240073025	0.882291531206734	0.521722868397112	0.930716564081615	"<4 average observations per random effect group often inflates coefficients and deflates p-values: consider setting small_random_effects=TRUE and see tutorial"	"prevalence"	68	15
"Catenococcus"	"Age"	"Age"	"Age"	-0.626088695159777	0	0.668389101353246	0.348906257500218	0.882291531206734	0.348906257500218	0.925840013510537	"<4 average observations per random effect group often inflates coefficients and deflates p-values: consider setting small_random_effects=TRUE and see tutorial"	"prevalence"	68	4
"Faecalibacterium"	"NGAT"	"NGAT"	"NGAT"	-1.67713429759293	0	1.90876050508241	0.379590542495921	0.882291531206734	0.379590542495921	0.925840013510537	"<4 average observations per random effect group often inflates coefficients and deflates p-values: consider setting small_random_effects=TRUE and see tutorial"	"prevalence"	68	5
"Fastidiosipila"	"Age"	"Age"	"Age"	-0.702350854406169	0	0.74867600642361	0.348180741149783	0.882291531206734	0.348180741149783	0.925840013510537	"<4 average observations per random effect group often inflates coefficients and deflates p-values: consider setting small_random_effects=TRUE and see tutorial"	"prevalence"	68	9
"HT002"	"Group"	"Follow up"	"GroupFollow up"	-0.835177972866329	0	0.933882455813206	0.371157452101314	0.882291531206734	0.507237456196425	0.930716564081615	"<4 average observations per random effect group often inflates coefficients and deflates p-values: consider setting small_random_effects=TRUE and see tutorial"	"prevalence"	68	17
"Idiomarina"	"NGAT"	"NGAT"	"NGAT"	0.639129938064947	0	0.713649628730892	0.370477418141161	0.882291531206734	0.603701318929782	0.930716564081615	"<4 average observations per random effect group often inflates coefficients and deflates p-values: consider setting small_random_effects=TRUE and see tutorial"	"prevalence"	68	12
"Idiomarina"	"Reads"	"Reads"	"Reads"	-0.5482274821351	0	0.613250162362502	0.371337738054697	0.882291531206734	0.604783760405816	0.930716564081615	"<4 average observations per random effect group often inflates coefficients and deflates p-values: consider setting small_random_effects=TRUE and see tutorial"	"prevalence"	68	12
"Limosilactobacillus"	"NGAT"	"NGAT"	"NGAT"	-0.865479940992145	0	0.982127206725944	0.378193354418124	0.882291531206734	0.482007297554711	0.930716564081615	"<4 average observations per random effect group often inflates coefficients and deflates p-values: consider setting small_random_effects=TRUE and see tutorial"	"prevalence"	68	12
"Peptostreptococcus"	"Reads"	"Reads"	"Reads"	0.248667711768992	0	0.278977974373447	0.372740097864066	0.882291531206734	0.216176463215716	0.883853044489963	"<4 average observations per random effect group often inflates coefficients and deflates p-values: consider setting small_random_effects=TRUE and see tutorial"	"prevalence"	68	16
"Propionimicrobium"	"Age"	"Age"	"Age"	1.07602204466853	0	1.19789619301288	0.369047036706127	0.882291531206734	0.601898358110681	0.930716564081615	"<4 average observations per random effect group often inflates coefficients and deflates p-values: consider setting small_random_effects=TRUE and see tutorial"	"prevalence"	68	10
"Propionimicrobium"	"NGAT"	"NGAT"	"NGAT"	1.24118058035856	0	1.32243357283691	0.347957736383046	0.882291531206734	0.574840886457279	0.930716564081615	"<4 average observations per random effect group often inflates coefficients and deflates p-values: consider setting small_random_effects=TRUE and see tutorial"	"prevalence"	68	10
"Paracoccus"	"Age"	"Age"	"Age"	-0.294599405533638	0	0.33698370233228	0.381996011242823	0.883901084310748	0.61807106988022	0.938992586933411	"<4 average observations per random effect group often inflates coefficients and deflates p-values: consider setting small_random_effects=TRUE and see tutorial"	"prevalence"	68	25
"Howardella"	"Age"	"Age"	"Age"	-0.57821136140757	-0.17233851256154	0.433138174504004	0.38666847003358	0.886318778144759	0.243267608092484	0.894549332081211	NA	"abundance"	68	23
"Prevotellaceae_unclassified"	"Age"	"Age"	"Age"	0.574396081300312	-0.17233851256154	0.838901795353524	0.388541254671406	0.886318778144759	0.626118202761182	0.940200475853626	NA	"abundance"	68	22
"Veillonella"	"Group"	"Follow up"	"GroupFollow up"	4.00103649214066	0.223859096268211	2.79842007167504	0.388422217518577	0.886318778144759	0.476199916342166	0.930716564081615	NA	"abundance"	68	11
"Actinotignum"	"Group"	"Follow up"	"GroupFollow up"	-0.741126810669649	0	0.861998107579797	0.389911555501667	0.886318778144759	0.627792089889605	0.940200475853626	"<4 average observations per random effect group often inflates coefficients and deflates p-values: consider setting small_random_effects=TRUE and see tutorial"	"prevalence"	68	18
"Negativicoccus"	"Age"	"Age"	"Age"	1.1356023727647	0	1.33028462382844	0.393296902729831	0.890092990388565	0.393296902729831	0.925840013510537	"<4 average observations per random effect group often inflates coefficients and deflates p-values: consider setting small_random_effects=TRUE and see tutorial"	"prevalence"	68	5
"Veillonellaceae_unclassified"	"NGAT"	"NGAT"	"NGAT"	1.13742157063114	0.589613783563953	0.622213216614708	0.395032220804375	0.890116270458767	0.164417066019751	0.883853044489963	NA	"abundance"	68	35
"Idiomarina"	"Reads"	"Reads"	"Reads"	-1.51677217022758	-0.868634719186846	0.724177208231573	0.401370739391994	0.890477782050797	0.604783760405816	0.930716564081615	NA	"abundance"	68	12
"Porphyromonas"	"NGAT"	"NGAT"	"NGAT"	-0.310153873388323	0.589613783563953	1.03485113915757	0.402033739051354	0.890477782050797	0.0712902982955018	0.883853044489963	NA	"abundance"	68	18
"Vibrio"	"NGAT"	"NGAT"	"NGAT"	0.925277508892596	0.589613783563953	0.357066420292798	0.402095587631465	0.890477782050797	0.642510313670236	0.946760898667475	NA	"abundance"	68	21
"Atopobiaceae_unclassified"	"Group"	"Follow up"	"GroupFollow up"	1.04072215375528	0	1.22942251603591	0.397266619611933	0.890477782050797	0.397266619611933	0.925840013510537	"<4 average observations per random effect group often inflates coefficients and deflates p-values: consider setting small_random_effects=TRUE and see tutorial"	"prevalence"	68	6
"Alkalibacterium"	"Group"	"Follow up"	"GroupFollow up"	0.715379010281117	0.223859096268211	0.544042298099207	0.41562755670295	0.890626548586443	0.658508847515036	0.946760898667475	NA	"abundance"	68	35
"Facklamia"	"NGAT"	"NGAT"	"NGAT"	-0.392586589459882	0.589613783563953	0.947406031477344	0.412328912964206	0.890626548586443	0.386343426643713	0.925840013510537	NA	"abundance"	68	7
"Fusobacterium"	"NGAT"	"NGAT"	"NGAT"	-0.155669489010212	0.589613783563953	0.849051346751229	0.408849484924968	0.890626548586443	0.650541068526525	0.946760898667475	NA	"abundance"	68	13
"Pseudomonas"	"NGAT"	"NGAT"	"NGAT"	1.08983871430025	0.589613783563953	0.586988124886122	0.410578545795247	0.890626548586443	0.511047975407266	0.930716564081615	NA	"abundance"	68	39
"Arcanobacterium"	"Group"	"Follow up"	"GroupFollow up"	-0.826308355515085	0	1.01583077144991	0.415970926762273	0.890626548586443	0.415970926762273	0.925840013510537	"<4 average observations per random effect group often inflates coefficients and deflates p-values: consider setting small_random_effects=TRUE and see tutorial"	"prevalence"	68	10
"Atopobium"	"Group"	"Follow up"	"GroupFollow up"	0.515805619446265	0	0.62823562459282	0.411624352740148	0.890626548586443	0.65381409771155	0.946760898667475	"<4 average observations per random effect group often inflates coefficients and deflates p-values: consider setting small_random_effects=TRUE and see tutorial"	"prevalence"	68	46
"Eggerthellaceae_unclassified"	"Group"	"Follow up"	"GroupFollow up"	0.875904891374865	0	1.06442857673077	0.410572013947836	0.890626548586443	0.410572013947836	0.925840013510537	"<4 average observations per random effect group often inflates coefficients and deflates p-values: consider setting small_random_effects=TRUE and see tutorial"	"prevalence"	68	6
"Enhydrobacter"	"Reads"	"Reads"	"Reads"	-0.41905992406939	0	0.514249130366673	0.415131436988853	0.890626548586443	0.415131436988853	0.925840013510537	"<4 average observations per random effect group often inflates coefficients and deflates p-values: consider setting small_random_effects=TRUE and see tutorial"	"prevalence"	68	8
"Enterococcus"	"Age"	"Age"	"Age"	-0.503447706616616	-0.17233851256154	0.389944966394914	0.433505431361932	0.901970978156278	0.293893727747911	0.91529579140541	NA	"abundance"	68	34
"Pseudomonas"	"Reads"	"Reads"	"Reads"	-0.446629842373486	-0.868634719186846	0.527080599999871	0.433069163984676	0.901970978156278	0.063995581254748	0.883853044489963	NA	"abundance"	68	39
"Facklamia"	"Age"	"Age"	"Age"	0.989067561336393	0	1.24364935066643	0.42644217808959	0.901970978156278	0.671031424925387	0.946760898667475	"<4 average observations per random effect group often inflates coefficients and deflates p-values: consider setting small_random_effects=TRUE and see tutorial"	"prevalence"	68	7
"Limosilactobacillus"	"Age"	"Age"	"Age"	-0.924225209606769	0	1.17722547869486	0.432402167690183	0.901970978156278	0.677832700757197	0.946760898667475	"<4 average observations per random effect group often inflates coefficients and deflates p-values: consider setting small_random_effects=TRUE and see tutorial"	"prevalence"	68	12
"Propionibacteriaceae_unclassified"	"Age"	"Age"	"Age"	-0.326128687039775	0	0.413909474794881	0.430741899579386	0.901970978156278	0.675945215105515	0.946760898667475	"<4 average observations per random effect group often inflates coefficients and deflates p-values: consider setting small_random_effects=TRUE and see tutorial"	"prevalence"	68	18
"Staphylococcus"	"Group"	"Follow up"	"GroupFollow up"	-0.587702013385635	0	0.745481735480445	0.430490842070079	0.901970978156278	0.675659319033952	0.946760898667475	"<4 average observations per random effect group often inflates coefficients and deflates p-values: consider setting small_random_effects=TRUE and see tutorial"	"prevalence"	68	23
"Stenotrophomonas"	"Group"	"Follow up"	"GroupFollow up"	-0.455723998527562	0	0.569918610862089	0.423925221260005	0.901970978156278	0.614714550300058	0.938404820747914	"<4 average observations per random effect group often inflates coefficients and deflates p-values: consider setting small_random_effects=TRUE and see tutorial"	"prevalence"	68	25
"Mobiluncus"	"NGAT"	"NGAT"	"NGAT"	-0.271842509493147	0.589613783563953	1.06811367087796	0.43570306143	0.902902729710361	0.212859566718033	0.883853044489963	NA	"abundance"	68	18
"Murdochiella"	"Age"	"Age"	"Age"	-0.654985386319043	0	0.844058328081415	0.437751697442149	0.903519503520595	0.683876846270815	0.946760898667475	"<4 average observations per random effect group often inflates coefficients and deflates p-values: consider setting small_random_effects=TRUE and see tutorial"	"prevalence"	68	11
"Bifidobacterium"	"Age"	"Age"	"Age"	0.463622622903364	-0.17233851256154	0.815402953677739	0.444250598503652	0.909655987412241	0.535577460995274	0.930716564081615	NA	"abundance"	68	44
"Ureaplasma"	"Age"	"Age"	"Age"	0.709091501583322	0	0.924302625352103	0.442984141184615	0.909655987412241	0.442984141184615	0.930716564081615	"<4 average observations per random effect group often inflates coefficients and deflates p-values: consider setting small_random_effects=TRUE and see tutorial"	"prevalence"	68	6
"Lacticaseibacillus"	"NGAT"	"NGAT"	"NGAT"	2.0221152844896	0.589613783563953	1.4001705394986	0.450126185241333	0.912699398455334	0.319235390831406	0.91529579140541	NA	"abundance"	68	10
"Prevotella"	"Group"	"Follow up"	"GroupFollow up"	-0.65567200189549	0.223859096268211	1.12489409991428	0.448696582835248	0.912699398455334	0.696064542222467	0.946760898667475	NA	"abundance"	68	38
"Corynebacterium"	"Reads"	"Reads"	"Reads"	-0.621150220808686	0	0.827389361023906	0.452812104660011	0.912699398455334	0.700585407193393	0.946760898667475	"<4 average observations per random effect group often inflates coefficients and deflates p-values: consider setting small_random_effects=TRUE and see tutorial"	"prevalence"	68	64
"Propionibacteriaceae_unclassified"	"NGAT"	"NGAT"	"NGAT"	0.311686767758139	0	0.414747067262997	0.4523454958297	0.912699398455334	0.700074544061983	0.946760898667475	"<4 average observations per random effect group often inflates coefficients and deflates p-values: consider setting small_random_effects=TRUE and see tutorial"	"prevalence"	68	18
"Staphylococcus"	"Group"	"Follow up"	"GroupFollow up"	-0.721231222074392	0.223859096268211	1.23664581204924	0.458142392393093	0.919850095232826	0.675659319033952	0.946760898667475	NA	"abundance"	68	23
"Porphyromonas"	"Age"	"Age"	"Age"	0.467026066085411	-0.17233851256154	0.835350947248565	0.460870749461399	0.921741498922798	0.709339651213686	0.946760898667475	NA	"abundance"	68	18
"Family XI_unclassified"	"Group"	"Follow up"	"GroupFollow up"	-0.611846941248915	0	0.83633035441681	0.464421761186115	0.925257253946083	0.713155950109017	0.946760898667475	"<4 average observations per random effect group often inflates coefficients and deflates p-values: consider setting small_random_effects=TRUE and see tutorial"	"prevalence"	68	16
"Enterococcus"	"Reads"	"Reads"	"Reads"	-0.621347054832456	-0.868634719186846	0.32022303456979	0.46629347807806	0.925413210339534	0.402031815583065	0.925840013510537	NA	"abundance"	68	34
"Actinomyces"	"Age"	"Age"	"Age"	0.360081307421247	-0.17233851256154	0.977511894982096	0.594067900850556	0.926255036098601	0.729031052211616	0.946760898667475	NA	"abundance"	68	23
"Actinomycetaceae_unclassified"	"Age"	"Age"	"Age"	-0.677522367772526	-0.17233851256154	0.677859219210323	0.472927494168014	0.926255036098601	0.722194573595991	0.946760898667475	NA	"abundance"	68	26
"Atopobium"	"Group"	"Follow up"	"GroupFollow up"	-0.30141339513485	0.223859096268211	0.964545213516364	0.595839546414952	0.926255036098601	0.65381409771155	0.946760898667475	NA	"abundance"	68	46
"Campylobacter"	"Reads"	"Reads"	"Reads"	-1.4125237360853	-0.868634719186846	0.732911544959676	0.470970460236714	0.926255036098601	0.367303664063782	0.925840013510537	NA	"abundance"	68	20
"Corynebacteriaceae_unclassified"	"Age"	"Age"	"Age"	-0.426268667137796	-0.17233851256154	0.31939407199131	0.4770980936502	0.926255036098601	0.726573596335745	0.946760898667475	NA	"abundance"	68	44
"Corynebacteriaceae_unclassified"	"Reads"	"Reads"	"Reads"	-1.02137507173312	-0.868634719186846	0.260476769389458	0.595361312354709	0.926255036098601	0.226651978231001	0.883853044489963	NA	"abundance"	68	44
"Dialister"	"Reads"	"Reads"	"Reads"	-0.580502448965101	-0.868634719186846	0.453986420747955	0.534359896353402	0.926255036098601	0.489866661634155	0.930716564081615	NA	"abundance"	68	36
"Facklamia"	"Reads"	"Reads"	"Reads"	-0.142894417598143	-0.868634719186846	1.04767282758816	0.558367285706679	0.926255036098601	0.789988437384426	0.946760898667475	NA	"abundance"	68	7
"Family XI_unclassified"	"Age"	"Age"	"Age"	0.235138475644567	-0.17233851256154	0.638839944757499	0.541552370332507	0.926255036098601	0.750581314051265	0.946760898667475	NA	"abundance"	68	16
"Family XI_unclassified"	"Reads"	"Reads"	"Reads"	-1.13409370985619	-0.868634719186846	0.38865873973529	0.521658756300141	0.926255036098601	0.208997089957357	0.883853044489963	NA	"abundance"	68	16
"Finegoldia"	"Age"	"Age"	"Age"	-0.421791060800858	-0.17233851256154	0.449428152495455	0.599867068890534	0.926255036098601	0.76880309541846	0.946760898667475	NA	"abundance"	68	44
"Fusobacterium"	"Age"	"Age"	"Age"	0.288040246516837	-0.17233851256154	0.704806032316133	0.537571728091655	0.926255036098601	0.773297555642204	0.946760898667475	NA	"abundance"	68	13
"Gardnerella"	"Reads"	"Reads"	"Reads"	-1.14788421583896	-0.868634719186846	0.528214700570643	0.603318479074165	0.926255036098601	0.447550265452762	0.930716564081615	NA	"abundance"	68	47
"HT002"	"Reads"	"Reads"	"Reads"	-1.33248357594804	-0.868634719186846	0.657594340657414	0.501606108217619	0.926255036098601	0.540094245122509	0.930716564081615	NA	"abundance"	68	17
"Microbacteriaceae_unclassified"	"Group"	"Follow up"	"GroupFollow up"	-0.135391119910515	0.223859096268211	0.491968802317422	0.526956576892188	0.926255036098601	0.776229919854444	0.946760898667475	NA	"abundance"	68	19
"Mobiluncus"	"Age"	"Age"	"Age"	0.437739746557046	-0.17233851256154	0.848617610282253	0.488463566620972	0.926255036098601	0.738330477325863	0.946760898667475	NA	"abundance"	68	18
"Mobiluncus"	"Reads"	"Reads"	"Reads"	-1.22089484826824	-0.868634719186846	0.520953270307667	0.516145215551915	0.926255036098601	0.111759655895371	0.883853044489963	NA	"abundance"	68	18
"Murdochiella"	"Age"	"Age"	"Age"	0.743060354588194	-0.17233851256154	1.43630590090802	0.546881922204791	0.926255036098601	0.683876846270815	0.946760898667475	NA	"abundance"	68	11
"Peptoniphilus"	"Age"	"Age"	"Age"	-0.603518727452696	-0.17233851256154	0.574583986876663	0.471111065435016	0.926255036098601	0.720276494894716	0.946760898667475	NA	"abundance"	68	34
"Peptostreptococcus"	"Group"	"Follow up"	"GroupFollow up"	1.76035288035268	0.223859096268211	2.0872526616895	0.476407751377234	0.926255036098601	0.725851157182155	0.946760898667475	NA	"abundance"	68	16
"Peptostreptococcus"	"NGAT"	"NGAT"	"NGAT"	1.54562588890999	0.589613783563953	1.73987367059769	0.593130883184197	0.926255036098601	0.487930170275346	0.930716564081615	NA	"abundance"	68	16
"Prevotellaceae_unclassified"	"NGAT"	"NGAT"	"NGAT"	-0.0838958409454688	0.589613783563953	0.939063397883841	0.484898959724742	0.926255036098601	0.35798061613695	0.925840013510537	NA	"abundance"	68	22
"Propionibacteriaceae_unclassified"	"NGAT"	"NGAT"	"NGAT"	0.891708973690188	0.589613783563953	0.476341977457806	0.554132337201903	0.926255036098601	0.700074544061983	0.946760898667475	NA	"abundance"	68	18
"Propionibacteriaceae_unclassified"	"Reads"	"Reads"	"Reads"	-1.23290599713556	-0.868634719186846	0.546226241586479	0.520824214831102	0.926255036098601	0.200942987735466	0.883853044489963	NA	"abundance"	68	18
"Propionimicrobium"	"Group"	"Follow up"	"GroupFollow up"	-0.652096065311293	0.223859096268211	1.07112601816335	0.519191475174736	0.926255036098601	0.768823162455353	0.946760898667475	NA	"abundance"	68	10
"Staphylococcus"	"NGAT"	"NGAT"	"NGAT"	0.180833973584217	0.589613783563953	0.727087243049797	0.584062966776767	0.926255036098601	0.826996384393455	0.946760898667475	NA	"abundance"	68	23
"Uruburuella"	"Age"	"Age"	"Age"	-0.399701553160487	-0.17233851256154	0.336479789695666	0.54274599358062	0.926255036098601	0.790918773613426	0.946760898667475	NA	"abundance"	68	31
"Veillonella"	"Reads"	"Reads"	"Reads"	-3.53892141261405	-0.868634719186846	0.911372003004611	0.555453521483806	0.926255036098601	0.802378428438851	0.946760898667475	NA	"abundance"	68	11
"Veillonellaceae_unclassified"	"Group"	"Follow up"	"GroupFollow up"	0.794831099039228	0.223859096268211	1.04543100707905	0.593800436940515	0.926255036098601	0.269425464303108	0.91529579140541	NA	"abundance"	68	35
"Achromobacter"	"Age"	"Age"	"Age"	-0.593967416627189	0	0.90966980699284	0.513789564855186	0.926255036098601	0.381302331134098	0.925840013510537	"<4 average observations per random effect group often inflates coefficients and deflates p-values: consider setting small_random_effects=TRUE and see tutorial"	"prevalence"	68	8
"Actinobaculum"	"Group"	"Follow up"	"GroupFollow up"	0.958492258583015	0	1.84615889568089	0.603633909065705	0.926255036098601	0.603633909065705	0.930716564081615	"<4 average observations per random effect group often inflates coefficients and deflates p-values: consider setting small_random_effects=TRUE and see tutorial"	"prevalence"	68	6
"Actinomyces"	"Age"	"Age"	"Age"	0.303187147095084	0	0.428725612673685	0.479453222286043	0.926255036098601	0.729031052211616	0.946760898667475	"<4 average observations per random effect group often inflates coefficients and deflates p-values: consider setting small_random_effects=TRUE and see tutorial"	"prevalence"	68	23
"Actinomycetaceae_unclassified"	"Age"	"Age"	"Age"	-0.197797554387463	0	0.364244485749856	0.587105609941047	0.926255036098601	0.722194573595991	0.946760898667475	"<4 average observations per random effect group often inflates coefficients and deflates p-values: consider setting small_random_effects=TRUE and see tutorial"	"prevalence"	68	26
"Actinotignum"	"Age"	"Age"	"Age"	0.354857106524293	0	0.590011958075157	0.547546608549355	0.926255036098601	0.79528592856481	0.946760898667475	"<4 average observations per random effect group often inflates coefficients and deflates p-values: consider setting small_random_effects=TRUE and see tutorial"	"prevalence"	68	18
"Aerococcus"	"Group"	"Follow up"	"GroupFollow up"	-0.838606225463	0	1.57760802208156	0.595025107990958	0.926255036098601	0.595025107990958	0.930716564081615	"<4 average observations per random effect group often inflates coefficients and deflates p-values: consider setting small_random_effects=TRUE and see tutorial"	"prevalence"	68	9
"Alcaligenes"	"Age"	"Age"	"Age"	-0.686169490895366	0	1.29321999102298	0.595702982669446	0.926255036098601	0.595702982669446	0.930716564081615	"<4 average observations per random effect group often inflates coefficients and deflates p-values: consider setting small_random_effects=TRUE and see tutorial"	"prevalence"	68	5
"Alkalibacterium"	"NGAT"	"NGAT"	"NGAT"	0.197253112314627	0	0.349949683017452	0.572984622758204	0.926255036098601	0.817657867599047	0.946760898667475	"<4 average observations per random effect group often inflates coefficients and deflates p-values: consider setting small_random_effects=TRUE and see tutorial"	"prevalence"	68	35
"Arcanobacterium"	"Age"	"Age"	"Age"	-0.362524756780356	0	0.568529980728515	0.523699691034014	0.926255036098601	0.523699691034014	0.930716564081615	"<4 average observations per random effect group often inflates coefficients and deflates p-values: consider setting small_random_effects=TRUE and see tutorial"	"prevalence"	68	10
"Atopobiaceae_unclassified"	"Age"	"Age"	"Age"	-0.493162399086579	0	0.853966573579397	0.563604346095409	0.926255036098601	0.563604346095409	0.930716564081615	"<4 average observations per random effect group often inflates coefficients and deflates p-values: consider setting small_random_effects=TRUE and see tutorial"	"prevalence"	68	6
"Brevibacterium"	"Age"	"Age"	"Age"	-0.212870167986395	0	0.383242050816946	0.578589807789027	0.926255036098601	0.578589807789027	0.930716564081615	"<4 average observations per random effect group often inflates coefficients and deflates p-values: consider setting small_random_effects=TRUE and see tutorial"	"prevalence"	68	15
"Brevibacterium"	"NGAT"	"NGAT"	"NGAT"	0.261762541047746	0	0.392150210327035	0.504449104221145	0.926255036098601	0.504449104221145	0.930716564081615	"<4 average observations per random effect group often inflates coefficients and deflates p-values: consider setting small_random_effects=TRUE and see tutorial"	"prevalence"	68	15
"Brucella"	"Group"	"Follow up"	"GroupFollow up"	0.484926599716143	0	0.88462254039193	0.58357280296687	0.926255036098601	0.58357280296687	0.930716564081615	"<4 average observations per random effect group often inflates coefficients and deflates p-values: consider setting small_random_effects=TRUE and see tutorial"	"prevalence"	68	7
"Campylobacter"	"NGAT"	"NGAT"	"NGAT"	0.356035767855876	0	0.632769013030193	0.57366432268328	0.926255036098601	0.818237890246893	0.946760898667475	"<4 average observations per random effect group often inflates coefficients and deflates p-values: consider setting small_random_effects=TRUE and see tutorial"	"prevalence"	68	20
"Catenococcus"	"Group"	"Follow up"	"GroupFollow up"	0.733525428759265	0	1.18976290003392	0.537544274741904	0.926255036098601	0.537544274741904	0.930716564081615	"<4 average observations per random effect group often inflates coefficients and deflates p-values: consider setting small_random_effects=TRUE and see tutorial"	"prevalence"	68	4
"Caulobacter"	"NGAT"	"NGAT"	"NGAT"	-0.195657057629364	0	0.360765193551213	0.587584949026671	0.926255036098601	0.829913825730667	0.946760898667475	"<4 average observations per random effect group often inflates coefficients and deflates p-values: consider setting small_random_effects=TRUE and see tutorial"	"prevalence"	68	41
"Clostridium sensu stricto 1"	"Reads"	"Reads"	"Reads"	-0.612071914260621	0	0.989836892423649	0.536340473526899	0.926255036098601	0.536340473526899	0.930716564081615	"<4 average observations per random effect group often inflates coefficients and deflates p-values: consider setting small_random_effects=TRUE and see tutorial"	"prevalence"	68	5
"Corynebacteriaceae_unclassified"	"Group"	"Follow up"	"GroupFollow up"	-0.328266534263945	0	0.573371361444416	0.566969784713388	0.926255036098601	0.118022804399043	0.883853044489963	"<4 average observations per random effect group often inflates coefficients and deflates p-values: consider setting small_random_effects=TRUE and see tutorial"	"prevalence"	68	44
"Corynebacteriaceae_unclassified"	"NGAT"	"NGAT"	"NGAT"	-0.237820967682732	0	0.364128140501818	0.513676093076823	0.926255036098601	0.289301975289069	0.91529579140541	"<4 average observations per random effect group often inflates coefficients and deflates p-values: consider setting small_random_effects=TRUE and see tutorial"	"prevalence"	68	44
"Corynebacterium"	"Group"	"Follow up"	"GroupFollow up"	-1.09068216511878	0	1.88874700327598	0.563626492358147	0.926255036098601	0.809578161828345	0.946760898667475	"<4 average observations per random effect group often inflates coefficients and deflates p-values: consider setting small_random_effects=TRUE and see tutorial"	"prevalence"	68	64
"DNF00809"	"Age"	"Age"	"Age"	0.31512723565866	0	0.495787896904751	0.525031319969555	0.926255036098601	0.525031319969555	0.930716564081615	"<4 average observations per random effect group often inflates coefficients and deflates p-values: consider setting small_random_effects=TRUE and see tutorial"	"prevalence"	68	8
"Escherichia-Shigella"	"Reads"	"Reads"	"Reads"	-0.407722256114633	0	0.693050451595703	0.55633029155275	0.926255036098601	0.803157189806332	0.946760898667475	"<4 average observations per random effect group often inflates coefficients and deflates p-values: consider setting small_random_effects=TRUE and see tutorial"	"prevalence"	68	13
"Facklamia"	"Reads"	"Reads"	"Reads"	-0.925006360060638	0	1.51590866961234	0.541729814830187	0.926255036098601	0.789988437384426	0.946760898667475	"<4 average observations per random effect group often inflates coefficients and deflates p-values: consider setting small_random_effects=TRUE and see tutorial"	"prevalence"	68	7
"Faecalibacterium"	"Age"	"Age"	"Age"	0.874218861109974	0	1.5784752451442	0.579690028051643	0.926255036098601	0.579690028051643	0.930716564081615	"<4 average observations per random effect group often inflates coefficients and deflates p-values: consider setting small_random_effects=TRUE and see tutorial"	"prevalence"	68	5
"Family XI_unclassified"	"Age"	"Age"	"Age"	-0.384569011048379	0	0.570937314263176	0.500581652370746	0.926255036098601	0.750581314051265	0.946760898667475	"<4 average observations per random effect group often inflates coefficients and deflates p-values: consider setting small_random_effects=TRUE and see tutorial"	"prevalence"	68	16
"Fastidiosipila"	"NGAT"	"NGAT"	"NGAT"	0.350894025521142	0	0.669231313122494	0.600053220902981	0.926255036098601	0.600053220902981	0.930716564081615	"<4 average observations per random effect group often inflates coefficients and deflates p-values: consider setting small_random_effects=TRUE and see tutorial"	"prevalence"	68	9
"Fastidiosipila"	"Reads"	"Reads"	"Reads"	-0.298300110520681	0	0.579108430268769	0.606481504047249	0.926255036098601	0.606481504047249	0.930716564081615	"<4 average observations per random effect group often inflates coefficients and deflates p-values: consider setting small_random_effects=TRUE and see tutorial"	"prevalence"	68	9
"Fenollaria"	"Age"	"Age"	"Age"	-0.584915615781653	0	1.01563465920984	0.564675044874993	0.926255036098601	0.810492183445411	0.946760898667475	"<4 average observations per random effect group often inflates coefficients and deflates p-values: consider setting small_random_effects=TRUE and see tutorial"	"prevalence"	68	8
"Finegoldia"	"Age"	"Age"	"Age"	0.307346395263634	0	0.476783669773197	0.51917060761478	0.926255036098601	0.76880309541846	0.946760898667475	"<4 average observations per random effect group often inflates coefficients and deflates p-values: consider setting small_random_effects=TRUE and see tutorial"	"prevalence"	68	44
"Finegoldia"	"Group"	"Follow up"	"GroupFollow up"	-0.391128124155243	0	0.683722402524704	0.567283420930467	0.926255036098601	0.81275636219836	0.946760898667475	"<4 average observations per random effect group often inflates coefficients and deflates p-values: consider setting small_random_effects=TRUE and see tutorial"	"prevalence"	68	44
"Fusobacterium"	"Age"	"Age"	"Age"	-0.273614216429423	0	0.429269075301932	0.523867198821804	0.926255036098601	0.773297555642204	0.946760898667475	"<4 average observations per random effect group often inflates coefficients and deflates p-values: consider setting small_random_effects=TRUE and see tutorial"	"prevalence"	68	13
"Fusobacterium"	"NGAT"	"NGAT"	"NGAT"	0.248701879451639	0	0.451705081684876	0.581918441179576	0.926255036098601	0.650541068526525	0.946760898667475	"<4 average observations per random effect group often inflates coefficients and deflates p-values: consider setting small_random_effects=TRUE and see tutorial"	"prevalence"	68	13
"Lacticaseibacillus"	"Age"	"Age"	"Age"	0.667964101009936	0	1.10526759174429	0.545613597502463	0.926255036098601	0.793532997225346	0.946760898667475	"<4 average observations per random effect group often inflates coefficients and deflates p-values: consider setting small_random_effects=TRUE and see tutorial"	"prevalence"	68	10
"Microbacteriaceae_unclassified"	"Age"	"Age"	"Age"	-0.254662273747129	0	0.363313128628036	0.483337764387687	0.926255036098601	0.733060134292087	0.946760898667475	"<4 average observations per random effect group often inflates coefficients and deflates p-values: consider setting small_random_effects=TRUE and see tutorial"	"prevalence"	68	19
"Negativicoccus"	"Reads"	"Reads"	"Reads"	-0.945605007417263	0	1.49770237832829	0.52779834018249	0.926255036098601	0.52779834018249	0.930716564081615	"<4 average observations per random effect group often inflates coefficients and deflates p-values: consider setting small_random_effects=TRUE and see tutorial"	"prevalence"	68	5
"Parvimonas"	"Group"	"Follow up"	"GroupFollow up"	-0.619055687971742	0	0.962876015439917	0.520273692794083	0.926255036098601	0.520273692794083	0.930716564081615	"<4 average observations per random effect group often inflates coefficients and deflates p-values: consider setting small_random_effects=TRUE and see tutorial"	"prevalence"	68	7
"Peptostreptococcus"	"Group"	"Follow up"	"GroupFollow up"	-0.462984681301105	0	0.652794506166669	0.478178686005923	0.926255036098601	0.725851157182155	0.946760898667475	"<4 average observations per random effect group often inflates coefficients and deflates p-values: consider setting small_random_effects=TRUE and see tutorial"	"prevalence"	68	16
"Porphyromonas"	"Age"	"Age"	"Age"	-0.261798386055951	0	0.494339033319697	0.596394296909676	0.926255036098601	0.709339651213686	0.946760898667475	"<4 average observations per random effect group often inflates coefficients and deflates p-values: consider setting small_random_effects=TRUE and see tutorial"	"prevalence"	68	18
"Prevotella_7"	"Age"	"Age"	"Age"	0.607593400673604	0	1.00550710380039	0.545667041888156	0.926255036098601	0.545667041888156	0.930716564081615	"<4 average observations per random effect group often inflates coefficients and deflates p-values: consider setting small_random_effects=TRUE and see tutorial"	"prevalence"	68	8
"Prevotellaceae_unclassified"	"Age"	"Age"	"Age"	-0.260909991277724	0	0.433273485507158	0.547052232165231	0.926255036098601	0.626118202761182	0.940200475853626	"<4 average observations per random effect group often inflates coefficients and deflates p-values: consider setting small_random_effects=TRUE and see tutorial"	"prevalence"	68	22
"Propionimicrobium"	"Group"	"Follow up"	"GroupFollow up"	-0.778931229393067	0	1.50547920038057	0.604878679093502	0.926255036098601	0.768823162455353	0.946760898667475	"<4 average observations per random effect group often inflates coefficients and deflates p-values: consider setting small_random_effects=TRUE and see tutorial"	"prevalence"	68	10
"Pseudonocardiaceae_unclassified"	"Group"	"Follow up"	"GroupFollow up"	-0.637975915171693	0	0.994630435377408	0.521249802191141	0.926255036098601	0.521249802191141	0.930716564081615	"<4 average observations per random effect group often inflates coefficients and deflates p-values: consider setting small_random_effects=TRUE and see tutorial"	"prevalence"	68	7
"S5-A14a"	"Reads"	"Reads"	"Reads"	0.38209016010927	0	0.626687711647028	0.54206196878902	0.926255036098601	0.54206196878902	0.930716564081615	"<4 average observations per random effect group often inflates coefficients and deflates p-values: consider setting small_random_effects=TRUE and see tutorial"	"prevalence"	68	5
"Stenotrophomonas"	"NGAT"	"NGAT"	"NGAT"	-0.199543919870055	0	0.36343072479108	0.582966831073085	0.926255036098601	0.826083336014775	0.946760898667475	"<4 average observations per random effect group often inflates coefficients and deflates p-values: consider setting small_random_effects=TRUE and see tutorial"	"prevalence"	68	25
"Sutterella"	"Age"	"Age"	"Age"	-0.387919992384376	0	0.753619470335193	0.606732950002572	0.926255036098601	0.606732950002572	0.930716564081615	"<4 average observations per random effect group often inflates coefficients and deflates p-values: consider setting small_random_effects=TRUE and see tutorial"	"prevalence"	68	7
"Sutterella"	"NGAT"	"NGAT"	"NGAT"	-0.485153348966467	0	0.727248524446699	0.504703115062026	0.926255036098601	0.504703115062026	0.930716564081615	"<4 average observations per random effect group often inflates coefficients and deflates p-values: consider setting small_random_effects=TRUE and see tutorial"	"prevalence"	68	7
"Ureaplasma"	"Group"	"Follow up"	"GroupFollow up"	0.731809290161089	0	1.28501160975071	0.569019416358719	0.926255036098601	0.569019416358719	0.930716564081615	"<4 average observations per random effect group often inflates coefficients and deflates p-values: consider setting small_random_effects=TRUE and see tutorial"	"prevalence"	68	6
"Varibaculum"	"Age"	"Age"	"Age"	-0.340827569387918	0	0.505963299790667	0.500552216424347	0.926255036098601	0.750551911481367	0.946760898667475	"<4 average observations per random effect group often inflates coefficients and deflates p-values: consider setting small_random_effects=TRUE and see tutorial"	"prevalence"	68	14
"Varibaculum"	"Group"	"Follow up"	"GroupFollow up"	0.500559364535405	0	0.785354791016588	0.523885704400477	0.926255036098601	0.77331517752577	0.946760898667475	"<4 average observations per random effect group often inflates coefficients and deflates p-values: consider setting small_random_effects=TRUE and see tutorial"	"prevalence"	68	14
"Cutibacterium"	"NGAT"	"NGAT"	"NGAT"	0.89711709125952	0.589613783563953	0.583560620557402	0.615987097804442	0.934851007256153	0.545296944350924	0.930716564081615	NA	"abundance"	68	16
"Gardnerella"	"NGAT"	"NGAT"	"NGAT"	0.214791923830023	0.589613783563953	0.728881513816115	0.615029728249062	0.934851007256153	0.851797889868009	0.964760334044053	NA	"abundance"	68	47
"Escherichia-Shigella"	"Group"	"Follow up"	"GroupFollow up"	0.620308599035675	0	1.24321154675725	0.61780996312164	0.934867862084359	0.107093442019454	0.883853044489963	"<4 average observations per random effect group often inflates coefficients and deflates p-values: consider setting small_random_effects=TRUE and see tutorial"	"prevalence"	68	13
"Actinotignum"	"Reads"	"Reads"	"Reads"	0.206430267262833	0	0.419206435253339	0.622414649917695	0.9385512019833	0.857429303403223	0.96552700809874	"<4 average observations per random effect group often inflates coefficients and deflates p-values: consider setting small_random_effects=TRUE and see tutorial"	"prevalence"	68	18
"Ureaplasma"	"NGAT"	"NGAT"	"NGAT"	-0.472047791213622	0	0.962663149618378	0.623881903643938	0.9385512019833	0.623881903643938	0.940200475853626	"<4 average observations per random effect group often inflates coefficients and deflates p-values: consider setting small_random_effects=TRUE and see tutorial"	"prevalence"	68	6
"Murdochiella"	"Reads"	"Reads"	"Reads"	-1.417387979021	-0.868634719186846	1.09008196280753	0.630435186001423	0.943557138254428	0.863421848254197	0.96552700809874	NA	"abundance"	68	11
"Peptoniphilus"	"Age"	"Age"	"Age"	-0.19647405071502	0	0.408888767849537	0.630866691274763	0.943557138254428	0.720276494894716	0.946760898667475	"<4 average observations per random effect group often inflates coefficients and deflates p-values: consider setting small_random_effects=TRUE and see tutorial"	"prevalence"	68	34
"Anaerococcus"	"Group"	"Follow up"	"GroupFollow up"	-0.261081134457182	0.223859096268211	0.99146992098597	0.63500531045126	0.947002139285695	0.866778876601219	0.96552700809874	NA	"abundance"	68	35
"Negativicoccus"	"NGAT"	"NGAT"	"NGAT"	-0.643444649537947	0	1.37360405748053	0.639473318377602	0.948685997837296	0.639473318377602	0.946760898667475	"<4 average observations per random effect group often inflates coefficients and deflates p-values: consider setting small_random_effects=TRUE and see tutorial"	"prevalence"	68	5
"Staphylococcus"	"NGAT"	"NGAT"	"NGAT"	-0.239872154396653	0	0.512588533670724	0.639811486913525	0.948685997837296	0.826996384393455	0.946760898667475	"<4 average observations per random effect group often inflates coefficients and deflates p-values: consider setting small_random_effects=TRUE and see tutorial"	"prevalence"	68	23
"Streptococcus"	"Age"	"Age"	"Age"	-0.414743397265211	0	0.893559223472449	0.642541977808091	0.950004758019986	0.872223762370649	0.967097224242544	"<4 average observations per random effect group often inflates coefficients and deflates p-values: consider setting small_random_effects=TRUE and see tutorial"	"prevalence"	68	53
"Vibrio"	"Reads"	"Reads"	"Reads"	-1.08249139081992	-0.868634719186846	0.463780029001544	0.654796071409475	0.960525869198501	0.547866018154795	0.930716564081615	NA	"abundance"	68	21
"Aerococcus"	"Age"	"Age"	"Age"	0.496973198606187	0	1.11069362015301	0.654554511143544	0.960525869198501	0.654554511143544	0.946760898667475	"<4 average observations per random effect group often inflates coefficients and deflates p-values: consider setting small_random_effects=TRUE and see tutorial"	"prevalence"	68	9
"Halomonas"	"Group"	"Follow up"	"GroupFollow up"	-0.568527278066194	0	1.27332241395909	0.655242453406729	0.960525869198501	0.655242453406729	0.946760898667475	"<4 average observations per random effect group often inflates coefficients and deflates p-values: consider setting small_random_effects=TRUE and see tutorial"	"prevalence"	68	4
"Corynebacterium"	"NGAT"	"NGAT"	"NGAT"	0.776848182182994	0.589613783563953	0.40279373510269	0.662595183780609	0.96318826171832	0.288381283235366	0.91529579140541	NA	"abundance"	68	64
"Anaeroglobus"	"NGAT"	"NGAT"	"NGAT"	0.249287604845179	0	0.566978396320621	0.660170750719765	0.96318826171832	0.0767342797566709	0.883853044489963	"<4 average observations per random effect group often inflates coefficients and deflates p-values: consider setting small_random_effects=TRUE and see tutorial"	"prevalence"	68	14
"Atopobiaceae_unclassified"	"Reads"	"Reads"	"Reads"	0.211543190515551	0	0.484917716477313	0.66265859091086	0.96318826171832	0.66265859091086	0.946760898667475	"<4 average observations per random effect group often inflates coefficients and deflates p-values: consider setting small_random_effects=TRUE and see tutorial"	"prevalence"	68	6
"Caulobacter"	"Age"	"Age"	"Age"	-0.31584946660792	-0.17233851256154	0.308822520081306	0.678322987390868	0.969436672121195	0.379643058896644	0.925840013510537	NA	"abundance"	68	41
"Limosilactobacillus"	"Age"	"Age"	"Age"	0.627973603949274	-0.17233851256154	1.85901843475891	0.679822921747798	0.969436672121195	0.677832700757197	0.946760898667475	NA	"abundance"	68	12
"Stenotrophomonas"	"NGAT"	"NGAT"	"NGAT"	0.42151739000054	0.589613783563953	0.366455815058688	0.673812104222231	0.969436672121195	0.826083336014775	0.946760898667475	NA	"abundance"	68	25
"Bifidobacterium"	"Group"	"Follow up"	"GroupFollow up"	-0.271011431671587	0	0.643722279447829	0.673750145070205	0.969436672121195	0.593375090711984	0.930716564081615	"<4 average observations per random effect group often inflates coefficients and deflates p-values: consider setting small_random_effects=TRUE and see tutorial"	"prevalence"	68	44
"Haemophilus"	"NGAT"	"NGAT"	"NGAT"	-0.395390499644394	0	0.958952871766203	0.680108673077273	0.969436672121195	0.680108673077273	0.946760898667475	"<4 average observations per random effect group often inflates coefficients and deflates p-values: consider setting small_random_effects=TRUE and see tutorial"	"prevalence"	68	3
"HT002"	"Age"	"Age"	"Age"	0.292888063940952	0	0.70951068861714	0.679751032659453	0.969436672121195	0.897440598917313	0.974540306728079	"<4 average observations per random effect group often inflates coefficients and deflates p-values: consider setting small_random_effects=TRUE and see tutorial"	"prevalence"	68	17
"Porphyromonas"	"Reads"	"Reads"	"Reads"	0.160698785557642	0	0.381967344516049	0.673964364785195	0.969436672121195	0.893700764570078	0.973825660703947	"<4 average observations per random effect group often inflates coefficients and deflates p-values: consider setting small_random_effects=TRUE and see tutorial"	"prevalence"	68	18
"Achromobacter"	"NGAT"	"NGAT"	"NGAT"	0.45387868557893	0.589613783563953	0.32968805538039	0.731723494987399	0.973485724362839	0.474818613004059	0.930716564081615	NA	"abundance"	68	8
"Actinomycetaceae_unclassified"	"NGAT"	"NGAT"	"NGAT"	0.776295422422241	0.589613783563953	0.633592537548645	0.773748703508388	0.973485724362839	0.172692504312315	0.883853044489963	NA	"abundance"	68	26
"Actinotignum"	"NGAT"	"NGAT"	"NGAT"	0.983412393897709	0.589613783563953	1.1596201732498	0.739047636876039	0.973485724362839	0.129933193776263	0.883853044489963	NA	"abundance"	68	18
"Actinotignum"	"Reads"	"Reads"	"Reads"	-0.668550177178975	-0.868634719186846	0.669178854105574	0.768374083781803	0.973485724362839	0.857429303403223	0.96552700809874	NA	"abundance"	68	18
"Alloscardovia"	"Age"	"Age"	"Age"	-0.561112855158789	-0.17233851256154	1.14459175351966	0.740682322549846	0.973485724362839	0.33314533311232	0.91529579140541	NA	"abundance"	68	15
"Campylobacter"	"Group"	"Follow up"	"GroupFollow up"	-0.178347665879594	0.223859096268211	1.39113632696373	0.776608404587661	0.973485724362839	0.548625274795988	0.930716564081615	NA	"abundance"	68	20
"Dialister"	"Age"	"Age"	"Age"	-0.468018622761499	-0.17233851256154	0.713897634737779	0.685643429806346	0.973485724362839	0.330258528890387	0.91529579140541	NA	"abundance"	68	36
"Enterococcus"	"Group"	"Follow up"	"GroupFollow up"	0.508111493891489	0.223859096268211	0.679523614798315	0.691843382841033	0.973485724362839	0.483399754813557	0.930716564081615	NA	"abundance"	68	34
"Facklamia"	"Age"	"Age"	"Age"	0.0379906468580113	-0.17233851256154	0.538676106098613	0.745647007431723	0.973485724362839	0.671031424925387	0.946760898667475	NA	"abundance"	68	7
"Facklamia"	"Group"	"Follow up"	"GroupFollow up"	0.612356875558726	0.223859096268211	1.05702085406051	0.749946583448038	0.973485724362839	0.557186494156963	0.930716564081615	NA	"abundance"	68	7
"Family XI_unclassified"	"Group"	"Follow up"	"GroupFollow up"	-0.126700010958404	0.223859096268211	1.07392898043516	0.752780003530265	0.973485724362839	0.713155950109017	0.946760898667475	NA	"abundance"	68	16
"Fenollaria"	"Group"	"Follow up"	"GroupFollow up"	-1.51028962121924	0.223859096268211	4.49572207358177	0.765202313938342	0.973485724362839	0.944870046620091	0.991553077107589	NA	"abundance"	68	8
"Idiomarina"	"NGAT"	"NGAT"	"NGAT"	0.38561649679459	0.589613783563953	0.47284913761428	0.68914351953552	0.973485724362839	0.603701318929782	0.930716564081615	NA	"abundance"	68	12
"Lacticaseibacillus"	"Reads"	"Reads"	"Reads"	-1.41495553743973	-0.868634719186846	1.63752004764062	0.753660036498022	0.973485724362839	0.939316622381844	0.991553077107589	NA	"abundance"	68	10
"Microbacteriaceae_unclassified"	"Age"	"Age"	"Age"	-0.0542697452472758	-0.17233851256154	0.312808673657727	0.737292879639578	0.973485724362839	0.733060134292087	0.946760898667475	NA	"abundance"	68	19
"Murdochiella"	"Group"	"Follow up"	"GroupFollow up"	-0.548507498443222	0.223859096268211	1.92566839978277	0.701483846729042	0.973485724362839	0.91088810623631	0.985755621817376	NA	"abundance"	68	11
"Paracoccus"	"NGAT"	"NGAT"	"NGAT"	0.426180468040568	0.589613783563953	0.47932680980784	0.74572236841118	0.973485724362839	0.450593694753238	0.930716564081615	NA	"abundance"	68	25
"Peptoniphilus"	"Group"	"Follow up"	"GroupFollow up"	0.491406913492962	0.223859096268211	0.915645752115015	0.775489883382962	0.973485724362839	0.471158751170221	0.930716564081615	NA	"abundance"	68	34
"Propionibacteriaceae_unclassified"	"Age"	"Age"	"Age"	-0.366010190388913	-0.17233851256154	0.481645376258004	0.70687592344917	0.973485724362839	0.675945215105515	0.946760898667475	NA	"abundance"	68	18
"Pseudomonas"	"Age"	"Age"	"Age"	-0.327369306401352	-0.17233851256154	0.480382154595009	0.75722633184774	0.973485724362839	0.0807898544082876	0.883853044489963	NA	"abundance"	68	39
"Stenotrophomonas"	"Age"	"Age"	"Age"	-0.0583071482424975	-0.17233851256154	0.350449986779663	0.763404503638783	0.973485724362839	0.321351973781647	0.91529579140541	NA	"abundance"	68	25
"Streptococcus"	"Age"	"Age"	"Age"	0.0561749477457128	-0.17233851256154	0.669257553059442	0.737343753497776	0.973485724362839	0.872223762370649	0.967097224242544	NA	"abundance"	68	53
"Uruburuella"	"Group"	"Follow up"	"GroupFollow up"	0.0265470665941571	0.223859096268211	0.513204544847606	0.737550384678706	0.973485724362839	0.328197830374849	0.91529579140541	NA	"abundance"	68	31
"Varibaculum"	"Age"	"Age"	"Age"	-0.47862122707612	-0.17233851256154	0.974531891017551	0.761706896588234	0.973485724362839	0.750551911481367	0.946760898667475	NA	"abundance"	68	14
"Actinomyces"	"Group"	"Follow up"	"GroupFollow up"	0.236086128787161	0	0.64775465189144	0.715508235218251	0.973485724362839	0.562317081934267	0.930716564081615	"<4 average observations per random effect group often inflates coefficients and deflates p-values: consider setting small_random_effects=TRUE and see tutorial"	"prevalence"	68	23
"Actinomyces"	"Reads"	"Reads"	"Reads"	-0.0894391233273404	0	0.308185019369947	0.771653727552146	0.973485724362839	0.372616601323764	0.925840013510537	"<4 average observations per random effect group often inflates coefficients and deflates p-values: consider setting small_random_effects=TRUE and see tutorial"	"prevalence"	68	23
"Aerococcus"	"Reads"	"Reads"	"Reads"	-0.323796246686374	0	1.05125862322776	0.758076114196201	0.973485724362839	0.758076114196201	0.946760898667475	"<4 average observations per random effect group often inflates coefficients and deflates p-values: consider setting small_random_effects=TRUE and see tutorial"	"prevalence"	68	9
"Alkalibacterium"	"Age"	"Age"	"Age"	0.107892945681263	0	0.329504629151665	0.74333523171953	0.973485724362839	0.934123196723533	0.991553077107589	"<4 average observations per random effect group often inflates coefficients and deflates p-values: consider setting small_random_effects=TRUE and see tutorial"	"prevalence"	68	35
"Anaerococcus"	"Group"	"Follow up"	"GroupFollow up"	-0.303556186270052	0	0.818684496657273	0.710797442358846	0.973485724362839	0.866778876601219	0.96552700809874	"<4 average observations per random effect group often inflates coefficients and deflates p-values: consider setting small_random_effects=TRUE and see tutorial"	"prevalence"	68	35
"Bifidobacterium"	"NGAT"	"NGAT"	"NGAT"	-0.12861272136802	0	0.422495479346743	0.760813977063854	0.973485724362839	0.942790046431989	0.991553077107589	"<4 average observations per random effect group often inflates coefficients and deflates p-values: consider setting small_random_effects=TRUE and see tutorial"	"prevalence"	68	44
"Brucella"	"NGAT"	"NGAT"	"NGAT"	0.146259684899508	0	0.521599371180077	0.779165899538474	0.973485724362839	0.779165899538474	0.946760898667475	"<4 average observations per random effect group often inflates coefficients and deflates p-values: consider setting small_random_effects=TRUE and see tutorial"	"prevalence"	68	7
"Brucella"	"Reads"	"Reads"	"Reads"	-0.183252822109626	0	0.454841237449043	0.68702617861219	0.973485724362839	0.68702617861219	0.946760898667475	"<4 average observations per random effect group often inflates coefficients and deflates p-values: consider setting small_random_effects=TRUE and see tutorial"	"prevalence"	68	7
"Coriobacteriaceae UCG-002"	"Group"	"Follow up"	"GroupFollow up"	-0.591426556782461	0	1.51708864798781	0.696652563578328	0.973485724362839	0.696652563578328	0.946760898667475	"<4 average observations per random effect group often inflates coefficients and deflates p-values: consider setting small_random_effects=TRUE and see tutorial"	"prevalence"	68	7
"DNF00809"	"NGAT"	"NGAT"	"NGAT"	-0.16950502005923	0	0.557669380875589	0.761164055517328	0.973485724362839	0.761164055517328	0.946760898667475	"<4 average observations per random effect group often inflates coefficients and deflates p-values: consider setting small_random_effects=TRUE and see tutorial"	"prevalence"	68	8
"Ezakiella"	"Reads"	"Reads"	"Reads"	-0.127567166924022	0	0.383924585683431	0.739684319302131	0.973485724362839	0.0412053601923346	0.883853044489963	"<4 average observations per random effect group often inflates coefficients and deflates p-values: consider setting small_random_effects=TRUE and see tutorial"	"prevalence"	68	16
"Gardnerella"	"NGAT"	"NGAT"	"NGAT"	0.215720140573631	0	0.703797766109632	0.75921735435952	0.973485724362839	0.851797889868009	0.964760334044053	"<4 average observations per random effect group often inflates coefficients and deflates p-values: consider setting small_random_effects=TRUE and see tutorial"	"prevalence"	68	47
"Halomonas"	"Age"	"Age"	"Age"	-0.199014930750161	0	0.611080865198758	0.744668812262721	0.973485724362839	0.744668812262721	0.946760898667475	"<4 average observations per random effect group often inflates coefficients and deflates p-values: consider setting small_random_effects=TRUE and see tutorial"	"prevalence"	68	4
"HT002"	"NGAT"	"NGAT"	"NGAT"	0.220571707457528	0	0.782107582754782	0.77792648159623	0.973485724362839	0.137882742482694	0.883853044489963	"<4 average observations per random effect group often inflates coefficients and deflates p-values: consider setting small_random_effects=TRUE and see tutorial"	"prevalence"	68	17
"Idiomarina"	"Age"	"Age"	"Age"	-0.2353208900856	0	0.714475254953735	0.741882201626145	0.973485724362839	0.933375202162634	0.991553077107589	"<4 average observations per random effect group often inflates coefficients and deflates p-values: consider setting small_random_effects=TRUE and see tutorial"	"prevalence"	68	12
"Lactobacillaceae_unclassified"	"NGAT"	"NGAT"	"NGAT"	-0.509258642251321	0	1.31861149620819	0.699342442070088	0.973485724362839	0.699342442070088	0.946760898667475	"<4 average observations per random effect group often inflates coefficients and deflates p-values: consider setting small_random_effects=TRUE and see tutorial"	"prevalence"	68	4
"Murdochiella"	"Group"	"Follow up"	"GroupFollow up"	-0.345925848150451	0	1.02881216420527	0.73669132348566	0.973485724362839	0.91088810623631	0.985755621817376	"<4 average observations per random effect group often inflates coefficients and deflates p-values: consider setting small_random_effects=TRUE and see tutorial"	"prevalence"	68	11
"Peptostreptococcus"	"Age"	"Age"	"Age"	0.135411936768421	0	0.362528485250076	0.70876085329624	0.973485724362839	0.915179759427266	0.987019808802102	"<4 average observations per random effect group often inflates coefficients and deflates p-values: consider setting small_random_effects=TRUE and see tutorial"	"prevalence"	68	16
"Prevotella"	"Group"	"Follow up"	"GroupFollow up"	-0.227197143683941	0	0.646204680189326	0.725148040618824	0.973485724362839	0.696064542222467	0.946760898667475	"<4 average observations per random effect group often inflates coefficients and deflates p-values: consider setting small_random_effects=TRUE and see tutorial"	"prevalence"	68	38
"Prevotella_7"	"NGAT"	"NGAT"	"NGAT"	0.341099742042669	0	1.02579439657693	0.739494734550896	0.973485724362839	0.739494734550896	0.946760898667475	"<4 average observations per random effect group often inflates coefficients and deflates p-values: consider setting small_random_effects=TRUE and see tutorial"	"prevalence"	68	8
"S5-A14a"	"Group"	"Follow up"	"GroupFollow up"	-0.401329284338222	0	1.25508723850296	0.749148708366583	0.973485724362839	0.749148708366583	0.946760898667475	"<4 average observations per random effect group often inflates coefficients and deflates p-values: consider setting small_random_effects=TRUE and see tutorial"	"prevalence"	68	5
"S5-A14a"	"NGAT"	"NGAT"	"NGAT"	0.327912219195662	0	0.943556993585759	0.728194890348844	0.973485724362839	0.728194890348844	0.946760898667475	"<4 average observations per random effect group often inflates coefficients and deflates p-values: consider setting small_random_effects=TRUE and see tutorial"	"prevalence"	68	5
"Solobacterium"	"NGAT"	"NGAT"	"NGAT"	-0.297958035470627	0	0.851050014623833	0.726258866833242	0.973485724362839	0.726258866833242	0.946760898667475	"<4 average observations per random effect group often inflates coefficients and deflates p-values: consider setting small_random_effects=TRUE and see tutorial"	"prevalence"	68	6
"Streptococcus"	"Reads"	"Reads"	"Reads"	0.152954139369177	0	0.535607149512577	0.775206331253195	0.973485724362839	0.949467806491352	0.991553077107589	"<4 average observations per random effect group often inflates coefficients and deflates p-values: consider setting small_random_effects=TRUE and see tutorial"	"prevalence"	68	53
"Sutterella"	"Reads"	"Reads"	"Reads"	0.159368960862797	0	0.52724084355584	0.762446432251765	0.973485724362839	0.762446432251765	0.946760898667475	"<4 average observations per random effect group often inflates coefficients and deflates p-values: consider setting small_random_effects=TRUE and see tutorial"	"prevalence"	68	7
"Veillonella"	"Reads"	"Reads"	"Reads"	0.103458603610806	0	0.344913242024863	0.764211144385187	0.973485724362839	0.802378428438851	0.946760898667475	"<4 average observations per random effect group often inflates coefficients and deflates p-values: consider setting small_random_effects=TRUE and see tutorial"	"prevalence"	68	11
"Vibrio"	"NGAT"	"NGAT"	"NGAT"	0.114424060809397	0	0.360116820759826	0.750681024584692	0.973485724362839	0.642510313670236	0.946760898667475	"<4 average observations per random effect group often inflates coefficients and deflates p-values: consider setting small_random_effects=TRUE and see tutorial"	"prevalence"	68	21
"Ezakiella"	"Group"	"Follow up"	"GroupFollow up"	-0.0721864524860621	0.223859096268211	1.13300501680544	0.808007106354663	0.975530892051652	0.485395394291235	0.930716564081615	NA	"abundance"	68	16
"Finegoldia"	"Group"	"Follow up"	"GroupFollow up"	0.451423250114163	0.223859096268211	0.796587339226424	0.782856943716018	0.975530892051652	0.81275636219836	0.946760898667475	NA	"abundance"	68	44
"Lacticaseibacillus"	"Group"	"Follow up"	"GroupFollow up"	-0.237391976870783	0.223859096268211	1.61106161941799	0.824166233969139	0.975530892051652	0.969082486723404	0.991553077107589	NA	"abundance"	68	10
"Peptostreptococcus"	"Age"	"Age"	"Age"	-0.530155366638368	-0.17233851256154	1.63033429516763	0.829660495340491	0.975530892051652	0.915179759427266	0.987019808802102	NA	"abundance"	68	16
"Porphyromonas"	"Reads"	"Reads"	"Reads"	-1.05344981230858	-0.868634719186846	0.849145199279531	0.829957483741619	0.975530892051652	0.893700764570078	0.973825660703947	NA	"abundance"	68	18
"Propionimicrobium"	"Age"	"Age"	"Age"	0.0614279430224193	-0.17233851256154	0.800067023329573	0.786332453432878	0.975530892051652	0.601898358110681	0.930716564081615	NA	"abundance"	68	10
"Streptococcus"	"Reads"	"Reads"	"Reads"	-0.759789168030989	-0.868634719186846	0.443122790045173	0.809833574655305	0.975530892051652	0.949467806491352	0.991553077107589	NA	"abundance"	68	53
"Varibaculum"	"Group"	"Follow up"	"GroupFollow up"	-0.163577082462095	0.223859096268211	1.58385695989213	0.811835442970762	0.975530892051652	0.77331517752577	0.946760898667475	NA	"abundance"	68	14
"Actinobaculum"	"Reads"	"Reads"	"Reads"	-0.283368335995803	0	1.16808032311268	0.80832055443619	0.975530892051652	0.80832055443619	0.946760898667475	"<4 average observations per random effect group often inflates coefficients and deflates p-values: consider setting small_random_effects=TRUE and see tutorial"	"prevalence"	68	6
"Actinomycetaceae_unclassified"	"Group"	"Follow up"	"GroupFollow up"	0.13623290080059	0	0.600282177336791	0.820464097786863	0.975530892051652	0.967766859816515	0.991553077107589	"<4 average observations per random effect group often inflates coefficients and deflates p-values: consider setting small_random_effects=TRUE and see tutorial"	"prevalence"	68	26
"Alkalibacterium"	"Group"	"Follow up"	"GroupFollow up"	0.136318127180156	0	0.547225518532602	0.803277421309498	0.975530892051652	0.658508847515036	0.946760898667475	"<4 average observations per random effect group often inflates coefficients and deflates p-values: consider setting small_random_effects=TRUE and see tutorial"	"prevalence"	68	35
"Anaeroglobus"	"Reads"	"Reads"	"Reads"	0.082085876321343	0	0.354753055732282	0.8170127819158	0.975530892051652	0.331508746785848	0.91529579140541	"<4 average observations per random effect group often inflates coefficients and deflates p-values: consider setting small_random_effects=TRUE and see tutorial"	"prevalence"	68	14
"Atopobiaceae_unclassified"	"NGAT"	"NGAT"	"NGAT"	0.193337354333937	0	0.82686951764076	0.815125920489826	0.975530892051652	0.815125920489826	0.946760898667475	"<4 average observations per random effect group often inflates coefficients and deflates p-values: consider setting small_random_effects=TRUE and see tutorial"	"prevalence"	68	6
"Caulobacter"	"Group"	"Follow up"	"GroupFollow up"	-0.151886745548064	0	0.574887545262013	0.791623859479613	0.975530892051652	0.956579384061828	0.991553077107589	"<4 average observations per random effect group often inflates coefficients and deflates p-values: consider setting small_random_effects=TRUE and see tutorial"	"prevalence"	68	41
"Enhydrobacter"	"Age"	"Age"	"Age"	0.119547847764431	0	0.442692556590936	0.787124007028332	0.975530892051652	0.787124007028332	0.946760898667475	"<4 average observations per random effect group often inflates coefficients and deflates p-values: consider setting small_random_effects=TRUE and see tutorial"	"prevalence"	68	8
"Enhydrobacter"	"Group"	"Follow up"	"GroupFollow up"	-0.192390024348929	0	0.848466488724825	0.820617917864815	0.975530892051652	0.820617917864815	0.946760898667475	"<4 average observations per random effect group often inflates coefficients and deflates p-values: consider setting small_random_effects=TRUE and see tutorial"	"prevalence"	68	8
"Ezakiella"	"Age"	"Age"	"Age"	-0.108088435551142	0	0.455848181910336	0.812567586226475	0.975530892051652	0.452787865632961	0.930716564081615	"<4 average observations per random effect group often inflates coefficients and deflates p-values: consider setting small_random_effects=TRUE and see tutorial"	"prevalence"	68	16
"Fenollaria"	"Group"	"Follow up"	"GroupFollow up"	-0.300909712901859	0	1.22568517360892	0.806066779833373	0.975530892051652	0.944870046620091	0.991553077107589	"<4 average observations per random effect group often inflates coefficients and deflates p-values: consider setting small_random_effects=TRUE and see tutorial"	"prevalence"	68	8
"Finegoldia"	"NGAT"	"NGAT"	"NGAT"	0.111873245679476	0	0.464922087962333	0.809843491039951	0.975530892051652	0.597734074369032	0.930716564081615	"<4 average observations per random effect group often inflates coefficients and deflates p-values: consider setting small_random_effects=TRUE and see tutorial"	"prevalence"	68	44
"Lacticaseibacillus"	"Reads"	"Reads"	"Reads"	0.146063845564425	0	0.666181216776729	0.826451083042927	0.975530892051652	0.939316622381844	0.991553077107589	"<4 average observations per random effect group often inflates coefficients and deflates p-values: consider setting small_random_effects=TRUE and see tutorial"	"prevalence"	68	10
"Mobiluncus"	"Age"	"Age"	"Age"	-0.131791522593866	0	0.552559623179814	0.811484820792537	0.975530892051652	0.738330477325863	0.946760898667475	"<4 average observations per random effect group often inflates coefficients and deflates p-values: consider setting small_random_effects=TRUE and see tutorial"	"prevalence"	68	18
"Murdochiella"	"Reads"	"Reads"	"Reads"	0.146790217457962	0	0.571590702976899	0.797325437842506	0.975530892051652	0.863421848254197	0.96552700809874	"<4 average observations per random effect group often inflates coefficients and deflates p-values: consider setting small_random_effects=TRUE and see tutorial"	"prevalence"	68	11
"Parvimonas"	"Reads"	"Reads"	"Reads"	0.113658652968813	0	0.445495403262965	0.79862371561207	0.975530892051652	0.79862371561207	0.946760898667475	"<4 average observations per random effect group often inflates coefficients and deflates p-values: consider setting small_random_effects=TRUE and see tutorial"	"prevalence"	68	7
"Pseudoalteromonas"	"Group"	"Follow up"	"GroupFollow up"	0.173092537130532	0	0.79798782195531	0.828277508937171	0.975530892051652	0.828277508937171	0.946760898667475	"<4 average observations per random effect group often inflates coefficients and deflates p-values: consider setting small_random_effects=TRUE and see tutorial"	"prevalence"	68	9
"Vibrio"	"Age"	"Age"	"Age"	-0.0917682715411355	0	0.342256961846366	0.788601700389968	0.975530892051652	0.955310758921987	0.991553077107589	"<4 average observations per random effect group often inflates coefficients and deflates p-values: consider setting small_random_effects=TRUE and see tutorial"	"prevalence"	68	21
"Virgibacillus"	"Age"	"Age"	"Age"	0.100343196838024	0	0.442053350557675	0.820428867558324	0.975530892051652	0.820428867558324	0.946760898667475	"<4 average observations per random effect group often inflates coefficients and deflates p-values: consider setting small_random_effects=TRUE and see tutorial"	"prevalence"	68	11
"Bifidobacterium"	"NGAT"	"NGAT"	"NGAT"	0.466507432626839	0.589613783563953	0.606285010393348	0.84367991471612	0.979324135769286	0.942790046431989	0.991553077107589	NA	"abundance"	68	44
"Enterococcus"	"NGAT"	"NGAT"	"NGAT"	0.681223234970424	0.589613783563953	0.426579063595763	0.839075907645688	0.979324135769286	0.974103436499941	0.991553077107589	NA	"abundance"	68	34
"Prevotellaceae_unclassified"	"Reads"	"Reads"	"Reads"	-0.766666593672585	-0.868634719186846	0.483908286071972	0.836829391513192	0.979324135769286	0.555926575441723	0.930716564081615	NA	"abundance"	68	22
"Staphylococcus"	"Reads"	"Reads"	"Reads"	-0.947103447805898	-0.868634719186846	0.394445198525282	0.847799527027289	0.979324135769286	0.0866246766247351	0.883853044489963	NA	"abundance"	68	23
"Campylobacter"	"Age"	"Age"	"Age"	-0.124222227321334	0	0.612704414846018	0.839335023830384	0.979324135769286	0.974186765432417	0.991553077107589	"<4 average observations per random effect group often inflates coefficients and deflates p-values: consider setting small_random_effects=TRUE and see tutorial"	"prevalence"	68	20
"Corynebacteriaceae_unclassified"	"Age"	"Age"	"Age"	-0.064093987332515	0	0.333131529129997	0.847430112363116	0.979324135769286	0.726573596335745	0.946760898667475	"<4 average observations per random effect group often inflates coefficients and deflates p-values: consider setting small_random_effects=TRUE and see tutorial"	"prevalence"	68	44
"Howardella"	"Group"	"Follow up"	"GroupFollow up"	0.134918542295299	0	0.705636661155103	0.848368001335021	0.979324135769286	0.194626049831166	0.883853044489963	"<4 average observations per random effect group often inflates coefficients and deflates p-values: consider setting small_random_effects=TRUE and see tutorial"	"prevalence"	68	23
"Limosilactobacillus"	"Reads"	"Reads"	"Reads"	-0.143264297171508	0	0.728183197678075	0.844029356776933	0.979324135769286	0.50277763759401	0.930716564081615	"<4 average observations per random effect group often inflates coefficients and deflates p-values: consider setting small_random_effects=TRUE and see tutorial"	"prevalence"	68	12
"Lactobacillaceae_unclassified"	"Age"	"Age"	"Age"	0.245866273192464	0	1.30991979350439	0.851115224842255	0.980302357184383	0.851115224842255	0.964760334044053	"<4 average observations per random effect group often inflates coefficients and deflates p-values: consider setting small_random_effects=TRUE and see tutorial"	"prevalence"	68	4
"Actinomyces"	"NGAT"	"NGAT"	"NGAT"	0.0814540390858363	0	0.446018261340872	0.855092347800661	0.982689646915682	0.979001772334075	0.991553077107589	"<4 average observations per random effect group often inflates coefficients and deflates p-values: consider setting small_random_effects=TRUE and see tutorial"	"prevalence"	68	23
"Pseudoalteromonas"	"Age"	"Age"	"Age"	0.0737689748533265	0	0.422031324447799	0.861240699595154	0.987556002202443	0.861240699595154	0.96552700809874	"<4 average observations per random effect group often inflates coefficients and deflates p-values: consider setting small_random_effects=TRUE and see tutorial"	"prevalence"	68	9
"Alkalibacterium"	"NGAT"	"NGAT"	"NGAT"	0.652938784156076	0.589613783563953	0.372066942235104	0.874440522673672	0.98934423470963	0.817657867599047	0.946760898667475	NA	"abundance"	68	35
"Campylobacter"	"NGAT"	"NGAT"	"NGAT"	0.759073880593965	0.589613783563953	1.048611708687	0.87350328247304	0.98934423470963	0.818237890246893	0.946760898667475	NA	"abundance"	68	20
"Dialister"	"NGAT"	"NGAT"	"NGAT"	0.48878117672302	0.589613783563953	0.694653436337798	0.885962349498033	0.98934423470963	0.107120017636645	0.883853044489963	NA	"abundance"	68	36
"HT002"	"Age"	"Age"	"Age"	0.00675990899354013	-0.17233851256154	1.14425216058713	0.879724194833883	0.98934423470963	0.897440598917313	0.974540306728079	NA	"abundance"	68	17
"Lactobacillus"	"Age"	"Age"	"Age"	-0.269596467087833	-0.17233851256154	0.679424249063918	0.888101897506769	0.98934423470963	0.888101897506769	0.97373374449645	NA	"abundance"	68	68
"Prevotella"	"NGAT"	"NGAT"	"NGAT"	0.71418592846083	0.589613783563953	0.766793964694864	0.872409439011532	0.98934423470963	0.0483887512935193	0.883853044489963	NA	"abundance"	68	38
"Propionimicrobium"	"NGAT"	"NGAT"	"NGAT"	0.396356506986541	0.589613783563953	1.27841239705659	0.893477545299782	0.98934423470963	0.574840886457279	0.930716564081615	NA	"abundance"	68	10
"Propionimicrobium"	"Reads"	"Reads"	"Reads"	-0.785751610866611	-0.868634719186846	0.523455509826671	0.885716318615769	0.98934423470963	0.227061813470776	0.883853044489963	NA	"abundance"	68	10
"Pseudomonas"	"Group"	"Follow up"	"GroupFollow up"	0.066233163162963	0.223859096268211	0.913519833845594	0.866314227345168	0.98934423470963	0.241755571659675	0.894549332081211	NA	"abundance"	68	39
"Actinobaculum"	"Age"	"Age"	"Age"	0.222158894532924	0	1.33417195536914	0.867752121202665	0.98934423470963	0.867752121202665	0.96552700809874	"<4 average observations per random effect group often inflates coefficients and deflates p-values: consider setting small_random_effects=TRUE and see tutorial"	"prevalence"	68	6
"Clostridium sensu stricto 1"	"NGAT"	"NGAT"	"NGAT"	0.145465686283604	0	1.05695368417167	0.890534975188209	0.98934423470963	0.890534975188209	0.97373374449645	"<4 average observations per random effect group often inflates coefficients and deflates p-values: consider setting small_random_effects=TRUE and see tutorial"	"prevalence"	68	5
"Cutibacterium"	"Age"	"Age"	"Age"	-0.09065975655818	0	0.640838762019197	0.887498292220883	0.98934423470963	0.41782972131682	0.925840013510537	"<4 average observations per random effect group often inflates coefficients and deflates p-values: consider setting small_random_effects=TRUE and see tutorial"	"prevalence"	68	16
"DNF00809"	"Group"	"Follow up"	"GroupFollow up"	-0.117997006241953	0	0.835750584331912	0.887722321097693	0.98934423470963	0.887722321097693	0.97373374449645	"<4 average observations per random effect group often inflates coefficients and deflates p-values: consider setting small_random_effects=TRUE and see tutorial"	"prevalence"	68	8
"Escherichia-Shigella"	"NGAT"	"NGAT"	"NGAT"	0.137080111114833	0	1.00734721419724	0.891757800968193	0.98934423470963	0.415869646453535	0.925840013510537	"<4 average observations per random effect group often inflates coefficients and deflates p-values: consider setting small_random_effects=TRUE and see tutorial"	"prevalence"	68	13
"Lacticaseibacillus"	"Group"	"Follow up"	"GroupFollow up"	-0.202090679395819	0	1.26002699786481	0.872577023917711	0.98934423470963	0.969082486723404	0.991553077107589	"<4 average observations per random effect group often inflates coefficients and deflates p-values: consider setting small_random_effects=TRUE and see tutorial"	"prevalence"	68	10
"Ureaplasma"	"Reads"	"Reads"	"Reads"	-0.0869278639455042	0	0.596940311629014	0.884219506181454	0.98934423470963	0.884219506181454	0.97373374449645	"<4 average observations per random effect group often inflates coefficients and deflates p-values: consider setting small_random_effects=TRUE and see tutorial"	"prevalence"	68	6
"Fenollaria"	"Age"	"Age"	"Age"	0.377650703109133	-0.17233851256154	3.89669750242174	0.902043495890628	0.992440178847685	0.810492183445411	0.946760898667475	NA	"abundance"	68	8
"Idiomarina"	"Age"	"Age"	"Age"	-0.233760705476118	-0.17233851256154	0.456697980944084	0.900639758142982	0.992440178847685	0.933375202162634	0.991553077107589	NA	"abundance"	68	12
"Prevotella"	"Age"	"Age"	"Age"	-0.2662694794277	-0.17233851256154	0.72336158277344	0.898380484769039	0.992440178847685	0.423465141530937	0.928804529492566	NA	"abundance"	68	38
"Anaerococcus"	"NGAT"	"NGAT"	"NGAT"	0.515102520964321	0.589613783563953	0.628657810350123	0.907553311913324	0.993671137958744	0.33624483152244	0.91529579140541	NA	"abundance"	68	35
"Campylobacter"	"Age"	"Age"	"Age"	-0.0765238658572588	-0.17233851256154	0.871047480303513	0.91407927721751	0.993671137958744	0.974186765432417	0.991553077107589	NA	"abundance"	68	20
"Caulobacter"	"NGAT"	"NGAT"	"NGAT"	0.549965738077549	0.589613783563953	0.351576864958207	0.916924156058372	0.993671137958744	0.829913825730667	0.946760898667475	NA	"abundance"	68	41
"Fenollaria"	"NGAT"	"NGAT"	"NGAT"	-0.115985791275877	0.589613783563953	5.90846121270896	0.914888566034331	0.993671137958744	0.456982647520111	0.930716564081615	NA	"abundance"	68	8
"Fusobacterium"	"Group"	"Follow up"	"GroupFollow up"	0.108674692240139	0.223859096268211	1.08974615989928	0.920493806093565	0.993671137958744	0.536234228837722	0.930716564081615	NA	"abundance"	68	13
"Veillonella"	"NGAT"	"NGAT"	"NGAT"	0.745281894920231	0.589613783563953	1.43934655354646	0.917037921070511	0.993671137958744	0.00485152350454057	0.511027142478274	NA	"abundance"	68	11
"Dialister"	"Group"	"Follow up"	"GroupFollow up"	-0.0679919931690419	0	0.679885128548292	0.92034026146754	0.993671137958744	0.99365432605694	0.99365432605694	"<4 average observations per random effect group often inflates coefficients and deflates p-values: consider setting small_random_effects=TRUE and see tutorial"	"prevalence"	68	36
"Fenollaria"	"Reads"	"Reads"	"Reads"	-0.0850110622683709	0	0.715550321526404	0.905429729597164	0.993671137958744	0.991056463955934	0.99365432605694	"<4 average observations per random effect group often inflates coefficients and deflates p-values: consider setting small_random_effects=TRUE and see tutorial"	"prevalence"	68	8
"Solobacterium"	"Age"	"Age"	"Age"	-0.0741199316939139	0	0.735791307400674	0.919760832800978	0.993671137958744	0.919760832800978	0.988586473350711	"<4 average observations per random effect group often inflates coefficients and deflates p-values: consider setting small_random_effects=TRUE and see tutorial"	"prevalence"	68	6
"Actinomyces"	"NGAT"	"NGAT"	"NGAT"	0.486349337177633	0.589613783563953	1.10750851760336	0.926670465364003	0.997167875336523	0.979001772334075	0.991553077107589	NA	"abundance"	68	23
"Ezakiella"	"NGAT"	"NGAT"	"NGAT"	0.645619433453623	0.589613783563953	0.593822023634897	0.927598023568859	0.997167875336523	0.458520622340568	0.930716564081615	NA	"abundance"	68	16
"Uruburuella"	"Age"	"Age"	"Age"	0.0278340261444872	0	0.331042013638578	0.932992793262877	0.998805562912126	0.790918773613426	0.946760898667475	"<4 average observations per random effect group often inflates coefficients and deflates p-values: consider setting small_random_effects=TRUE and see tutorial"	"prevalence"	68	31
"Virgibacillus"	"NGAT"	"NGAT"	"NGAT"	-0.0390030691834639	0	0.462616561975936	0.9328101907053	0.998805562912126	0.9328101907053	0.991553077107589	"<4 average observations per random effect group often inflates coefficients and deflates p-values: consider setting small_random_effects=TRUE and see tutorial"	"prevalence"	68	11
"Actinomycetaceae_unclassified"	"Group"	"Follow up"	"GroupFollow up"	0.310997303013512	0.223859096268211	1.21683856799418	0.943635776824332	1	0.967766859816515	0.991553077107589	NA	"abundance"	68	26
"Actinotignum"	"Age"	"Age"	"Age"	-0.223025401816653	-0.17233851256154	0.860033866496558	0.954013456665848	1	0.79528592856481	0.946760898667475	NA	"abundance"	68	18
"Actinotignum"	"Group"	"Follow up"	"GroupFollow up"	0.223859096268211	0.223859096268211	1.38405175641229	1	1	0.627792089889605	0.940200475853626	NA	"abundance"	68	18
"Alkalibacterium"	"Age"	"Age"	"Age"	-0.196637589321546	-0.17233851256154	0.332051012350356	0.946582046958451	1	0.934123196723533	0.991553077107589	NA	"abundance"	68	35
"Atopobium"	"NGAT"	"NGAT"	"NGAT"	0.619232212986103	0.589613783563953	0.745625189306445	0.968638531260908	1	0.42619195182412	0.928804529492566	NA	"abundance"	68	46
"Caulobacter"	"Group"	"Follow up"	"GroupFollow up"	0.195277738104698	0.223859096268211	0.545750236549682	0.961358645742217	1	0.956579384061828	0.991553077107589	NA	"abundance"	68	41
"Corynebacterium"	"Age"	"Age"	"Age"	-0.142525502404695	-0.17233851256154	0.37161662734191	0.94028381489736	1	0.356299414565767	0.925840013510537	NA	"abundance"	68	64
"Corynebacterium"	"Group"	"Follow up"	"GroupFollow up"	0.269339090557564	0.223859096268211	0.615667781904537	0.944203101247484	1	0.809578161828345	0.946760898667475	NA	"abundance"	68	64
"Corynebacterium"	"Reads"	"Reads"	"Reads"	-0.868634719186846	-0.868634719186846	0.282114277744689	1	1	0.700585407193393	0.946760898667475	NA	"abundance"	68	64
"Dialister"	"Group"	"Follow up"	"GroupFollow up"	0.266174271814081	0.223859096268211	0.999448971700577	0.967110041915601	1	0.99365432605694	0.99365432605694	NA	"abundance"	68	36
"Escherichia-Shigella"	"Reads"	"Reads"	"Reads"	-0.964744223811404	-0.868634719186846	1.40462791742808	0.946661330914775	1	0.803157189806332	0.946760898667475	NA	"abundance"	68	13
"Fenollaria"	"Reads"	"Reads"	"Reads"	-0.86216586784616	-0.868634719186846	3.20026808914978	0.998619776968008	1	0.991056463955934	0.99365432605694	NA	"abundance"	68	8
"Lacticaseibacillus"	"Age"	"Age"	"Age"	-0.241002914360241	-0.17233851256154	1.73792280093892	0.970143939010793	1	0.793532997225346	0.946760898667475	NA	"abundance"	68	10
"Limosilactobacillus"	"Group"	"Follow up"	"GroupFollow up"	0.227103389869951	0.223859096268211	0.786439884318881	0.997245490869984	1	0.173061539961977	0.883853044489963	NA	"abundance"	68	12
"Paracoccus"	"Age"	"Age"	"Age"	-0.184314455654283	-0.17233851256154	0.396453439182088	0.977499038699687	1	0.61807106988022	0.938992586933411	NA	"abundance"	68	25
"Paracoccus"	"Reads"	"Reads"	"Reads"	-0.894798569689417	-0.868634719186846	0.602695313579475	0.967304602918567	1	0.503286210093701	0.930716564081615	NA	"abundance"	68	25
"Porphyromonas"	"Group"	"Follow up"	"GroupFollow up"	0.136465562331446	0.223859096268211	1.73858974093888	0.96047710358961	1	0.43922576025708	0.930716564081615	NA	"abundance"	68	18
"Staphylococcus"	"Age"	"Age"	"Age"	-0.152247201253727	-0.17233851256154	0.589520340573915	0.973608987480256	1	0.217639632275465	0.883853044489963	NA	"abundance"	68	23
"Uruburuella"	"NGAT"	"NGAT"	"NGAT"	0.586874110419405	0.589613783563953	0.348117197552613	0.99422142667249	1	0.500481832021356	0.930716564081615	NA	"abundance"	68	31
"Varibaculum"	"NGAT"	"NGAT"	"NGAT"	0.592353456708501	0.589613783563953	0.977545627553209	0.997824788690961	1	0.380684191355527	0.925840013510537	NA	"abundance"	68	14
"Vibrio"	"Age"	"Age"	"Age"	-0.17233851256154	-0.17233851256154	0.383063891937725	1	1	0.955310758921987	0.991553077107589	NA	"abundance"	68	21
"Alcaligenes"	"Group"	"Follow up"	"GroupFollow up"	0.0910633109040564	0	1.61992685018029	0.955170963055023	1	0.955170963055023	0.991553077107589	"<4 average observations per random effect group often inflates coefficients and deflates p-values: consider setting small_random_effects=TRUE and see tutorial"	"prevalence"	68	5
"Alloscardovia"	"Reads"	"Reads"	"Reads"	0.00302255208778308	0	0.600379123790118	0.9959831423808	1	0.436371877643982	0.930716564081615	"<4 average observations per random effect group often inflates coefficients and deflates p-values: consider setting small_random_effects=TRUE and see tutorial"	"prevalence"	68	15
"Anaeroglobus"	"Age"	"Age"	"Age"	0.0335287274228583	0	0.52535363265665	0.949112554825633	1	0.0702365702078599	0.883853044489963	"<4 average observations per random effect group often inflates coefficients and deflates p-values: consider setting small_random_effects=TRUE and see tutorial"	"prevalence"	68	14
"Brevibacterium"	"Group"	"Follow up"	"GroupFollow up"	0.0240590000303291	0	0.649589242439737	0.970455303842974	1	0.970455303842974	0.991553077107589	"<4 average observations per random effect group often inflates coefficients and deflates p-values: consider setting small_random_effects=TRUE and see tutorial"	"prevalence"	68	15
"DNF00809"	"Reads"	"Reads"	"Reads"	-0.0102572064889718	0	0.372700662235423	0.978043951865046	1	0.978043951865046	0.991553077107589	"<4 average observations per random effect group often inflates coefficients and deflates p-values: consider setting small_random_effects=TRUE and see tutorial"	"prevalence"	68	8
"Enterococcus"	"NGAT"	"NGAT"	"NGAT"	0.00627304478959861	0	0.347584110562755	0.98560091287562	1	0.974103436499941	0.991553077107589	"<4 average observations per random effect group often inflates coefficients and deflates p-values: consider setting small_random_effects=TRUE and see tutorial"	"prevalence"	68	34
"Fastidiosipila"	"Group"	"Follow up"	"GroupFollow up"	-0.0112976987286445	0	0.987665237490429	0.990873362279116	1	0.990873362279116	0.99365432605694	"<4 average observations per random effect group often inflates coefficients and deflates p-values: consider setting small_random_effects=TRUE and see tutorial"	"prevalence"	68	9
"Lactobacillaceae_unclassified"	"Reads"	"Reads"	"Reads"	-0.062826577952847	0	1.23333280130205	0.959372940555413	1	0.959372940555413	0.991553077107589	"<4 average observations per random effect group often inflates coefficients and deflates p-values: consider setting small_random_effects=TRUE and see tutorial"	"prevalence"	68	4
"Microbacteriaceae_unclassified"	"Group"	"Follow up"	"GroupFollow up"	-0.000183252208256299	0	0.621425236450522	0.999764711670841	1	0.776229919854444	0.946760898667475	"<4 average observations per random effect group often inflates coefficients and deflates p-values: consider setting small_random_effects=TRUE and see tutorial"	"prevalence"	68	19
"Mobiluncus"	"Group"	"Follow up"	"GroupFollow up"	-0.0121391739921261	0	0.804710986614939	0.987964260043702	1	0.418423787612664	0.925840013510537	"<4 average observations per random effect group often inflates coefficients and deflates p-values: consider setting small_random_effects=TRUE and see tutorial"	"prevalence"	68	18
"Sutterella"	"Group"	"Follow up"	"GroupFollow up"	-0.0131816402462021	0	0.995622348987791	0.989436637299327	1	0.989436637299327	0.99365432605694	"<4 average observations per random effect group often inflates coefficients and deflates p-values: consider setting small_random_effects=TRUE and see tutorial"	"prevalence"	68	7
"Varibaculum"	"Reads"	"Reads"	"Reads"	-0.0257124584959482	0	0.434774532307739	0.952840795638698	1	0.492603379980982	0.930716564081615	"<4 average observations per random effect group often inflates coefficients and deflates p-values: consider setting small_random_effects=TRUE and see tutorial"	"prevalence"	68	14
"Vibrio"	"Group"	"Follow up"	"GroupFollow up"	0.00889772115179587	0	0.576742053631289	0.987691078395085	1	0.250066453092773	0.904167200628561	"<4 average observations per random effect group often inflates coefficients and deflates p-values: consider setting small_random_effects=TRUE and see tutorial"	"prevalence"	68	21
"Actinobaculum"	"Age"	"Age"	"Age"	0.138389982379404	NA	1.72867756638639	0.945157635565733	NA	0.867752121202665	0.96552700809874	"Model may not have converged with 1 eigenvalue close to zero: 4.5e-11"	"abundance"	68	6
"Actinobaculum"	"Group"	"Follow up"	"GroupFollow up"	-1.66470805572323	NA	2.0642400322045	0.471000202266928	NA	0.603633909065705	0.930716564081615	"Model may not have converged with 1 eigenvalue close to zero: 4.5e-11"	"abundance"	68	6
"Actinobaculum"	"NGAT"	"NGAT"	"NGAT"	-1.53612851773289	NA	1.7583027746811	0.43789492961888	NA	0.300505897950124	0.91529579140541	"Model may not have converged with 1 eigenvalue close to zero: 4.5e-11"	"abundance"	68	6
"Actinobaculum"	"Reads"	"Reads"	"Reads"	0.90586220732217	NA	2.11473651176947	0.693408634968338	NA	0.80832055443619	0.946760898667475	"Model may not have converged with 1 eigenvalue close to zero: 4.5e-11"	"abundance"	68	6
"Aerococcus"	"Age"	"Age"	"Age"	-0.245214227653621	NA	0.868185007950697	0.791614943382207	NA	0.654554511143544	0.946760898667475	"Model may not have converged with 1 eigenvalue close to zero: 2.9e-11"	"abundance"	68	9
"Aerococcus"	"Group"	"Follow up"	"GroupFollow up"	-2.03700339555182	NA	0.000430330175960579	1.19506441235785e-14	NA	0.595025107990958	0.930716564081615	"Model may not have converged with 1 eigenvalue close to zero: 2.9e-11"	"abundance"	68	9
"Aerococcus"	"NGAT"	"NGAT"	"NGAT"	-0.516110756591953	NA	0.000366469730049878	1.52521329225218e-12	NA	0.177473702890643	0.883853044489963	"Model may not have converged with 1 eigenvalue close to zero: 2.9e-11"	"abundance"	68	9
"Aerococcus"	"Reads"	"Reads"	"Reads"	-0.970111416905002	NA	0.000441332907738203	2.5699781726161e-13	NA	0.758076114196201	0.946760898667475	"Model may not have converged with 1 eigenvalue close to zero: 2.9e-11"	"abundance"	68	9
"Alcaligenes"	"Age"	"Age"	"Age"	NA	NA	NA	NA	NA	0.595702982669446	0.930716564081615	"not a positive definite matrix (and positive semidefiniteness is not checked)"	"abundance"	68	5
"Alcaligenes"	"Group"	"Follow up"	"GroupFollow up"	NA	NA	NA	NA	NA	0.955170963055023	0.991553077107589	"not a positive definite matrix (and positive semidefiniteness is not checked)"	"abundance"	68	5
"Alcaligenes"	"NGAT"	"NGAT"	"NGAT"	NA	NA	NA	NA	NA	0.19468337922258	0.883853044489963	"not a positive definite matrix (and positive semidefiniteness is not checked)"	"abundance"	68	5
"Alcaligenes"	"Reads"	"Reads"	"Reads"	NA	NA	NA	NA	NA	0.0252777658980044	0.883853044489963	"not a positive definite matrix (and positive semidefiniteness is not checked)"	"abundance"	68	5
"Arcanobacterium"	"Age"	"Age"	"Age"	0.685441495195888	NA	1.37416840702155	0.639083139984704	NA	0.523699691034014	0.930716564081615	"Model may not have converged with 1 eigenvalue close to zero: 4.7e-11"	"abundance"	68	10
"Arcanobacterium"	"Group"	"Follow up"	"GroupFollow up"	2.96982944504606	NA	2.25975499514529	0.245828814918193	NA	0.415970926762273	0.925840013510537	"Model may not have converged with 1 eigenvalue close to zero: 4.7e-11"	"abundance"	68	10
"Arcanobacterium"	"NGAT"	"NGAT"	"NGAT"	-0.0751340532328406	NA	1.60112466833704	0.964388988009172	NA	0.132338839388546	0.883853044489963	"Model may not have converged with 1 eigenvalue close to zero: 4.7e-11"	"abundance"	68	10
"Arcanobacterium"	"Reads"	"Reads"	"Reads"	-0.791222931247407	NA	0.256352981225928	0.02726883522543	NA	0.203909810229385	0.883853044489963	"Model may not have converged with 1 eigenvalue close to zero: 4.7e-11"	"abundance"	68	10
"Atopobiaceae_unclassified"	"Age"	"Age"	"Age"	-3.12903010801775	NA	1.02220225678006	0.201015101297039	NA	0.563604346095409	0.930716564081615	"Model may not have converged with 1 eigenvalue close to zero: 1.8e-10"	"abundance"	68	6
"Atopobiaceae_unclassified"	"Group"	"Follow up"	"GroupFollow up"	-1.32766672177086	NA	0.600846571449029	0.270550126978841	NA	0.397266619611933	0.925840013510537	"Model may not have converged with 1 eigenvalue close to zero: 1.8e-10"	"abundance"	68	6
"Atopobiaceae_unclassified"	"NGAT"	"NGAT"	"NGAT"	2.81649550796793	NA	1.11048104848619	0.239091171743457	NA	0.815125920489826	0.946760898667475	"Model may not have converged with 1 eigenvalue close to zero: 1.8e-10"	"abundance"	68	6
"Atopobiaceae_unclassified"	"Reads"	"Reads"	"Reads"	-0.962430771203683	NA	0.19426173546572	0.126794941944604	NA	0.66265859091086	0.946760898667475	"Model may not have converged with 1 eigenvalue close to zero: 1.8e-10"	"abundance"	68	6
"Brevibacterium"	"Age"	"Age"	"Age"	-0.28087841917236	NA	0.378106811487854	0.474658796537741	NA	0.578589807789027	0.930716564081615	"Model may not have converged with 1 eigenvalue close to zero: 1.5e-11"	"abundance"	68	15
"Brevibacterium"	"Group"	"Follow up"	"GroupFollow up"	2.1108459425195	NA	0.128529603260833	1.45910267018454e-08	NA	0.970455303842974	0.991553077107589	"Model may not have converged with 1 eigenvalue close to zero: 1.5e-11"	"abundance"	68	15
"Brevibacterium"	"NGAT"	"NGAT"	"NGAT"	1.03263444350137	NA	0.273887412059868	0.00365981140684185	NA	0.504449104221145	0.930716564081615	"Model may not have converged with 1 eigenvalue close to zero: 1.5e-11"	"abundance"	68	15
"Brevibacterium"	"Reads"	"Reads"	"Reads"	-1.36547356328635	NA	0.145103143916873	2.76650160753264e-06	NA	0.14945392388842	0.883853044489963	"Model may not have converged with 1 eigenvalue close to zero: 1.5e-11"	"abundance"	68	15
"Brucella"	"Age"	"Age"	"Age"	NA	NA	NA	NA	NA	0.264144279819269	0.91529579140541	"number of levels of each grouping factor must be < number of observations (problems: Patient.ID)"	"abundance"	68	7
"Brucella"	"Group"	"Follow up"	"GroupFollow up"	NA	NA	NA	NA	NA	0.58357280296687	0.930716564081615	"number of levels of each grouping factor must be < number of observations (problems: Patient.ID)"	"abundance"	68	7
"Brucella"	"NGAT"	"NGAT"	"NGAT"	NA	NA	NA	NA	NA	0.779165899538474	0.946760898667475	"number of levels of each grouping factor must be < number of observations (problems: Patient.ID)"	"abundance"	68	7
"Brucella"	"Reads"	"Reads"	"Reads"	NA	NA	NA	NA	NA	0.68702617861219	0.946760898667475	"number of levels of each grouping factor must be < number of observations (problems: Patient.ID)"	"abundance"	68	7
"Catenococcus"	"Age"	"Age"	"Age"	NA	NA	NA	NA	NA	0.348906257500218	0.925840013510537	"number of levels of each grouping factor must be < number of observations (problems: Patient.ID)"	"abundance"	68	4
"Catenococcus"	"Group"	"Follow up"	"GroupFollow up"	NA	NA	NA	NA	NA	0.537544274741904	0.930716564081615	"number of levels of each grouping factor must be < number of observations (problems: Patient.ID)"	"abundance"	68	4
"Catenococcus"	"NGAT"	"NGAT"	"NGAT"	NA	NA	NA	NA	NA	0.235452198386654	0.894549332081211	"number of levels of each grouping factor must be < number of observations (problems: Patient.ID)"	"abundance"	68	4
"Catenococcus"	"Reads"	"Reads"	"Reads"	NA	NA	NA	NA	NA	0.137526157493941	0.883853044489963	"number of levels of each grouping factor must be < number of observations (problems: Patient.ID)"	"abundance"	68	4
"Clostridium sensu stricto 1"	"Age"	"Age"	"Age"	NA	NA	NA	NA	NA	0.176139370920146	0.883853044489963	"not a positive definite matrix (and positive semidefiniteness is not checked)"	"abundance"	68	5
"Clostridium sensu stricto 1"	"Group"	"Follow up"	"GroupFollow up"	NA	NA	NA	NA	NA	0.225680975451613	0.883853044489963	"not a positive definite matrix (and positive semidefiniteness is not checked)"	"abundance"	68	5
"Clostridium sensu stricto 1"	"NGAT"	"NGAT"	"NGAT"	NA	NA	NA	NA	NA	0.890534975188209	0.97373374449645	"not a positive definite matrix (and positive semidefiniteness is not checked)"	"abundance"	68	5
"Clostridium sensu stricto 1"	"Reads"	"Reads"	"Reads"	NA	NA	NA	NA	NA	0.536340473526899	0.930716564081615	"not a positive definite matrix (and positive semidefiniteness is not checked)"	"abundance"	68	5
"Coriobacteriaceae UCG-002"	"Age"	"Age"	"Age"	-1.50716014385176	NA	1.11625994220851	0.309455667255964	NA	0.167501395461169	0.883853044489963	"Model may not have converged with 1 eigenvalue close to zero: 2.1e-11"	"abundance"	68	7
"Coriobacteriaceae UCG-002"	"Group"	"Follow up"	"GroupFollow up"	-0.718420090855854	NA	1.06336443169661	0.568935334983165	NA	0.696652563578328	0.946760898667475	"Model may not have converged with 1 eigenvalue close to zero: 2.1e-11"	"abundance"	68	7
"Coriobacteriaceae UCG-002"	"NGAT"	"NGAT"	"NGAT"	0.142209886580351	NA	0.693438598305184	0.85648813978255	NA	0.243453299237292	0.894549332081211	"Model may not have converged with 1 eigenvalue close to zero: 2.1e-11"	"abundance"	68	7
"Coriobacteriaceae UCG-002"	"Reads"	"Reads"	"Reads"	0.320403345707536	NA	0.0857658641381862	0.0647693549479894	NA	0.0654451609541858	0.883853044489963	"Model may not have converged with 1 eigenvalue close to zero: 2.1e-11"	"abundance"	68	7
"DNF00809"	"Age"	"Age"	"Age"	1.12825296370641	NA	2.55538978929101	0.688722741792931	NA	0.525031319969555	0.930716564081615	"Model may not have converged with 1 eigenvalue close to zero: 5.8e-11"	"abundance"	68	8
"DNF00809"	"Group"	"Follow up"	"GroupFollow up"	-1.02321332207115	NA	3.73106166049599	0.801698418863207	NA	0.887722321097693	0.97373374449645	"Model may not have converged with 1 eigenvalue close to zero: 5.8e-11"	"abundance"	68	8
"DNF00809"	"NGAT"	"NGAT"	"NGAT"	0.965575426894912	NA	1.76577262689189	0.622545560739881	NA	0.761164055517328	0.946760898667475	"Model may not have converged with 1 eigenvalue close to zero: 5.8e-11"	"abundance"	68	8
"DNF00809"	"Reads"	"Reads"	"Reads"	0.762486354632103	NA	0.853667707627735	0.437565386285388	NA	0.978043951865046	0.991553077107589	"Model may not have converged with 1 eigenvalue close to zero: 5.8e-11"	"abundance"	68	8
"Eggerthellaceae_unclassified"	"Age"	"Age"	"Age"	0.937898752956481	NA	1.51701082770343	0.647481637619904	NA	0.126603368203735	0.883853044489963	"Model may not have converged with 1 eigenvalue close to zero: 3.5e-11"	"abundance"	68	6
"Eggerthellaceae_unclassified"	"Group"	"Follow up"	"GroupFollow up"	0.76474762370121	NA	1.43594353019843	0.688457080283832	NA	0.410572013947836	0.925840013510537	"Model may not have converged with 1 eigenvalue close to zero: 3.5e-11"	"abundance"	68	6
"Eggerthellaceae_unclassified"	"NGAT"	"NGAT"	"NGAT"	0.309186002870751	NA	0.981328860064306	0.80568836646928	NA	0.0160526985337927	0.757763834065195	"Model may not have converged with 1 eigenvalue close to zero: 3.5e-11"	"abundance"	68	6
"Eggerthellaceae_unclassified"	"Reads"	"Reads"	"Reads"	-0.397254436205422	NA	0.494387769470856	0.56907838391925	NA	0.106724983756244	0.883853044489963	"Model may not have converged with 1 eigenvalue close to zero: 3.5e-11"	"abundance"	68	6
"Enhydrobacter"	"Age"	"Age"	"Age"	NA	NA	NA	NA	NA	0.787124007028332	0.946760898667475	"number of levels of each grouping factor must be < number of observations (problems: Patient.ID)"	"abundance"	68	8
"Enhydrobacter"	"Group"	"Follow up"	"GroupFollow up"	NA	NA	NA	NA	NA	0.820617917864815	0.946760898667475	"number of levels of each grouping factor must be < number of observations (problems: Patient.ID)"	"abundance"	68	8
"Enhydrobacter"	"NGAT"	"NGAT"	"NGAT"	NA	NA	NA	NA	NA	0.309381771949606	0.91529579140541	"number of levels of each grouping factor must be < number of observations (problems: Patient.ID)"	"abundance"	68	8
"Enhydrobacter"	"Reads"	"Reads"	"Reads"	NA	NA	NA	NA	NA	0.415131436988853	0.925840013510537	"number of levels of each grouping factor must be < number of observations (problems: Patient.ID)"	"abundance"	68	8
"Faecalibacterium"	"Age"	"Age"	"Age"	NA	NA	NA	NA	NA	0.579690028051643	0.930716564081615	"not a positive definite matrix (and positive semidefiniteness is not checked)"	"abundance"	68	5
"Faecalibacterium"	"Group"	"Follow up"	"GroupFollow up"	NA	NA	NA	NA	NA	0.298340006528442	0.91529579140541	"not a positive definite matrix (and positive semidefiniteness is not checked)"	"abundance"	68	5
"Faecalibacterium"	"NGAT"	"NGAT"	"NGAT"	NA	NA	NA	NA	NA	0.379590542495921	0.925840013510537	"not a positive definite matrix (and positive semidefiniteness is not checked)"	"abundance"	68	5
"Faecalibacterium"	"Reads"	"Reads"	"Reads"	NA	NA	NA	NA	NA	0.187025419914133	0.883853044489963	"not a positive definite matrix (and positive semidefiniteness is not checked)"	"abundance"	68	5
"Fastidiosipila"	"Age"	"Age"	"Age"	1.80777850014704	NA	0.944479565020471	0.128146968608941	NA	0.348180741149783	0.925840013510537	"Model may not have converged with 1 eigenvalue close to zero: 1.2e-11"	"abundance"	68	9
"Fastidiosipila"	"Group"	"Follow up"	"GroupFollow up"	-0.531639305734321	NA	0.0836983049554967	0.00314768340240323	NA	0.990873362279116	0.99365432605694	"Model may not have converged with 1 eigenvalue close to zero: 1.2e-11"	"abundance"	68	9
"Fastidiosipila"	"NGAT"	"NGAT"	"NGAT"	-1.24397811043937	NA	0.115915845580821	0.000427308301527873	NA	0.600053220902981	0.930716564081615	"Model may not have converged with 1 eigenvalue close to zero: 1.2e-11"	"abundance"	68	9
"Fastidiosipila"	"Reads"	"Reads"	"Reads"	-0.0546321624077037	NA	1.0433638226659	0.96075124174713	NA	0.606481504047249	0.930716564081615	"Model may not have converged with 1 eigenvalue close to zero: 1.2e-11"	"abundance"	68	9
"Haemophilus"	"Age"	"Age"	"Age"	NA	NA	NA	NA	NA	0.12023682398549	0.883853044489963	"not a positive definite matrix (and positive semidefiniteness is not checked)"	"abundance"	68	3
"Haemophilus"	"Group"	"Follow up"	"GroupFollow up"	NA	NA	NA	NA	NA	0.272517641399847	0.91529579140541	"not a positive definite matrix (and positive semidefiniteness is not checked)"	"abundance"	68	3
"Haemophilus"	"NGAT"	"NGAT"	"NGAT"	NA	NA	NA	NA	NA	0.680108673077273	0.946760898667475	"not a positive definite matrix (and positive semidefiniteness is not checked)"	"abundance"	68	3
"Haemophilus"	"Reads"	"Reads"	"Reads"	NA	NA	NA	NA	NA	0.0774137058030055	0.883853044489963	"not a positive definite matrix (and positive semidefiniteness is not checked)"	"abundance"	68	3
"Halomonas"	"Age"	"Age"	"Age"	NA	NA	NA	NA	NA	0.744668812262721	0.946760898667475	"number of levels of each grouping factor must be < number of observations (problems: Patient.ID)"	"abundance"	68	4
"Halomonas"	"Group"	"Follow up"	"GroupFollow up"	NA	NA	NA	NA	NA	0.655242453406729	0.946760898667475	"number of levels of each grouping factor must be < number of observations (problems: Patient.ID)"	"abundance"	68	4
"Halomonas"	"NGAT"	"NGAT"	"NGAT"	NA	NA	NA	NA	NA	0.206773749972939	0.883853044489963	"number of levels of each grouping factor must be < number of observations (problems: Patient.ID)"	"abundance"	68	4
"Halomonas"	"Reads"	"Reads"	"Reads"	NA	NA	NA	NA	NA	0.309710611262038	0.91529579140541	"number of levels of each grouping factor must be < number of observations (problems: Patient.ID)"	"abundance"	68	4
"Lactobacillaceae_unclassified"	"Age"	"Age"	"Age"	NA	NA	NA	NA	NA	0.851115224842255	0.964760334044053	"not a positive definite matrix (and positive semidefiniteness is not checked)"	"abundance"	68	4
"Lactobacillaceae_unclassified"	"Group"	"Follow up"	"GroupFollow up"	NA	NA	NA	NA	NA	0.20110782796474	0.883853044489963	"not a positive definite matrix (and positive semidefiniteness is not checked)"	"abundance"	68	4
"Lactobacillaceae_unclassified"	"NGAT"	"NGAT"	"NGAT"	NA	NA	NA	NA	NA	0.699342442070088	0.946760898667475	"not a positive definite matrix (and positive semidefiniteness is not checked)"	"abundance"	68	4
"Lactobacillaceae_unclassified"	"Reads"	"Reads"	"Reads"	NA	NA	NA	NA	NA	0.959372940555413	0.991553077107589	"not a positive definite matrix (and positive semidefiniteness is not checked)"	"abundance"	68	4
"Negativicoccus"	"Age"	"Age"	"Age"	NA	NA	NA	NA	NA	0.393296902729831	0.925840013510537	"not a positive definite matrix (and positive semidefiniteness is not checked)"	"abundance"	68	5
"Negativicoccus"	"Group"	"Follow up"	"GroupFollow up"	NA	NA	NA	NA	NA	0.126170678014685	0.883853044489963	"not a positive definite matrix (and positive semidefiniteness is not checked)"	"abundance"	68	5
"Negativicoccus"	"NGAT"	"NGAT"	"NGAT"	NA	NA	NA	NA	NA	0.639473318377602	0.946760898667475	"not a positive definite matrix (and positive semidefiniteness is not checked)"	"abundance"	68	5
"Negativicoccus"	"Reads"	"Reads"	"Reads"	NA	NA	NA	NA	NA	0.52779834018249	0.930716564081615	"not a positive definite matrix (and positive semidefiniteness is not checked)"	"abundance"	68	5
"Parvimonas"	"Age"	"Age"	"Age"	NA	NA	NA	NA	NA	0.128809071411357	0.883853044489963	"number of levels of each grouping factor must be < number of observations (problems: Patient.ID)"	"abundance"	68	7
"Parvimonas"	"Group"	"Follow up"	"GroupFollow up"	NA	NA	NA	NA	NA	0.520273692794083	0.930716564081615	"number of levels of each grouping factor must be < number of observations (problems: Patient.ID)"	"abundance"	68	7
"Parvimonas"	"NGAT"	"NGAT"	"NGAT"	NA	NA	NA	NA	NA	0.209147214457335	0.883853044489963	"number of levels of each grouping factor must be < number of observations (problems: Patient.ID)"	"abundance"	68	7
"Parvimonas"	"Reads"	"Reads"	"Reads"	NA	NA	NA	NA	NA	0.79862371561207	0.946760898667475	"number of levels of each grouping factor must be < number of observations (problems: Patient.ID)"	"abundance"	68	7
"Prevotella_7"	"Age"	"Age"	"Age"	-3.15600230053146	NA	1.50112483341602	0.126273418631076	NA	0.545667041888156	0.930716564081615	"Model may not have converged with 1 eigenvalue close to zero: 1.7e-11"	"abundance"	68	8
"Prevotella_7"	"Group"	"Follow up"	"GroupFollow up"	-0.00787917414816769	NA	0.526143816125524	0.98899211007947	NA	0.155311966029343	0.883853044489963	"Model may not have converged with 1 eigenvalue close to zero: 1.7e-11"	"abundance"	68	8
"Prevotella_7"	"NGAT"	"NGAT"	"NGAT"	3.11026491232651	NA	2.05731458123559	0.227768554248062	NA	0.739494734550896	0.946760898667475	"Model may not have converged with 1 eigenvalue close to zero: 1.7e-11"	"abundance"	68	8
"Prevotella_7"	"Reads"	"Reads"	"Reads"	1.06972450739819	NA	0.320251328807247	0.0443787033257816	NA	0.225778191893465	0.883853044489963	"Model may not have converged with 1 eigenvalue close to zero: 1.7e-11"	"abundance"	68	8
"Pseudoalteromonas"	"Age"	"Age"	"Age"	-0.300147480243741	NA	0.4299839462719	0.523600224147929	NA	0.861240699595154	0.96552700809874	"Model may not have converged with 1 eigenvalue close to zero: 7.5e-11"	"abundance"	68	9
"Pseudoalteromonas"	"Group"	"Follow up"	"GroupFollow up"	1.16084041153489	NA	1.13496553542211	0.364224462418412	NA	0.828277508937171	0.946760898667475	"Model may not have converged with 1 eigenvalue close to zero: 7.5e-11"	"abundance"	68	9
"Pseudoalteromonas"	"NGAT"	"NGAT"	"NGAT"	0.890860596879554	NA	0.825778944045553	0.341383053854616	NA	0.255180290127323	0.904491013889029	"Model may not have converged with 1 eigenvalue close to zero: 7.5e-11"	"abundance"	68	9
"Pseudoalteromonas"	"Reads"	"Reads"	"Reads"	-1.43490048020586	NA	0.788769120989973	0.143015910658927	NA	0.323152775301838	0.91529579140541	"Model may not have converged with 1 eigenvalue close to zero: 7.5e-11"	"abundance"	68	9
"Pseudonocardiaceae_unclassified"	"Age"	"Age"	"Age"	NA	NA	NA	NA	NA	0.0967000355573542	0.883853044489963	"number of levels of each grouping factor must be < number of observations (problems: Patient.ID)"	"abundance"	68	7
"Pseudonocardiaceae_unclassified"	"Group"	"Follow up"	"GroupFollow up"	NA	NA	NA	NA	NA	0.521249802191141	0.930716564081615	"number of levels of each grouping factor must be < number of observations (problems: Patient.ID)"	"abundance"	68	7
"Pseudonocardiaceae_unclassified"	"NGAT"	"NGAT"	"NGAT"	NA	NA	NA	NA	NA	0.0943582366405731	0.883853044489963	"number of levels of each grouping factor must be < number of observations (problems: Patient.ID)"	"abundance"	68	7
"Pseudonocardiaceae_unclassified"	"Reads"	"Reads"	"Reads"	NA	NA	NA	NA	NA	0.229354271038535	0.883853044489963	"number of levels of each grouping factor must be < number of observations (problems: Patient.ID)"	"abundance"	68	7
"S5-A14a"	"Age"	"Age"	"Age"	NA	NA	NA	NA	NA	0.20404145494286	0.883853044489963	"not a positive definite matrix (and positive semidefiniteness is not checked)"	"abundance"	68	5
"S5-A14a"	"Group"	"Follow up"	"GroupFollow up"	NA	NA	NA	NA	NA	0.749148708366583	0.946760898667475	"not a positive definite matrix (and positive semidefiniteness is not checked)"	"abundance"	68	5
"S5-A14a"	"NGAT"	"NGAT"	"NGAT"	NA	NA	NA	NA	NA	0.728194890348844	0.946760898667475	"not a positive definite matrix (and positive semidefiniteness is not checked)"	"abundance"	68	5
"S5-A14a"	"Reads"	"Reads"	"Reads"	NA	NA	NA	NA	NA	0.54206196878902	0.930716564081615	"not a positive definite matrix (and positive semidefiniteness is not checked)"	"abundance"	68	5
"Solobacterium"	"Age"	"Age"	"Age"	2.36628557297546	NA	3.5186315518885	0.623038008324437	NA	0.919760832800978	0.988586473350711	"Model may not have converged with 1 eigenvalue close to zero: 7.5e-11"	"abundance"	68	6
"Solobacterium"	"Group"	"Follow up"	"GroupFollow up"	-3.31312459847243	NA	4.32665348559664	0.583591778766146	NA	0.118978480902456	0.883853044489963	"Model may not have converged with 1 eigenvalue close to zero: 7.5e-11"	"abundance"	68	6
"Solobacterium"	"NGAT"	"NGAT"	"NGAT"	-4.55932655320471	NA	4.17784444127723	0.472074376722697	NA	0.726258866833242	0.946760898667475	"Model may not have converged with 1 eigenvalue close to zero: 7.5e-11"	"abundance"	68	6
"Solobacterium"	"Reads"	"Reads"	"Reads"	-0.90627221489696	NA	0.925433193388163	0.506214511114967	NA	0.0043449984178493	0.511027142478274	"Model may not have converged with 1 eigenvalue close to zero: 7.5e-11"	"abundance"	68	6
"Sutterella"	"Age"	"Age"	"Age"	-2.72526253656065	NA	1.26045413835612	0.163121668715102	NA	0.606732950002572	0.930716564081615	"Model may not have converged with 1 eigenvalue close to zero: 8.7e-11"	"abundance"	68	7
"Sutterella"	"Group"	"Follow up"	"GroupFollow up"	4.15685566651999	NA	0.976227695822057	0.0509731563983105	NA	0.989436637299327	0.99365432605694	"Model may not have converged with 1 eigenvalue close to zero: 8.7e-11"	"abundance"	68	7
"Sutterella"	"NGAT"	"NGAT"	"NGAT"	0.902203715398541	NA	1.20375392750641	0.531726544001827	NA	0.504703115062026	0.930716564081615	"Model may not have converged with 1 eigenvalue close to zero: 8.7e-11"	"abundance"	68	7
"Sutterella"	"Reads"	"Reads"	"Reads"	0.152869626975269	NA	0.302025817812251	0.663031154175241	NA	0.762446432251765	0.946760898667475	"Model may not have converged with 1 eigenvalue close to zero: 8.7e-11"	"abundance"	68	7
"Ureaplasma"	"Age"	"Age"	"Age"	1.42701070228212	NA	12.5652238426662	0.933136675676757	NA	0.442984141184615	0.930716564081615	"Model may not have converged with 1 eigenvalue close to zero: 9.9e-11"	"abundance"	68	6
"Ureaplasma"	"Group"	"Follow up"	"GroupFollow up"	1.8963966420295	NA	18.1927606138916	0.938708928472068	NA	0.569019416358719	0.930716564081615	"Model may not have converged with 1 eigenvalue close to zero: 9.9e-11"	"abundance"	68	6
"Ureaplasma"	"NGAT"	"NGAT"	"NGAT"	-3.54996192888252	NA	8.59445926586943	0.762727807215574	NA	0.623881903643938	0.940200475853626	"Model may not have converged with 1 eigenvalue close to zero: 9.9e-11"	"abundance"	68	6
"Ureaplasma"	"Reads"	"Reads"	"Reads"	-1.6249195659668	NA	18.0283242738725	0.947374850286142	NA	0.884219506181454	0.97373374449645	"Model may not have converged with 1 eigenvalue close to zero: 9.9e-11"	"abundance"	68	6
"Virgibacillus"	"Age"	"Age"	"Age"	NA	NA	NA	NA	NA	0.820428867558324	0.946760898667475	"number of levels of each grouping factor must be < number of observations (problems: Patient.ID)"	"abundance"	68	11
"Virgibacillus"	"Group"	"Follow up"	"GroupFollow up"	NA	NA	NA	NA	NA	0.106909777679382	0.883853044489963	"number of levels of each grouping factor must be < number of observations (problems: Patient.ID)"	"abundance"	68	11
"Virgibacillus"	"NGAT"	"NGAT"	"NGAT"	NA	NA	NA	NA	NA	0.9328101907053	0.991553077107589	"number of levels of each grouping factor must be < number of observations (problems: Patient.ID)"	"abundance"	68	11
"Virgibacillus"	"Reads"	"Reads"	"Reads"	NA	NA	NA	NA	NA	0.0602825590678934	0.883853044489963	"number of levels of each grouping factor must be < number of observations (problems: Patient.ID)"	"abundance"	68	11
"Lactobacillus"	"Age"	"Age"	"Age"	NA	0	NA	NA	NA	0.888101897506769	0.97373374449645	"All logistic values are the same"	"prevalence"	68	68
"Lactobacillus"	"Group"	"Follow up"	"GroupFollow up"	NA	0	NA	NA	NA	0.137849778787947	0.883853044489963	"All logistic values are the same"	"prevalence"	68	68
"Lactobacillus"	"NGAT"	"NGAT"	"NGAT"	NA	0	NA	NA	NA	0.000598565690666916	0.189146758250746	"All logistic values are the same"	"prevalence"	68	68
"Lactobacillus"	"Reads"	"Reads"	"Reads"	NA	0	NA	NA	NA	0.177552535797138	0.883853044489963	"All logistic values are the same"	"prevalence"	68	68
