Genus,Metabolite,SpearmanRho,Pvalue,AdjPval,Network
Lactobacillus,NAD._2,0.236484983314794,0.215,0.935388888888889,Recruitment
Lactobacillus,Unknown_3,-0.189321468298109,0.315,0.969257232212666,Recruitment
Lactobacillus,Formate_5,-0.63559510567297,0,0,Recruitment
Lactobacillus,Unknown_7,-0.67964404894327,0.001,0.124967741935484,Recruitment
Lactobacillus,Unknown_8,-0.465183537263626,0.01,0.466746987951807,Recruitment
Lactobacillus,Hypoxanthine_10,-0.204449388209121,0.264,0.95296256684492,Recruitment
Lactobacillus,NAD._11,0.0282536151279199,0.888,0.997665628245068,Recruitment
Lactobacillus,Tryptophan_14,0.0625139043381535,0.761,0.997665628245068,Recruitment
Lactobacillus,Unknown_15,-0.577308120133482,0,0,Recruitment
Lactobacillus,Phenylalanine_19,0.524805339265851,0.002,0.188975609756098,Recruitment
Lactobacillus,Tyrosine_20,0.5853170189099,0.004,0.286962962962963,Recruitment
Lactobacillus,Unknown_22,0.305005561735261,0.091,0.804872146118721,Recruitment
Lactobacillus,Unknown_23,-0.652947719688543,0,0,Recruitment
Lactobacillus,Unknown_24,-0.629810901001112,0,0,Recruitment
Lactobacillus,Unknown_25,-0.661846496106785,0,0,Recruitment
Lactobacillus,Unknown_26,-0.623581757508343,0,0,Recruitment
Lactobacillus,Unknown_28,-0.595995550611791,0,0,Recruitment
Lactobacillus,Uridine_29,-0.222691879866518,0.239,0.945839267548321,Recruitment
Lactobacillus,Uracil_30,-0.72769744160178,0,0,Recruitment
Lactobacillus,Unknown_31,-0.251612903225806,0.17,0.934122399020808,Recruitment
Lactobacillus,Maltose.Glucose_32,0.161290322580645,0.382,0.99055432661028,Recruitment
Lactobacillus,Unknown_33,0.117241379310345,0.528,0.997665628245068,Recruitment
Lactobacillus,Unknown_34,0.322803114571746,0.097,0.812959314775161,Recruitment
Lactobacillus,Maltose.unknown_37,0.372636262513904,0.043,0.718025862068965,Recruitment
Lactobacillus,Maltose.glucose.unknown_38,0.123915461624027,0.496,0.997665628245068,Recruitment
Lactobacillus,Ascorbate_40,-0.198220244716351,0.3,0.962086092715232,Recruitment
Lactobacillus,Unknown_41,-0.204894327030033,0.283,0.954170583115753,Recruitment
Lactobacillus,Threonine_42,-0.270300333704116,0.135,0.903711835334477,Recruitment
Lactobacillus,Unknown_43,-0.37797552836485,0.045,0.725410358565737,Recruitment
Lactobacillus,Unknown_44,-0.0233592880978865,0.883,0.997665628245068,Recruitment
Lactobacillus,Unknown_45,0.177308120133482,0.348,0.983334792122538,Recruitment
Lactobacillus,Unknown_46,0.184872080088988,0.325,0.971489197530864,Recruitment
Lactobacillus,Unknown_47,0.197775305895439,0.296,0.962086092715232,Recruitment
Lactobacillus,Lactate_48,0.54349276974416,0.002,0.188975609756098,Recruitment
Lactobacillus,Unknown_49,0.238709677419355,0.208,0.935388888888889,Recruitment
Lactobacillus,Unknown_50,0.356173526140156,0.05,0.733712121212121,Recruitment
Lactobacillus,Unknown_51,0.361957730812013,0.045,0.725410358565737,Recruitment
Lactobacillus,Unknown_52,0.393548387096774,0.036,0.707426086956522,Recruitment
Lactobacillus,Unknown_53,-0.0669632925472747,0.731,0.997665628245068,Recruitment
Lactobacillus,Unknown_54,0.269855394883204,0.137,0.905696245733788,Recruitment
Lactobacillus,Unknown_55,-0.0273637374860957,0.889,0.997665628245068,Recruitment
Lactobacillus,Unknown_56,-0.0242491657397108,0.906,0.997665628245068,Recruitment
Lactobacillus,Maltose.unknown_67,0.365962180200222,0.039,0.707426086956522,Recruitment
Lactobacillus,Maltose.unknown_68,0.221357063403782,0.23,0.939894514767933,Recruitment
Lactobacillus,Maltose.unknown_69,0.326807563959956,0.072,0.766832904884319,Recruitment
Lactobacillus,Maltose.unknown_70,0.36329254727475,0.055,0.737266435986159,Recruitment
Lactobacillus,Maltose.unknown_71,0.341045606229143,0.072,0.766832904884319,Recruitment
Lactobacillus,Maltose_72,0.302780867630701,0.108,0.843532258064516,Recruitment
Lactobacillus,Maltose_73,0.370411568409344,0.049,0.732918918918919,Recruitment
Lactobacillus,Maltose.unknown_74,0.311234705228031,0.106,0.843532258064516,Recruitment
Lactobacillus,Maltose_75,0.229810901001112,0.221,0.935388888888889,Recruitment
Lactobacillus,Maltose.unknown_76,0.453615127919911,0.011,0.473488888888889,Recruitment
Lactobacillus,Maltose.unknown_77,0.35083426028921,0.061,0.747829113924051,Recruitment
Lactobacillus,Unknown_79,0.393548387096774,0.039,0.707426086956522,Recruitment
Lactobacillus,Unknown_81,0.36551724137931,0.046,0.725410358565737,Recruitment
Lactobacillus,Maltose.unknown_87,0.315684093437152,0.087,0.791169014084507,Recruitment
Lactobacillus,Maltose.unknown_88,0.439822024471635,0.007,0.404746268656716,Recruitment
Lactobacillus,Unknown_89,0.373526140155729,0.049,0.732918918918919,Recruitment
Lactobacillus,Unknown_90,0.366407119021135,0.058,0.745,Recruitment
Lactobacillus,Unknown_91,0.408676307007786,0.029,0.676783132530121,Recruitment
Lactobacillus,Unknown_92,0.365072302558398,0.039,0.707426086956522,Recruitment
Lactobacillus,Uknown_93,0.402002224694105,0.031,0.698220930232558,Recruitment
Lactobacillus,Unknown_94,0.391768631813126,0.033,0.704363636363636,Recruitment
Lactobacillus,Uknown_95,0.365962180200222,0.054,0.734021052631579,Recruitment
Lactobacillus,Unknown_96,0.34238042269188,0.068,0.766832904884319,Recruitment
Lactobacillus,Unknown_97,0.354393770856507,0.049,0.732918918918919,Recruitment
Lactobacillus,Glycine_99,0.0447163515016685,0.831,0.997665628245068,Recruitment
Lactobacillus,Glucose_100,-0.385984427141268,0.034,0.704363636363636,Recruitment
Lactobacillus,Glucose_101,-0.315684093437152,0.083,0.789844660194175,Recruitment
Lactobacillus,Glucose_102,-0.385984427141268,0.036,0.707426086956522,Recruitment
Lactobacillus,Glucose_103,-0.40734149054505,0.027,0.6537375,Recruitment
Lactobacillus,Glucose_104,-0.385984427141268,0.034,0.704363636363636,Recruitment
Lactobacillus,Maltose.taurine.glucose_107,-0.152836484983315,0.402,0.991189889025894,Recruitment
Lactobacillus,Glucose_108,-0.38642936596218,0.034,0.704363636363636,Recruitment
Lactobacillus,Unknown_109,-0.288987764182425,0.115,0.865067961165049,Recruitment
Lactobacillus,Glucose_110,-0.381090100111235,0.035,0.707426086956522,Recruitment
Lactobacillus,Maltose.taurine_113,0.200444938820912,0.275,0.95296256684492,Recruitment
Lactobacillus,Glucose_116,-0.357508342602892,0.054,0.734021052631579,Recruitment
Lactobacillus,Glucose_117,-0.370411568409344,0.059,0.745,Recruitment
Lactobacillus,Unknown_118,0.154616240266963,0.409,0.991189889025894,Recruitment
Lactobacillus,Carnitine_119,-0.582202447163515,0,0,Recruitment
Lactobacillus,O_phosphocholine_120,-0.70055617352614,0,0,Recruitment
Lactobacillus,Unknown_121,-0.544827586206897,0.003,0.252652173913044,Recruitment
Lactobacillus,Unknown_122,-0.486095661846496,0.009,0.447,Recruitment
Lactobacillus,Unknown_123,-0.118576195773081,0.578,0.997665628245068,Recruitment
Lactobacillus,Unknown_124,0.53726362625139,0.001,0.124967741935484,Recruitment
Lactobacillus,Unknown_125,0.316831685128858,0.08,0.782626262626263,Recruitment
Lactobacillus,Unknown_126,0.183982202447164,0.339,0.972791728212703,Recruitment
Lactobacillus,Unknown_128,-0.085650723025584,0.653,0.997665628245068,Recruitment
Lactobacillus,Creatine_129,-0.37174638487208,0.048,0.732918918918919,Recruitment
Lactobacillus,Creatinephosphate_130,-0.480311457174639,0.008,0.447,Recruitment
Lactobacillus,Unknown_131,-0.256952169076752,0.155,0.929520123839009,Recruitment
Lactobacillus,Asparagine_133,-0.486095661846496,0.008,0.447,Recruitment
Lactobacillus,N.N.dimethylglycine_134,-0.473192436040044,0.015,0.534344827586207,Recruitment
Lactobacillus,Aspartate_136,0.52258064516129,0.006,0.3631875,Recruitment
Lactobacillus,Methionine_138,-0.0887652947719689,0.64,0.997665628245068,Recruitment
Lactobacillus,Unknown_139,-0.445161290322581,0.015,0.534344827586207,Recruitment
Lactobacillus,Methionine_140,0.29432703003337,0.155,0.929520123839009,Recruitment
Lactobacillus,Unknown_142,-0.47007786429366,0.013,0.498633663366337,Recruitment
Lactobacillus,Riboflavin_143,-0.436262513904338,0.02,0.60062015503876,Recruitment
Lactobacillus,Unknown_145,-0.507007786429366,0.006,0.3631875,Recruitment
Lactobacillus,Unknown_146,-0.532814238042269,0.003,0.252652173913044,Recruitment
Lactobacillus,Unknown_148,-0.646718576195773,0,0,Recruitment
Lactobacillus,Unknown_153,-0.742825361512792,0,0,Recruitment
Lactobacillus,Glutamine_154,-0.702335928809789,0,0,Recruitment
Lactobacillus,Glutamine.unknown_155,-0.209788654060067,0.277,0.953017761989343,Recruitment
Lactobacillus,Succinate_156,0.0367074527252503,0.839,0.997665628245068,Recruitment
Lactobacillus,Saccharopine.unknown_157,-0.0157953281423804,0.941,0.997665628245068,Recruitment
Lactobacillus,Glutamate.unknown_158,0.328142380422692,0.078,0.77084693877551,Recruitment
Lactobacillus,Unknown_159,0.120800889877642,0.521,0.997665628245068,Recruitment
Lactobacillus,Glutamate.unknown_161,0.232480533926585,0.221,0.935388888888889,Recruitment
Lactobacillus,Unknown_162,-0.0291434927697442,0.88,0.997665628245068,Recruitment
Lactobacillus,Valine.unknown_168,-0.120800889877642,0.512,0.997665628245068,Recruitment
Lactobacillus,Unknown_169,-0.660066740823137,0,0,Recruitment
Lactobacillus,Glutarate_171,-0.263181312569522,0.14,0.911529411764706,Recruitment
Lactobacillus,Glutamine.unknown_172,-0.5853170189099,0.001,0.124967741935484,Recruitment
Lactobacillus,Glutamine.glutamate_173,-0.592880978865406,0,0,Recruitment
Lactobacillus,Methionine.glutamate.glutamine_177,0.22091212458287,0.237,0.943615621788284,Recruitment
Lactobacillus,Unknown_182,-0.173748609566185,0.362,0.99055432661028,Recruitment
Lactobacillus,Unknown_185,-0.152836484983315,0.425,0.993033775633293,Recruitment
Lactobacillus,Glutamate_187,0.00467185761957731,0.981,0.997665628245068,Recruitment
Lactobacillus,Glutamate.unknown_189,-0.373526140155729,0.034,0.704363636363636,Recruitment
Lactobacillus,Unknown_190,-0.481646273637375,0.003,0.252652173913044,Recruitment
Lactobacillus,Unknown_191,-0.43448275862069,0.012,0.494553191489362,Recruitment
Lactobacillus,Unknown_192,-0.393103448275862,0.039,0.707426086956522,Recruitment
Lactobacillus,Unknown_193,-0.304115684093437,0.093,0.805654867256637,Recruitment
Lactobacillus,Isoleucine.unknown_194,0.166184649610679,0.4,0.991189889025894,Recruitment
Lactobacillus,Unknown_195,0.421134593993326,0.026,0.6537375,Recruitment
Lactobacillus,Unknown_196,0.414460511679644,0.022,0.617594202898551,Recruitment
Lactobacillus,Acetate_197,-0.48698553948832,0.006,0.3631875,Recruitment
Lactobacillus,Lysine.unknown_198,0.00244716351501669,0.992,0.997665628245068,Recruitment
Lactobacillus,Lysine.unknown_199,0.210701970377126,0.279,0.954170583115753,Recruitment
Lactobacillus,Lysine.unknown_200,0.239599555061179,0.185,0.934122399020808,Recruitment
Lactobacillus,Unknown_201,0.199110122358176,0.298,0.962086092715232,Recruitment
Lactobacillus,Unknown_202,0.064293659621802,0.757,0.997665628245068,Recruitment
Lactobacillus,Leucine.lysine_205,0.26496106785317,0.163,0.934122399020808,Recruitment
Lactobacillus,Leucine.unknown_209,0.26273637374861,0.148,0.912980891719745,Recruitment
Lactobacillus,Leucine.unknown_211,0.025139043381535,0.898,0.997665628245068,Recruitment
Lactobacillus,Alanine_212,-0.189321468298109,0.308,0.967724579663731,Recruitment
Lactobacillus,Unknown_214,0.428698553948832,0.024,0.641213793103448,Recruitment
Lactobacillus,Unknown_215,0.429588431590656,0.024,0.641213793103448,Recruitment
Lactobacillus,Isoleucine.unknown_218,-0.306340378197998,0.107,0.843532258064516,Recruitment
Lactobacillus,Unknown_219,0.122135706340378,0.527,0.997665628245068,Recruitment
Lactobacillus,Unknown_220,0.270745272525028,0.147,0.912980891719745,Recruitment
Lactobacillus,Propylene_glycol_221,-0.308120133481646,0.108,0.843532258064516,Recruitment
Lactobacillus,Isoleucine_225,0.601779755283649,0.002,0.188975609756098,Recruitment
Lactobacillus,Valine_227,0.323248053392658,0.076,0.766832904884319,Recruitment
Lactobacillus,Leucine_229,0.598665183537264,0,0,Recruitment
Lactobacillus,Leucine.isoleucine_230,0.537708565072302,0.001,0.124967741935484,Recruitment
Atopobium,NAD._2,-0.295661846496107,0.11,0.850578842315369,Recruitment
Atopobium,Unknown_3,-0.0625139043381535,0.758,0.997665628245068,Recruitment
Atopobium,Formate_5,-0.110122358175751,0.579,0.997665628245068,Recruitment
Atopobium,Unknown_7,-0.0269187986651835,0.887,0.997665628245068,Recruitment
Atopobium,Unknown_8,0.0602892102335929,0.741,0.997665628245068,Recruitment
Atopobium,Hypoxanthine_10,-0.0140155728587319,0.933,0.997665628245068,Recruitment
Atopobium,NAD._11,-0.252057842046719,0.204,0.934156028368794,Recruitment
Atopobium,Tryptophan_14,-0.2293659621802,0.226,0.935388888888889,Recruitment
Atopobium,Unknown_15,-0.0611790878754171,0.74,0.997665628245068,Recruitment
Atopobium,Phenylalanine_19,-0.139933259176863,0.458,0.997665628245068,Recruitment
Atopobium,Tyrosine_20,-0.143047830923248,0.461,0.997665628245068,Recruitment
Atopobium,Unknown_22,-0.0513904338153504,0.781,0.997665628245068,Recruitment
Atopobium,Unknown_23,-0.0518353726362625,0.773,0.997665628245068,Recruitment
Atopobium,Unknown_24,-0.0843159065628476,0.665,0.997665628245068,Recruitment
Atopobium,Unknown_25,-0.112791991101224,0.542,0.997665628245068,Recruitment
Atopobium,Unknown_26,-0.0865406006674082,0.62,0.997665628245068,Recruitment
Atopobium,Unknown_28,-0.0380422691879867,0.842,0.997665628245068,Recruitment
Atopobium,Uridine_29,-0.341490545050056,0.064,0.765234567901235,Recruitment
Atopobium,Uracil_30,0.100778642936596,0.591,0.997665628245068,Recruitment
Atopobium,Unknown_31,-0.0838709677419355,0.654,0.997665628245068,Recruitment
Atopobium,Maltose.Glucose_32,0.0513904338153504,0.804,0.997665628245068,Recruitment
Atopobium,Unknown_33,-0.228031145717464,0.212,0.935388888888889,Recruitment
Atopobium,Unknown_34,-0.395328142380423,0.023,0.636442857142857,Recruitment
Atopobium,Maltose.unknown_37,0.127474972191324,0.492,0.997665628245068,Recruitment
Atopobium,Maltose.glucose.unknown_38,-0.0340378197997775,0.859,0.997665628245068,Recruitment
Atopobium,Ascorbate_40,-0.119021134593993,0.566,0.997665628245068,Recruitment
Atopobium,Unknown_41,-0.154171301446051,0.421,0.993033775633293,Recruitment
Atopobium,Threonine_42,-0.117686318131257,0.528,0.997665628245068,Recruitment
Atopobium,Unknown_43,-0.0362625139043382,0.856,0.997665628245068,Recruitment
Atopobium,Unknown_44,-0.0135706340378198,0.937,0.997665628245068,Recruitment
Atopobium,Unknown_45,-0.0349276974416018,0.839,0.997665628245068,Recruitment
Atopobium,Unknown_46,0.0798665183537264,0.675,0.997665628245068,Recruitment
Atopobium,Unknown_47,0.00155728587319244,0.994,0.998122343182996,Recruitment
Atopobium,Lactate_48,0.0375973303670745,0.854,0.997665628245068,Recruitment
Atopobium,Unknown_49,0.0309232480533927,0.888,0.997665628245068,Recruitment
Atopobium,Unknown_50,-0.00467185761957731,0.987,0.997665628245068,Recruitment
Atopobium,Unknown_51,0.0229143492769744,0.912,0.997665628245068,Recruitment
Atopobium,Unknown_52,0.0593993325917686,0.772,0.997665628245068,Recruitment
Atopobium,Unknown_53,0.0456062291434928,0.84,0.997665628245068,Recruitment
Atopobium,Unknown_54,0.0838709677419355,0.645,0.997665628245068,Recruitment
Atopobium,Unknown_55,-0.028698553948832,0.873,0.997665628245068,Recruitment
Atopobium,Unknown_56,-0.0295884315906563,0.891,0.997665628245068,Recruitment
Atopobium,Maltose.unknown_67,-0.064293659621802,0.73,0.997665628245068,Recruitment
Atopobium,Maltose.unknown_68,-0.0834260289210234,0.667,0.997665628245068,Recruitment
Atopobium,Maltose.unknown_69,-0.0211345939933259,0.916,0.997665628245068,Recruitment
Atopobium,Maltose.unknown_70,0.0718576195773081,0.684,0.997665628245068,Recruitment
Atopobium,Maltose.unknown_71,0.0803114571746385,0.7,0.997665628245068,Recruitment
Atopobium,Maltose_72,-0.0335928809788654,0.857,0.997665628245068,Recruitment
Atopobium,Maltose_73,-0.0616240266963292,0.745,0.997665628245068,Recruitment
Atopobium,Maltose.unknown_74,0.0193548387096774,0.919,0.997665628245068,Recruitment
Atopobium,Maltose_75,-0.0589543937708565,0.753,0.997665628245068,Recruitment
Atopobium,Maltose.unknown_76,-0.00422691879866518,0.982,0.997665628245068,Recruitment
Atopobium,Maltose.unknown_77,-0.0340378197997775,0.861,0.997665628245068,Recruitment
Atopobium,Unknown_79,-0.107452725250278,0.56,0.997665628245068,Recruitment
Atopobium,Unknown_81,-0.182647385984427,0.339,0.972791728212703,Recruitment
Atopobium,Maltose.unknown_87,-0.0224694104560623,0.91,0.997665628245068,Recruitment
Atopobium,Maltose.unknown_88,0.0740823136818687,0.71,0.997665628245068,Recruitment
Atopobium,Unknown_89,0.0567296996662959,0.766,0.997665628245068,Recruitment
Atopobium,Unknown_90,0.0233592880978865,0.907,0.997665628245068,Recruitment
Atopobium,Unknown_91,-0.10166852057842,0.578,0.997665628245068,Recruitment
Atopobium,Unknown_92,-0.0816462736373749,0.666,0.997665628245068,Recruitment
Atopobium,Uknown_93,-0.0932146829810901,0.609,0.997665628245068,Recruitment
Atopobium,Unknown_94,0.00689655172413793,0.971,0.997665628245068,Recruitment
Atopobium,Uknown_95,0.00378197997775306,0.987,0.997665628245068,Recruitment
Atopobium,Unknown_96,0.0731924360400445,0.714,0.997665628245068,Recruitment
Atopobium,Unknown_97,0.07853170189099,0.692,0.997665628245068,Recruitment
Atopobium,Glycine_99,-0.0126807563959956,0.941,0.997665628245068,Recruitment
Atopobium,Glucose_100,0.0625139043381535,0.756,0.997665628245068,Recruitment
Atopobium,Glucose_101,0.0389321468298109,0.811,0.997665628245068,Recruitment
Atopobium,Glucose_102,0.082091212458287,0.665,0.997665628245068,Recruitment
Atopobium,Glucose_103,0.0967741935483871,0.583,0.997665628245068,Recruitment
Atopobium,Glucose_104,0.103448275862069,0.575,0.997665628245068,Recruitment
Atopobium,Maltose.taurine.glucose_107,0.135928809788654,0.429,0.993333333333333,Recruitment
Atopobium,Glucose_108,0.160400444938821,0.403,0.991189889025894,Recruitment
Atopobium,Unknown_109,0.132369299221357,0.465,0.997665628245068,Recruitment
Atopobium,Glucose_110,0.207119021134594,0.276,0.95296256684492,Recruitment
Atopobium,Maltose.taurine_113,0.0362625139043382,0.843,0.997665628245068,Recruitment
Atopobium,Glucose_116,0.0901001112347052,0.639,0.997665628245068,Recruitment
Atopobium,Glucose_117,0.192880978865406,0.316,0.969257232212666,Recruitment
Atopobium,Unknown_118,-0.225361512791991,0.225,0.935388888888889,Recruitment
Atopobium,Carnitine_119,-0.0389321468298109,0.834,0.997665628245068,Recruitment
Atopobium,O_phosphocholine_120,0.0416017797552836,0.82,0.997665628245068,Recruitment
Atopobium,Unknown_121,0.0585094549499444,0.748,0.997665628245068,Recruitment
Atopobium,Unknown_122,0.450500556173526,0.016,0.534344827586207,Recruitment
Atopobium,Unknown_123,0.288987764182425,0.113,0.860043222003929,Recruitment
Atopobium,Unknown_124,0.0691879866518354,0.678,0.997665628245068,Recruitment
Atopobium,Unknown_125,0.101234843211819,0.605,0.997665628245068,Recruitment
Atopobium,Unknown_126,0.188876529477197,0.312,0.967724579663731,Recruitment
Atopobium,Unknown_128,0.233815350389321,0.227,0.935529787234043,Recruitment
Atopobium,Creatine_129,0.159065628476085,0.406,0.991189889025894,Recruitment
Atopobium,Creatinephosphate_130,0.0780867630700779,0.675,0.997665628245068,Recruitment
Atopobium,Unknown_131,-0.0233592880978865,0.908,0.997665628245068,Recruitment
Atopobium,Asparagine_133,0.165294771968854,0.391,0.99055432661028,Recruitment
Atopobium,N.N.dimethylglycine_134,-0.176418242491657,0.354,0.98798132183908,Recruitment
Atopobium,Aspartate_136,-0.00467185761957731,0.987,0.997665628245068,Recruitment
Atopobium,Methionine_138,-0.0389321468298109,0.845,0.997665628245068,Recruitment
Atopobium,Unknown_139,0.0954393770856507,0.614,0.997665628245068,Recruitment
Atopobium,Methionine_140,-0.0166852057842047,0.916,0.997665628245068,Recruitment
Atopobium,Unknown_142,-0.000667408231368187,0.999,1,Recruitment
Atopobium,Riboflavin_143,0.0220244716351502,0.903,0.997665628245068,Recruitment
Atopobium,Unknown_145,0.122135706340378,0.491,0.997665628245068,Recruitment
Atopobium,Unknown_146,0.147052280311457,0.421,0.993033775633293,Recruitment
Atopobium,Unknown_148,0.166184649610679,0.368,0.99055432661028,Recruitment
Atopobium,Unknown_153,0.0518353726362625,0.808,0.997665628245068,Recruitment
Atopobium,Glutamine_154,0.0380422691879867,0.848,0.997665628245068,Recruitment
Atopobium,Glutamine.unknown_155,0.046496106785317,0.831,0.997665628245068,Recruitment
Atopobium,Succinate_156,0.105228031145717,0.58,0.997665628245068,Recruitment
Atopobium,Saccharopine.unknown_157,0.17908787541713,0.362,0.99055432661028,Recruitment
Atopobium,Glutamate.unknown_158,-0.00333704115684093,0.985,0.997665628245068,Recruitment
Atopobium,Unknown_159,0.092769744160178,0.641,0.997665628245068,Recruitment
Atopobium,Glutamate.unknown_161,0.121690767519466,0.525,0.997665628245068,Recruitment
Atopobium,Unknown_162,0.0709677419354839,0.699,0.997665628245068,Recruitment
Atopobium,Valine.unknown_168,-0.00467185761957731,0.988,0.997665628245068,Recruitment
Atopobium,Unknown_169,0.104783092324805,0.572,0.997665628245068,Recruitment
Atopobium,Glutarate_171,-0.0473859844271413,0.792,0.997665628245068,Recruitment
Atopobium,Glutamine.unknown_172,-0.00645161290322581,0.969,0.997665628245068,Recruitment
Atopobium,Glutamine.glutamate_173,0.00422691879866518,0.987,0.997665628245068,Recruitment
Atopobium,Methionine.glutamate.glutamine_177,-0.0918798665183537,0.632,0.997665628245068,Recruitment
Atopobium,Unknown_182,0.0309232480533927,0.879,0.997665628245068,Recruitment
Atopobium,Unknown_185,0.0545050055617353,0.792,0.997665628245068,Recruitment
Atopobium,Glutamate_187,-0.0175750834260289,0.938,0.997665628245068,Recruitment
Atopobium,Glutamate.unknown_189,0.157730812013348,0.422,0.993033775633293,Recruitment
Atopobium,Unknown_190,0.188431590656285,0.307,0.966925203252032,Recruitment
Atopobium,Unknown_191,0.235150166852058,0.193,0.934122399020808,Recruitment
Atopobium,Unknown_192,0.226696329254727,0.238,0.944684426229508,Recruitment
Atopobium,Unknown_193,0.197330367074527,0.297,0.962086092715232,Recruitment
Atopobium,Isoleucine.unknown_194,0.254727474972191,0.191,0.934122399020808,Recruitment
Atopobium,Unknown_195,0.0629588431590656,0.735,0.997665628245068,Recruitment
Atopobium,Unknown_196,-0.00244716351501669,0.991,0.997665628245068,Recruitment
Atopobium,Acetate_197,-0.0140155728587319,0.947,0.997665628245068,Recruitment
Atopobium,Lysine.unknown_198,-0.0754171301446051,0.704,0.997665628245068,Recruitment
Atopobium,Lysine.unknown_199,-0.118144399440606,0.539,0.997665628245068,Recruitment
Atopobium,Lysine.unknown_200,-0.121690767519466,0.51,0.997665628245068,Recruitment
Atopobium,Unknown_201,-0.110567296996663,0.555,0.997665628245068,Recruitment
Atopobium,Unknown_202,0.0585094549499444,0.752,0.997665628245068,Recruitment
Atopobium,Leucine.lysine_205,0.123470522803115,0.536,0.997665628245068,Recruitment
Atopobium,Leucine.unknown_209,-0.0327030033370412,0.87,0.997665628245068,Recruitment
Atopobium,Leucine.unknown_211,-0.082091212458287,0.638,0.997665628245068,Recruitment
Atopobium,Alanine_212,0.10567296996663,0.582,0.997665628245068,Recruitment
Atopobium,Unknown_214,0.0634037819799778,0.734,0.997665628245068,Recruitment
Atopobium,Unknown_215,0.0776418242491657,0.681,0.997665628245068,Recruitment
Atopobium,Isoleucine.unknown_218,-0.014460511679644,0.947,0.997665628245068,Recruitment
Atopobium,Unknown_219,0.0718576195773081,0.716,0.997665628245068,Recruitment
Atopobium,Unknown_220,0.0260289210233593,0.904,0.997665628245068,Recruitment
Atopobium,Propylene_glycol_221,-0.175083426028921,0.368,0.99055432661028,Recruitment
Atopobium,Isoleucine_225,0.0189098998887653,0.935,0.997665628245068,Recruitment
Atopobium,Valine_227,0.116351501668521,0.527,0.997665628245068,Recruitment
Atopobium,Leucine_229,-0.035817575083426,0.856,0.997665628245068,Recruitment
Atopobium,Leucine.isoleucine_230,-0.018020022246941,0.918,0.997665628245068,Recruitment
Bifidobacterium,NAD._2,0.165294771968854,0.374,0.99055432661028,Recruitment
Bifidobacterium,Unknown_3,-0.494994438264739,0.004,0.286962962962963,Recruitment
Bifidobacterium,Formate_5,0.099888765294772,0.607,0.997665628245068,Recruitment
Bifidobacterium,Unknown_7,-0.102558398220245,0.598,0.997665628245068,Recruitment
Bifidobacterium,Unknown_8,-0.247608453837597,0.189,0.934122399020808,Recruitment
Bifidobacterium,Hypoxanthine_10,0.0460511679644049,0.814,0.997665628245068,Recruitment
Bifidobacterium,NAD._11,0.0224694104560623,0.918,0.997665628245068,Recruitment
Bifidobacterium,Tryptophan_14,-0.349499443826474,0.063,0.76269375,Recruitment
Bifidobacterium,Unknown_15,0.118576195773081,0.522,0.997665628245068,Recruitment
Bifidobacterium,Phenylalanine_19,-0.107452725250278,0.555,0.997665628245068,Recruitment
Bifidobacterium,Tyrosine_20,-0.272525027808676,0.152,0.920075,Recruitment
Bifidobacterium,Unknown_22,0.359288097886541,0.054,0.734021052631579,Recruitment
Bifidobacterium,Unknown_23,0.0576195773081201,0.74,0.997665628245068,Recruitment
Bifidobacterium,Unknown_24,0.0367074527252503,0.847,0.997665628245068,Recruitment
Bifidobacterium,Unknown_25,0.12880978865406,0.516,0.997665628245068,Recruitment
Bifidobacterium,Unknown_26,0.20845383759733,0.268,0.95296256684492,Recruitment
Bifidobacterium,Unknown_28,0.224471635150167,0.26,0.952022684310019,Recruitment
Bifidobacterium,Uridine_29,-0.178642936596218,0.367,0.99055432661028,Recruitment
Bifidobacterium,Uracil_30,0.0451612903225806,0.817,0.997665628245068,Recruitment
Bifidobacterium,Unknown_31,0.273414905450501,0.161,0.934122399020808,Recruitment
Bifidobacterium,Maltose.Glucose_32,-0.177308120133482,0.357,0.988576125804146,Recruitment
Bifidobacterium,Unknown_33,-0.357508342602892,0.057,0.74349494949495,Recruitment
Bifidobacterium,Unknown_34,-0.279199110122358,0.135,0.903711835334477,Recruitment
Bifidobacterium,Maltose.unknown_37,-0.0389321468298109,0.836,0.997665628245068,Recruitment
Bifidobacterium,Maltose.glucose.unknown_38,-0.225361512791991,0.219,0.935388888888889,Recruitment
Bifidobacterium,Ascorbate_40,0.35706340378198,0.06,0.745,Recruitment
Bifidobacterium,Unknown_41,0.247163515016685,0.199,0.934156028368794,Recruitment
Bifidobacterium,Threonine_42,-0.0175750834260289,0.933,0.997665628245068,Recruitment
Bifidobacterium,Unknown_43,0.0496106785317019,0.786,0.997665628245068,Recruitment
Bifidobacterium,Unknown_44,0.315684093437152,0.098,0.812959314775161,Recruitment
Bifidobacterium,Unknown_45,0.331256952169077,0.086,0.791169014084507,Recruitment
Bifidobacterium,Unknown_46,0.269855394883204,0.14,0.911529411764706,Recruitment
Bifidobacterium,Unknown_47,0.242714126807564,0.18,0.934122399020808,Recruitment
Bifidobacterium,Lactate_48,-0.00556173526140156,0.978,0.997665628245068,Recruitment
Bifidobacterium,Unknown_49,-0.039377085650723,0.813,0.997665628245068,Recruitment
Bifidobacterium,Unknown_50,-0.0442714126807564,0.82,0.997665628245068,Recruitment
Bifidobacterium,Unknown_51,-0.0295884315906563,0.888,0.997665628245068,Recruitment
Bifidobacterium,Unknown_52,-0.0122358175750834,0.949,0.997665628245068,Recruitment
Bifidobacterium,Unknown_53,-0.0224694104560623,0.896,0.997665628245068,Recruitment
Bifidobacterium,Unknown_54,-0.0580645161290323,0.781,0.997665628245068,Recruitment
Bifidobacterium,Unknown_55,0.199555061179088,0.282,0.954170583115753,Recruitment
Bifidobacterium,Unknown_56,0.146607341490545,0.431,0.993745260663507,Recruitment
Bifidobacterium,Maltose.unknown_67,-0.0585094549499444,0.746,0.997665628245068,Recruitment
Bifidobacterium,Maltose.unknown_68,-0.0313681868743048,0.855,0.997665628245068,Recruitment
Bifidobacterium,Maltose.unknown_69,-0.0687430478309232,0.728,0.997665628245068,Recruitment
Bifidobacterium,Maltose.unknown_70,0.0527252502780868,0.797,0.997665628245068,Recruitment
Bifidobacterium,Maltose.unknown_71,0.123470522803115,0.532,0.997665628245068,Recruitment
Bifidobacterium,Maltose_72,0.108787541713014,0.581,0.997665628245068,Recruitment
Bifidobacterium,Maltose_73,0.103893214682981,0.584,0.997665628245068,Recruitment
Bifidobacterium,Maltose.unknown_74,0.0651835372636263,0.729,0.997665628245068,Recruitment
Bifidobacterium,Maltose_75,-0.0843159065628476,0.649,0.997665628245068,Recruitment
Bifidobacterium,Maltose.unknown_76,-0.0131256952169077,0.938,0.997665628245068,Recruitment
Bifidobacterium,Maltose.unknown_77,-0.135483870967742,0.444,0.997665628245068,Recruitment
Bifidobacterium,Unknown_79,0.0847608453837597,0.672,0.997665628245068,Recruitment
Bifidobacterium,Unknown_81,0.113681868743048,0.559,0.997665628245068,Recruitment
Bifidobacterium,Maltose.unknown_87,-0.028698553948832,0.893,0.997665628245068,Recruitment
Bifidobacterium,Maltose.unknown_88,0.025139043381535,0.898,0.997665628245068,Recruitment
Bifidobacterium,Unknown_89,0.0104560622914349,0.945,0.997665628245068,Recruitment
Bifidobacterium,Unknown_90,0.165739710789766,0.384,0.99055432661028,Recruitment
Bifidobacterium,Unknown_91,0.235150166852058,0.196,0.934122399020808,Recruitment
Bifidobacterium,Unknown_92,0.245828698553949,0.191,0.934122399020808,Recruitment
Bifidobacterium,Uknown_93,0.244938820912125,0.197,0.934122399020808,Recruitment
Bifidobacterium,Unknown_94,0.0816462736373749,0.667,0.997665628245068,Recruitment
Bifidobacterium,Uknown_95,0.0700778642936596,0.72,0.997665628245068,Recruitment
Bifidobacterium,Unknown_96,0.0153503893214683,0.94,0.997665628245068,Recruitment
Bifidobacterium,Unknown_97,-0.0282536151279199,0.876,0.997665628245068,Recruitment
Bifidobacterium,Glycine_99,0.0874304783092325,0.654,0.997665628245068,Recruitment
Bifidobacterium,Glucose_100,-0.190656284760845,0.302,0.962920164609053,Recruitment
Bifidobacterium,Glucose_101,-0.260066740823137,0.187,0.934122399020808,Recruitment
Bifidobacterium,Glucose_102,-0.274749721913237,0.122,0.878490706319703,Recruitment
Bifidobacterium,Glucose_103,-0.273414905450501,0.147,0.912980891719745,Recruitment
Bifidobacterium,Glucose_104,-0.238264738598443,0.201,0.934156028368794,Recruitment
Bifidobacterium,Maltose.taurine.glucose_107,-0.127474972191324,0.524,0.997665628245068,Recruitment
Bifidobacterium,Glucose_108,-0.291657397107898,0.107,0.843532258064516,Recruitment
Bifidobacterium,Unknown_109,-0.240934371523915,0.207,0.935388888888889,Recruitment
Bifidobacterium,Glucose_110,-0.232480533926585,0.216,0.935388888888889,Recruitment
Bifidobacterium,Maltose.taurine_113,0.0923248053392658,0.63,0.997665628245068,Recruitment
Bifidobacterium,Glucose_116,-0.19377085650723,0.26,0.952022684310019,Recruitment
Bifidobacterium,Glucose_117,-0.260066740823137,0.146,0.912264516129032,Recruitment
Bifidobacterium,Unknown_118,0.252947719688543,0.156,0.931192604006163,Recruitment
Bifidobacterium,Carnitine_119,0.140378197997775,0.447,0.997665628245068,Recruitment
Bifidobacterium,O_phosphocholine_120,0.0238042269187987,0.903,0.997665628245068,Recruitment
Bifidobacterium,Unknown_121,-0.0197997775305895,0.921,0.997665628245068,Recruitment
Bifidobacterium,Unknown_122,0.0731924360400445,0.717,0.997665628245068,Recruitment
Bifidobacterium,Unknown_123,-0.0834260289210234,0.655,0.997665628245068,Recruitment
Bifidobacterium,Unknown_124,-0.224471635150167,0.205,0.935388888888889,Recruitment
Bifidobacterium,Unknown_125,-0.117476916957891,0.54,0.997665628245068,Recruitment
Bifidobacterium,Unknown_126,-0.32146829810901,0.09,0.80151724137931,Recruitment
Bifidobacterium,Unknown_128,-0.184872080088988,0.32,0.969257232212666,Recruitment
Bifidobacterium,Creatine_129,0.00645161290322581,0.975,0.997665628245068,Recruitment
Bifidobacterium,Creatinephosphate_130,0.450945494994438,0.01,0.466746987951807,Recruitment
Bifidobacterium,Unknown_131,0.165294771968854,0.378,0.99055432661028,Recruitment
Bifidobacterium,Asparagine_133,0.0389321468298109,0.855,0.997665628245068,Recruitment
Bifidobacterium,N.N.dimethylglycine_134,-0.0709677419354839,0.746,0.997665628245068,Recruitment
Bifidobacterium,Aspartate_136,0.0335928809788654,0.866,0.997665628245068,Recruitment
Bifidobacterium,Methionine_138,0.0162402669632925,0.924,0.997665628245068,Recruitment
Bifidobacterium,Unknown_139,0.26273637374861,0.176,0.934122399020808,Recruitment
Bifidobacterium,Methionine_140,0.0994438264738598,0.576,0.997665628245068,Recruitment
Bifidobacterium,Unknown_142,0.0456062291434928,0.802,0.997665628245068,Recruitment
Bifidobacterium,Riboflavin_143,0.00378197997775306,0.985,0.997665628245068,Recruitment
Bifidobacterium,Unknown_145,0.0860956618464961,0.676,0.997665628245068,Recruitment
Bifidobacterium,Unknown_146,-0.0100111234705228,0.97,0.997665628245068,Recruitment
Bifidobacterium,Unknown_148,0.147052280311457,0.43,0.993333333333333,Recruitment
Bifidobacterium,Unknown_153,0.11412680756396,0.522,0.997665628245068,Recruitment
Bifidobacterium,Glutamine_154,0.109232480533927,0.568,0.997665628245068,Recruitment
Bifidobacterium,Glutamine.unknown_155,0.234705228031146,0.227,0.935529787234043,Recruitment
Bifidobacterium,Succinate_156,0.0384872080088988,0.841,0.997665628245068,Recruitment
Bifidobacterium,Saccharopine.unknown_157,0.124805339265851,0.517,0.997665628245068,Recruitment
Bifidobacterium,Glutamate.unknown_158,0.334371523915462,0.07,0.766832904884319,Recruitment
Bifidobacterium,Unknown_159,0.351279199110122,0.06,0.745,Recruitment
Bifidobacterium,Glutamate.unknown_161,0.169299221357063,0.394,0.991081606217617,Recruitment
Bifidobacterium,Unknown_162,0.0674082313681869,0.698,0.997665628245068,Recruitment
Bifidobacterium,Valine.unknown_168,-0.151056729699666,0.441,0.997334500875657,Recruitment
Bifidobacterium,Unknown_169,0.0384872080088988,0.825,0.997665628245068,Recruitment
Bifidobacterium,Glutarate_171,-0.0318131256952169,0.863,0.997665628245068,Recruitment
Bifidobacterium,Glutamine.unknown_172,0.0656284760845384,0.729,0.997665628245068,Recruitment
Bifidobacterium,Glutamine.glutamate_173,0.190211345939933,0.296,0.962086092715232,Recruitment
Bifidobacterium,Methionine.glutamate.glutamine_177,0.204004449388209,0.293,0.960306260575296,Recruitment
Bifidobacterium,Unknown_182,-0.106117908787542,0.595,0.997665628245068,Recruitment
Bifidobacterium,Unknown_185,-0.0238042269187987,0.908,0.997665628245068,Recruitment
Bifidobacterium,Glutamate_187,0.132369299221357,0.468,0.997665628245068,Recruitment
Bifidobacterium,Glutamate.unknown_189,0.0407119021134594,0.832,0.997665628245068,Recruitment
Bifidobacterium,Unknown_190,-0.0197997775305895,0.925,0.997665628245068,Recruitment
Bifidobacterium,Unknown_191,0.0153503893214683,0.938,0.997665628245068,Recruitment
Bifidobacterium,Unknown_192,0.082091212458287,0.648,0.997665628245068,Recruitment
Bifidobacterium,Unknown_193,-0.0331479421579533,0.871,0.997665628245068,Recruitment
Bifidobacterium,Isoleucine.unknown_194,0.0362625139043382,0.841,0.997665628245068,Recruitment
Bifidobacterium,Unknown_195,-0.18754171301446,0.327,0.972205049732211,Recruitment
Bifidobacterium,Unknown_196,-0.222691879866518,0.264,0.95296256684492,Recruitment
Bifidobacterium,Acetate_197,0.032258064516129,0.897,0.997665628245068,Recruitment
Bifidobacterium,Lysine.unknown_198,-0.0567296996662959,0.754,0.997665628245068,Recruitment
Bifidobacterium,Lysine.unknown_199,-0.0941150300628559,0.605,0.997665628245068,Recruitment
Bifidobacterium,Lysine.unknown_200,-0.10789766407119,0.595,0.997665628245068,Recruitment
Bifidobacterium,Unknown_201,-0.109677419354839,0.54,0.997665628245068,Recruitment
Bifidobacterium,Unknown_202,-0.0789766407119021,0.648,0.997665628245068,Recruitment
Bifidobacterium,Leucine.lysine_205,-0.0918798665183537,0.625,0.997665628245068,Recruitment
Bifidobacterium,Leucine.unknown_209,0.0478309232480534,0.809,0.997665628245068,Recruitment
Bifidobacterium,Leucine.unknown_211,-0.0122358175750834,0.945,0.997665628245068,Recruitment
Bifidobacterium,Alanine_212,0.268075639599555,0.148,0.912980891719745,Recruitment
Bifidobacterium,Unknown_214,-0.101223581757508,0.583,0.997665628245068,Recruitment
Bifidobacterium,Unknown_215,-0.12258064516129,0.511,0.997665628245068,Recruitment
Bifidobacterium,Isoleucine.unknown_218,0.0424916573971079,0.814,0.997665628245068,Recruitment
Bifidobacterium,Unknown_219,0.046496106785317,0.817,0.997665628245068,Recruitment
Bifidobacterium,Unknown_220,0.0505005561735261,0.806,0.997665628245068,Recruitment
Bifidobacterium,Propylene_glycol_221,0.0923248053392658,0.61,0.997665628245068,Recruitment
Bifidobacterium,Isoleucine_225,0.0745272525027809,0.7,0.997665628245068,Recruitment
Bifidobacterium,Valine_227,-0.0238042269187987,0.881,0.997665628245068,Recruitment
Bifidobacterium,Leucine_229,-0.0460511679644049,0.804,0.997665628245068,Recruitment
Bifidobacterium,Leucine.isoleucine_230,-0.116796440489433,0.557,0.997665628245068,Recruitment
Gardnerella,NAD._2,0.182647385984427,0.312,0.967724579663731,Recruitment
Gardnerella,Unknown_3,0.0269187986651835,0.873,0.997665628245068,Recruitment
Gardnerella,Formate_5,-0.0682981090100111,0.746,0.997665628245068,Recruitment
Gardnerella,Unknown_7,0.0407119021134594,0.826,0.997665628245068,Recruitment
Gardnerella,Unknown_8,-0.0776418242491657,0.667,0.997665628245068,Recruitment
Gardnerella,Hypoxanthine_10,0.0771968854282536,0.656,0.997665628245068,Recruitment
Gardnerella,NAD._11,-0.0220244716351502,0.914,0.997665628245068,Recruitment
Gardnerella,Tryptophan_14,-0.0300333704115684,0.871,0.997665628245068,Recruitment
Gardnerella,Unknown_15,0.0553948832035595,0.781,0.997665628245068,Recruitment
Gardnerella,Phenylalanine_19,0.0220244716351502,0.909,0.997665628245068,Recruitment
Gardnerella,Tyrosine_20,0.0264738598442714,0.893,0.997665628245068,Recruitment
Gardnerella,Unknown_22,-0.174193548387097,0.345,0.980579603815114,Recruitment
Gardnerella,Unknown_23,0.0242491657397108,0.917,0.997665628245068,Recruitment
Gardnerella,Unknown_24,-0.0327030033370412,0.832,0.997665628245068,Recruitment
Gardnerella,Unknown_25,0.0451612903225806,0.815,0.997665628245068,Recruitment
Gardnerella,Unknown_26,0.0825361512791991,0.658,0.997665628245068,Recruitment
Gardnerella,Unknown_28,0.119466073414905,0.524,0.997665628245068,Recruitment
Gardnerella,Uridine_29,-0.324582869855395,0.07,0.766832904884319,Recruitment
Gardnerella,Uracil_30,-0.136818687430478,0.498,0.997665628245068,Recruitment
Gardnerella,Unknown_31,-0.378865406006674,0.044,0.725410358565737,Recruitment
Gardnerella,Maltose.Glucose_32,0.0402669632925473,0.822,0.997665628245068,Recruitment
Gardnerella,Unknown_33,0.074972191323693,0.7,0.997665628245068,Recruitment
Gardnerella,Unknown_34,-0.133259176863181,0.476,0.997665628245068,Recruitment
Gardnerella,Maltose.unknown_37,0.100333704115684,0.615,0.997665628245068,Recruitment
Gardnerella,Maltose.glucose.unknown_38,-0.0700778642936596,0.689,0.997665628245068,Recruitment
Gardnerella,Ascorbate_40,0.296551724137931,0.119,0.877816479400749,Recruitment
Gardnerella,Unknown_41,-0.0593993325917686,0.761,0.997665628245068,Recruitment
Gardnerella,Threonine_42,-0.115016685205784,0.546,0.997665628245068,Recruitment
Gardnerella,Unknown_43,-0.255617352614016,0.186,0.934122399020808,Recruitment
Gardnerella,Unknown_44,-0.321913236929922,0.084,0.789844660194175,Recruitment
Gardnerella,Unknown_45,-0.331256952169077,0.072,0.766832904884319,Recruitment
Gardnerella,Unknown_46,-0.237819799777531,0.207,0.935388888888889,Recruitment
Gardnerella,Unknown_47,-0.171968854282536,0.356,0.988576125804146,Recruitment
Gardnerella,Lactate_48,0.0883203559510567,0.644,0.997665628245068,Recruitment
Gardnerella,Unknown_49,-0.0989988876529477,0.602,0.997665628245068,Recruitment
Gardnerella,Unknown_50,0.039377085650723,0.84,0.997665628245068,Recruitment
Gardnerella,Unknown_51,0.0313681868743048,0.876,0.997665628245068,Recruitment
Gardnerella,Unknown_52,0.0233592880978865,0.898,0.997665628245068,Recruitment
Gardnerella,Unknown_53,0.303225806451613,0.106,0.843532258064516,Recruitment
Gardnerella,Unknown_54,0.0887652947719689,0.645,0.997665628245068,Recruitment
Gardnerella,Unknown_55,-0.0318131256952169,0.874,0.997665628245068,Recruitment
Gardnerella,Unknown_56,-0.00200222469410456,0.987,0.997665628245068,Recruitment
Gardnerella,Maltose.unknown_67,0.0803114571746385,0.672,0.997665628245068,Recruitment
Gardnerella,Maltose.unknown_68,0.082091212458287,0.641,0.997665628245068,Recruitment
Gardnerella,Maltose.unknown_69,0.0918798665183537,0.609,0.997665628245068,Recruitment
Gardnerella,Maltose.unknown_70,0.140378197997775,0.471,0.997665628245068,Recruitment
Gardnerella,Maltose.unknown_71,0.0776418242491657,0.671,0.997665628245068,Recruitment
Gardnerella,Maltose_72,-0.0496106785317019,0.801,0.997665628245068,Recruitment
Gardnerella,Maltose_73,0.0767519466073415,0.687,0.997665628245068,Recruitment
Gardnerella,Maltose.unknown_74,0.04293659621802,0.81,0.997665628245068,Recruitment
Gardnerella,Maltose_75,0.0731924360400445,0.702,0.997665628245068,Recruitment
Gardnerella,Maltose.unknown_76,0.00645161290322581,0.968,0.997665628245068,Recruitment
Gardnerella,Maltose.unknown_77,0.0122358175750834,0.953,0.997665628245068,Recruitment
Gardnerella,Unknown_79,0.143047830923248,0.453,0.997665628245068,Recruitment
Gardnerella,Unknown_81,0.0989988876529477,0.619,0.997665628245068,Recruitment
Gardnerella,Maltose.unknown_87,0.1853170189099,0.329,0.972791728212703,Recruitment
Gardnerella,Maltose.unknown_88,0.119021134593993,0.509,0.997665628245068,Recruitment
Gardnerella,Unknown_89,0.116796440489433,0.56,0.997665628245068,Recruitment
Gardnerella,Unknown_90,0.0700778642936596,0.711,0.997665628245068,Recruitment
Gardnerella,Unknown_91,0.0745272525027809,0.689,0.997665628245068,Recruitment
Gardnerella,Unknown_92,0.0727474972191324,0.691,0.997665628245068,Recruitment
Gardnerella,Uknown_93,0.0309232480533927,0.888,0.997665628245068,Recruitment
Gardnerella,Unknown_94,0.00155728587319244,0.994,0.998122343182996,Recruitment
Gardnerella,Uknown_95,0.0202447163515017,0.932,0.997665628245068,Recruitment
Gardnerella,Unknown_96,0.136818687430478,0.463,0.997665628245068,Recruitment
Gardnerella,Unknown_97,0.157285873192436,0.395,0.991081606217617,Recruitment
Gardnerella,Glycine_99,-0.107452725250278,0.578,0.997665628245068,Recruitment
Gardnerella,Glucose_100,-0.0576195773081201,0.779,0.997665628245068,Recruitment
Gardnerella,Glucose_101,-0.159955506117909,0.41,0.991189889025894,Recruitment
Gardnerella,Glucose_102,-0.0656284760845384,0.722,0.997665628245068,Recruitment
Gardnerella,Glucose_103,0.0149054505005562,0.942,0.997665628245068,Recruitment
Gardnerella,Glucose_104,0.0398220244716352,0.854,0.997665628245068,Recruitment
Gardnerella,Maltose.taurine.glucose_107,0.0967741935483871,0.64,0.997665628245068,Recruitment
Gardnerella,Glucose_108,0.0433815350389321,0.81,0.997665628245068,Recruitment
Gardnerella,Unknown_109,-0.0767519466073415,0.684,0.997665628245068,Recruitment
Gardnerella,Glucose_110,0.104783092324805,0.582,0.997665628245068,Recruitment
Gardnerella,Maltose.taurine_113,0.0567296996662959,0.767,0.997665628245068,Recruitment
Gardnerella,Glucose_116,-0.00778642936596218,0.965,0.997665628245068,Recruitment
Gardnerella,Glucose_117,-0.0229143492769744,0.906,0.997665628245068,Recruitment
Gardnerella,Unknown_118,-0.0246941045606229,0.897,0.997665628245068,Recruitment
Gardnerella,Carnitine_119,0.014460511679644,0.936,0.997665628245068,Recruitment
Gardnerella,O_phosphocholine_120,-0.102558398220245,0.617,0.997665628245068,Recruitment
Gardnerella,Unknown_121,-0.163070077864294,0.373,0.99055432661028,Recruitment
Gardnerella,Unknown_122,-0.0869855394883204,0.629,0.997665628245068,Recruitment
Gardnerella,Unknown_123,-0.131034482758621,0.486,0.997665628245068,Recruitment
Gardnerella,Unknown_124,-0.12880978865406,0.488,0.997665628245068,Recruitment
Gardnerella,Unknown_125,-0.228946491571344,0.225,0.935388888888889,Recruitment
Gardnerella,Unknown_126,0.0100111234705228,0.953,0.997665628245068,Recruitment
Gardnerella,Unknown_128,0.123470522803115,0.514,0.997665628245068,Recruitment
Gardnerella,Creatine_129,0.0994438264738598,0.605,0.997665628245068,Recruitment
Gardnerella,Creatinephosphate_130,0.0896551724137931,0.636,0.997665628245068,Recruitment
Gardnerella,Unknown_131,-0.208898776418243,0.259,0.952022684310019,Recruitment
Gardnerella,Asparagine_133,0.0705228031145717,0.716,0.997665628245068,Recruitment
Gardnerella,N.N.dimethylglycine_134,-0.04293659621802,0.839,0.997665628245068,Recruitment
Gardnerella,Aspartate_136,0.0375973303670745,0.848,0.997665628245068,Recruitment
Gardnerella,Methionine_138,0.243604004449388,0.207,0.935388888888889,Recruitment
Gardnerella,Unknown_139,0.0193548387096774,0.932,0.997665628245068,Recruitment
Gardnerella,Methionine_140,0.0816462736373749,0.694,0.997665628245068,Recruitment
Gardnerella,Unknown_142,0.29210233592881,0.123,0.880780036968577,Recruitment
Gardnerella,Riboflavin_143,0.341045606229143,0.077,0.766832904884319,Recruitment
Gardnerella,Unknown_145,0.237374860956618,0.206,0.935388888888889,Recruitment
Gardnerella,Unknown_146,0.276974416017798,0.131,0.896632508833922,Recruitment
Gardnerella,Unknown_148,0.2293659621802,0.198,0.934156028368794,Recruitment
Gardnerella,Unknown_153,0.0896551724137931,0.635,0.997665628245068,Recruitment
Gardnerella,Glutamine_154,0.201334816462736,0.262,0.95296256684492,Recruitment
Gardnerella,Glutamine.unknown_155,0.131924360400445,0.494,0.997665628245068,Recruitment
Gardnerella,Succinate_156,-0.0282536151279199,0.897,0.997665628245068,Recruitment
Gardnerella,Saccharopine.unknown_157,0.0482758620689655,0.793,0.997665628245068,Recruitment
Gardnerella,Glutamate.unknown_158,0.235150166852058,0.2,0.934156028368794,Recruitment
Gardnerella,Unknown_159,0.186651835372636,0.314,0.969257232212666,Recruitment
Gardnerella,Glutamate.unknown_161,0.134593993325918,0.489,0.997665628245068,Recruitment
Gardnerella,Unknown_162,0.348164627363737,0.061,0.747829113924051,Recruitment
Gardnerella,Valine.unknown_168,0.0691879866518354,0.708,0.997665628245068,Recruitment
Gardnerella,Unknown_169,0.263626251390434,0.164,0.934122399020808,Recruitment
Gardnerella,Glutarate_171,0.284093437152392,0.136,0.903711835334477,Recruitment
Gardnerella,Glutamine.unknown_172,0.242714126807564,0.202,0.934156028368794,Recruitment
Gardnerella,Glutamine.glutamate_173,0.192880978865406,0.275,0.95296256684492,Recruitment
Gardnerella,Methionine.glutamate.glutamine_177,0.0540600667408231,0.771,0.997665628245068,Recruitment
Gardnerella,Unknown_182,0.028698553948832,0.879,0.997665628245068,Recruitment
Gardnerella,Unknown_185,-0.0798665183537264,0.695,0.997665628245068,Recruitment
Gardnerella,Glutamate_187,0.00378197997775306,0.988,0.997665628245068,Recruitment
Gardnerella,Glutamate.unknown_189,-0.0371523915461624,0.851,0.997665628245068,Recruitment
Gardnerella,Unknown_190,-0.0634037819799778,0.739,0.997665628245068,Recruitment
Gardnerella,Unknown_191,-0.0260289210233593,0.891,0.997665628245068,Recruitment
Gardnerella,Unknown_192,-0.0460511679644049,0.82,0.997665628245068,Recruitment
Gardnerella,Unknown_193,-0.0220244716351502,0.903,0.997665628245068,Recruitment
Gardnerella,Isoleucine.unknown_194,-0.0135706340378198,0.937,0.997665628245068,Recruitment
Gardnerella,Unknown_195,0.0580645161290323,0.747,0.997665628245068,Recruitment
Gardnerella,Unknown_196,0.0309232480533927,0.887,0.997665628245068,Recruitment
Gardnerella,Acetate_197,-0.00155728587319244,0.99,0.997665628245068,Recruitment
Gardnerella,Lysine.unknown_198,-0.117686318131257,0.532,0.997665628245068,Recruitment
Gardnerella,Lysine.unknown_199,-0.175547892954121,0.365,0.99055432661028,Recruitment
Gardnerella,Lysine.unknown_200,-0.135483870967742,0.482,0.997665628245068,Recruitment
Gardnerella,Unknown_201,-0.0344827586206897,0.862,0.997665628245068,Recruitment
Gardnerella,Unknown_202,0.0438264738598443,0.823,0.997665628245068,Recruitment
Gardnerella,Leucine.lysine_205,-0.0945494994438265,0.613,0.997665628245068,Recruitment
Gardnerella,Leucine.unknown_209,0.0972191323692992,0.615,0.997665628245068,Recruitment
Gardnerella,Leucine.unknown_211,0.131479421579533,0.518,0.997665628245068,Recruitment
Gardnerella,Alanine_212,-0.0691879866518354,0.724,0.997665628245068,Recruitment
Gardnerella,Unknown_214,0.0763070077864294,0.707,0.997665628245068,Recruitment
Gardnerella,Unknown_215,0.0656284760845384,0.726,0.997665628245068,Recruitment
Gardnerella,Isoleucine.unknown_218,-0.234705228031146,0.204,0.934156028368794,Recruitment
Gardnerella,Unknown_219,-0.0949944382647386,0.602,0.997665628245068,Recruitment
Gardnerella,Unknown_220,0.0300333704115684,0.874,0.997665628245068,Recruitment
Gardnerella,Propylene_glycol_221,0.15817575083426,0.376,0.99055432661028,Recruitment
Gardnerella,Isoleucine_225,0.0229143492769744,0.924,0.997665628245068,Recruitment
Gardnerella,Valine_227,-0.169744160177976,0.37,0.99055432661028,Recruitment
Gardnerella,Leucine_229,-0.140823136818687,0.473,0.997665628245068,Recruitment
Gardnerella,Leucine.isoleucine_230,-0.00200222469410456,0.991,0.997665628245068,Recruitment
Streptococcus,NAD._2,-0.116351501668521,0.527,0.997665628245068,Recruitment
Streptococcus,Unknown_3,0.362847608453838,0.044,0.725410358565737,Recruitment
Streptococcus,Formate_5,0.527030033370412,0.005,0.339824561403509,Recruitment
Streptococcus,Unknown_7,0.409566184649611,0.021,0.611684210526316,Recruitment
Streptococcus,Unknown_8,0.48476084538376,0.004,0.286962962962963,Recruitment
Streptococcus,Hypoxanthine_10,0.0531701890989989,0.747,0.997665628245068,Recruitment
Streptococcus,NAD._11,0.00734149054505006,0.973,0.997665628245068,Recruitment
Streptococcus,Tryptophan_14,-0.239154616240267,0.197,0.934122399020808,Recruitment
Streptococcus,Unknown_15,0.340600667408231,0.069,0.766832904884319,Recruitment
Streptococcus,Phenylalanine_19,-0.539043381535039,0.001,0.124967741935484,Recruitment
Streptococcus,Tyrosine_20,-0.494994438264739,0.002,0.188975609756098,Recruitment
Streptococcus,Unknown_22,-0.236929922135706,0.213,0.935388888888889,Recruitment
Streptococcus,Unknown_23,0.580422691879867,0,0,Recruitment
Streptococcus,Unknown_24,0.371301446051168,0.047,0.725410358565737,Recruitment
Streptococcus,Unknown_25,0.365962180200222,0.04,0.707426086956522,Recruitment
Streptococcus,Unknown_26,0.35706340378198,0.052,0.734021052631579,Recruitment
Streptococcus,Unknown_28,0.232925472747497,0.226,0.935388888888889,Recruitment
Streptococcus,Uridine_29,0.151946607341491,0.414,0.991189889025894,Recruitment
Streptococcus,Uracil_30,0.566629588431591,0,0,Recruitment
Streptococcus,Unknown_31,0.229810901001112,0.21,0.935388888888889,Recruitment
Streptococcus,Maltose.Glucose_32,0.208008898776418,0.273,0.95296256684492,Recruitment
Streptococcus,Unknown_33,-0.0126807563959956,0.936,0.997665628245068,Recruitment
Streptococcus,Unknown_34,-0.273859844271413,0.13,0.892943262411348,Recruitment
Streptococcus,Maltose.unknown_37,-0.216907675194661,0.242,0.946977777777778,Recruitment
Streptococcus,Maltose.glucose.unknown_38,0.215572858731924,0.228,0.936661717921527,Recruitment
Streptococcus,Ascorbate_40,0.089210233592881,0.658,0.997665628245068,Recruitment
Streptococcus,Unknown_41,0.183092324805339,0.326,0.972205049732211,Recruitment
Streptococcus,Threonine_42,0.0727474972191324,0.706,0.997665628245068,Recruitment
Streptococcus,Unknown_43,0.248053392658509,0.169,0.934122399020808,Recruitment
Streptococcus,Unknown_44,0.0509454949944383,0.798,0.997665628245068,Recruitment
Streptococcus,Unknown_45,-0.07853170189099,0.684,0.997665628245068,Recruitment
Streptococcus,Unknown_46,-0.116796440489433,0.546,0.997665628245068,Recruitment
Streptococcus,Unknown_47,-0.127030033370412,0.516,0.997665628245068,Recruitment
Streptococcus,Lactate_48,-0.572413793103448,0.002,0.188975609756098,Recruitment
Streptococcus,Unknown_49,-0.0758620689655172,0.669,0.997665628245068,Recruitment
Streptococcus,Unknown_50,-0.176418242491657,0.365,0.99055432661028,Recruitment
Streptococcus,Unknown_51,-0.19154616240267,0.297,0.962086092715232,Recruitment
Streptococcus,Unknown_52,-0.245828698553949,0.203,0.934156028368794,Recruitment
Streptococcus,Unknown_53,-0.0496106785317019,0.803,0.997665628245068,Recruitment
Streptococcus,Unknown_54,-0.181312569521691,0.348,0.983334792122538,Recruitment
Streptococcus,Unknown_55,0.174638487208009,0.371,0.99055432661028,Recruitment
Streptococcus,Unknown_56,0.152391546162403,0.423,0.993033775633293,Recruitment
Streptococcus,Maltose.unknown_67,-0.092769744160178,0.642,0.997665628245068,Recruitment
Streptococcus,Maltose.unknown_68,0.0771968854282536,0.692,0.997665628245068,Recruitment
Streptococcus,Maltose.unknown_69,0.00244716351501669,0.987,0.997665628245068,Recruitment
Streptococcus,Maltose.unknown_70,-0.204004449388209,0.268,0.95296256684492,Recruitment
Streptococcus,Maltose.unknown_71,-0.362847608453838,0.06,0.745,Recruitment
Streptococcus,Maltose_72,-0.270300333704116,0.142,0.911529411764706,Recruitment
Streptococcus,Maltose_73,-0.332591768631813,0.072,0.766832904884319,Recruitment
Streptococcus,Maltose.unknown_74,-0.245828698553949,0.201,0.934156028368794,Recruitment
Streptococcus,Maltose_75,-0.0838709677419355,0.637,0.997665628245068,Recruitment
Streptococcus,Maltose.unknown_76,-0.310344827586207,0.118,0.875731800766283,Recruitment
Streptococcus,Maltose.unknown_77,-0.0932146829810901,0.623,0.997665628245068,Recruitment
Streptococcus,Unknown_79,-0.330812013348165,0.079,0.7748,Recruitment
Streptococcus,Unknown_81,-0.268075639599555,0.161,0.934122399020808,Recruitment
Streptococcus,Maltose.unknown_87,-0.307675194660734,0.112,0.857486166007905,Recruitment
Streptococcus,Maltose.unknown_88,-0.307230255839822,0.092,0.805654867256637,Recruitment
Streptococcus,Unknown_89,-0.215127919911012,0.256,0.952022684310019,Recruitment
Streptococcus,Unknown_90,-0.36329254727475,0.042,0.707426086956522,Recruitment
Streptococcus,Unknown_91,-0.462958843159066,0.013,0.498633663366337,Recruitment
Streptococcus,Unknown_92,-0.426028921023359,0.009,0.447,Recruitment
Streptococcus,Uknown_93,-0.444271412680756,0.011,0.473488888888889,Recruitment
Streptococcus,Unknown_94,-0.369966629588432,0.045,0.725410358565737,Recruitment
Streptococcus,Uknown_95,-0.339710789766407,0.069,0.766832904884319,Recruitment
Streptococcus,Unknown_96,-0.200889877641824,0.267,0.95296256684492,Recruitment
Streptococcus,Unknown_97,-0.216017797552837,0.259,0.952022684310019,Recruitment
Streptococcus,Glycine_99,-0.283203559510567,0.121,0.877816479400749,Recruitment
Streptococcus,Glucose_100,0.41579532814238,0.027,0.6537375,Recruitment
Streptococcus,Glucose_101,0.506562847608454,0.004,0.286962962962963,Recruitment
Streptococcus,Glucose_102,0.552391546162403,0.002,0.188975609756098,Recruitment
Streptococcus,Glucose_103,0.523025583982202,0.001,0.124967741935484,Recruitment
Streptococcus,Glucose_104,0.440711902113459,0.016,0.534344827586207,Recruitment
Streptococcus,Maltose.taurine.glucose_107,0.382869855394883,0.032,0.704363636363636,Recruitment
Streptococcus,Glucose_108,0.445606229143493,0.013,0.498633663366337,Recruitment
Streptococcus,Unknown_109,0.439822024471635,0.016,0.534344827586207,Recruitment
Streptococcus,Glucose_110,0.463403781979978,0.01,0.466746987951807,Recruitment
Streptococcus,Maltose.taurine_113,0.025139043381535,0.889,0.997665628245068,Recruitment
Streptococcus,Glucose_116,0.428698553948832,0.025,0.65,Recruitment
Streptococcus,Glucose_117,0.448275862068965,0.007,0.404746268656716,Recruitment
Streptococcus,Unknown_118,0.125695216907675,0.518,0.997665628245068,Recruitment
Streptococcus,Carnitine_119,0.510567296996663,0.003,0.252652173913044,Recruitment
Streptococcus,O_phosphocholine_120,0.61245828698554,0,0,Recruitment
Streptococcus,Unknown_121,0.438932146829811,0.017,0.544280991735537,Recruitment
Streptococcus,Unknown_122,0.451835372636263,0.014,0.516533333333333,Recruitment
Streptococcus,Unknown_123,0.162180200222469,0.389,0.99055432661028,Recruitment
Streptococcus,Unknown_124,-0.385984427141268,0.035,0.707426086956522,Recruitment
Streptococcus,Unknown_125,-0.112582045417979,0.564,0.997665628245068,Recruitment
Streptococcus,Unknown_126,-0.174193548387097,0.343,0.977045588235294,Recruitment
Streptococcus,Unknown_128,0.0803114571746385,0.687,0.997665628245068,Recruitment
Streptococcus,Creatine_129,0.0981090100111235,0.619,0.997665628245068,Recruitment
Streptococcus,Creatinephosphate_130,0.346384872080089,0.063,0.76269375,Recruitment
Streptococcus,Unknown_131,0.2440489432703,0.188,0.934122399020808,Recruitment
Streptococcus,Asparagine_133,0.140378197997775,0.43,0.993333333333333,Recruitment
Streptococcus,N.N.dimethylglycine_134,0.163070077864294,0.387,0.99055432661028,Recruitment
Streptococcus,Aspartate_136,-0.599110122358176,0,0,Recruitment
Streptococcus,Methionine_138,-0.116796440489433,0.525,0.997665628245068,Recruitment
Streptococcus,Unknown_139,0.254282536151279,0.189,0.934122399020808,Recruitment
Streptococcus,Methionine_140,-0.370411568409344,0.038,0.707426086956522,Recruitment
Streptococcus,Unknown_142,0.233370411568409,0.196,0.934122399020808,Recruitment
Streptococcus,Riboflavin_143,0.199555061179088,0.278,0.953072566371682,Recruitment
Streptococcus,Unknown_145,0.215572858731924,0.254,0.952022684310019,Recruitment
Streptococcus,Unknown_146,0.238709677419355,0.197,0.934122399020808,Recruitment
Streptococcus,Unknown_148,0.357953281423804,0.059,0.745,Recruitment
Streptococcus,Unknown_153,0.434927697441602,0.021,0.611684210526316,Recruitment
Streptococcus,Glutamine_154,0.317018909899889,0.094,0.805654867256637,Recruitment
Streptococcus,Glutamine.unknown_155,0.149276974416018,0.438,0.996236119228521,Recruitment
Streptococcus,Succinate_156,-0.320578420467186,0.095,0.808857142857143,Recruitment
Streptococcus,Saccharopine.unknown_157,-0.347719688542825,0.064,0.765234567901235,Recruitment
Streptococcus,Glutamate.unknown_158,-0.438042269187987,0.017,0.544280991735537,Recruitment
Streptococcus,Unknown_159,-0.226696329254727,0.25,0.94865756097561,Recruitment
Streptococcus,Glutamate.unknown_161,-0.498553948832036,0.006,0.3631875,Recruitment
Streptococcus,Unknown_162,-0.2440489432703,0.19,0.934122399020808,Recruitment
Streptococcus,Valine.unknown_168,0.0082313681868743,0.959,0.997665628245068,Recruitment
Streptococcus,Unknown_169,0.337486095661847,0.058,0.745,Recruitment
Streptococcus,Glutarate_171,-0.0745272525027809,0.659,0.997665628245068,Recruitment
Streptococcus,Glutamine.unknown_172,0.167074527252503,0.383,0.99055432661028,Recruitment
Streptococcus,Glutamine.glutamate_173,0.175528364849833,0.355,0.98798132183908,Recruitment
Streptococcus,Methionine.glutamate.glutamine_177,-0.360622914349277,0.04,0.707426086956522,Recruitment
Streptococcus,Unknown_182,-0.0420467185761958,0.821,0.997665628245068,Recruitment
Streptococcus,Unknown_185,-0.0602892102335929,0.733,0.997665628245068,Recruitment
Streptococcus,Glutamate_187,-0.105228031145717,0.568,0.997665628245068,Recruitment
Streptococcus,Glutamate.unknown_189,0.170189098998888,0.366,0.99055432661028,Recruitment
Streptococcus,Unknown_190,0.238709677419355,0.21,0.935388888888889,Recruitment
Streptococcus,Unknown_191,0.209788654060067,0.242,0.946977777777778,Recruitment
Streptococcus,Unknown_192,0.165294771968854,0.374,0.99055432661028,Recruitment
Streptococcus,Unknown_193,-0.000222469410456062,1,1,Recruitment
Streptococcus,Isoleucine.unknown_194,-0.301446051167964,0.108,0.843532258064516,Recruitment
Streptococcus,Unknown_195,-0.483870967741935,0.009,0.447,Recruitment
Streptococcus,Unknown_196,-0.474972191323693,0.006,0.3631875,Recruitment
Streptococcus,Acetate_197,0.482981090100111,0.01,0.466746987951807,Recruitment
Streptococcus,Lysine.unknown_198,-0.00645161290322581,0.969,0.997665628245068,Recruitment
Streptococcus,Lysine.unknown_199,-0.191122484217478,0.312,0.967724579663731,Recruitment
Streptococcus,Lysine.unknown_200,-0.207563959955506,0.256,0.952022684310019,Recruitment
Streptococcus,Unknown_201,-0.173748609566185,0.361,0.99055432661028,Recruitment
Streptococcus,Unknown_202,-0.103003337041157,0.613,0.997665628245068,Recruitment
Streptococcus,Leucine.lysine_205,-0.304115684093437,0.099,0.816012765957447,Recruitment
Streptococcus,Leucine.unknown_209,-0.317908787541713,0.077,0.766832904884319,Recruitment
Streptococcus,Leucine.unknown_211,-0.165739710789766,0.368,0.99055432661028,Recruitment
Streptococcus,Alanine_212,-0.0246941045606229,0.885,0.997665628245068,Recruitment
Streptococcus,Unknown_214,-0.430033370411568,0.016,0.534344827586207,Recruitment
Streptococcus,Unknown_215,-0.412235817575083,0.035,0.707426086956522,Recruitment
Streptococcus,Isoleucine.unknown_218,0.110567296996663,0.558,0.997665628245068,Recruitment
Streptococcus,Unknown_219,-0.220467185761958,0.25,0.94865756097561,Recruitment
Streptococcus,Unknown_220,-0.329032258064516,0.089,0.80151724137931,Recruitment
Streptococcus,Propylene_glycol_221,0.46384872080089,0.011,0.473488888888889,Recruitment
Streptococcus,Isoleucine_225,-0.517686318131257,0.004,0.286962962962963,Recruitment
Streptococcus,Valine_227,-0.39265850945495,0.028,0.673739130434783,Recruitment
Streptococcus,Leucine_229,-0.481201334816463,0.012,0.494553191489362,Recruitment
Streptococcus,Leucine.isoleucine_230,-0.548387096774194,0.001,0.124967741935484,Recruitment
Prevotella,NAD._2,-0.0909899888765295,0.586,0.997665628245068,Recruitment
Prevotella,Unknown_3,0.337931034482759,0.073,0.766832904884319,Recruitment
Prevotella,Formate_5,0.142157953281424,0.432,0.993745260663507,Recruitment
Prevotella,Unknown_7,0.370411568409344,0.045,0.725410358565737,Recruitment
Prevotella,Unknown_8,0.304560622914349,0.109,0.849629778672032,Recruitment
Prevotella,Hypoxanthine_10,-0.0304783092324805,0.857,0.997665628245068,Recruitment
Prevotella,NAD._11,0.0473859844271413,0.815,0.997665628245068,Recruitment
Prevotella,Tryptophan_14,0.324582869855395,0.076,0.766832904884319,Recruitment
Prevotella,Unknown_15,0.301446051167964,0.115,0.865067961165049,Recruitment
Prevotella,Phenylalanine_19,-0.133704115684093,0.442,0.997665628245068,Recruitment
Prevotella,Tyrosine_20,-0.153281423804227,0.426,0.993333333333333,Recruitment
Prevotella,Unknown_22,-0.239154616240267,0.195,0.934122399020808,Recruitment
Prevotella,Unknown_23,0.141713014460512,0.452,0.997665628245068,Recruitment
Prevotella,Unknown_24,0.2587319243604,0.17,0.934122399020808,Recruitment
Prevotella,Unknown_25,0.244493882091212,0.192,0.934122399020808,Recruitment
Prevotella,Unknown_26,0.107452725250278,0.566,0.997665628245068,Recruitment
Prevotella,Unknown_28,0.230255839822024,0.222,0.935388888888889,Recruitment
Prevotella,Uridine_29,0.0838709677419355,0.672,0.997665628245068,Recruitment
Prevotella,Uracil_30,0.328142380422692,0.085,0.791169014084507,Recruitment
Prevotella,Unknown_31,-0.11412680756396,0.537,0.997665628245068,Recruitment
Prevotella,Maltose.Glucose_32,-0.0909899888765295,0.645,0.997665628245068,Recruitment
Prevotella,Unknown_33,0.126585094549499,0.515,0.997665628245068,Recruitment
Prevotella,Unknown_34,-0.167964404894327,0.391,0.99055432661028,Recruitment
Prevotella,Maltose.unknown_37,-0.1559510567297,0.404,0.991189889025894,Recruitment
Prevotella,Maltose.glucose.unknown_38,-0.0545050055617353,0.76,0.997665628245068,Recruitment
Prevotella,Ascorbate_40,-0.249388209121246,0.14,0.911529411764706,Recruitment
Prevotella,Unknown_41,-0.0513904338153504,0.783,0.997665628245068,Recruitment
Prevotella,Threonine_42,0.213793103448276,0.274,0.95296256684492,Recruitment
Prevotella,Unknown_43,0.256952169076752,0.145,0.912264516129032,Recruitment
Prevotella,Unknown_44,-0.0812013348164627,0.638,0.997665628245068,Recruitment
Prevotella,Unknown_45,-0.0496106785317019,0.796,0.997665628245068,Recruitment
Prevotella,Unknown_46,0.102558398220245,0.589,0.997665628245068,Recruitment
Prevotella,Unknown_47,0.0407119021134594,0.837,0.997665628245068,Recruitment
Prevotella,Lactate_48,-0.0407119021134594,0.83,0.997665628245068,Recruitment
Prevotella,Unknown_49,-0.0838709677419355,0.645,0.997665628245068,Recruitment
Prevotella,Unknown_50,-0.185761957730812,0.32,0.969257232212666,Recruitment
Prevotella,Unknown_51,-0.203559510567297,0.306,0.966925203252032,Recruitment
Prevotella,Unknown_52,-0.213793103448276,0.264,0.95296256684492,Recruitment
Prevotella,Unknown_53,0.0545050055617353,0.771,0.997665628245068,Recruitment
Prevotella,Unknown_54,-0.10567296996663,0.589,0.997665628245068,Recruitment
Prevotella,Unknown_55,-0.201779755283648,0.276,0.95296256684492,Recruitment
Prevotella,Unknown_56,-0.143937708565072,0.444,0.997665628245068,Recruitment
Prevotella,Maltose.unknown_67,-0.236484983314794,0.188,0.934122399020808,Recruitment
Prevotella,Maltose.unknown_68,-0.215572858731924,0.252,0.948734693877551,Recruitment
Prevotella,Maltose.unknown_69,-0.251167964404894,0.177,0.934122399020808,Recruitment
Prevotella,Maltose.unknown_70,-0.250723025583982,0.169,0.934122399020808,Recruitment
Prevotella,Maltose.unknown_71,-0.123915461624027,0.493,0.997665628245068,Recruitment
Prevotella,Maltose_72,-0.064293659621802,0.735,0.997665628245068,Recruitment
Prevotella,Maltose_73,-0.0647385984427141,0.75,0.997665628245068,Recruitment
Prevotella,Maltose.unknown_74,-0.0362625139043382,0.851,0.997665628245068,Recruitment
Prevotella,Maltose_75,0.0318131256952169,0.856,0.997665628245068,Recruitment
Prevotella,Maltose.unknown_76,-0.163515016685206,0.405,0.991189889025894,Recruitment
Prevotella,Maltose.unknown_77,-0.104783092324805,0.581,0.997665628245068,Recruitment
Prevotella,Unknown_79,-0.139043381535039,0.473,0.997665628245068,Recruitment
Prevotella,Unknown_81,-0.202224694104561,0.297,0.962086092715232,Recruitment
Prevotella,Maltose.unknown_87,-0.0803114571746385,0.648,0.997665628245068,Recruitment
Prevotella,Maltose.unknown_88,-0.2440489432703,0.184,0.934122399020808,Recruitment
Prevotella,Unknown_89,-0.192436040044494,0.315,0.969257232212666,Recruitment
Prevotella,Unknown_90,-0.0981090100111235,0.577,0.997665628245068,Recruitment
Prevotella,Unknown_91,-0.177308120133482,0.324,0.971489197530864,Recruitment
Prevotella,Unknown_92,-0.154171301446051,0.401,0.991189889025894,Recruitment
Prevotella,Uknown_93,-0.160845383759733,0.414,0.991189889025894,Recruitment
Prevotella,Unknown_94,-0.107007786429366,0.547,0.997665628245068,Recruitment
Prevotella,Uknown_95,-0.132814238042269,0.495,0.997665628245068,Recruitment
Prevotella,Unknown_96,-0.193325917686318,0.301,0.962107260726073,Recruitment
Prevotella,Unknown_97,-0.187986651835373,0.32,0.969257232212666,Recruitment
Prevotella,Glycine_99,0.254727474972191,0.16,0.934122399020808,Recruitment
Prevotella,Glucose_100,0.328587319243604,0.086,0.791169014084507,Recruitment
Prevotella,Glucose_101,0.195995550611791,0.276,0.95296256684492,Recruitment
Prevotella,Glucose_102,0.257397107897664,0.145,0.912264516129032,Recruitment
Prevotella,Glucose_103,0.272525027808676,0.163,0.934122399020808,Recruitment
Prevotella,Glucose_104,0.325027808676307,0.067,0.766832904884319,Recruitment
Prevotella,Maltose.taurine.glucose_107,0.106562847608454,0.56,0.997665628245068,Recruitment
Prevotella,Glucose_108,0.296551724137931,0.09,0.80151724137931,Recruitment
Prevotella,Unknown_109,0.204894327030033,0.279,0.954170583115753,Recruitment
Prevotella,Glucose_110,0.226251390433815,0.236,0.943512899896801,Recruitment
Prevotella,Maltose.taurine_113,-0.202224694104561,0.319,0.969257232212666,Recruitment
Prevotella,Glucose_116,0.290322580645161,0.128,0.88706976744186,Recruitment
Prevotella,Glucose_117,0.322803114571746,0.093,0.805654867256637,Recruitment
Prevotella,Unknown_118,-0.495884315906563,0.009,0.447,Recruitment
Prevotella,Carnitine_119,0.0269187986651835,0.887,0.997665628245068,Recruitment
Prevotella,O_phosphocholine_120,0.148387096774194,0.426,0.993333333333333,Recruitment
Prevotella,Unknown_121,0.0932146829810901,0.614,0.997665628245068,Recruitment
Prevotella,Unknown_122,0.374860956618465,0.04,0.707426086956522,Recruitment
Prevotella,Unknown_123,0.132814238042269,0.534,0.997665628245068,Recruitment
Prevotella,Unknown_124,-0.12880978865406,0.486,0.997665628245068,Recruitment
Prevotella,Unknown_125,-0.0816553570521704,0.663,0.997665628245068,Recruitment
Prevotella,Unknown_126,0.0705228031145717,0.698,0.997665628245068,Recruitment
Prevotella,Unknown_128,0.0763070077864294,0.67,0.997665628245068,Recruitment
Prevotella,Creatine_129,0.290767519466073,0.127,0.886482882882883,Recruitment
Prevotella,Creatinephosphate_130,-0.106117908787542,0.575,0.997665628245068,Recruitment
Prevotella,Unknown_131,-0.0838709677419355,0.673,0.997665628245068,Recruitment
Prevotella,Asparagine_133,0.199555061179088,0.271,0.95296256684492,Recruitment
Prevotella,N.N.dimethylglycine_134,0.119466073414905,0.502,0.997665628245068,Recruitment
Prevotella,Aspartate_136,-0.281868743047831,0.142,0.911529411764706,Recruitment
Prevotella,Methionine_138,0.135483870967742,0.49,0.997665628245068,Recruitment
Prevotella,Unknown_139,0.0985539488320356,0.643,0.997665628245068,Recruitment
Prevotella,Methionine_140,-0.0932146829810901,0.649,0.997665628245068,Recruitment
Prevotella,Unknown_142,0.122135706340378,0.511,0.997665628245068,Recruitment
Prevotella,Riboflavin_143,0.217797552836485,0.248,0.94865756097561,Recruitment
Prevotella,Unknown_145,0.122135706340378,0.544,0.997665628245068,Recruitment
Prevotella,Unknown_146,0.212903225806452,0.274,0.95296256684492,Recruitment
Prevotella,Unknown_148,0.203559510567297,0.277,0.953017761989343,Recruitment
Prevotella,Unknown_153,0.261401557285873,0.169,0.934122399020808,Recruitment
Prevotella,Glutamine_154,0.274749721913237,0.142,0.911529411764706,Recruitment
Prevotella,Glutamine.unknown_155,0.0140155728587319,0.949,0.997665628245068,Recruitment
Prevotella,Succinate_156,-0.0109010011123471,0.957,0.997665628245068,Recruitment
Prevotella,Saccharopine.unknown_157,0.00645161290322581,0.973,0.997665628245068,Recruitment
Prevotella,Glutamate.unknown_158,-0.333481646273637,0.068,0.766832904884319,Recruitment
Prevotella,Unknown_159,-0.211123470522803,0.278,0.953072566371682,Recruitment
Prevotella,Glutamate.unknown_161,-0.218242491657397,0.236,0.943512899896801,Recruitment
Prevotella,Unknown_162,-0.0976640711902113,0.607,0.997665628245068,Recruitment
Prevotella,Valine.unknown_168,0.15817575083426,0.406,0.991189889025894,Recruitment
Prevotella,Unknown_169,0.303225806451613,0.104,0.837621621621622,Recruitment
Prevotella,Glutarate_171,0.214238042269188,0.256,0.952022684310019,Recruitment
Prevotella,Glutamine.unknown_172,0.195550611790879,0.3,0.962086092715232,Recruitment
Prevotella,Glutamine.glutamate_173,0.207563959955506,0.276,0.95296256684492,Recruitment
Prevotella,Methionine.glutamate.glutamine_177,-0.074972191323693,0.696,0.997665628245068,Recruitment
Prevotella,Unknown_182,0.183537263626251,0.328,0.972205049732211,Recruitment
Prevotella,Unknown_185,0.126140155728587,0.51,0.997665628245068,Recruitment
Prevotella,Glutamate_187,-0.12880978865406,0.491,0.997665628245068,Recruitment
Prevotella,Glutamate.unknown_189,0.182202447163515,0.335,0.972791728212703,Recruitment
Prevotella,Unknown_190,0.264516129032258,0.155,0.929520123839009,Recruitment
Prevotella,Unknown_191,0.2440489432703,0.19,0.934122399020808,Recruitment
Prevotella,Unknown_192,0.189321468298109,0.286,0.95761797752809,Recruitment
Prevotella,Unknown_193,0.268965517241379,0.14,0.911529411764706,Recruitment
Prevotella,Isoleucine.unknown_194,-0.021579532814238,0.903,0.997665628245068,Recruitment
Prevotella,Unknown_195,-0.071412680756396,0.705,0.997665628245068,Recruitment
Prevotella,Unknown_196,-0.118576195773081,0.543,0.997665628245068,Recruitment
Prevotella,Acetate_197,0.210233592880979,0.251,0.94865756097561,Recruitment
Prevotella,Lysine.unknown_198,-0.100333704115684,0.599,0.997665628245068,Recruitment
Prevotella,Lysine.unknown_199,-0.184002671068515,0.31,0.967724579663731,Recruitment
Prevotella,Lysine.unknown_200,-0.199110122358176,0.289,0.958549657534246,Recruitment
Prevotella,Unknown_201,-0.177753058954394,0.336,0.972791728212703,Recruitment
Prevotella,Unknown_202,-0.064293659621802,0.709,0.997665628245068,Recruitment
Prevotella,Leucine.lysine_205,-0.0246941045606229,0.898,0.997665628245068,Recruitment
Prevotella,Leucine.unknown_209,-0.0478309232480534,0.799,0.997665628245068,Recruitment
Prevotella,Leucine.unknown_211,0.0727474972191324,0.695,0.997665628245068,Recruitment
Prevotella,Alanine_212,0.0389321468298109,0.836,0.997665628245068,Recruitment
Prevotella,Unknown_214,-0.0349276974416018,0.851,0.997665628245068,Recruitment
Prevotella,Unknown_215,-0.00378197997775306,0.986,0.997665628245068,Recruitment
Prevotella,Isoleucine.unknown_218,0.356173526140156,0.051,0.734021052631579,Recruitment
Prevotella,Unknown_219,0.162180200222469,0.379,0.99055432661028,Recruitment
Prevotella,Unknown_220,0.128364849833148,0.499,0.997665628245068,Recruitment
Prevotella,Propylene_glycol_221,-0.117686318131257,0.549,0.997665628245068,Recruitment
Prevotella,Isoleucine_225,-0.177308120133482,0.351,0.984629978276611,Recruitment
Prevotella,Valine_227,-0.0491657397107898,0.804,0.997665628245068,Recruitment
Prevotella,Leucine_229,-0.22313681868743,0.237,0.943615621788284,Recruitment
Prevotella,Leucine.isoleucine_230,-0.0905450500556174,0.654,0.997665628245068,Recruitment
Pseudomonas,NAD._2,-0.166184649610679,0.38,0.99055432661028,Recruitment
Pseudomonas,Unknown_3,-0.141713014460512,0.452,0.997665628245068,Recruitment
Pseudomonas,Formate_5,0.0505005561735261,0.802,0.997665628245068,Recruitment
Pseudomonas,Unknown_7,-0.106562847608454,0.562,0.997665628245068,Recruitment
Pseudomonas,Unknown_8,0.165294771968854,0.377,0.99055432661028,Recruitment
Pseudomonas,Hypoxanthine_10,-0.321023359288098,0.092,0.805654867256637,Recruitment
Pseudomonas,NAD._11,-0.234705228031146,0.209,0.935388888888889,Recruitment
Pseudomonas,Tryptophan_14,0.112347052280311,0.564,0.997665628245068,Recruitment
Pseudomonas,Unknown_15,-0.0291434927697442,0.879,0.997665628245068,Recruitment
Pseudomonas,Phenylalanine_19,0.12258064516129,0.524,0.997665628245068,Recruitment
Pseudomonas,Tyrosine_20,0.335706340378198,0.075,0.766832904884319,Recruitment
Pseudomonas,Unknown_22,0.0865406006674082,0.652,0.997665628245068,Recruitment
Pseudomonas,Unknown_23,0.0972191323692992,0.618,0.997665628245068,Recruitment
Pseudomonas,Unknown_24,-0.115461624026696,0.534,0.997665628245068,Recruitment
Pseudomonas,Unknown_25,-0.156840934371524,0.389,0.99055432661028,Recruitment
Pseudomonas,Unknown_26,-0.132369299221357,0.494,0.997665628245068,Recruitment
Pseudomonas,Unknown_28,-0.189766407119021,0.275,0.95296256684492,Recruitment
Pseudomonas,Uridine_29,0.125695216907675,0.503,0.997665628245068,Recruitment
Pseudomonas,Uracil_30,-0.156395995550612,0.402,0.991189889025894,Recruitment
Pseudomonas,Unknown_31,0.00378197997775306,0.981,0.997665628245068,Recruitment
Pseudomonas,Maltose.Glucose_32,-0.00556173526140156,0.984,0.997665628245068,Recruitment
Pseudomonas,Unknown_33,0.0740823136818687,0.711,0.997665628245068,Recruitment
Pseudomonas,Unknown_34,0.198665183537264,0.291,0.959433191489362,Recruitment
Pseudomonas,Maltose.unknown_37,-0.217797552836485,0.246,0.94865756097561,Recruitment
Pseudomonas,Maltose.glucose.unknown_38,0.143047830923248,0.478,0.997665628245068,Recruitment
Pseudomonas,Ascorbate_40,-0.0949944382647386,0.605,0.997665628245068,Recruitment
Pseudomonas,Unknown_41,0.102558398220245,0.57,0.997665628245068,Recruitment
Pseudomonas,Threonine_42,0.046496106785317,0.815,0.997665628245068,Recruitment
Pseudomonas,Unknown_43,-0.0901001112347052,0.656,0.997665628245068,Recruitment
Pseudomonas,Unknown_44,-0.0718576195773081,0.695,0.997665628245068,Recruitment
Pseudomonas,Unknown_45,-0.157730812013348,0.39,0.99055432661028,Recruitment
Pseudomonas,Unknown_46,-0.264516129032258,0.166,0.934122399020808,Recruitment
Pseudomonas,Unknown_47,-0.118576195773081,0.546,0.997665628245068,Recruitment
Pseudomonas,Lactate_48,-0.188876529477197,0.342,0.975631811487482,Recruitment
Pseudomonas,Unknown_49,-0.071412680756396,0.7,0.997665628245068,Recruitment
Pseudomonas,Unknown_50,0.00645161290322581,0.975,0.997665628245068,Recruitment
Pseudomonas,Unknown_51,-0.0665183537263626,0.704,0.997665628245068,Recruitment
Pseudomonas,Unknown_52,-0.0585094549499444,0.74,0.997665628245068,Recruitment
Pseudomonas,Unknown_53,-0.208008898776418,0.261,0.95296256684492,Recruitment
Pseudomonas,Unknown_54,-0.182202447163515,0.336,0.972791728212703,Recruitment
Pseudomonas,Unknown_55,-0.0985539488320356,0.603,0.997665628245068,Recruitment
Pseudomonas,Unknown_56,-0.126140155728587,0.531,0.997665628245068,Recruitment
Pseudomonas,Maltose.unknown_67,0.00289210233592881,0.993,0.998122343182996,Recruitment
Pseudomonas,Maltose.unknown_68,0.142157953281424,0.451,0.997665628245068,Recruitment
Pseudomonas,Maltose.unknown_69,0.00778642936596218,0.969,0.997665628245068,Recruitment
Pseudomonas,Maltose.unknown_70,-0.154171301446051,0.437,0.996236119228521,Recruitment
Pseudomonas,Maltose.unknown_71,-0.200889877641824,0.29,0.959433191489362,Recruitment
Pseudomonas,Maltose_72,-0.190211345939933,0.331,0.972791728212703,Recruitment
Pseudomonas,Maltose_73,-0.254727474972191,0.18,0.934122399020808,Recruitment
Pseudomonas,Maltose.unknown_74,-0.314349276974416,0.095,0.808857142857143,Recruitment
Pseudomonas,Maltose_75,-0.243604004449388,0.178,0.934122399020808,Recruitment
Pseudomonas,Maltose.unknown_76,-0.0967741935483871,0.622,0.997665628245068,Recruitment
Pseudomonas,Maltose.unknown_77,-0.0585094549499444,0.765,0.997665628245068,Recruitment
Pseudomonas,Unknown_79,-0.0816462736373749,0.664,0.997665628245068,Recruitment
Pseudomonas,Unknown_81,0.07853170189099,0.66,0.997665628245068,Recruitment
Pseudomonas,Maltose.unknown_87,-0.116796440489433,0.534,0.997665628245068,Recruitment
Pseudomonas,Maltose.unknown_88,-0.119021134593993,0.544,0.997665628245068,Recruitment
Pseudomonas,Unknown_89,-0.169299221357063,0.351,0.984629978276611,Recruitment
Pseudomonas,Unknown_90,-0.234705228031146,0.202,0.934156028368794,Recruitment
Pseudomonas,Unknown_91,-0.0576195773081201,0.774,0.997665628245068,Recruitment
Pseudomonas,Unknown_92,-0.118576195773081,0.553,0.997665628245068,Recruitment
Pseudomonas,Uknown_93,-0.0718576195773081,0.721,0.997665628245068,Recruitment
Pseudomonas,Unknown_94,-0.150166852057842,0.436,0.995323512080141,Recruitment
Pseudomonas,Uknown_95,-0.119466073414905,0.51,0.997665628245068,Recruitment
Pseudomonas,Unknown_96,-0.112791991101224,0.59,0.997665628245068,Recruitment
Pseudomonas,Unknown_97,-0.136818687430478,0.474,0.997665628245068,Recruitment
Pseudomonas,Glycine_99,-0.334816462736374,0.069,0.766832904884319,Recruitment
Pseudomonas,Glucose_100,-0.119911012235818,0.545,0.997665628245068,Recruitment
Pseudomonas,Glucose_101,0.0954393770856507,0.622,0.997665628245068,Recruitment
Pseudomonas,Glucose_102,0.018020022246941,0.926,0.997665628245068,Recruitment
Pseudomonas,Glucose_103,0.0100111234705228,0.952,0.997665628245068,Recruitment
Pseudomonas,Glucose_104,-0.0367074527252503,0.829,0.997665628245068,Recruitment
Pseudomonas,Maltose.taurine.glucose_107,-0.175528364849833,0.334,0.972791728212703,Recruitment
Pseudomonas,Glucose_108,-0.0193548387096774,0.921,0.997665628245068,Recruitment
Pseudomonas,Unknown_109,-0.0109010011123471,0.951,0.997665628245068,Recruitment
Pseudomonas,Glucose_110,-0.0456062291434928,0.801,0.997665628245068,Recruitment
Pseudomonas,Maltose.taurine_113,-0.125695216907675,0.525,0.997665628245068,Recruitment
Pseudomonas,Glucose_116,0.085650723025584,0.65,0.997665628245068,Recruitment
Pseudomonas,Glucose_117,0.039377085650723,0.819,0.997665628245068,Recruitment
Pseudomonas,Unknown_118,0.0656284760845384,0.758,0.997665628245068,Recruitment
Pseudomonas,Carnitine_119,-0.0923248053392658,0.623,0.997665628245068,Recruitment
Pseudomonas,O_phosphocholine_120,-0.0171301446051168,0.924,0.997665628245068,Recruitment
Pseudomonas,Unknown_121,0.151946607341491,0.393,0.99055432661028,Recruitment
Pseudomonas,Unknown_122,-0.228476084538376,0.25,0.94865756097561,Recruitment
Pseudomonas,Unknown_123,0.123025583982202,0.508,0.997665628245068,Recruitment
Pseudomonas,Unknown_124,0.125695216907675,0.507,0.997665628245068,Recruitment
Pseudomonas,Unknown_125,-0.000444988321810193,1,1,Recruitment
Pseudomonas,Unknown_126,0.0433815350389321,0.83,0.997665628245068,Recruitment
Pseudomonas,Unknown_128,-0.0353726362625139,0.856,0.997665628245068,Recruitment
Pseudomonas,Creatine_129,0.0126807563959956,0.96,0.997665628245068,Recruitment
Pseudomonas,Creatinephosphate_130,-0.167519466073415,0.392,0.99055432661028,Recruitment
Pseudomonas,Unknown_131,0.121245828698554,0.538,0.997665628245068,Recruitment
Pseudomonas,Asparagine_133,-0.151056729699666,0.415,0.991189889025894,Recruitment
Pseudomonas,N.N.dimethylglycine_134,0.140823136818687,0.487,0.997665628245068,Recruitment
Pseudomonas,Aspartate_136,0.0709677419354839,0.722,0.997665628245068,Recruitment
Pseudomonas,Methionine_138,-0.0402669632925473,0.836,0.997665628245068,Recruitment
Pseudomonas,Unknown_139,-0.22091212458287,0.224,0.935388888888889,Recruitment
Pseudomonas,Methionine_140,-0.035817575083426,0.856,0.997665628245068,Recruitment
Pseudomonas,Unknown_142,0.0838709677419355,0.663,0.997665628245068,Recruitment
Pseudomonas,Riboflavin_143,0.00867630700778643,0.979,0.997665628245068,Recruitment
Pseudomonas,Unknown_145,0.0206896551724138,0.933,0.997665628245068,Recruitment
Pseudomonas,Unknown_146,-0.00155728587319244,0.992,0.997665628245068,Recruitment
Pseudomonas,Unknown_148,-0.0456062291434928,0.813,0.997665628245068,Recruitment
Pseudomonas,Unknown_153,-0.0763070077864294,0.703,0.997665628245068,Recruitment
Pseudomonas,Glutamine_154,-0.160400444938821,0.411,0.991189889025894,Recruitment
Pseudomonas,Glutamine.unknown_155,-0.104783092324805,0.59,0.997665628245068,Recruitment
Pseudomonas,Succinate_156,-0.0513904338153504,0.781,0.997665628245068,Recruitment
Pseudomonas,Saccharopine.unknown_157,-0.126140155728587,0.514,0.997665628245068,Recruitment
Pseudomonas,Glutamate.unknown_158,-0.0300333704115684,0.853,0.997665628245068,Recruitment
Pseudomonas,Unknown_159,-0.1412680756396,0.475,0.997665628245068,Recruitment
Pseudomonas,Glutamate.unknown_161,0.198665183537264,0.303,0.963729064039409,Recruitment
Pseudomonas,Unknown_162,0.279199110122358,0.123,0.880780036968577,Recruitment
Pseudomonas,Valine.unknown_168,0.32146829810901,0.097,0.812959314775161,Recruitment
Pseudomonas,Unknown_169,-0.0300333704115684,0.89,0.997665628245068,Recruitment
Pseudomonas,Glutarate_171,0.110567296996663,0.547,0.997665628245068,Recruitment
Pseudomonas,Glutamine.unknown_172,0.0473859844271413,0.795,0.997665628245068,Recruitment
Pseudomonas,Glutamine.glutamate_173,-0.136818687430478,0.45,0.997665628245068,Recruitment
Pseudomonas,Methionine.glutamate.glutamine_177,-0.14349276974416,0.448,0.997665628245068,Recruitment
Pseudomonas,Unknown_182,0.193325917686318,0.3,0.962086092715232,Recruitment
Pseudomonas,Unknown_185,0.0954393770856507,0.598,0.997665628245068,Recruitment
Pseudomonas,Glutamate_187,0.180422691879867,0.356,0.988576125804146,Recruitment
Pseudomonas,Glutamate.unknown_189,0.159065628476085,0.393,0.99055432661028,Recruitment
Pseudomonas,Unknown_190,0.0852057842046719,0.669,0.997665628245068,Recruitment
Pseudomonas,Unknown_191,0.0531701890989989,0.768,0.997665628245068,Recruitment
Pseudomonas,Unknown_192,-0.00378197997775306,0.987,0.997665628245068,Recruitment
Pseudomonas,Unknown_193,-0.0416017797552836,0.818,0.997665628245068,Recruitment
Pseudomonas,Isoleucine.unknown_194,0.127474972191324,0.488,0.997665628245068,Recruitment
Pseudomonas,Unknown_195,0.160845383759733,0.385,0.99055432661028,Recruitment
Pseudomonas,Unknown_196,0.280088987764182,0.122,0.878490706319703,Recruitment
Pseudomonas,Acetate_197,0.0469410456062291,0.802,0.997665628245068,Recruitment
Pseudomonas,Lysine.unknown_198,0.46384872080089,0.005,0.339824561403509,Recruitment
Pseudomonas,Lysine.unknown_199,0.513961511690773,0.009,0.447,Recruitment
Pseudomonas,Lysine.unknown_200,0.52258064516129,0.002,0.188975609756098,Recruitment
Pseudomonas,Unknown_201,0.522135706340378,0.002,0.188975609756098,Recruitment
Pseudomonas,Unknown_202,0.445606229143493,0.011,0.473488888888889,Recruitment
Pseudomonas,Leucine.lysine_205,0.244938820912125,0.203,0.934156028368794,Recruitment
Pseudomonas,Leucine.unknown_209,0.108342602892102,0.57,0.997665628245068,Recruitment
Pseudomonas,Leucine.unknown_211,0.163959955506118,0.407,0.991189889025894,Recruitment
Pseudomonas,Alanine_212,-0.197775305895439,0.309,0.967724579663731,Recruitment
Pseudomonas,Unknown_214,-0.082091212458287,0.665,0.997665628245068,Recruitment
Pseudomonas,Unknown_215,-0.101223581757508,0.595,0.997665628245068,Recruitment
Pseudomonas,Isoleucine.unknown_218,-0.0989988876529477,0.609,0.997665628245068,Recruitment
Pseudomonas,Unknown_219,-0.219132369299221,0.231,0.940014705882353,Recruitment
Pseudomonas,Unknown_220,-0.0958843159065629,0.614,0.997665628245068,Recruitment
Pseudomonas,Propylene_glycol_221,0.252947719688543,0.177,0.934122399020808,Recruitment
Pseudomonas,Isoleucine_225,0.0349276974416018,0.887,0.997665628245068,Recruitment
Pseudomonas,Valine_227,0.127919911012236,0.481,0.997665628245068,Recruitment
Pseudomonas,Leucine_229,0.191991101223582,0.298,0.962086092715232,Recruitment
Pseudomonas,Leucine.isoleucine_230,0.0958843159065629,0.634,0.997665628245068,Recruitment
HT002,NAD._2,-0.0229143492769744,0.91,0.997665628245068,Recruitment
HT002,Unknown_3,-0.12258064516129,0.51,0.997665628245068,Recruitment
HT002,Formate_5,-0.338375973303671,0.077,0.766832904884319,Recruitment
HT002,Unknown_7,-0.349944382647386,0.047,0.725410358565737,Recruitment
HT002,Unknown_8,-0.236929922135706,0.201,0.934156028368794,Recruitment
HT002,Hypoxanthine_10,-0.169744160177976,0.384,0.99055432661028,Recruitment
HT002,NAD._11,-0.130589543937709,0.491,0.997665628245068,Recruitment
HT002,Tryptophan_14,0.133704115684093,0.493,0.997665628245068,Recruitment
HT002,Unknown_15,-0.418464961067853,0.027,0.6537375,Recruitment
HT002,Phenylalanine_19,0.312124582869855,0.098,0.812959314775161,Recruitment
HT002,Tyrosine_20,0.382424916573971,0.041,0.707426086956522,Recruitment
HT002,Unknown_22,0.135483870967742,0.468,0.997665628245068,Recruitment
HT002,Unknown_23,-0.336596218020022,0.077,0.766832904884319,Recruitment
HT002,Unknown_24,-0.367741935483871,0.04,0.707426086956522,Recruitment
HT002,Unknown_25,-0.373526140155729,0.049,0.732918918918919,Recruitment
HT002,Unknown_26,-0.32769744160178,0.086,0.791169014084507,Recruitment
HT002,Unknown_28,-0.317018909899889,0.079,0.7748,Recruitment
HT002,Uridine_29,-0.111902113459399,0.546,0.997665628245068,Recruitment
HT002,Uracil_30,-0.525695216907675,0.002,0.188975609756098,Recruitment
HT002,Unknown_31,-0.280533926585095,0.133,0.903711835334477,Recruitment
HT002,Maltose.Glucose_32,0.117686318131257,0.519,0.997665628245068,Recruitment
HT002,Unknown_33,0.165294771968854,0.367,0.99055432661028,Recruitment
HT002,Unknown_34,0.227586206896552,0.191,0.934122399020808,Recruitment
HT002,Maltose.unknown_37,0.222691879866518,0.222,0.935388888888889,Recruitment
HT002,Maltose.glucose.unknown_38,0.186206896551724,0.327,0.972205049732211,Recruitment
HT002,Ascorbate_40,-0.0184649610678532,0.924,0.997665628245068,Recruitment
HT002,Unknown_41,-0.186651835372636,0.331,0.972791728212703,Recruitment
HT002,Threonine_42,-0.156395995550612,0.389,0.99055432661028,Recruitment
HT002,Unknown_43,-0.296996662958843,0.124,0.884670349907919,Recruitment
HT002,Unknown_44,-0.157730812013348,0.412,0.991189889025894,Recruitment
HT002,Unknown_45,-0.103003337041157,0.581,0.997665628245068,Recruitment
HT002,Unknown_46,-0.0273637374860957,0.866,0.997665628245068,Recruitment
HT002,Unknown_47,-0.0362625139043382,0.866,0.997665628245068,Recruitment
HT002,Lactate_48,0.270300333704116,0.144,0.911529411764706,Recruitment
HT002,Unknown_49,0.265850945494994,0.15,0.91511811023622,Recruitment
HT002,Unknown_50,0.381535038932147,0.042,0.707426086956522,Recruitment
HT002,Unknown_51,0.378420467185762,0.05,0.733712121212121,Recruitment
HT002,Unknown_52,0.403337041156841,0.029,0.676783132530121,Recruitment
HT002,Unknown_53,0.0647385984427141,0.758,0.997665628245068,Recruitment
HT002,Unknown_54,0.231590656284761,0.204,0.934156028368794,Recruitment
HT002,Unknown_55,0.132369299221357,0.482,0.997665628245068,Recruitment
HT002,Unknown_56,0.159955506117909,0.396,0.991189889025894,Recruitment
HT002,Maltose.unknown_67,0.409566184649611,0.016,0.534344827586207,Recruitment
HT002,Maltose.unknown_68,0.320578420467186,0.087,0.791169014084507,Recruitment
HT002,Maltose.unknown_69,0.360622914349277,0.041,0.707426086956522,Recruitment
HT002,Maltose.unknown_70,0.310344827586207,0.09,0.80151724137931,Recruitment
HT002,Maltose.unknown_71,0.204449388209121,0.282,0.954170583115753,Recruitment
HT002,Maltose_72,0.22714126807564,0.226,0.935388888888889,Recruitment
HT002,Maltose_73,0.234260289210234,0.224,0.935388888888889,Recruitment
HT002,Maltose.unknown_74,0.184872080088988,0.325,0.971489197530864,Recruitment
HT002,Maltose_75,0.0798665183537264,0.672,0.997665628245068,Recruitment
HT002,Maltose.unknown_76,0.350389321468298,0.059,0.745,Recruitment
HT002,Maltose.unknown_77,0.244938820912125,0.183,0.934122399020808,Recruitment
HT002,Unknown_79,0.151501668520578,0.432,0.993745260663507,Recruitment
HT002,Unknown_81,0.302335928809789,0.112,0.857486166007905,Recruitment
HT002,Maltose.unknown_87,0.126140155728587,0.509,0.997665628245068,Recruitment
HT002,Maltose.unknown_88,0.331256952169077,0.073,0.766832904884319,Recruitment
HT002,Unknown_89,0.238264738598443,0.192,0.934122399020808,Recruitment
HT002,Unknown_90,0.15817575083426,0.421,0.993033775633293,Recruitment
HT002,Unknown_91,0.295661846496107,0.108,0.843532258064516,Recruitment
HT002,Unknown_92,0.230255839822024,0.215,0.935388888888889,Recruitment
HT002,Uknown_93,0.307230255839822,0.093,0.805654867256637,Recruitment
HT002,Unknown_94,0.307230255839822,0.115,0.865067961165049,Recruitment
HT002,Uknown_95,0.285428253615128,0.131,0.896632508833922,Recruitment
HT002,Unknown_96,0.331701890989989,0.087,0.791169014084507,Recruitment
HT002,Unknown_97,0.266295884315907,0.148,0.912980891719745,Recruitment
HT002,Glycine_99,-0.0531701890989989,0.776,0.997665628245068,Recruitment
HT002,Glucose_100,-0.401557285873192,0.029,0.676783132530121,Recruitment
HT002,Glucose_101,-0.230255839822024,0.222,0.935388888888889,Recruitment
HT002,Glucose_102,-0.269855394883204,0.143,0.911529411764706,Recruitment
HT002,Glucose_103,-0.280088987764182,0.137,0.905696245733788,Recruitment
HT002,Glucose_104,-0.306340378197998,0.104,0.837621621621622,Recruitment
HT002,Maltose.taurine.glucose_107,-0.126585094549499,0.509,0.997665628245068,Recruitment
HT002,Glucose_108,-0.243604004449388,0.191,0.934122399020808,Recruitment
HT002,Unknown_109,-0.214238042269188,0.255,0.952022684310019,Recruitment
HT002,Glucose_110,-0.233815350389321,0.208,0.935388888888889,Recruitment
HT002,Maltose.taurine_113,0.306340378197998,0.099,0.816012765957447,Recruitment
HT002,Glucose_116,-0.230255839822024,0.226,0.935388888888889,Recruitment
HT002,Glucose_117,-0.300111234705228,0.112,0.857486166007905,Recruitment
HT002,Unknown_118,0.0505005561735261,0.798,0.997665628245068,Recruitment
HT002,Carnitine_119,-0.310344827586207,0.087,0.791169014084507,Recruitment
HT002,O_phosphocholine_120,-0.402002224694105,0.026,0.6537375,Recruitment
HT002,Unknown_121,-0.259176863181313,0.16,0.934122399020808,Recruitment
HT002,Unknown_122,-0.39888765294772,0.029,0.676783132530121,Recruitment
HT002,Unknown_123,-0.160845383759733,0.392,0.99055432661028,Recruitment
HT002,Unknown_124,0.139043381535039,0.479,0.997665628245068,Recruitment
HT002,Unknown_125,-0.0885526760402284,0.663,0.997665628245068,Recruitment
HT002,Unknown_126,-0.0242491657397108,0.893,0.997665628245068,Recruitment
HT002,Unknown_128,-0.103448275862069,0.582,0.997665628245068,Recruitment
HT002,Creatine_129,-0.24182424916574,0.185,0.934122399020808,Recruitment
HT002,Creatinephosphate_130,-0.240934371523915,0.181,0.934122399020808,Recruitment
HT002,Unknown_131,-0.157730812013348,0.395,0.991081606217617,Recruitment
HT002,Asparagine_133,-0.259176863181313,0.16,0.934122399020808,Recruitment
HT002,N.N.dimethylglycine_134,-0.283203559510567,0.13,0.892943262411348,Recruitment
HT002,Aspartate_136,0.329032258064516,0.075,0.766832904884319,Recruitment
HT002,Methionine_138,0.0313681868743048,0.868,0.997665628245068,Recruitment
HT002,Unknown_139,-0.368186874304783,0.057,0.74349494949495,Recruitment
HT002,Methionine_140,0.216462736373749,0.23,0.939894514767933,Recruitment
HT002,Unknown_142,-0.348164627363737,0.055,0.737266435986159,Recruitment
HT002,Riboflavin_143,-0.167074527252503,0.372,0.99055432661028,Recruitment
HT002,Unknown_145,-0.258286985539488,0.176,0.934122399020808,Recruitment
HT002,Unknown_146,-0.283203559510567,0.146,0.912264516129032,Recruitment
HT002,Unknown_148,-0.360177975528365,0.047,0.725410358565737,Recruitment
HT002,Unknown_153,-0.349944382647386,0.059,0.745,Recruitment
HT002,Glutamine_154,-0.313459399332592,0.074,0.766832904884319,Recruitment
HT002,Glutamine.unknown_155,0.057174638487208,0.774,0.997665628245068,Recruitment
HT002,Succinate_156,0.0887652947719689,0.663,0.997665628245068,Recruitment
HT002,Saccharopine.unknown_157,0.0691879866518354,0.732,0.997665628245068,Recruitment
HT002,Glutamate.unknown_158,0.125250278086763,0.516,0.997665628245068,Recruitment
HT002,Unknown_159,0.108787541713014,0.564,0.997665628245068,Recruitment
HT002,Glutamate.unknown_161,0.148832035595106,0.409,0.991189889025894,Recruitment
HT002,Unknown_162,0.135928809788654,0.495,0.997665628245068,Recruitment
HT002,Valine.unknown_168,-0.0945494994438265,0.598,0.997665628245068,Recruitment
HT002,Unknown_169,-0.323248053392658,0.07,0.766832904884319,Recruitment
HT002,Glutarate_171,-0.099888765294772,0.586,0.997665628245068,Recruitment
HT002,Glutamine.unknown_172,-0.324137931034483,0.081,0.786451127819549,Recruitment
HT002,Glutamine.glutamate_173,-0.288987764182425,0.127,0.886482882882883,Recruitment
HT002,Methionine.glutamate.glutamine_177,0.243159065628476,0.194,0.934122399020808,Recruitment
HT002,Unknown_182,-0.209343715239155,0.255,0.952022684310019,Recruitment
HT002,Unknown_185,-0.130144605116796,0.508,0.997665628245068,Recruitment
HT002,Glutamate_187,-0.0634037819799778,0.729,0.997665628245068,Recruitment
HT002,Glutamate.unknown_189,-0.271635150166852,0.143,0.911529411764706,Recruitment
HT002,Unknown_190,-0.298776418242492,0.115,0.865067961165049,Recruitment
HT002,Unknown_191,-0.272525027808676,0.155,0.929520123839009,Recruitment
HT002,Unknown_192,-0.259621802002225,0.153,0.923242990654206,Recruitment
HT002,Unknown_193,-0.203114571746385,0.272,0.95296256684492,Recruitment
HT002,Isoleucine.unknown_194,0.0562847608453838,0.757,0.997665628245068,Recruitment
HT002,Unknown_195,0.248053392658509,0.189,0.934122399020808,Recruitment
HT002,Unknown_196,0.283203559510567,0.121,0.877816479400749,Recruitment
HT002,Acetate_197,-0.2587319243604,0.163,0.934122399020808,Recruitment
HT002,Lysine.unknown_198,0.064293659621802,0.744,0.997665628245068,Recruitment
HT002,Lysine.unknown_199,0.13928134472659,0.471,0.997665628245068,Recruitment
HT002,Lysine.unknown_200,0.120800889877642,0.514,0.997665628245068,Recruitment
HT002,Unknown_201,0.0794215795328142,0.645,0.997665628245068,Recruitment
HT002,Unknown_202,-0.0189098998887653,0.916,0.997665628245068,Recruitment
HT002,Leucine.lysine_205,0.141713014460512,0.411,0.991189889025894,Recruitment
HT002,Leucine.unknown_209,0.201334816462736,0.282,0.954170583115753,Recruitment
HT002,Leucine.unknown_211,0.103003337041157,0.6,0.997665628245068,Recruitment
HT002,Alanine_212,0.0109010011123471,0.954,0.997665628245068,Recruitment
HT002,Unknown_214,0.173303670745273,0.36,0.99055432661028,Recruitment
HT002,Unknown_215,0.180867630700779,0.359,0.989869039145907,Recruitment
HT002,Isoleucine.unknown_218,-0.355283648498331,0.05,0.733712121212121,Recruitment
HT002,Unknown_219,-0.0669632925472747,0.74,0.997665628245068,Recruitment
HT002,Unknown_220,0.0113459399332592,0.946,0.997665628245068,Recruitment
HT002,Propylene_glycol_221,-0.210678531701891,0.268,0.95296256684492,Recruitment
HT002,Isoleucine_225,0.217352614015573,0.237,0.943615621788284,Recruitment
HT002,Valine_227,0.147052280311457,0.434,0.994273211117682,Recruitment
HT002,Leucine_229,0.337931034482759,0.074,0.766832904884319,Recruitment
HT002,Leucine.isoleucine_230,0.305005561735261,0.072,0.766832904884319,Recruitment
Veillonellaceae_unclassified,NAD._2,0.17908787541713,0.32,0.969257232212666,Recruitment
Veillonellaceae_unclassified,Unknown_3,0.110567296996663,0.555,0.997665628245068,Recruitment
Veillonellaceae_unclassified,Formate_5,0.256062291434928,0.153,0.923242990654206,Recruitment
Veillonellaceae_unclassified,Unknown_7,0.422914349276974,0.024,0.641213793103448,Recruitment
Veillonellaceae_unclassified,Unknown_8,0.350389321468298,0.053,0.734021052631579,Recruitment
Veillonellaceae_unclassified,Hypoxanthine_10,0.295661846496107,0.113,0.860043222003929,Recruitment
Veillonellaceae_unclassified,NAD._11,0.100778642936596,0.584,0.997665628245068,Recruitment
Veillonellaceae_unclassified,Tryptophan_14,-0.0954393770856507,0.611,0.997665628245068,Recruitment
Veillonellaceae_unclassified,Unknown_15,0.251612903225806,0.175,0.934122399020808,Recruitment
Veillonellaceae_unclassified,Phenylalanine_19,-0.405116796440489,0.037,0.707426086956522,Recruitment
Veillonellaceae_unclassified,Tyrosine_20,-0.549276974416018,0.002,0.188975609756098,Recruitment
Veillonellaceae_unclassified,Unknown_22,0.0442714126807564,0.838,0.997665628245068,Recruitment
Veillonellaceae_unclassified,Unknown_23,0.254727474972191,0.17,0.934122399020808,Recruitment
Veillonellaceae_unclassified,Unknown_24,0.412235817575083,0.022,0.617594202898551,Recruitment
Veillonellaceae_unclassified,Unknown_25,0.503893214682981,0.004,0.286962962962963,Recruitment
Veillonellaceae_unclassified,Unknown_26,0.453170189098999,0.011,0.473488888888889,Recruitment
Veillonellaceae_unclassified,Unknown_28,0.456729699666296,0.014,0.516533333333333,Recruitment
Veillonellaceae_unclassified,Uridine_29,-0.0304783092324805,0.873,0.997665628245068,Recruitment
Veillonellaceae_unclassified,Uracil_30,0.418464961067853,0.027,0.6537375,Recruitment
Veillonellaceae_unclassified,Unknown_31,0.16440489432703,0.391,0.99055432661028,Recruitment
Veillonellaceae_unclassified,Maltose.Glucose_32,-0.199110122358176,0.296,0.962086092715232,Recruitment
Veillonellaceae_unclassified,Unknown_33,-0.111012235817575,0.563,0.997665628245068,Recruitment
Veillonellaceae_unclassified,Unknown_34,-0.220467185761958,0.235,0.943512899896801,Recruitment
Veillonellaceae_unclassified,Maltose.unknown_37,-0.155506117908788,0.424,0.993033775633293,Recruitment
Veillonellaceae_unclassified,Maltose.glucose.unknown_38,-0.152836484983315,0.42,0.993033775633293,Recruitment
Veillonellaceae_unclassified,Ascorbate_40,0.255617352614016,0.186,0.934122399020808,Recruitment
Veillonellaceae_unclassified,Unknown_41,0.310344827586207,0.092,0.805654867256637,Recruitment
Veillonellaceae_unclassified,Threonine_42,0.354838709677419,0.042,0.707426086956522,Recruitment
Veillonellaceae_unclassified,Unknown_43,0.491879866518354,0.012,0.494553191489362,Recruitment
Veillonellaceae_unclassified,Unknown_44,0.391768631813126,0.039,0.707426086956522,Recruitment
Veillonellaceae_unclassified,Unknown_45,0.352169076751947,0.046,0.725410358565737,Recruitment
Veillonellaceae_unclassified,Unknown_46,0.362847608453838,0.053,0.734021052631579,Recruitment
Veillonellaceae_unclassified,Unknown_47,0.286763070077864,0.117,0.87165,Recruitment
Veillonellaceae_unclassified,Lactate_48,-0.0763070077864294,0.702,0.997665628245068,Recruitment
Veillonellaceae_unclassified,Unknown_49,-0.0629588431590656,0.751,0.997665628245068,Recruitment
Veillonellaceae_unclassified,Unknown_50,-0.152836484983315,0.44,0.996236119228521,Recruitment
Veillonellaceae_unclassified,Unknown_51,-0.1559510567297,0.401,0.991189889025894,Recruitment
Veillonellaceae_unclassified,Unknown_52,-0.151056729699666,0.456,0.997665628245068,Recruitment
Veillonellaceae_unclassified,Unknown_53,0.0438264738598443,0.808,0.997665628245068,Recruitment
Veillonellaceae_unclassified,Unknown_54,-0.148832035595106,0.434,0.994273211117682,Recruitment
Veillonellaceae_unclassified,Unknown_55,0.0989988876529477,0.601,0.997665628245068,Recruitment
Veillonellaceae_unclassified,Unknown_56,0.124805339265851,0.497,0.997665628245068,Recruitment
Veillonellaceae_unclassified,Maltose.unknown_67,-0.143047830923248,0.425,0.993033775633293,Recruitment
Veillonellaceae_unclassified,Maltose.unknown_68,-0.144382647385984,0.44,0.996236119228521,Recruitment
Veillonellaceae_unclassified,Maltose.unknown_69,-0.182202447163515,0.34,0.972791728212703,Recruitment
Veillonellaceae_unclassified,Maltose.unknown_70,-0.1559510567297,0.418,0.993033775633293,Recruitment
Veillonellaceae_unclassified,Maltose.unknown_71,-0.171968854282536,0.355,0.98798132183908,Recruitment
Veillonellaceae_unclassified,Maltose_72,-0.082091212458287,0.68,0.997665628245068,Recruitment
Veillonellaceae_unclassified,Maltose_73,-0.145717463848721,0.421,0.993033775633293,Recruitment
Veillonellaceae_unclassified,Maltose.unknown_74,-0.0674082313681869,0.734,0.997665628245068,Recruitment
Veillonellaceae_unclassified,Maltose_75,-0.0771968854282536,0.681,0.997665628245068,Recruitment
Veillonellaceae_unclassified,Maltose.unknown_76,-0.175973303670745,0.364,0.99055432661028,Recruitment
Veillonellaceae_unclassified,Maltose.unknown_77,-0.187986651835373,0.289,0.958549657534246,Recruitment
Veillonellaceae_unclassified,Unknown_79,-0.256952169076752,0.196,0.934122399020808,Recruitment
Veillonellaceae_unclassified,Unknown_81,-0.228031145717464,0.218,0.935388888888889,Recruitment
Veillonellaceae_unclassified,Maltose.unknown_87,-0.241379310344828,0.202,0.934156028368794,Recruitment
Veillonellaceae_unclassified,Maltose.unknown_88,-0.215572858731924,0.257,0.952022684310019,Recruitment
Veillonellaceae_unclassified,Unknown_89,-0.181757508342603,0.325,0.971489197530864,Recruitment
Veillonellaceae_unclassified,Unknown_90,-0.184872080088988,0.347,0.983334792122538,Recruitment
Veillonellaceae_unclassified,Unknown_91,-0.233815350389321,0.199,0.934156028368794,Recruitment
Veillonellaceae_unclassified,Unknown_92,-0.2,0.312,0.967724579663731,Recruitment
Veillonellaceae_unclassified,Uknown_93,-0.204004449388209,0.269,0.95296256684492,Recruitment
Veillonellaceae_unclassified,Unknown_94,-0.169299221357063,0.356,0.988576125804146,Recruitment
Veillonellaceae_unclassified,Uknown_95,-0.181757508342603,0.33,0.972791728212703,Recruitment
Veillonellaceae_unclassified,Unknown_96,-0.17686318131257,0.331,0.972791728212703,Recruitment
Veillonellaceae_unclassified,Unknown_97,-0.186651835372636,0.289,0.958549657534246,Recruitment
Veillonellaceae_unclassified,Glycine_99,0.184872080088988,0.349,0.984007278020378,Recruitment
Veillonellaceae_unclassified,Glucose_100,0.143047830923248,0.47,0.997665628245068,Recruitment
Veillonellaceae_unclassified,Glucose_101,0.0660734149054505,0.752,0.997665628245068,Recruitment
Veillonellaceae_unclassified,Glucose_102,0.148387096774194,0.436,0.995323512080141,Recruitment
Veillonellaceae_unclassified,Glucose_103,0.157285873192436,0.39,0.99055432661028,Recruitment
Veillonellaceae_unclassified,Glucose_104,0.163070077864294,0.385,0.99055432661028,Recruitment
Veillonellaceae_unclassified,Maltose.taurine.glucose_107,0.0505005561735261,0.792,0.997665628245068,Recruitment
Veillonellaceae_unclassified,Glucose_108,0.0878754171301446,0.65,0.997665628245068,Recruitment
Veillonellaceae_unclassified,Unknown_109,0.00422691879866518,0.981,0.997665628245068,Recruitment
Veillonellaceae_unclassified,Glucose_110,0.0745272525027809,0.704,0.997665628245068,Recruitment
Veillonellaceae_unclassified,Maltose.taurine_113,-0.0665183537263626,0.711,0.997665628245068,Recruitment
Veillonellaceae_unclassified,Glucose_116,0.18754171301446,0.324,0.971489197530864,Recruitment
Veillonellaceae_unclassified,Glucose_117,0.229810901001112,0.198,0.934156028368794,Recruitment
Veillonellaceae_unclassified,Unknown_118,-0.085650723025584,0.641,0.997665628245068,Recruitment
Veillonellaceae_unclassified,Carnitine_119,0.379310344827586,0.042,0.707426086956522,Recruitment
Veillonellaceae_unclassified,O_phosphocholine_120,0.354838709677419,0.057,0.74349494949495,Recruitment
Veillonellaceae_unclassified,Unknown_121,0.212458286985539,0.248,0.94865756097561,Recruitment
Veillonellaceae_unclassified,Unknown_122,0.326807563959956,0.07,0.766832904884319,Recruitment
Veillonellaceae_unclassified,Unknown_123,-0.170189098998888,0.357,0.988576125804146,Recruitment
Veillonellaceae_unclassified,Unknown_124,-0.502558398220245,0.003,0.252652173913044,Recruitment
Veillonellaceae_unclassified,Unknown_125,-0.232061409824016,0.233,0.941232533889468,Recruitment
Veillonellaceae_unclassified,Unknown_126,-0.194215795328142,0.293,0.960306260575296,Recruitment
Veillonellaceae_unclassified,Unknown_128,-0.0763070077864294,0.677,0.997665628245068,Recruitment
Veillonellaceae_unclassified,Creatine_129,0.0260289210233593,0.9,0.997665628245068,Recruitment
Veillonellaceae_unclassified,Creatinephosphate_130,0.38642936596218,0.031,0.698220930232558,Recruitment
Veillonellaceae_unclassified,Unknown_131,0.276084538375973,0.12,0.877816479400749,Recruitment
Veillonellaceae_unclassified,Asparagine_133,0.395328142380423,0.042,0.707426086956522,Recruitment
Veillonellaceae_unclassified,N.N.dimethylglycine_134,0.0798665183537264,0.66,0.997665628245068,Recruitment
Veillonellaceae_unclassified,Aspartate_136,-0.307675194660734,0.096,0.810248366013072,Recruitment
Veillonellaceae_unclassified,Methionine_138,0.100333704115684,0.599,0.997665628245068,Recruitment
Veillonellaceae_unclassified,Unknown_139,0.378420467185762,0.04,0.707426086956522,Recruitment
Veillonellaceae_unclassified,Methionine_140,-0.0545050055617353,0.767,0.997665628245068,Recruitment
Veillonellaceae_unclassified,Unknown_142,0.108342602892102,0.543,0.997665628245068,Recruitment
Veillonellaceae_unclassified,Riboflavin_143,0.196885428253615,0.303,0.963729064039409,Recruitment
Veillonellaceae_unclassified,Unknown_145,0.22714126807564,0.228,0.936661717921527,Recruitment
Veillonellaceae_unclassified,Unknown_146,0.269855394883204,0.147,0.912980891719745,Recruitment
Veillonellaceae_unclassified,Unknown_148,0.384649610678532,0.047,0.725410358565737,Recruitment
Veillonellaceae_unclassified,Unknown_153,0.465183537263626,0.009,0.447,Recruitment
Veillonellaceae_unclassified,Glutamine_154,0.585761957730812,0,0,Recruitment
Veillonellaceae_unclassified,Glutamine.unknown_155,0.332591768631813,0.053,0.734021052631579,Recruitment
Veillonellaceae_unclassified,Succinate_156,-0.107007786429366,0.558,0.997665628245068,Recruitment
Veillonellaceae_unclassified,Saccharopine.unknown_157,0.032258064516129,0.859,0.997665628245068,Recruitment
Veillonellaceae_unclassified,Glutamate.unknown_158,-0.2,0.267,0.95296256684492,Recruitment
Veillonellaceae_unclassified,Unknown_159,0.115016685205784,0.55,0.997665628245068,Recruitment
Veillonellaceae_unclassified,Glutamate.unknown_161,-0.169744160177976,0.367,0.99055432661028,Recruitment
Veillonellaceae_unclassified,Unknown_162,-0.0282536151279199,0.887,0.997665628245068,Recruitment
Veillonellaceae_unclassified,Valine.unknown_168,-0.0896551724137931,0.639,0.997665628245068,Recruitment
Veillonellaceae_unclassified,Unknown_169,0.357953281423804,0.04,0.707426086956522,Recruitment
Veillonellaceae_unclassified,Glutarate_171,0.105228031145717,0.575,0.997665628245068,Recruitment
Veillonellaceae_unclassified,Glutamine.unknown_172,0.333481646273637,0.065,0.766832904884319,Recruitment
Veillonellaceae_unclassified,Glutamine.glutamate_173,0.508342602892102,0.006,0.3631875,Recruitment
Veillonellaceae_unclassified,Methionine.glutamate.glutamine_177,0.0838709677419355,0.65,0.997665628245068,Recruitment
Veillonellaceae_unclassified,Unknown_182,0.158620689655172,0.386,0.99055432661028,Recruitment
Veillonellaceae_unclassified,Unknown_185,0.166629588431591,0.367,0.99055432661028,Recruitment
Veillonellaceae_unclassified,Glutamate_187,-0.00600667408231368,0.982,0.997665628245068,Recruitment
Veillonellaceae_unclassified,Glutamate.unknown_189,0.201334816462736,0.291,0.959433191489362,Recruitment
Veillonellaceae_unclassified,Unknown_190,0.30901001112347,0.116,0.865865125240848,Recruitment
Veillonellaceae_unclassified,Unknown_191,0.301001112347052,0.122,0.878490706319703,Recruitment
Veillonellaceae_unclassified,Unknown_192,0.331256952169077,0.074,0.766832904884319,Recruitment
Veillonellaceae_unclassified,Unknown_193,0.354838709677419,0.055,0.737266435986159,Recruitment
Veillonellaceae_unclassified,Isoleucine.unknown_194,-0.0505005561735261,0.798,0.997665628245068,Recruitment
Veillonellaceae_unclassified,Unknown_195,-0.284093437152392,0.121,0.877816479400749,Recruitment
Veillonellaceae_unclassified,Unknown_196,-0.397997775305895,0.027,0.6537375,Recruitment
Veillonellaceae_unclassified,Acetate_197,0.199110122358176,0.294,0.961956081081081,Recruitment
Veillonellaceae_unclassified,Lysine.unknown_198,-0.31523915461624,0.083,0.789844660194175,Recruitment
Veillonellaceae_unclassified,Lysine.unknown_199,-0.479474916750483,0.011,0.473488888888889,Recruitment
Veillonellaceae_unclassified,Lysine.unknown_200,-0.495884315906563,0.006,0.3631875,Recruitment
Veillonellaceae_unclassified,Unknown_201,-0.45139043381535,0.014,0.516533333333333,Recruitment
Veillonellaceae_unclassified,Unknown_202,-0.280978865406007,0.121,0.877816479400749,Recruitment
Veillonellaceae_unclassified,Leucine.lysine_205,-0.330367074527253,0.077,0.766832904884319,Recruitment
Veillonellaceae_unclassified,Leucine.unknown_209,-0.198665183537264,0.338,0.972791728212703,Recruitment
Veillonellaceae_unclassified,Leucine.unknown_211,-0.0941045606229143,0.628,0.997665628245068,Recruitment
Veillonellaceae_unclassified,Alanine_212,0.300111234705228,0.1,0.819027484143763,Recruitment
Veillonellaceae_unclassified,Unknown_214,-0.0691879866518354,0.694,0.997665628245068,Recruitment
Veillonellaceae_unclassified,Unknown_215,-0.0229143492769744,0.904,0.997665628245068,Recruitment
Veillonellaceae_unclassified,Isoleucine.unknown_218,0.226696329254727,0.242,0.946977777777778,Recruitment
Veillonellaceae_unclassified,Unknown_219,0.20622914349277,0.271,0.95296256684492,Recruitment
Veillonellaceae_unclassified,Unknown_220,0.0126807563959956,0.948,0.997665628245068,Recruitment
Veillonellaceae_unclassified,Propylene_glycol_221,-0.0469410456062291,0.786,0.997665628245068,Recruitment
Veillonellaceae_unclassified,Isoleucine_225,-0.205784204671858,0.269,0.95296256684492,Recruitment
Veillonellaceae_unclassified,Valine_227,-0.216462736373749,0.243,0.94865756097561,Recruitment
Veillonellaceae_unclassified,Leucine_229,-0.445161290322581,0.014,0.516533333333333,Recruitment
Veillonellaceae_unclassified,Leucine.isoleucine_230,-0.317018909899889,0.084,0.789844660194175,Recruitment
Dialister,NAD._2,-0.071412680756396,0.682,0.997665628245068,Recruitment
Dialister,Unknown_3,0.0402669632925473,0.833,0.997665628245068,Recruitment
Dialister,Formate_5,-0.0291434927697442,0.885,0.997665628245068,Recruitment
Dialister,Unknown_7,0.222246941045606,0.248,0.94865756097561,Recruitment
Dialister,Unknown_8,-0.00956618464961068,0.959,0.997665628245068,Recruitment
Dialister,Hypoxanthine_10,-0.0109010011123471,0.961,0.997665628245068,Recruitment
Dialister,NAD._11,-0.139933259176863,0.464,0.997665628245068,Recruitment
Dialister,Tryptophan_14,0.263626251390434,0.157,0.934122399020808,Recruitment
Dialister,Unknown_15,0.132369299221357,0.463,0.997665628245068,Recruitment
Dialister,Phenylalanine_19,0.0620689655172414,0.767,0.997665628245068,Recruitment
Dialister,Tyrosine_20,0.0269187986651835,0.889,0.997665628245068,Recruitment
Dialister,Unknown_22,-0.160400444938821,0.378,0.99055432661028,Recruitment
Dialister,Unknown_23,-0.0282536151279199,0.881,0.997665628245068,Recruitment
Dialister,Unknown_24,0.0843159065628476,0.652,0.997665628245068,Recruitment
Dialister,Unknown_25,0.0558398220244716,0.774,0.997665628245068,Recruitment
Dialister,Unknown_26,-0.0545050055617353,0.785,0.997665628245068,Recruitment
Dialister,Unknown_28,-0.053615127919911,0.768,0.997665628245068,Recruitment
Dialister,Uridine_29,-0.0567296996662959,0.769,0.997665628245068,Recruitment
Dialister,Uracil_30,0.107452725250278,0.592,0.997665628245068,Recruitment
Dialister,Unknown_31,-0.104338153503893,0.579,0.997665628245068,Recruitment
Dialister,Maltose.Glucose_32,0.0509454949944383,0.774,0.997665628245068,Recruitment
Dialister,Unknown_33,0.112791991101224,0.553,0.997665628245068,Recruitment
Dialister,Unknown_34,0.00867630700778643,0.971,0.997665628245068,Recruitment
Dialister,Maltose.unknown_37,0.0313681868743048,0.876,0.997665628245068,Recruitment
Dialister,Maltose.glucose.unknown_38,0.0438264738598443,0.814,0.997665628245068,Recruitment
Dialister,Ascorbate_40,-0.400222469410456,0.034,0.704363636363636,Recruitment
Dialister,Unknown_41,-0.248053392658509,0.18,0.934122399020808,Recruitment
Dialister,Threonine_42,-0.018020022246941,0.933,0.997665628245068,Recruitment
Dialister,Unknown_43,-0.0171301446051168,0.912,0.997665628245068,Recruitment
Dialister,Unknown_44,-0.135483870967742,0.485,0.997665628245068,Recruitment
Dialister,Unknown_45,-0.124360400444939,0.484,0.997665628245068,Recruitment
Dialister,Unknown_46,-0.0763070077864294,0.678,0.997665628245068,Recruitment
Dialister,Unknown_47,-0.142157953281424,0.45,0.997665628245068,Recruitment
Dialister,Lactate_48,0.0696329254727475,0.722,0.997665628245068,Recruitment
Dialister,Unknown_49,-0.0367074527252503,0.833,0.997665628245068,Recruitment
Dialister,Unknown_50,-0.0562847608453838,0.777,0.997665628245068,Recruitment
Dialister,Unknown_51,-0.0313681868743048,0.86,0.997665628245068,Recruitment
Dialister,Unknown_52,-0.025139043381535,0.897,0.997665628245068,Recruitment
Dialister,Unknown_53,-0.0229143492769744,0.907,0.997665628245068,Recruitment
Dialister,Unknown_54,-0.00556173526140156,0.975,0.997665628245068,Recruitment
Dialister,Unknown_55,-0.288097886540601,0.126,0.885887477313975,Recruitment
Dialister,Unknown_56,-0.245383759733037,0.176,0.934122399020808,Recruitment
Dialister,Maltose.unknown_67,-0.0687430478309232,0.724,0.997665628245068,Recruitment
Dialister,Maltose.unknown_68,-0.0531701890989989,0.768,0.997665628245068,Recruitment
Dialister,Maltose.unknown_69,-0.0727474972191324,0.717,0.997665628245068,Recruitment
Dialister,Maltose.unknown_70,-0.0727474972191324,0.687,0.997665628245068,Recruitment
Dialister,Maltose.unknown_71,0.0131256952169077,0.942,0.997665628245068,Recruitment
Dialister,Maltose_72,0.00111234705228031,0.997,0.999580227743271,Recruitment
Dialister,Maltose_73,-0.000667408231368187,0.999,1,Recruitment
Dialister,Maltose.unknown_74,0.0269187986651835,0.894,0.997665628245068,Recruitment
Dialister,Maltose_75,0.0758620689655172,0.707,0.997665628245068,Recruitment
Dialister,Maltose.unknown_76,0.0211345939933259,0.901,0.997665628245068,Recruitment
Dialister,Maltose.unknown_77,0.0389321468298109,0.812,0.997665628245068,Recruitment
Dialister,Unknown_79,-0.0189098998887653,0.919,0.997665628245068,Recruitment
Dialister,Unknown_81,-0.0838709677419355,0.672,0.997665628245068,Recruitment
Dialister,Maltose.unknown_87,0.0625139043381535,0.731,0.997665628245068,Recruitment
Dialister,Maltose.unknown_88,-0.0220244716351502,0.907,0.997665628245068,Recruitment
Dialister,Unknown_89,-0.0246941045606229,0.909,0.997665628245068,Recruitment
Dialister,Unknown_90,0.00778642936596218,0.964,0.997665628245068,Recruitment
Dialister,Unknown_91,-0.0763070077864294,0.686,0.997665628245068,Recruitment
Dialister,Unknown_92,-0.0647385984427141,0.718,0.997665628245068,Recruitment
Dialister,Uknown_93,-0.0843159065628476,0.665,0.997665628245068,Recruitment
Dialister,Unknown_94,0.0335928809788654,0.852,0.997665628245068,Recruitment
Dialister,Uknown_95,0.035817575083426,0.85,0.997665628245068,Recruitment
Dialister,Unknown_96,-0.0513904338153504,0.776,0.997665628245068,Recruitment
Dialister,Unknown_97,0.00244716351501669,0.992,0.997665628245068,Recruitment
Dialister,Glycine_99,-0.0562847608453838,0.755,0.997665628245068,Recruitment
Dialister,Glucose_100,0.0727474972191324,0.674,0.997665628245068,Recruitment
Dialister,Glucose_101,0.00867630700778643,0.965,0.997665628245068,Recruitment
Dialister,Glucose_102,0.0269187986651835,0.881,0.997665628245068,Recruitment
Dialister,Glucose_103,0.0442714126807564,0.801,0.997665628245068,Recruitment
Dialister,Glucose_104,0.112347052280311,0.558,0.997665628245068,Recruitment
Dialister,Maltose.taurine.glucose_107,0.0780867630700779,0.676,0.997665628245068,Recruitment
Dialister,Glucose_108,0.1559510567297,0.388,0.99055432661028,Recruitment
Dialister,Unknown_109,0.0758620689655172,0.689,0.997665628245068,Recruitment
Dialister,Glucose_110,0.136373748609566,0.477,0.997665628245068,Recruitment
Dialister,Maltose.taurine_113,-0.128364849833148,0.508,0.997665628245068,Recruitment
Dialister,Glucose_116,0.0505005561735261,0.781,0.997665628245068,Recruitment
Dialister,Glucose_117,0.119021134593993,0.545,0.997665628245068,Recruitment
Dialister,Unknown_118,-0.552391546162403,0.001,0.124967741935484,Recruitment
Dialister,Carnitine_119,-0.215572858731924,0.26,0.952022684310019,Recruitment
Dialister,O_phosphocholine_120,-0.0602892102335929,0.749,0.997665628245068,Recruitment
Dialister,Unknown_121,-0.0238042269187987,0.906,0.997665628245068,Recruitment
Dialister,Unknown_122,0.107452725250278,0.556,0.997665628245068,Recruitment
Dialister,Unknown_123,-0.0122358175750834,0.956,0.997665628245068,Recruitment
Dialister,Unknown_124,0.0754171301446051,0.698,0.997665628245068,Recruitment
Dialister,Unknown_125,0.022916898573225,0.893,0.997665628245068,Recruitment
Dialister,Unknown_126,0.213348164627364,0.264,0.95296256684492,Recruitment
Dialister,Unknown_128,0.12258064516129,0.551,0.997665628245068,Recruitment
Dialister,Creatine_129,0.328142380422692,0.077,0.766832904884319,Recruitment
Dialister,Creatinephosphate_130,-0.254282536151279,0.2,0.934156028368794,Recruitment
Dialister,Unknown_131,-0.210233592880979,0.24,0.945839267548321,Recruitment
Dialister,Asparagine_133,0.0758620689655172,0.674,0.997665628245068,Recruitment
Dialister,N.N.dimethylglycine_134,0.0967741935483871,0.642,0.997665628245068,Recruitment
Dialister,Aspartate_136,-0.04293659621802,0.835,0.997665628245068,Recruitment
Dialister,Methionine_138,0.0384872080088988,0.854,0.997665628245068,Recruitment
Dialister,Unknown_139,-0.113236929922136,0.551,0.997665628245068,Recruitment
Dialister,Methionine_140,-0.0505005561735261,0.79,0.997665628245068,Recruitment
Dialister,Unknown_142,-0.124805339265851,0.507,0.997665628245068,Recruitment
Dialister,Riboflavin_143,-0.134149054505006,0.483,0.997665628245068,Recruitment
Dialister,Unknown_145,-0.140378197997775,0.477,0.997665628245068,Recruitment
Dialister,Unknown_146,-0.00422691879866518,0.979,0.997665628245068,Recruitment
Dialister,Unknown_148,-0.0513904338153504,0.792,0.997665628245068,Recruitment
Dialister,Unknown_153,0.0580645161290323,0.751,0.997665628245068,Recruitment
Dialister,Glutamine_154,0.0598442714126808,0.749,0.997665628245068,Recruitment
Dialister,Glutamine.unknown_155,-0.22313681868743,0.244,0.94865756097561,Recruitment
Dialister,Succinate_156,0.178642936596218,0.367,0.99055432661028,Recruitment
Dialister,Saccharopine.unknown_157,0.167964404894327,0.371,0.99055432661028,Recruitment
Dialister,Glutamate.unknown_158,-0.149276974416018,0.43,0.993333333333333,Recruitment
Dialister,Unknown_159,-0.175083426028921,0.329,0.972791728212703,Recruitment
Dialister,Glutamate.unknown_161,-0.0171301446051168,0.929,0.997665628245068,Recruitment
Dialister,Unknown_162,-0.025139043381535,0.884,0.997665628245068,Recruitment
Dialister,Valine.unknown_168,0.129254727474972,0.483,0.997665628245068,Recruitment
Dialister,Unknown_169,0.0932146829810901,0.602,0.997665628245068,Recruitment
Dialister,Glutarate_171,0.126140155728587,0.517,0.997665628245068,Recruitment
Dialister,Glutamine.unknown_172,0.0384872080088988,0.845,0.997665628245068,Recruitment
Dialister,Glutamine.glutamate_173,0.000667408231368187,0.999,1,Recruitment
Dialister,Methionine.glutamate.glutamine_177,-0.146607341490545,0.446,0.997665628245068,Recruitment
Dialister,Unknown_182,0.0705228031145717,0.741,0.997665628245068,Recruitment
Dialister,Unknown_185,-0.0171301446051168,0.931,0.997665628245068,Recruitment
Dialister,Glutamate_187,-0.204449388209121,0.265,0.95296256684492,Recruitment
Dialister,Glutamate.unknown_189,0.0522803114571746,0.776,0.997665628245068,Recruitment
Dialister,Unknown_190,0.0985539488320356,0.599,0.997665628245068,Recruitment
Dialister,Unknown_191,0.102113459399333,0.589,0.997665628245068,Recruitment
Dialister,Unknown_192,0.0411568409343715,0.835,0.997665628245068,Recruitment
Dialister,Unknown_193,0.145272525027809,0.461,0.997665628245068,Recruitment
Dialister,Isoleucine.unknown_194,0.134149054505006,0.456,0.997665628245068,Recruitment
Dialister,Unknown_195,0.134149054505006,0.464,0.997665628245068,Recruitment
Dialister,Unknown_196,0.0812013348164627,0.65,0.997665628245068,Recruitment
Dialister,Acetate_197,-0.0117908787541713,0.97,0.997665628245068,Recruitment
Dialister,Lysine.unknown_198,-0.130589543937709,0.513,0.997665628245068,Recruitment
Dialister,Lysine.unknown_199,-0.107019691395351,0.561,0.997665628245068,Recruitment
Dialister,Lysine.unknown_200,-0.0887652947719689,0.638,0.997665628245068,Recruitment
Dialister,Unknown_201,-0.0767519466073415,0.703,0.997665628245068,Recruitment
Dialister,Unknown_202,0.0638487208008899,0.74,0.997665628245068,Recruitment
Dialister,Leucine.lysine_205,0.138598442714127,0.457,0.997665628245068,Recruitment
Dialister,Leucine.unknown_209,0.0611790878754171,0.756,0.997665628245068,Recruitment
Dialister,Leucine.unknown_211,0.0433815350389321,0.799,0.997665628245068,Recruitment
Dialister,Alanine_212,-0.00378197997775306,0.992,0.997665628245068,Recruitment
Dialister,Unknown_214,0.0562847608453838,0.764,0.997665628245068,Recruitment
Dialister,Unknown_215,0.0682981090100111,0.72,0.997665628245068,Recruitment
Dialister,Isoleucine.unknown_218,0.153281423804227,0.386,0.99055432661028,Recruitment
Dialister,Unknown_219,0.133259176863181,0.501,0.997665628245068,Recruitment
Dialister,Unknown_220,0.137708565072303,0.495,0.997665628245068,Recruitment
Dialister,Propylene_glycol_221,-0.301890989988877,0.093,0.805654867256637,Recruitment
Dialister,Isoleucine_225,-0.0264738598442714,0.891,0.997665628245068,Recruitment
Dialister,Valine_227,0.1706340378198,0.355,0.98798132183908,Recruitment
Dialister,Leucine_229,0.00155728587319244,0.993,0.998122343182996,Recruitment
Dialister,Leucine.isoleucine_230,0.0967741935483871,0.608,0.997665628245068,Recruitment
Actinomyces,NAD._2,0.140378197997775,0.466,0.997665628245068,Recruitment
Actinomyces,Unknown_3,-0.192436040044494,0.283,0.954170583115753,Recruitment
Actinomyces,Formate_5,-0.226696329254727,0.248,0.94865756097561,Recruitment
Actinomyces,Unknown_7,-0.158620689655172,0.399,0.991189889025894,Recruitment
Actinomyces,Unknown_8,-0.067853170189099,0.744,0.997665628245068,Recruitment
Actinomyces,Hypoxanthine_10,-0.148387096774194,0.451,0.997665628245068,Recruitment
Actinomyces,NAD._11,0.195105672969967,0.297,0.962086092715232,Recruitment
Actinomyces,Tryptophan_14,0.404671857619577,0.03,0.695928143712575,Recruitment
Actinomyces,Unknown_15,-0.000222469410456062,1,1,Recruitment
Actinomyces,Phenylalanine_19,0.355283648498331,0.059,0.745,Recruitment
Actinomyces,Tyrosine_20,0.355283648498331,0.067,0.766832904884319,Recruitment
Actinomyces,Unknown_22,0.426473859844271,0.015,0.534344827586207,Recruitment
Actinomyces,Unknown_23,-0.317018909899889,0.091,0.804872146118721,Recruitment
Actinomyces,Unknown_24,-0.221802002224694,0.242,0.946977777777778,Recruitment
Actinomyces,Unknown_25,-0.203114571746385,0.3,0.962086092715232,Recruitment
Actinomyces,Unknown_26,-0.183982202447164,0.322,0.971489197530864,Recruitment
Actinomyces,Unknown_28,-0.242269187986652,0.181,0.934122399020808,Recruitment
Actinomyces,Uridine_29,0.214238042269188,0.254,0.952022684310019,Recruitment
Actinomyces,Uracil_30,-0.253837597330367,0.167,0.934122399020808,Recruitment
Actinomyces,Unknown_31,0.00467185761957731,0.98,0.997665628245068,Recruitment
Actinomyces,Maltose.Glucose_32,-0.223581757508343,0.24,0.945839267548321,Recruitment
Actinomyces,Unknown_33,0.116351501668521,0.545,0.997665628245068,Recruitment
Actinomyces,Unknown_34,0.366852057842047,0.047,0.725410358565737,Recruitment
Actinomyces,Maltose.unknown_37,-0.0482758620689655,0.797,0.997665628245068,Recruitment
Actinomyces,Maltose.glucose.unknown_38,-0.111457174638487,0.544,0.997665628245068,Recruitment
Actinomyces,Ascorbate_40,-0.228476084538376,0.231,0.940014705882353,Recruitment
Actinomyces,Unknown_41,0.133259176863181,0.464,0.997665628245068,Recruitment
Actinomyces,Threonine_42,0.221357063403782,0.223,0.935388888888889,Recruitment
Actinomyces,Unknown_43,0.159510567296997,0.415,0.991189889025894,Recruitment
Actinomyces,Unknown_44,0.204004449388209,0.288,0.958549657534246,Recruitment
Actinomyces,Unknown_45,0.374860956618465,0.041,0.707426086956522,Recruitment
Actinomyces,Unknown_46,0.332591768631813,0.073,0.766832904884319,Recruitment
Actinomyces,Unknown_47,0.399332591768632,0.029,0.676783132530121,Recruitment
Actinomyces,Lactate_48,0.390433815350389,0.034,0.704363636363636,Recruitment
Actinomyces,Unknown_49,0.032258064516129,0.882,0.997665628245068,Recruitment
Actinomyces,Unknown_50,0.135483870967742,0.464,0.997665628245068,Recruitment
Actinomyces,Unknown_51,0.11412680756396,0.542,0.997665628245068,Recruitment
Actinomyces,Unknown_52,0.0941045606229143,0.615,0.997665628245068,Recruitment
Actinomyces,Unknown_53,-0.231590656284761,0.242,0.946977777777778,Recruitment
Actinomyces,Unknown_54,-0.0771968854282536,0.654,0.997665628245068,Recruitment
Actinomyces,Unknown_55,-0.20845383759733,0.284,0.955048611111111,Recruitment
Actinomyces,Unknown_56,-0.167519466073415,0.365,0.99055432661028,Recruitment
Actinomyces,Maltose.unknown_67,0.0211345939933259,0.913,0.997665628245068,Recruitment
Actinomyces,Maltose.unknown_68,-0.0122358175750834,0.948,0.997665628245068,Recruitment
Actinomyces,Maltose.unknown_69,-0.118131256952169,0.557,0.997665628245068,Recruitment
Actinomyces,Maltose.unknown_70,-0.0451612903225806,0.819,0.997665628245068,Recruitment
Actinomyces,Maltose.unknown_71,-0.0122358175750834,0.949,0.997665628245068,Recruitment
Actinomyces,Maltose_72,0.162180200222469,0.401,0.991189889025894,Recruitment
Actinomyces,Maltose_73,0.150611790878754,0.42,0.993033775633293,Recruitment
Actinomyces,Maltose.unknown_74,0.0202447163515017,0.914,0.997665628245068,Recruitment
Actinomyces,Maltose_75,-0.0442714126807564,0.806,0.997665628245068,Recruitment
Actinomyces,Maltose.unknown_76,0.129254727474972,0.496,0.997665628245068,Recruitment
Actinomyces,Maltose.unknown_77,-0.035817575083426,0.867,0.997665628245068,Recruitment
Actinomyces,Unknown_79,-0.067853170189099,0.734,0.997665628245068,Recruitment
Actinomyces,Unknown_81,0.0398220244716352,0.835,0.997665628245068,Recruitment
Actinomyces,Maltose.unknown_87,-0.0447163515016685,0.832,0.997665628245068,Recruitment
Actinomyces,Maltose.unknown_88,0.0175750834260289,0.923,0.997665628245068,Recruitment
Actinomyces,Unknown_89,-0.00111234705228031,0.996,0.999353535353535,Recruitment
Actinomyces,Unknown_90,0.0932146829810901,0.616,0.997665628245068,Recruitment
Actinomyces,Unknown_91,0.154616240266963,0.425,0.993033775633293,Recruitment
Actinomyces,Unknown_92,0.122135706340378,0.535,0.997665628245068,Recruitment
Actinomyces,Uknown_93,0.204449388209121,0.316,0.969257232212666,Recruitment
Actinomyces,Unknown_94,0.171523915461624,0.348,0.983334792122538,Recruitment
Actinomyces,Uknown_95,0.167964404894327,0.388,0.99055432661028,Recruitment
Actinomyces,Unknown_96,0.0482758620689655,0.797,0.997665628245068,Recruitment
Actinomyces,Unknown_97,-0.0131256952169077,0.942,0.997665628245068,Recruitment
Actinomyces,Glycine_99,-0.0260289210233593,0.905,0.997665628245068,Recruitment
Actinomyces,Glucose_100,-0.405116796440489,0.027,0.6537375,Recruitment
Actinomyces,Glucose_101,-0.385094549499444,0.039,0.707426086956522,Recruitment
Actinomyces,Glucose_102,-0.41979977753059,0.017,0.544280991735537,Recruitment
Actinomyces,Glucose_103,-0.453615127919911,0.013,0.498633663366337,Recruitment
Actinomyces,Glucose_104,-0.399332591768632,0.022,0.617594202898551,Recruitment
Actinomyces,Maltose.taurine.glucose_107,-0.365962180200222,0.046,0.725410358565737,Recruitment
Actinomyces,Glucose_108,-0.468298109010011,0.013,0.498633663366337,Recruitment
Actinomyces,Unknown_109,-0.423359288097887,0.025,0.65,Recruitment
Actinomyces,Glucose_110,-0.503448275862069,0.005,0.339824561403509,Recruitment
Actinomyces,Maltose.taurine_113,-0.0647385984427141,0.712,0.997665628245068,Recruitment
Actinomyces,Glucose_116,-0.340155728587319,0.067,0.766832904884319,Recruitment
Actinomyces,Glucose_117,-0.318353726362625,0.099,0.816012765957447,Recruitment
Actinomyces,Unknown_118,-0.00556173526140156,0.98,0.997665628245068,Recruitment
Actinomyces,Carnitine_119,-0.325027808676307,0.084,0.789844660194175,Recruitment
Actinomyces,O_phosphocholine_120,-0.264071190211346,0.165,0.934122399020808,Recruitment
Actinomyces,Unknown_121,-0.028698553948832,0.891,0.997665628245068,Recruitment
Actinomyces,Unknown_122,-0.237819799777531,0.206,0.935388888888889,Recruitment
Actinomyces,Unknown_123,0.112347052280311,0.569,0.997665628245068,Recruitment
Actinomyces,Unknown_124,0.199110122358176,0.264,0.95296256684492,Recruitment
Actinomyces,Unknown_125,0.110579597969833,0.582,0.997665628245068,Recruitment
Actinomyces,Unknown_126,-0.0794215795328142,0.682,0.997665628245068,Recruitment
Actinomyces,Unknown_128,-0.248498331479422,0.186,0.934122399020808,Recruitment
Actinomyces,Creatine_129,0.227586206896552,0.215,0.935388888888889,Recruitment
Actinomyces,Creatinephosphate_130,-0.328587319243604,0.075,0.766832904884319,Recruitment
Actinomyces,Unknown_131,-0.067853170189099,0.739,0.997665628245068,Recruitment
Actinomyces,Asparagine_133,-0.393103448275862,0.027,0.6537375,Recruitment
Actinomyces,N.N.dimethylglycine_134,-0.0780867630700779,0.678,0.997665628245068,Recruitment
Actinomyces,Aspartate_136,0.204449388209121,0.265,0.95296256684492,Recruitment
Actinomyces,Methionine_138,0.103003337041157,0.59,0.997665628245068,Recruitment
Actinomyces,Unknown_139,-0.125695216907675,0.513,0.997665628245068,Recruitment
Actinomyces,Methionine_140,0.0883203559510567,0.671,0.997665628245068,Recruitment
Actinomyces,Unknown_142,-0.153726362625139,0.43,0.993333333333333,Recruitment
Actinomyces,Riboflavin_143,-0.111012235817575,0.545,0.997665628245068,Recruitment
Actinomyces,Unknown_145,-0.217352614015573,0.252,0.948734693877551,Recruitment
Actinomyces,Unknown_146,-0.167519466073415,0.418,0.993033775633293,Recruitment
Actinomyces,Unknown_148,-0.268520578420467,0.144,0.911529411764706,Recruitment
Actinomyces,Unknown_153,-0.370411568409344,0.054,0.734021052631579,Recruitment
Actinomyces,Glutamine_154,-0.356173526140156,0.051,0.734021052631579,Recruitment
Actinomyces,Glutamine.unknown_155,0.0135706340378198,0.951,0.997665628245068,Recruitment
Actinomyces,Succinate_156,0.0309232480533927,0.875,0.997665628245068,Recruitment
Actinomyces,Saccharopine.unknown_157,-0.0113459399332592,0.949,0.997665628245068,Recruitment
Actinomyces,Glutamate.unknown_158,0.0122358175750834,0.942,0.997665628245068,Recruitment
Actinomyces,Unknown_159,-0.0776418242491657,0.69,0.997665628245068,Recruitment
Actinomyces,Glutamate.unknown_161,0.0433815350389321,0.838,0.997665628245068,Recruitment
Actinomyces,Unknown_162,-0.057174638487208,0.768,0.997665628245068,Recruitment
Actinomyces,Valine.unknown_168,0.166184649610679,0.336,0.972791728212703,Recruitment
Actinomyces,Unknown_169,-0.261401557285873,0.167,0.934122399020808,Recruitment
Actinomyces,Glutarate_171,0.0776418242491657,0.676,0.997665628245068,Recruitment
Actinomyces,Glutamine.unknown_172,-0.167519466073415,0.397,0.991189889025894,Recruitment
Actinomyces,Glutamine.glutamate_173,-0.17285873192436,0.337,0.972791728212703,Recruitment
Actinomyces,Methionine.glutamate.glutamine_177,0.172413793103448,0.373,0.99055432661028,Recruitment
Actinomyces,Unknown_182,0.123025583982202,0.545,0.997665628245068,Recruitment
Actinomyces,Unknown_185,0.117241379310345,0.531,0.997665628245068,Recruitment
Actinomyces,Glutamate_187,0.0451612903225806,0.824,0.997665628245068,Recruitment
Actinomyces,Glutamate.unknown_189,-0.0843159065628476,0.647,0.997665628245068,Recruitment
Actinomyces,Unknown_190,-0.179532814238042,0.328,0.972205049732211,Recruitment
Actinomyces,Unknown_191,-0.270300333704116,0.149,0.91477971473851,Recruitment
Actinomyces,Unknown_192,-0.251612903225806,0.189,0.934122399020808,Recruitment
Actinomyces,Unknown_193,-0.189321468298109,0.312,0.967724579663731,Recruitment
Actinomyces,Isoleucine.unknown_194,0.1412680756396,0.461,0.997665628245068,Recruitment
Actinomyces,Unknown_195,0.235150166852058,0.219,0.935388888888889,Recruitment
Actinomyces,Unknown_196,0.25027808676307,0.185,0.934122399020808,Recruitment
Actinomyces,Acetate_197,-0.303225806451613,0.104,0.837621621621622,Recruitment
Actinomyces,Lysine.unknown_198,-0.0420467185761958,0.82,0.997665628245068,Recruitment
Actinomyces,Lysine.unknown_199,0.0956724891891915,0.615,0.997665628245068,Recruitment
Actinomyces,Lysine.unknown_200,0.141713014460512,0.462,0.997665628245068,Recruitment
Actinomyces,Unknown_201,0.112791991101224,0.52,0.997665628245068,Recruitment
Actinomyces,Unknown_202,0.082091212458287,0.665,0.997665628245068,Recruitment
Actinomyces,Leucine.lysine_205,0.074972191323693,0.679,0.997665628245068,Recruitment
Actinomyces,Leucine.unknown_209,0.196885428253615,0.291,0.959433191489362,Recruitment
Actinomyces,Leucine.unknown_211,0.115461624026696,0.566,0.997665628245068,Recruitment
Actinomyces,Alanine_212,-0.133259176863181,0.503,0.997665628245068,Recruitment
Actinomyces,Unknown_214,0.234705228031146,0.222,0.935388888888889,Recruitment
Actinomyces,Unknown_215,0.256952169076752,0.149,0.91477971473851,Recruitment
Actinomyces,Isoleucine.unknown_218,0.384649610678532,0.031,0.698220930232558,Recruitment
Actinomyces,Unknown_219,0.499888765294772,0.004,0.286962962962963,Recruitment
Actinomyces,Unknown_220,0.580867630700779,0.001,0.124967741935484,Recruitment
Actinomyces,Propylene_glycol_221,-0.201779755283648,0.289,0.958549657534246,Recruitment
Actinomyces,Isoleucine_225,0.326362625139043,0.088,0.798388758782201,Recruitment
Actinomyces,Valine_227,0.113681868743048,0.542,0.997665628245068,Recruitment
Actinomyces,Leucine_229,0.313459399332592,0.09,0.80151724137931,Recruitment
Actinomyces,Leucine.isoleucine_230,0.264516129032258,0.165,0.934122399020808,Recruitment
Finegoldia,NAD._2,-0.312569521690768,0.098,0.812959314775161,Recruitment
Finegoldia,Unknown_3,0.363737486095662,0.04,0.707426086956522,Recruitment
Finegoldia,Formate_5,0.159955506117909,0.393,0.99055432661028,Recruitment
Finegoldia,Unknown_7,0.228031145717464,0.231,0.940014705882353,Recruitment
Finegoldia,Unknown_8,0.132814238042269,0.492,0.997665628245068,Recruitment
Finegoldia,Hypoxanthine_10,-0.0754171301446051,0.686,0.997665628245068,Recruitment
Finegoldia,NAD._11,-0.0482758620689655,0.812,0.997665628245068,Recruitment
Finegoldia,Tryptophan_14,0.0189098998887653,0.906,0.997665628245068,Recruitment
Finegoldia,Unknown_15,0.131034482758621,0.509,0.997665628245068,Recruitment
Finegoldia,Phenylalanine_19,-0.16440489432703,0.378,0.99055432661028,Recruitment
Finegoldia,Tyrosine_20,-0.163515016685206,0.38,0.99055432661028,Recruitment
Finegoldia,Unknown_22,-0.283648498331479,0.152,0.920075,Recruitment
Finegoldia,Unknown_23,0.111012235817575,0.543,0.997665628245068,Recruitment
Finegoldia,Unknown_24,0.197775305895439,0.282,0.954170583115753,Recruitment
Finegoldia,Unknown_25,0.163959955506118,0.406,0.991189889025894,Recruitment
Finegoldia,Unknown_26,0.0593993325917686,0.748,0.997665628245068,Recruitment
Finegoldia,Unknown_28,0.0803114571746385,0.691,0.997665628245068,Recruitment
Finegoldia,Uridine_29,0.245383759733037,0.203,0.934156028368794,Recruitment
Finegoldia,Uracil_30,0.325917686318131,0.07,0.766832904884319,Recruitment
Finegoldia,Unknown_31,0.0972191323692992,0.615,0.997665628245068,Recruitment
Finegoldia,Maltose.Glucose_32,0.246273637374861,0.214,0.935388888888889,Recruitment
Finegoldia,Unknown_33,0.184872080088988,0.319,0.969257232212666,Recruitment
Finegoldia,Unknown_34,-0.1559510567297,0.409,0.991189889025894,Recruitment
Finegoldia,Maltose.unknown_37,0.0380422691879867,0.847,0.997665628245068,Recruitment
Finegoldia,Maltose.glucose.unknown_38,0.249388209121246,0.184,0.934122399020808,Recruitment
Finegoldia,Ascorbate_40,-0.132369299221357,0.474,0.997665628245068,Recruitment
Finegoldia,Unknown_41,-0.155506117908788,0.4,0.991189889025894,Recruitment
Finegoldia,Threonine_42,-0.11412680756396,0.561,0.997665628245068,Recruitment
Finegoldia,Unknown_43,0.0389321468298109,0.842,0.997665628245068,Recruitment
Finegoldia,Unknown_44,-0.288542825361513,0.125,0.885887477313975,Recruitment
Finegoldia,Unknown_45,-0.281868743047831,0.129,0.890812834224599,Recruitment
Finegoldia,Unknown_46,-0.147052280311457,0.432,0.993745260663507,Recruitment
Finegoldia,Unknown_47,-0.125250278086763,0.552,0.997665628245068,Recruitment
Finegoldia,Lactate_48,-0.278754171301446,0.146,0.912264516129032,Recruitment
Finegoldia,Unknown_49,0.119466073414905,0.512,0.997665628245068,Recruitment
Finegoldia,Unknown_50,-0.00155728587319244,0.995,0.998608808290156,Recruitment
Finegoldia,Unknown_51,0.0197997775305895,0.931,0.997665628245068,Recruitment
Finegoldia,Unknown_52,-0.0260289210233593,0.908,0.997665628245068,Recruitment
Finegoldia,Unknown_53,0.143937708565072,0.454,0.997665628245068,Recruitment
Finegoldia,Unknown_54,0.0638487208008899,0.729,0.997665628245068,Recruitment
Finegoldia,Unknown_55,0.0349276974416018,0.845,0.997665628245068,Recruitment
Finegoldia,Unknown_56,0.0509454949944383,0.794,0.997665628245068,Recruitment
Finegoldia,Maltose.unknown_67,0.028698553948832,0.861,0.997665628245068,Recruitment
Finegoldia,Maltose.unknown_68,0.123025583982202,0.534,0.997665628245068,Recruitment
Finegoldia,Maltose.unknown_69,0.0745272525027809,0.684,0.997665628245068,Recruitment
Finegoldia,Maltose.unknown_70,-0.0273637374860957,0.866,0.997665628245068,Recruitment
Finegoldia,Maltose.unknown_71,0.071412680756396,0.748,0.997665628245068,Recruitment
Finegoldia,Maltose_72,0.106562847608454,0.573,0.997665628245068,Recruitment
Finegoldia,Maltose_73,0.0852057842046719,0.653,0.997665628245068,Recruitment
Finegoldia,Maltose.unknown_74,0.140823136818687,0.46,0.997665628245068,Recruitment
Finegoldia,Maltose_75,0.236484983314794,0.202,0.934156028368794,Recruitment
Finegoldia,Maltose.unknown_76,0.0295884315906563,0.868,0.997665628245068,Recruitment
Finegoldia,Maltose.unknown_77,0.148832035595106,0.411,0.991189889025894,Recruitment
Finegoldia,Unknown_79,-0.00333704115684093,0.989,0.997665628245068,Recruitment
Finegoldia,Unknown_81,-0.0126807563959956,0.942,0.997665628245068,Recruitment
Finegoldia,Maltose.unknown_87,-0.00956618464961068,0.96,0.997665628245068,Recruitment
Finegoldia,Maltose.unknown_88,-0.0527252502780868,0.791,0.997665628245068,Recruitment
Finegoldia,Unknown_89,0.0371523915461624,0.813,0.997665628245068,Recruitment
Finegoldia,Unknown_90,0.0901001112347052,0.633,0.997665628245068,Recruitment
Finegoldia,Unknown_91,-0.014460511679644,0.939,0.997665628245068,Recruitment
Finegoldia,Unknown_92,-0.00556173526140156,0.975,0.997665628245068,Recruitment
Finegoldia,Uknown_93,0.0233592880978865,0.884,0.997665628245068,Recruitment
Finegoldia,Unknown_94,0.0780867630700779,0.667,0.997665628245068,Recruitment
Finegoldia,Uknown_95,0.0847608453837597,0.635,0.997665628245068,Recruitment
Finegoldia,Unknown_96,0.0638487208008899,0.745,0.997665628245068,Recruitment
Finegoldia,Unknown_97,0.021579532814238,0.899,0.997665628245068,Recruitment
Finegoldia,Glycine_99,-0.00467185761957731,0.987,0.997665628245068,Recruitment
Finegoldia,Glucose_100,0.448275862068965,0.016,0.534344827586207,Recruitment
Finegoldia,Glucose_101,0.328587319243604,0.075,0.766832904884319,Recruitment
Finegoldia,Glucose_102,0.385984427141268,0.043,0.718025862068965,Recruitment
Finegoldia,Glucose_103,0.393103448275862,0.031,0.698220930232558,Recruitment
Finegoldia,Glucose_104,0.381090100111235,0.034,0.704363636363636,Recruitment
Finegoldia,Maltose.taurine.glucose_107,0.360622914349277,0.041,0.707426086956522,Recruitment
Finegoldia,Glucose_108,0.450055617352614,0.019,0.584174603174603,Recruitment
Finegoldia,Unknown_109,0.437597330367075,0.021,0.611684210526316,Recruitment
Finegoldia,Glucose_110,0.436262513904338,0.016,0.534344827586207,Recruitment
Finegoldia,Maltose.taurine_113,0.115906562847608,0.515,0.997665628245068,Recruitment
Finegoldia,Glucose_116,0.356618464961068,0.037,0.707426086956522,Recruitment
Finegoldia,Glucose_117,0.305450500556174,0.094,0.805654867256637,Recruitment
Finegoldia,Unknown_118,-0.258286985539488,0.174,0.934122399020808,Recruitment
Finegoldia,Carnitine_119,0.127919911012236,0.49,0.997665628245068,Recruitment
Finegoldia,O_phosphocholine_120,0.311679644048943,0.086,0.791169014084507,Recruitment
Finegoldia,Unknown_121,0.205339265850946,0.281,0.954170583115753,Recruitment
Finegoldia,Unknown_122,0.360177975528365,0.054,0.734021052631579,Recruitment
Finegoldia,Unknown_123,0.362847608453838,0.057,0.74349494949495,Recruitment
Finegoldia,Unknown_124,-0.0745272525027809,0.68,0.997665628245068,Recruitment
Finegoldia,Unknown_125,0.0347090891011951,0.861,0.997665628245068,Recruitment
Finegoldia,Unknown_126,-0.0580645161290323,0.76,0.997665628245068,Recruitment
Finegoldia,Unknown_128,0.140823136818687,0.457,0.997665628245068,Recruitment
Finegoldia,Creatine_129,0.220467185761958,0.245,0.94865756097561,Recruitment
Finegoldia,Creatinephosphate_130,-0.0518353726362625,0.763,0.997665628245068,Recruitment
Finegoldia,Unknown_131,-0.0954393770856507,0.639,0.997665628245068,Recruitment
Finegoldia,Asparagine_133,-0.1412680756396,0.457,0.997665628245068,Recruitment
Finegoldia,N.N.dimethylglycine_134,0.0162402669632925,0.93,0.997665628245068,Recruitment
Finegoldia,Aspartate_136,-0.471857619577308,0.007,0.404746268656716,Recruitment
Finegoldia,Methionine_138,-0.0593993325917686,0.763,0.997665628245068,Recruitment
Finegoldia,Unknown_139,0.125250278086763,0.516,0.997665628245068,Recruitment
Finegoldia,Methionine_140,-0.16440489432703,0.388,0.99055432661028,Recruitment
Finegoldia,Unknown_142,0.0941045606229143,0.601,0.997665628245068,Recruitment
Finegoldia,Riboflavin_143,0.126140155728587,0.485,0.997665628245068,Recruitment
Finegoldia,Unknown_145,-0.0255839822024472,0.904,0.997665628245068,Recruitment
Finegoldia,Unknown_146,0.071412680756396,0.724,0.997665628245068,Recruitment
Finegoldia,Unknown_148,0.0157953281423804,0.933,0.997665628245068,Recruitment
Finegoldia,Unknown_153,0.169299221357063,0.369,0.99055432661028,Recruitment
Finegoldia,Glutamine_154,0.0540600667408231,0.781,0.997665628245068,Recruitment
Finegoldia,Glutamine.unknown_155,-0.247163515016685,0.197,0.934122399020808,Recruitment
Finegoldia,Succinate_156,-0.286763070077864,0.12,0.877816479400749,Recruitment
Finegoldia,Saccharopine.unknown_157,-0.317463848720801,0.089,0.80151724137931,Recruitment
Finegoldia,Glutamate.unknown_158,-0.469187986651835,0.009,0.447,Recruitment
Finegoldia,Unknown_159,-0.45139043381535,0.017,0.544280991735537,Recruitment
Finegoldia,Glutamate.unknown_161,-0.357508342602892,0.047,0.725410358565737,Recruitment
Finegoldia,Unknown_162,-0.352614015572859,0.058,0.745,Recruitment
Finegoldia,Valine.unknown_168,-0.050055617352614,0.787,0.997665628245068,Recruitment
Finegoldia,Unknown_169,0.0967741935483871,0.613,0.997665628245068,Recruitment
Finegoldia,Glutarate_171,0.0126807563959956,0.96,0.997665628245068,Recruitment
Finegoldia,Glutamine.unknown_172,0.0211345939933259,0.904,0.997665628245068,Recruitment
Finegoldia,Glutamine.glutamate_173,-0.00422691879866518,0.98,0.997665628245068,Recruitment
Finegoldia,Methionine.glutamate.glutamine_177,-0.159955506117909,0.4,0.991189889025894,Recruitment
Finegoldia,Unknown_182,-0.0589543937708565,0.761,0.997665628245068,Recruitment
Finegoldia,Unknown_185,-0.0812013348164627,0.67,0.997665628245068,Recruitment
Finegoldia,Glutamate_187,-0.151946607341491,0.443,0.997665628245068,Recruitment
Finegoldia,Glutamate.unknown_189,0.0905450500556174,0.628,0.997665628245068,Recruitment
Finegoldia,Unknown_190,0.057174638487208,0.746,0.997665628245068,Recruitment
Finegoldia,Unknown_191,-0.00734149054505006,0.974,0.997665628245068,Recruitment
Finegoldia,Unknown_192,-0.0700778642936596,0.698,0.997665628245068,Recruitment
Finegoldia,Unknown_193,-0.122135706340378,0.538,0.997665628245068,Recruitment
Finegoldia,Isoleucine.unknown_194,-0.295661846496107,0.107,0.843532258064516,Recruitment
Finegoldia,Unknown_195,-0.300111234705228,0.103,0.837621621621622,Recruitment
Finegoldia,Unknown_196,-0.246718576195773,0.187,0.934122399020808,Recruitment
Finegoldia,Acetate_197,0.149276974416018,0.435,0.995323512080141,Recruitment
Finegoldia,Lysine.unknown_198,-0.151946607341491,0.413,0.991189889025894,Recruitment
Finegoldia,Lysine.unknown_199,-0.121926800175993,0.518,0.997665628245068,Recruitment
Finegoldia,Lysine.unknown_200,-0.136373748609566,0.465,0.997665628245068,Recruitment
Finegoldia,Unknown_201,-0.121245828698554,0.53,0.997665628245068,Recruitment
Finegoldia,Unknown_202,-0.119911012235818,0.537,0.997665628245068,Recruitment
Finegoldia,Leucine.lysine_205,-0.158620689655172,0.413,0.991189889025894,Recruitment
Finegoldia,Leucine.unknown_209,-0.197330367074527,0.284,0.955048611111111,Recruitment
Finegoldia,Leucine.unknown_211,-0.168854282536151,0.363,0.99055432661028,Recruitment
Finegoldia,Alanine_212,-0.181757508342603,0.321,0.971489197530864,Recruitment
Finegoldia,Unknown_214,-0.225361512791991,0.218,0.935388888888889,Recruitment
Finegoldia,Unknown_215,-0.212458286985539,0.241,0.946977777777778,Recruitment
Finegoldia,Isoleucine.unknown_218,0.195550611790879,0.292,0.960306260575296,Recruitment
Finegoldia,Unknown_219,-0.131924360400445,0.471,0.997665628245068,Recruitment
Finegoldia,Unknown_220,-0.0878754171301446,0.642,0.997665628245068,Recruitment
Finegoldia,Propylene_glycol_221,0.0580645161290323,0.755,0.997665628245068,Recruitment
Finegoldia,Isoleucine_225,-0.364627363737486,0.049,0.732918918918919,Recruitment
Finegoldia,Valine_227,-0.251167964404894,0.178,0.934122399020808,Recruitment
Finegoldia,Leucine_229,-0.236929922135706,0.204,0.934156028368794,Recruitment
Finegoldia,Leucine.isoleucine_230,-0.249388209121246,0.183,0.934122399020808,Recruitment
Corynebacterium,NAD._2,-0.0131256952169077,0.942,0.997665628245068,Recruitment
Corynebacterium,Unknown_3,0.0269187986651835,0.899,0.997665628245068,Recruitment
Corynebacterium,Formate_5,0.393103448275862,0.045,0.725410358565737,Recruitment
Corynebacterium,Unknown_7,0.111012235817575,0.556,0.997665628245068,Recruitment
Corynebacterium,Unknown_8,0.157730812013348,0.376,0.99055432661028,Recruitment
Corynebacterium,Hypoxanthine_10,0.00333704115684093,0.985,0.997665628245068,Recruitment
Corynebacterium,NAD._11,0.109677419354839,0.55,0.997665628245068,Recruitment
Corynebacterium,Tryptophan_14,-0.160845383759733,0.395,0.991081606217617,Recruitment
Corynebacterium,Unknown_15,0.211123470522803,0.283,0.954170583115753,Recruitment
Corynebacterium,Phenylalanine_19,-0.135483870967742,0.449,0.997665628245068,Recruitment
Corynebacterium,Tyrosine_20,-0.140823136818687,0.491,0.997665628245068,Recruitment
Corynebacterium,Unknown_22,-0.0660734149054505,0.721,0.997665628245068,Recruitment
Corynebacterium,Unknown_23,0.303670745272525,0.111,0.854898608349901,Recruitment
Corynebacterium,Unknown_24,0.163070077864294,0.374,0.99055432661028,Recruitment
Corynebacterium,Unknown_25,0.168409343715239,0.361,0.99055432661028,Recruitment
Corynebacterium,Unknown_26,0.224916573971079,0.217,0.935388888888889,Recruitment
Corynebacterium,Unknown_28,0.112347052280311,0.552,0.997665628245068,Recruitment
Corynebacterium,Uridine_29,0.357508342602892,0.052,0.734021052631579,Recruitment
Corynebacterium,Uracil_30,0.115906562847608,0.549,0.997665628245068,Recruitment
Corynebacterium,Unknown_31,0.42202447163515,0.023,0.636442857142857,Recruitment
Corynebacterium,Maltose.Glucose_32,0.132369299221357,0.496,0.997665628245068,Recruitment
Corynebacterium,Unknown_33,0.295216907675195,0.11,0.850578842315369,Recruitment
Corynebacterium,Unknown_34,0.187096774193548,0.334,0.972791728212703,Recruitment
Corynebacterium,Maltose.unknown_37,-0.0580645161290323,0.761,0.997665628245068,Recruitment
Corynebacterium,Maltose.glucose.unknown_38,0.218687430478309,0.24,0.945839267548321,Recruitment
Corynebacterium,Ascorbate_40,0.170189098998888,0.38,0.99055432661028,Recruitment
Corynebacterium,Unknown_41,0.224916573971079,0.217,0.935388888888889,Recruitment
Corynebacterium,Threonine_42,-0.0718576195773081,0.685,0.997665628245068,Recruitment
Corynebacterium,Unknown_43,0.0327030033370412,0.841,0.997665628245068,Recruitment
Corynebacterium,Unknown_44,0.021579532814238,0.917,0.997665628245068,Recruitment
Corynebacterium,Unknown_45,-0.134593993325918,0.504,0.997665628245068,Recruitment
Corynebacterium,Unknown_46,-0.313904338153504,0.083,0.789844660194175,Recruitment
Corynebacterium,Unknown_47,-0.227586206896552,0.223,0.935388888888889,Recruitment
Corynebacterium,Lactate_48,-0.45539488320356,0.011,0.473488888888889,Recruitment
Corynebacterium,Unknown_49,0.0745272525027809,0.726,0.997665628245068,Recruitment
Corynebacterium,Unknown_50,0.0896551724137931,0.656,0.997665628245068,Recruitment
Corynebacterium,Unknown_51,0.0447163515016685,0.802,0.997665628245068,Recruitment
Corynebacterium,Unknown_52,-0.0175750834260289,0.922,0.997665628245068,Recruitment
Corynebacterium,Unknown_53,0.0660734149054505,0.732,0.997665628245068,Recruitment
Corynebacterium,Unknown_54,-0.0197997775305895,0.934,0.997665628245068,Recruitment
Corynebacterium,Unknown_55,0.235150166852058,0.206,0.935388888888889,Recruitment
Corynebacterium,Unknown_56,0.209343715239155,0.262,0.95296256684492,Recruitment
Corynebacterium,Maltose.unknown_67,0.0669632925472747,0.725,0.997665628245068,Recruitment
Corynebacterium,Maltose.unknown_68,0.1412680756396,0.458,0.997665628245068,Recruitment
Corynebacterium,Maltose.unknown_69,0.0602892102335929,0.731,0.997665628245068,Recruitment
Corynebacterium,Maltose.unknown_70,-0.0416017797552836,0.836,0.997665628245068,Recruitment
Corynebacterium,Maltose.unknown_71,-0.0865406006674082,0.663,0.997665628245068,Recruitment
Corynebacterium,Maltose_72,0.0122358175750834,0.954,0.997665628245068,Recruitment
Corynebacterium,Maltose_73,-0.0304783092324805,0.873,0.997665628245068,Recruitment
Corynebacterium,Maltose.unknown_74,-0.0763070077864294,0.685,0.997665628245068,Recruitment
Corynebacterium,Maltose_75,0.00511679644048943,0.969,0.997665628245068,Recruitment
Corynebacterium,Maltose.unknown_76,0.00155728587319244,0.995,0.998608808290156,Recruitment
Corynebacterium,Maltose.unknown_77,0.0113459399332592,0.955,0.997665628245068,Recruitment
Corynebacterium,Unknown_79,0.064293659621802,0.722,0.997665628245068,Recruitment
Corynebacterium,Unknown_81,0.183537263626251,0.314,0.969257232212666,Recruitment
Corynebacterium,Maltose.unknown_87,0.0958843159065629,0.614,0.997665628245068,Recruitment
Corynebacterium,Maltose.unknown_88,-0.0309232480533927,0.871,0.997665628245068,Recruitment
Corynebacterium,Unknown_89,0.0162402669632925,0.926,0.997665628245068,Recruitment
Corynebacterium,Unknown_90,-0.0264738598442714,0.879,0.997665628245068,Recruitment
Corynebacterium,Unknown_91,0.0478309232480534,0.808,0.997665628245068,Recruitment
Corynebacterium,Unknown_92,0.0576195773081201,0.764,0.997665628245068,Recruitment
Corynebacterium,Uknown_93,0.0335928809788654,0.85,0.997665628245068,Recruitment
Corynebacterium,Unknown_94,-0.00912124582869855,0.954,0.997665628245068,Recruitment
Corynebacterium,Uknown_95,0.0344827586206897,0.849,0.997665628245068,Recruitment
Corynebacterium,Unknown_96,-0.0269187986651835,0.893,0.997665628245068,Recruitment
Corynebacterium,Unknown_97,0.00378197997775306,0.991,0.997665628245068,Recruitment
Corynebacterium,Glycine_99,-0.366407119021135,0.041,0.707426086956522,Recruitment
Corynebacterium,Glucose_100,0.202669632925473,0.293,0.960306260575296,Recruitment
Corynebacterium,Glucose_101,0.318353726362625,0.09,0.80151724137931,Recruitment
Corynebacterium,Glucose_102,0.268075639599555,0.142,0.911529411764706,Recruitment
Corynebacterium,Glucose_103,0.250723025583982,0.164,0.934122399020808,Recruitment
Corynebacterium,Glucose_104,0.2146829810901,0.275,0.95296256684492,Recruitment
Corynebacterium,Maltose.taurine.glucose_107,0.0958843159065629,0.604,0.997665628245068,Recruitment
Corynebacterium,Glucose_108,0.217352614015573,0.267,0.95296256684492,Recruitment
Corynebacterium,Unknown_109,0.214238042269188,0.259,0.952022684310019,Recruitment
Corynebacterium,Glucose_110,0.181757508342603,0.319,0.969257232212666,Recruitment
Corynebacterium,Maltose.taurine_113,0.0402669632925473,0.849,0.997665628245068,Recruitment
Corynebacterium,Glucose_116,0.171968854282536,0.351,0.984629978276611,Recruitment
Corynebacterium,Glucose_117,0.0923248053392658,0.642,0.997665628245068,Recruitment
Corynebacterium,Unknown_118,0.286318131256952,0.121,0.877816479400749,Recruitment
Corynebacterium,Carnitine_119,0.221357063403782,0.217,0.935388888888889,Recruitment
Corynebacterium,O_phosphocholine_120,0.275639599555061,0.15,0.91511811023622,Recruitment
Corynebacterium,Unknown_121,0.252947719688543,0.175,0.934122399020808,Recruitment
Corynebacterium,Unknown_122,-0.107007786429366,0.566,0.997665628245068,Recruitment
Corynebacterium,Unknown_123,-0.1412680756396,0.457,0.997665628245068,Recruitment
Corynebacterium,Unknown_124,-0.167964404894327,0.382,0.99055432661028,Recruitment
Corynebacterium,Unknown_125,-0.109467127165308,0.563,0.997665628245068,Recruitment
Corynebacterium,Unknown_126,-0.191101223581757,0.318,0.969257232212666,Recruitment
Corynebacterium,Unknown_128,-0.100778642936596,0.594,0.997665628245068,Recruitment
Corynebacterium,Creatine_129,-0.082091212458287,0.672,0.997665628245068,Recruitment
Corynebacterium,Creatinephosphate_130,0.117686318131257,0.533,0.997665628245068,Recruitment
Corynebacterium,Unknown_131,0.162625139043382,0.368,0.99055432661028,Recruitment
Corynebacterium,Asparagine_133,-0.0242491657397108,0.901,0.997665628245068,Recruitment
Corynebacterium,N.N.dimethylglycine_134,0.370856507230256,0.06,0.745,Recruitment
Corynebacterium,Aspartate_136,-0.329477196885428,0.074,0.766832904884319,Recruitment
Corynebacterium,Methionine_138,-0.325472747497219,0.084,0.789844660194175,Recruitment
Corynebacterium,Unknown_139,-0.0798665183537264,0.682,0.997665628245068,Recruitment
Corynebacterium,Methionine_140,-0.398442714126808,0.032,0.704363636363636,Recruitment
Corynebacterium,Unknown_142,0.183092324805339,0.327,0.972205049732211,Recruitment
Corynebacterium,Riboflavin_143,-0.0135706340378198,0.945,0.997665628245068,Recruitment
Corynebacterium,Unknown_145,0.0869855394883204,0.664,0.997665628245068,Recruitment
Corynebacterium,Unknown_146,0.00422691879866518,0.98,0.997665628245068,Recruitment
Corynebacterium,Unknown_148,0.110567296996663,0.554,0.997665628245068,Recruitment
Corynebacterium,Unknown_153,0.131924360400445,0.481,0.997665628245068,Recruitment
Corynebacterium,Glutamine_154,0.0451612903225806,0.823,0.997665628245068,Recruitment
Corynebacterium,Glutamine.unknown_155,-0.180422691879867,0.306,0.966925203252032,Recruitment
Corynebacterium,Succinate_156,-0.239599555061179,0.201,0.934156028368794,Recruitment
Corynebacterium,Saccharopine.unknown_157,-0.243604004449388,0.195,0.934122399020808,Recruitment
Corynebacterium,Glutamate.unknown_158,-0.216907675194661,0.236,0.943512899896801,Recruitment
Corynebacterium,Unknown_159,-0.441156840934372,0.019,0.584174603174603,Recruitment
Corynebacterium,Glutamate.unknown_161,-0.230255839822024,0.221,0.935388888888889,Recruitment
Corynebacterium,Unknown_162,-0.14349276974416,0.466,0.997665628245068,Recruitment
Corynebacterium,Valine.unknown_168,-0.0553948832035595,0.781,0.997665628245068,Recruitment
Corynebacterium,Unknown_169,0.053615127919911,0.779,0.997665628245068,Recruitment
Corynebacterium,Glutarate_171,-0.187096774193548,0.299,0.962086092715232,Recruitment
Corynebacterium,Glutamine.unknown_172,0.159065628476085,0.4,0.991189889025894,Recruitment
Corynebacterium,Glutamine.glutamate_173,0.0531701890989989,0.814,0.997665628245068,Recruitment
Corynebacterium,Methionine.glutamate.glutamine_177,-0.406006674082314,0.026,0.6537375,Recruitment
Corynebacterium,Unknown_182,-0.125250278086763,0.488,0.997665628245068,Recruitment
Corynebacterium,Unknown_185,-0.281423804226919,0.14,0.911529411764706,Recruitment
Corynebacterium,Glutamate_187,-0.157730812013348,0.419,0.993033775633293,Recruitment
Corynebacterium,Glutamate.unknown_189,-0.0852057842046719,0.645,0.997665628245068,Recruitment
Corynebacterium,Unknown_190,-0.120800889877642,0.507,0.997665628245068,Recruitment
Corynebacterium,Unknown_191,-0.192436040044494,0.304,0.964533988533989,Recruitment
Corynebacterium,Unknown_192,-0.218242491657397,0.238,0.944684426229508,Recruitment
Corynebacterium,Unknown_193,-0.341045606229143,0.057,0.74349494949495,Recruitment
Corynebacterium,Isoleucine.unknown_194,-0.38420467185762,0.037,0.707426086956522,Recruitment
Corynebacterium,Unknown_195,-0.276084538375973,0.165,0.934122399020808,Recruitment
Corynebacterium,Unknown_196,-0.168854282536151,0.358,0.989223965763195,Recruitment
Corynebacterium,Acetate_197,0.190656284760845,0.316,0.969257232212666,Recruitment
Corynebacterium,Lysine.unknown_198,0.152391546162403,0.413,0.991189889025894,Recruitment
Corynebacterium,Lysine.unknown_199,0.19601735575739,0.305,0.966124284546198,Recruitment
Corynebacterium,Lysine.unknown_200,0.182647385984427,0.336,0.972791728212703,Recruitment
Corynebacterium,Unknown_201,0.175528364849833,0.361,0.99055432661028,Recruitment
Corynebacterium,Unknown_202,0.0638487208008899,0.746,0.997665628245068,Recruitment
Corynebacterium,Leucine.lysine_205,-0.213348164627364,0.251,0.94865756097561,Recruitment
Corynebacterium,Leucine.unknown_209,-0.225806451612903,0.237,0.943615621788284,Recruitment
Corynebacterium,Leucine.unknown_211,-0.182647385984427,0.301,0.962107260726073,Recruitment
Corynebacterium,Alanine_212,-0.421134593993326,0.016,0.534344827586207,Recruitment
Corynebacterium,Unknown_214,-0.381979977753059,0.024,0.641213793103448,Recruitment
Corynebacterium,Unknown_215,-0.387319243604004,0.037,0.707426086956522,Recruitment
Corynebacterium,Isoleucine.unknown_218,-0.121690767519466,0.522,0.997665628245068,Recruitment
Corynebacterium,Unknown_219,-0.408231368186874,0.022,0.617594202898551,Recruitment
Corynebacterium,Unknown_220,-0.327252502780868,0.075,0.766832904884319,Recruitment
Corynebacterium,Propylene_glycol_221,0.449610678531702,0.012,0.494553191489362,Recruitment
Corynebacterium,Isoleucine_225,-0.31523915461624,0.078,0.77084693877551,Recruitment
Corynebacterium,Valine_227,-0.32992213570634,0.069,0.766832904884319,Recruitment
Corynebacterium,Leucine_229,-0.199110122358176,0.3,0.962086092715232,Recruitment
Corynebacterium,Leucine.isoleucine_230,-0.268965517241379,0.144,0.911529411764706,Recruitment
Actinomycetaceae_unclassified,NAD._2,0.0100111234705228,0.964,0.997665628245068,Recruitment
Actinomycetaceae_unclassified,Unknown_3,0.209343715239155,0.264,0.95296256684492,Recruitment
Actinomycetaceae_unclassified,Formate_5,-0.0082313681868743,0.969,0.997665628245068,Recruitment
Actinomycetaceae_unclassified,Unknown_7,0.104338153503893,0.55,0.997665628245068,Recruitment
Actinomycetaceae_unclassified,Unknown_8,0.201334816462736,0.288,0.958549657534246,Recruitment
Actinomycetaceae_unclassified,Hypoxanthine_10,-0.23559510567297,0.199,0.934156028368794,Recruitment
Actinomycetaceae_unclassified,NAD._11,0.0513904338153504,0.794,0.997665628245068,Recruitment
Actinomycetaceae_unclassified,Tryptophan_14,0.306340378197998,0.094,0.805654867256637,Recruitment
Actinomycetaceae_unclassified,Unknown_15,0.268075639599555,0.145,0.912264516129032,Recruitment
Actinomycetaceae_unclassified,Phenylalanine_19,-0.050055617352614,0.783,0.997665628245068,Recruitment
Actinomycetaceae_unclassified,Tyrosine_20,0.099888765294772,0.587,0.997665628245068,Recruitment
Actinomycetaceae_unclassified,Unknown_22,-0.142157953281424,0.454,0.997665628245068,Recruitment
Actinomycetaceae_unclassified,Unknown_23,0.00511679644048943,0.977,0.997665628245068,Recruitment
Actinomycetaceae_unclassified,Unknown_24,0.0553948832035595,0.782,0.997665628245068,Recruitment
Actinomycetaceae_unclassified,Unknown_25,-0.074972191323693,0.685,0.997665628245068,Recruitment
Actinomycetaceae_unclassified,Unknown_26,-0.182647385984427,0.325,0.971489197530864,Recruitment
Actinomycetaceae_unclassified,Unknown_28,0.0509454949944383,0.786,0.997665628245068,Recruitment
Actinomycetaceae_unclassified,Uridine_29,-0.204449388209121,0.274,0.95296256684492,Recruitment
Actinomycetaceae_unclassified,Uracil_30,-0.0451612903225806,0.838,0.997665628245068,Recruitment
Actinomycetaceae_unclassified,Unknown_31,-0.278309232480534,0.143,0.911529411764706,Recruitment
Actinomycetaceae_unclassified,Maltose.Glucose_32,-0.205784204671858,0.278,0.953072566371682,Recruitment
Actinomycetaceae_unclassified,Unknown_33,0.0238042269187987,0.903,0.997665628245068,Recruitment
Actinomycetaceae_unclassified,Unknown_34,-0.0638487208008899,0.715,0.997665628245068,Recruitment
Actinomycetaceae_unclassified,Maltose.unknown_37,-0.0576195773081201,0.74,0.997665628245068,Recruitment
Actinomycetaceae_unclassified,Maltose.glucose.unknown_38,-0.2440489432703,0.19,0.934122399020808,Recruitment
Actinomycetaceae_unclassified,Ascorbate_40,-0.280088987764182,0.135,0.903711835334477,Recruitment
Actinomycetaceae_unclassified,Unknown_41,-0.163070077864294,0.396,0.991189889025894,Recruitment
Actinomycetaceae_unclassified,Threonine_42,0.108787541713014,0.576,0.997665628245068,Recruitment
Actinomycetaceae_unclassified,Unknown_43,0.14349276974416,0.459,0.997665628245068,Recruitment
Actinomycetaceae_unclassified,Unknown_44,-0.0505005561735261,0.788,0.997665628245068,Recruitment
Actinomycetaceae_unclassified,Unknown_45,0.0789766407119021,0.691,0.997665628245068,Recruitment
Actinomycetaceae_unclassified,Unknown_46,0.199555061179088,0.301,0.962107260726073,Recruitment
Actinomycetaceae_unclassified,Unknown_47,0.163070077864294,0.368,0.99055432661028,Recruitment
Actinomycetaceae_unclassified,Lactate_48,0.209788654060067,0.256,0.952022684310019,Recruitment
Actinomycetaceae_unclassified,Unknown_49,-0.150611790878754,0.437,0.996236119228521,Recruitment
Actinomycetaceae_unclassified,Unknown_50,-0.179532814238042,0.35,0.984629978276611,Recruitment
Actinomycetaceae_unclassified,Unknown_51,-0.181312569521691,0.336,0.972791728212703,Recruitment
Actinomycetaceae_unclassified,Unknown_52,-0.162180200222469,0.376,0.99055432661028,Recruitment
Actinomycetaceae_unclassified,Unknown_53,0.0140155728587319,0.936,0.997665628245068,Recruitment
Actinomycetaceae_unclassified,Unknown_54,-0.110567296996663,0.565,0.997665628245068,Recruitment
Actinomycetaceae_unclassified,Unknown_55,-0.339265850945495,0.075,0.766832904884319,Recruitment
Actinomycetaceae_unclassified,Unknown_56,-0.292547274749722,0.127,0.886482882882883,Recruitment
Actinomycetaceae_unclassified,Maltose.unknown_67,-0.320578420467186,0.094,0.805654867256637,Recruitment
Actinomycetaceae_unclassified,Maltose.unknown_68,-0.381090100111235,0.038,0.707426086956522,Recruitment
Actinomycetaceae_unclassified,Maltose.unknown_69,-0.356173526140156,0.067,0.766832904884319,Recruitment
Actinomycetaceae_unclassified,Maltose.unknown_70,-0.173748609566185,0.352,0.986720694645441,Recruitment
Actinomycetaceae_unclassified,Maltose.unknown_71,-0.0745272525027809,0.697,0.997665628245068,Recruitment
Actinomycetaceae_unclassified,Maltose_72,-0.0620689655172414,0.759,0.997665628245068,Recruitment
Actinomycetaceae_unclassified,Maltose_73,0.0562847608453838,0.778,0.997665628245068,Recruitment
Actinomycetaceae_unclassified,Maltose.unknown_74,-0.0402669632925473,0.828,0.997665628245068,Recruitment
Actinomycetaceae_unclassified,Maltose_75,-0.0883203559510567,0.636,0.997665628245068,Recruitment
Actinomycetaceae_unclassified,Maltose.unknown_76,-0.135928809788654,0.458,0.997665628245068,Recruitment
Actinomycetaceae_unclassified,Maltose.unknown_77,-0.201334816462736,0.285,0.955922077922078,Recruitment
Actinomycetaceae_unclassified,Unknown_79,-0.0727474972191324,0.72,0.997665628245068,Recruitment
Actinomycetaceae_unclassified,Unknown_81,-0.249833147942158,0.18,0.934122399020808,Recruitment
Actinomycetaceae_unclassified,Maltose.unknown_87,0.0407119021134594,0.832,0.997665628245068,Recruitment
Actinomycetaceae_unclassified,Maltose.unknown_88,-0.153281423804227,0.393,0.99055432661028,Recruitment
Actinomycetaceae_unclassified,Unknown_89,-0.124805339265851,0.512,0.997665628245068,Recruitment
Actinomycetaceae_unclassified,Unknown_90,0.00778642936596218,0.97,0.997665628245068,Recruitment
Actinomycetaceae_unclassified,Unknown_91,-0.0825361512791991,0.665,0.997665628245068,Recruitment
Actinomycetaceae_unclassified,Unknown_92,-0.0562847608453838,0.754,0.997665628245068,Recruitment
Actinomycetaceae_unclassified,Uknown_93,-0.0736373748609566,0.691,0.997665628245068,Recruitment
Actinomycetaceae_unclassified,Unknown_94,-0.057174638487208,0.771,0.997665628245068,Recruitment
Actinomycetaceae_unclassified,Uknown_95,-0.113236929922136,0.563,0.997665628245068,Recruitment
Actinomycetaceae_unclassified,Unknown_96,-0.136818687430478,0.511,0.997665628245068,Recruitment
Actinomycetaceae_unclassified,Unknown_97,-0.109677419354839,0.579,0.997665628245068,Recruitment
Actinomycetaceae_unclassified,Glycine_99,0.210678531701891,0.256,0.952022684310019,Recruitment
Actinomycetaceae_unclassified,Glucose_100,0.0647385984427141,0.721,0.997665628245068,Recruitment
Actinomycetaceae_unclassified,Glucose_101,-0.0300333704115684,0.88,0.997665628245068,Recruitment
Actinomycetaceae_unclassified,Glucose_102,-0.00778642936596218,0.971,0.997665628245068,Recruitment
Actinomycetaceae_unclassified,Glucose_103,0.00956618464961068,0.969,0.997665628245068,Recruitment
Actinomycetaceae_unclassified,Glucose_104,0.0874304783092325,0.638,0.997665628245068,Recruitment
Actinomycetaceae_unclassified,Maltose.taurine.glucose_107,-0.115016685205784,0.564,0.997665628245068,Recruitment
Actinomycetaceae_unclassified,Glucose_108,-0.00556173526140156,0.977,0.997665628245068,Recruitment
Actinomycetaceae_unclassified,Unknown_109,-0.0647385984427141,0.75,0.997665628245068,Recruitment
Actinomycetaceae_unclassified,Glucose_110,-0.0447163515016685,0.832,0.997665628245068,Recruitment
Actinomycetaceae_unclassified,Maltose.taurine_113,-0.279199110122358,0.126,0.885887477313975,Recruitment
Actinomycetaceae_unclassified,Glucose_116,0.00689655172413793,0.971,0.997665628245068,Recruitment
Actinomycetaceae_unclassified,Glucose_117,0.000667408231368187,0.997,0.999580227743271,Recruitment
Actinomycetaceae_unclassified,Unknown_118,-0.526585094549499,0.001,0.124967741935484,Recruitment
Actinomycetaceae_unclassified,Carnitine_119,-0.325027808676307,0.084,0.789844660194175,Recruitment
Actinomycetaceae_unclassified,O_phosphocholine_120,-0.186206896551724,0.336,0.972791728212703,Recruitment
Actinomycetaceae_unclassified,Unknown_121,-0.103003337041157,0.573,0.997665628245068,Recruitment
Actinomycetaceae_unclassified,Unknown_122,0.27964404894327,0.132,0.898713532513181,Recruitment
Actinomycetaceae_unclassified,Unknown_123,0.194215795328142,0.318,0.969257232212666,Recruitment
Actinomycetaceae_unclassified,Unknown_124,0.108342602892102,0.566,0.997665628245068,Recruitment
Actinomycetaceae_unclassified,Unknown_125,0.0889976643620386,0.65,0.997665628245068,Recruitment
Actinomycetaceae_unclassified,Unknown_126,0.213348164627364,0.261,0.95296256684492,Recruitment
Actinomycetaceae_unclassified,Unknown_128,-0.0531701890989989,0.781,0.997665628245068,Recruitment
Actinomycetaceae_unclassified,Creatine_129,0.379755283648498,0.037,0.707426086956522,Recruitment
Actinomycetaceae_unclassified,Creatinephosphate_130,-0.228031145717464,0.234,0.943304890738814,Recruitment
Actinomycetaceae_unclassified,Unknown_131,-0.346829810901001,0.068,0.766832904884319,Recruitment
Actinomycetaceae_unclassified,Asparagine_133,-0.0407119021134594,0.824,0.997665628245068,Recruitment
Actinomycetaceae_unclassified,N.N.dimethylglycine_134,0.17285873192436,0.362,0.99055432661028,Recruitment
Actinomycetaceae_unclassified,Aspartate_136,0.0229143492769744,0.882,0.997665628245068,Recruitment
Actinomycetaceae_unclassified,Methionine_138,0.142602892102336,0.483,0.997665628245068,Recruitment
Actinomycetaceae_unclassified,Unknown_139,-0.133259176863181,0.478,0.997665628245068,Recruitment
Actinomycetaceae_unclassified,Methionine_140,-0.116796440489433,0.533,0.997665628245068,Recruitment
Actinomycetaceae_unclassified,Unknown_142,0.143047830923248,0.47,0.997665628245068,Recruitment
Actinomycetaceae_unclassified,Riboflavin_143,0.190211345939933,0.311,0.967724579663731,Recruitment
Actinomycetaceae_unclassified,Unknown_145,0.0918798665183537,0.625,0.997665628245068,Recruitment
Actinomycetaceae_unclassified,Unknown_146,0.213793103448276,0.249,0.94865756097561,Recruitment
Actinomycetaceae_unclassified,Unknown_148,0.152391546162403,0.426,0.993333333333333,Recruitment
Actinomycetaceae_unclassified,Unknown_153,0.00378197997775306,0.991,0.997665628245068,Recruitment
Actinomycetaceae_unclassified,Glutamine_154,-0.00734149054505006,0.964,0.997665628245068,Recruitment
Actinomycetaceae_unclassified,Glutamine.unknown_155,0.0803114571746385,0.695,0.997665628245068,Recruitment
Actinomycetaceae_unclassified,Succinate_156,0.240489432703003,0.185,0.934122399020808,Recruitment
Actinomycetaceae_unclassified,Saccharopine.unknown_157,0.148832035595106,0.43,0.993333333333333,Recruitment
Actinomycetaceae_unclassified,Glutamate.unknown_158,0.0402669632925473,0.813,0.997665628245068,Recruitment
Actinomycetaceae_unclassified,Unknown_159,0.118131256952169,0.538,0.997665628245068,Recruitment
Actinomycetaceae_unclassified,Glutamate.unknown_161,-0.046496106785317,0.808,0.997665628245068,Recruitment
Actinomycetaceae_unclassified,Unknown_162,0.0416017797552836,0.833,0.997665628245068,Recruitment
Actinomycetaceae_unclassified,Valine.unknown_168,0.275639599555061,0.129,0.890812834224599,Recruitment
Actinomycetaceae_unclassified,Unknown_169,0.0776418242491657,0.669,0.997665628245068,Recruitment
Actinomycetaceae_unclassified,Glutarate_171,0.256062291434928,0.171,0.934122399020808,Recruitment
Actinomycetaceae_unclassified,Glutamine.unknown_172,0.173748609566185,0.337,0.972791728212703,Recruitment
Actinomycetaceae_unclassified,Glutamine.glutamate_173,0.0593993325917686,0.766,0.997665628245068,Recruitment
Actinomycetaceae_unclassified,Methionine.glutamate.glutamine_177,-0.198665183537264,0.304,0.964533988533989,Recruitment
Actinomycetaceae_unclassified,Unknown_182,0.0852057842046719,0.663,0.997665628245068,Recruitment
Actinomycetaceae_unclassified,Unknown_185,0.139933259176863,0.46,0.997665628245068,Recruitment
Actinomycetaceae_unclassified,Glutamate_187,-0.0981090100111235,0.609,0.997665628245068,Recruitment
Actinomycetaceae_unclassified,Glutamate.unknown_189,0.0349276974416018,0.858,0.997665628245068,Recruitment
Actinomycetaceae_unclassified,Unknown_190,0.0812013348164627,0.675,0.997665628245068,Recruitment
Actinomycetaceae_unclassified,Unknown_191,0.107007786429366,0.59,0.997665628245068,Recruitment
Actinomycetaceae_unclassified,Unknown_192,0.0918798665183537,0.629,0.997665628245068,Recruitment
Actinomycetaceae_unclassified,Unknown_193,0.150611790878754,0.419,0.993033775633293,Recruitment
Actinomycetaceae_unclassified,Isoleucine.unknown_194,0.207119021134594,0.247,0.94865756097561,Recruitment
Actinomycetaceae_unclassified,Unknown_195,0.159955506117909,0.386,0.99055432661028,Recruitment
Actinomycetaceae_unclassified,Unknown_196,0.10567296996663,0.571,0.997665628245068,Recruitment
Actinomycetaceae_unclassified,Acetate_197,0.0816462736373749,0.655,0.997665628245068,Recruitment
Actinomycetaceae_unclassified,Lysine.unknown_198,0.0660734149054505,0.72,0.997665628245068,Recruitment
Actinomycetaceae_unclassified,Lysine.unknown_199,0.0473912562727856,0.794,0.997665628245068,Recruitment
Actinomycetaceae_unclassified,Lysine.unknown_200,0.0304783092324805,0.865,0.997665628245068,Recruitment
Actinomycetaceae_unclassified,Unknown_201,0.0255839822024472,0.907,0.997665628245068,Recruitment
Actinomycetaceae_unclassified,Unknown_202,0.0932146829810901,0.649,0.997665628245068,Recruitment
Actinomycetaceae_unclassified,Leucine.lysine_205,0.0905450500556174,0.639,0.997665628245068,Recruitment
Actinomycetaceae_unclassified,Leucine.unknown_209,0.115906562847608,0.52,0.997665628245068,Recruitment
Actinomycetaceae_unclassified,Leucine.unknown_211,0.198220244716351,0.297,0.962086092715232,Recruitment
Actinomycetaceae_unclassified,Alanine_212,-0.0447163515016685,0.806,0.997665628245068,Recruitment
Actinomycetaceae_unclassified,Unknown_214,0.131479421579533,0.459,0.997665628245068,Recruitment
Actinomycetaceae_unclassified,Unknown_215,0.146607341490545,0.422,0.993033775633293,Recruitment
Actinomycetaceae_unclassified,Isoleucine.unknown_218,0.365962180200222,0.049,0.732918918918919,Recruitment
Actinomycetaceae_unclassified,Unknown_219,0.354393770856507,0.055,0.737266435986159,Recruitment
Actinomycetaceae_unclassified,Unknown_220,0.34238042269188,0.071,0.766832904884319,Recruitment
Actinomycetaceae_unclassified,Propylene_glycol_221,-0.104783092324805,0.572,0.997665628245068,Recruitment
Actinomycetaceae_unclassified,Isoleucine_225,0.0576195773081201,0.766,0.997665628245068,Recruitment
Actinomycetaceae_unclassified,Valine_227,0.119021134593993,0.523,0.997665628245068,Recruitment
Actinomycetaceae_unclassified,Leucine_229,-0.0687430478309232,0.722,0.997665628245068,Recruitment
Actinomycetaceae_unclassified,Leucine.isoleucine_230,0.0211345939933259,0.911,0.997665628245068,Recruitment
Anaerococcus,NAD._2,0.240044493882091,0.194,0.934122399020808,Recruitment
Anaerococcus,Unknown_3,-0.132814238042269,0.471,0.997665628245068,Recruitment
Anaerococcus,Formate_5,0.169744160177976,0.353,0.98798132183908,Recruitment
Anaerococcus,Unknown_7,0.307230255839822,0.098,0.812959314775161,Recruitment
Anaerococcus,Unknown_8,-0.105228031145717,0.552,0.997665628245068,Recruitment
Anaerococcus,Hypoxanthine_10,-0.0229143492769744,0.909,0.997665628245068,Recruitment
Anaerococcus,NAD._11,0.22714126807564,0.249,0.94865756097561,Recruitment
Anaerococcus,Tryptophan_14,0.303670745272525,0.107,0.843532258064516,Recruitment
Anaerococcus,Unknown_15,0.261846496106785,0.171,0.934122399020808,Recruitment
Anaerococcus,Phenylalanine_19,0.050055617352614,0.797,0.997665628245068,Recruitment
Anaerococcus,Tyrosine_20,0.0527252502780868,0.786,0.997665628245068,Recruitment
Anaerococcus,Unknown_22,0.163959955506118,0.387,0.99055432661028,Recruitment
Anaerococcus,Unknown_23,0.00600667408231368,0.976,0.997665628245068,Recruitment
Anaerococcus,Unknown_24,0.240489432703003,0.184,0.934122399020808,Recruitment
Anaerococcus,Unknown_25,0.187096774193548,0.318,0.969257232212666,Recruitment
Anaerococcus,Unknown_26,0.133259176863181,0.484,0.997665628245068,Recruitment
Anaerococcus,Unknown_28,0.108787541713014,0.566,0.997665628245068,Recruitment
Anaerococcus,Uridine_29,0.256062291434928,0.176,0.934122399020808,Recruitment
Anaerococcus,Uracil_30,-0.0496106785317019,0.782,0.997665628245068,Recruitment
Anaerococcus,Unknown_31,0.317463848720801,0.102,0.831890526315789,Recruitment
Anaerococcus,Maltose.Glucose_32,-0.125695216907675,0.531,0.997665628245068,Recruitment
Anaerococcus,Unknown_33,0.0616240266963292,0.78,0.997665628245068,Recruitment
Anaerococcus,Unknown_34,0.305450500556174,0.111,0.854898608349901,Recruitment
Anaerococcus,Maltose.unknown_37,0.0798665183537264,0.663,0.997665628245068,Recruitment
Anaerococcus,Maltose.glucose.unknown_38,-0.154171301446051,0.427,0.993333333333333,Recruitment
Anaerococcus,Ascorbate_40,-0.123025583982202,0.512,0.997665628245068,Recruitment
Anaerococcus,Unknown_41,-0.0318131256952169,0.867,0.997665628245068,Recruitment
Anaerococcus,Threonine_42,0.096329254727475,0.588,0.997665628245068,Recruitment
Anaerococcus,Unknown_43,0.148832035595106,0.46,0.997665628245068,Recruitment
Anaerococcus,Unknown_44,0.232480533926585,0.214,0.935388888888889,Recruitment
Anaerococcus,Unknown_45,0.29833147942158,0.107,0.843532258064516,Recruitment
Anaerococcus,Unknown_46,0.2146829810901,0.272,0.95296256684492,Recruitment
Anaerococcus,Unknown_47,0.20845383759733,0.273,0.95296256684492,Recruitment
Anaerococcus,Lactate_48,0.213348164627364,0.252,0.948734693877551,Recruitment
Anaerococcus,Unknown_49,0.100333704115684,0.612,0.997665628245068,Recruitment
Anaerococcus,Unknown_50,0.050055617352614,0.802,0.997665628245068,Recruitment
Anaerococcus,Unknown_51,0.092769744160178,0.63,0.997665628245068,Recruitment
Anaerococcus,Unknown_52,0.0629588431590656,0.745,0.997665628245068,Recruitment
Anaerococcus,Unknown_53,0.159510567296997,0.404,0.991189889025894,Recruitment
Anaerococcus,Unknown_54,0.162625139043382,0.406,0.991189889025894,Recruitment
Anaerococcus,Unknown_55,-0.0157953281423804,0.954,0.997665628245068,Recruitment
Anaerococcus,Unknown_56,0.00467185761957731,0.985,0.997665628245068,Recruitment
Anaerococcus,Maltose.unknown_67,0.0211345939933259,0.917,0.997665628245068,Recruitment
Anaerococcus,Maltose.unknown_68,-0.057174638487208,0.746,0.997665628245068,Recruitment
Anaerococcus,Maltose.unknown_69,-0.0758620689655172,0.702,0.997665628245068,Recruitment
Anaerococcus,Maltose.unknown_70,0.0238042269187987,0.888,0.997665628245068,Recruitment
Anaerococcus,Maltose.unknown_71,0.102558398220245,0.607,0.997665628245068,Recruitment
Anaerococcus,Maltose_72,0.174193548387097,0.376,0.99055432661028,Recruitment
Anaerococcus,Maltose_73,0.184427141268076,0.334,0.972791728212703,Recruitment
Anaerococcus,Maltose.unknown_74,0.148387096774194,0.433,0.993745260663507,Recruitment
Anaerococcus,Maltose_75,0.14349276974416,0.45,0.997665628245068,Recruitment
Anaerococcus,Maltose.unknown_76,0.103893214682981,0.588,0.997665628245068,Recruitment
Anaerococcus,Maltose.unknown_77,0.0629588431590656,0.728,0.997665628245068,Recruitment
Anaerococcus,Unknown_79,0.00467185761957731,0.982,0.997665628245068,Recruitment
Anaerococcus,Unknown_81,-0.0576195773081201,0.741,0.997665628245068,Recruitment
Anaerococcus,Maltose.unknown_87,0.0291434927697442,0.889,0.997665628245068,Recruitment
Anaerococcus,Maltose.unknown_88,0.0865406006674082,0.668,0.997665628245068,Recruitment
Anaerococcus,Unknown_89,0.131479421579533,0.489,0.997665628245068,Recruitment
Anaerococcus,Unknown_90,0.17686318131257,0.351,0.984629978276611,Recruitment
Anaerococcus,Unknown_91,0.0611790878754171,0.751,0.997665628245068,Recruitment
Anaerococcus,Unknown_92,0.0905450500556174,0.612,0.997665628245068,Recruitment
Anaerococcus,Uknown_93,0.107452725250278,0.558,0.997665628245068,Recruitment
Anaerococcus,Unknown_94,0.145272525027809,0.44,0.996236119228521,Recruitment
Anaerococcus,Uknown_95,0.195995550611791,0.311,0.967724579663731,Recruitment
Anaerococcus,Unknown_96,0.105228031145717,0.596,0.997665628245068,Recruitment
Anaerococcus,Unknown_97,0.10567296996663,0.58,0.997665628245068,Recruitment
Anaerococcus,Glycine_99,0.154616240266963,0.419,0.993033775633293,Recruitment
Anaerococcus,Glucose_100,-0.132814238042269,0.484,0.997665628245068,Recruitment
Anaerococcus,Glucose_101,-0.176418242491657,0.367,0.99055432661028,Recruitment
Anaerococcus,Glucose_102,-0.225806451612903,0.214,0.935388888888889,Recruitment
Anaerococcus,Glucose_103,-0.244493882091212,0.19,0.934122399020808,Recruitment
Anaerococcus,Glucose_104,-0.224916573971079,0.216,0.935388888888889,Recruitment
Anaerococcus,Maltose.taurine.glucose_107,-0.148832035595106,0.444,0.997665628245068,Recruitment
Anaerococcus,Glucose_108,-0.227586206896552,0.214,0.935388888888889,Recruitment
Anaerococcus,Unknown_109,-0.142602892102336,0.451,0.997665628245068,Recruitment
Anaerococcus,Glucose_110,-0.219132369299221,0.248,0.94865756097561,Recruitment
Anaerococcus,Maltose.taurine_113,-0.0736373748609566,0.696,0.997665628245068,Recruitment
Anaerococcus,Glucose_116,-0.303225806451613,0.096,0.810248366013072,Recruitment
Anaerococcus,Glucose_117,-0.294771968854283,0.128,0.88706976744186,Recruitment
Anaerococcus,Unknown_118,-0.0816462736373749,0.666,0.997665628245068,Recruitment
Anaerococcus,Carnitine_119,-0.156395995550612,0.415,0.991189889025894,Recruitment
Anaerococcus,O_phosphocholine_120,0.0384872080088988,0.821,0.997665628245068,Recruitment
Anaerococcus,Unknown_121,0.123025583982202,0.524,0.997665628245068,Recruitment
Anaerococcus,Unknown_122,-0.233815350389321,0.213,0.935388888888889,Recruitment
Anaerococcus,Unknown_123,-0.0589543937708565,0.763,0.997665628245068,Recruitment
Anaerococcus,Unknown_124,-0.0340378197997775,0.85,0.997665628245068,Recruitment
Anaerococcus,Unknown_125,0.108354656360782,0.546,0.997665628245068,Recruitment
Anaerococcus,Unknown_126,0.000222469410456062,1,1,Recruitment
Anaerococcus,Unknown_128,-0.244938820912125,0.211,0.935388888888889,Recruitment
Anaerococcus,Creatine_129,0.362402669632925,0.046,0.725410358565737,Recruitment
Anaerococcus,Creatinephosphate_130,-0.100778642936596,0.607,0.997665628245068,Recruitment
Anaerococcus,Unknown_131,-0.117686318131257,0.528,0.997665628245068,Recruitment
Anaerococcus,Asparagine_133,-0.0669632925472747,0.722,0.997665628245068,Recruitment
Anaerococcus,N.N.dimethylglycine_134,0.132369299221357,0.498,0.997665628245068,Recruitment
Anaerococcus,Aspartate_136,-0.0932146829810901,0.617,0.997665628245068,Recruitment
Anaerococcus,Methionine_138,0.128364849833148,0.488,0.997665628245068,Recruitment
Anaerococcus,Unknown_139,0.132814238042269,0.463,0.997665628245068,Recruitment
Anaerococcus,Methionine_140,-0.00556173526140156,0.972,0.997665628245068,Recruitment
Anaerococcus,Unknown_142,0.0709677419354839,0.7,0.997665628245068,Recruitment
Anaerococcus,Riboflavin_143,0.00689655172413793,0.97,0.997665628245068,Recruitment
Anaerococcus,Unknown_145,-0.111902113459399,0.556,0.997665628245068,Recruitment
Anaerococcus,Unknown_146,0.0220244716351502,0.908,0.997665628245068,Recruitment
Anaerococcus,Unknown_148,-0.0335928809788654,0.855,0.997665628245068,Recruitment
Anaerococcus,Unknown_153,0.0789766407119021,0.668,0.997665628245068,Recruitment
Anaerococcus,Glutamine_154,0.0954393770856507,0.599,0.997665628245068,Recruitment
Anaerococcus,Glutamine.unknown_155,-0.111457174638487,0.596,0.997665628245068,Recruitment
Anaerococcus,Succinate_156,-0.0780867630700779,0.696,0.997665628245068,Recruitment
Anaerococcus,Saccharopine.unknown_157,-0.113236929922136,0.562,0.997665628245068,Recruitment
Anaerococcus,Glutamate.unknown_158,0.0442714126807564,0.824,0.997665628245068,Recruitment
Anaerococcus,Unknown_159,-0.17285873192436,0.369,0.99055432661028,Recruitment
Anaerococcus,Glutamate.unknown_161,0.0344827586206897,0.857,0.997665628245068,Recruitment
Anaerococcus,Unknown_162,-0.0527252502780868,0.791,0.997665628245068,Recruitment
Anaerococcus,Valine.unknown_168,0.0616240266963292,0.733,0.997665628245068,Recruitment
Anaerococcus,Unknown_169,-0.0367074527252503,0.864,0.997665628245068,Recruitment
Anaerococcus,Glutarate_171,0.150611790878754,0.408,0.991189889025894,Recruitment
Anaerococcus,Glutamine.unknown_172,0.16440489432703,0.382,0.99055432661028,Recruitment
Anaerococcus,Glutamine.glutamate_173,0.157285873192436,0.39,0.99055432661028,Recruitment
Anaerococcus,Methionine.glutamate.glutamine_177,0.102113459399333,0.549,0.997665628245068,Recruitment
Anaerococcus,Unknown_182,0.00645161290322581,0.974,0.997665628245068,Recruitment
Anaerococcus,Unknown_185,-0.0273637374860957,0.882,0.997665628245068,Recruitment
Anaerococcus,Glutamate_187,-0.0549499443826474,0.764,0.997665628245068,Recruitment
Anaerococcus,Glutamate.unknown_189,-0.0616240266963292,0.749,0.997665628245068,Recruitment
Anaerococcus,Unknown_190,-0.184872080088988,0.34,0.972791728212703,Recruitment
Anaerococcus,Unknown_191,-0.265850945494994,0.167,0.934122399020808,Recruitment
Anaerococcus,Unknown_192,-0.276529477196885,0.135,0.903711835334477,Recruitment
Anaerococcus,Unknown_193,-0.209343715239155,0.272,0.95296256684492,Recruitment
Anaerococcus,Isoleucine.unknown_194,-0.15817575083426,0.397,0.991189889025894,Recruitment
Anaerococcus,Unknown_195,-0.0852057842046719,0.676,0.997665628245068,Recruitment
Anaerococcus,Unknown_196,-0.0958843159065629,0.613,0.997665628245068,Recruitment
Anaerococcus,Acetate_197,-0.109232480533927,0.54,0.997665628245068,Recruitment
Anaerococcus,Lysine.unknown_198,-0.302335928809789,0.116,0.865865125240848,Recruitment
Anaerococcus,Lysine.unknown_199,-0.262765604028919,0.175,0.934122399020808,Recruitment
Anaerococcus,Lysine.unknown_200,-0.231145717463849,0.233,0.941232533889468,Recruitment
Anaerococcus,Unknown_201,-0.269410456062291,0.167,0.934122399020808,Recruitment
Anaerococcus,Unknown_202,-0.24182424916574,0.183,0.934122399020808,Recruitment
Anaerococcus,Leucine.lysine_205,-0.239599555061179,0.213,0.935388888888889,Recruitment
Anaerococcus,Leucine.unknown_209,-0.0344827586206897,0.856,0.997665628245068,Recruitment
Anaerococcus,Leucine.unknown_211,-0.100778642936596,0.607,0.997665628245068,Recruitment
Anaerococcus,Alanine_212,-0.0442714126807564,0.816,0.997665628245068,Recruitment
Anaerococcus,Unknown_214,0.00244716351501669,0.991,0.997665628245068,Recruitment
Anaerococcus,Unknown_215,-0.00600667408231368,0.963,0.997665628245068,Recruitment
Anaerococcus,Isoleucine.unknown_218,0.358398220244716,0.054,0.734021052631579,Recruitment
Anaerococcus,Unknown_219,0.357508342602892,0.042,0.707426086956522,Recruitment
Anaerococcus,Unknown_220,0.368631813125695,0.05,0.733712121212121,Recruitment
Anaerococcus,Propylene_glycol_221,-0.147942157953281,0.449,0.997665628245068,Recruitment
Anaerococcus,Isoleucine_225,0.0197997775305895,0.919,0.997665628245068,Recruitment
Anaerococcus,Valine_227,-0.074972191323693,0.679,0.997665628245068,Recruitment
Anaerococcus,Leucine_229,-0.0518353726362625,0.803,0.997665628245068,Recruitment
Anaerococcus,Leucine.isoleucine_230,0.00511679644048943,0.981,0.997665628245068,Recruitment
Prevotellaceae_unclassified,NAD._2,-0.203114571746385,0.266,0.95296256684492,Recruitment
Prevotellaceae_unclassified,Unknown_3,0.426473859844271,0.017,0.544280991735537,Recruitment
Prevotellaceae_unclassified,Formate_5,-0.211123470522803,0.239,0.945839267548321,Recruitment
Prevotellaceae_unclassified,Unknown_7,-0.0469410456062291,0.804,0.997665628245068,Recruitment
Prevotellaceae_unclassified,Unknown_8,0.231590656284761,0.206,0.935388888888889,Recruitment
Prevotellaceae_unclassified,Hypoxanthine_10,-0.189321468298109,0.3,0.962086092715232,Recruitment
Prevotellaceae_unclassified,NAD._11,-0.272969966629588,0.156,0.931192604006163,Recruitment
Prevotellaceae_unclassified,Tryptophan_14,0.212903225806452,0.273,0.95296256684492,Recruitment
Prevotellaceae_unclassified,Unknown_15,-0.0945494994438265,0.601,0.997665628245068,Recruitment
Prevotellaceae_unclassified,Phenylalanine_19,0.218242491657397,0.245,0.94865756097561,Recruitment
Prevotellaceae_unclassified,Tyrosine_20,0.208008898776418,0.267,0.95296256684492,Recruitment
Prevotellaceae_unclassified,Unknown_22,-0.0598442714126808,0.75,0.997665628245068,Recruitment
Prevotellaceae_unclassified,Unknown_23,-0.168409343715239,0.4,0.991189889025894,Recruitment
Prevotellaceae_unclassified,Unknown_24,-0.154171301446051,0.413,0.991189889025894,Recruitment
Prevotellaceae_unclassified,Unknown_25,-0.180422691879867,0.328,0.972205049732211,Recruitment
Prevotellaceae_unclassified,Unknown_26,-0.252947719688543,0.172,0.934122399020808,Recruitment
Prevotellaceae_unclassified,Unknown_28,-0.281868743047831,0.126,0.885887477313975,Recruitment
Prevotellaceae_unclassified,Uridine_29,-0.216017797552837,0.25,0.94865756097561,Recruitment
Prevotellaceae_unclassified,Uracil_30,0.00333704115684093,0.985,0.997665628245068,Recruitment
Prevotellaceae_unclassified,Unknown_31,-0.416685205784205,0.025,0.65,Recruitment
Prevotellaceae_unclassified,Maltose.Glucose_32,-0.0914349276974416,0.635,0.997665628245068,Recruitment
Prevotellaceae_unclassified,Unknown_33,0.0451612903225806,0.841,0.997665628245068,Recruitment
Prevotellaceae_unclassified,Unknown_34,0.0531701890989989,0.789,0.997665628245068,Recruitment
Prevotellaceae_unclassified,Maltose.unknown_37,-0.220022246941046,0.226,0.935388888888889,Recruitment
Prevotellaceae_unclassified,Maltose.glucose.unknown_38,-0.147942157953281,0.427,0.993333333333333,Recruitment
Prevotellaceae_unclassified,Ascorbate_40,-0.413125695216908,0.033,0.704363636363636,Recruitment
Prevotellaceae_unclassified,Unknown_41,-0.121690767519466,0.534,0.997665628245068,Recruitment
Prevotellaceae_unclassified,Threonine_42,0.129254727474972,0.492,0.997665628245068,Recruitment
Prevotellaceae_unclassified,Unknown_43,0.0905450500556174,0.636,0.997665628245068,Recruitment
Prevotellaceae_unclassified,Unknown_44,-0.165739710789766,0.403,0.991189889025894,Recruitment
Prevotellaceae_unclassified,Unknown_45,-0.04293659621802,0.818,0.997665628245068,Recruitment
Prevotellaceae_unclassified,Unknown_46,0.148832035595106,0.444,0.997665628245068,Recruitment
Prevotellaceae_unclassified,Unknown_47,0.129254727474972,0.504,0.997665628245068,Recruitment
Prevotellaceae_unclassified,Lactate_48,0.168409343715239,0.338,0.972791728212703,Recruitment
Prevotellaceae_unclassified,Unknown_49,-0.268075639599555,0.15,0.91511811023622,Recruitment
Prevotellaceae_unclassified,Unknown_50,-0.288097886540601,0.11,0.850578842315369,Recruitment
Prevotellaceae_unclassified,Unknown_51,-0.329477196885428,0.075,0.766832904884319,Recruitment
Prevotellaceae_unclassified,Unknown_52,-0.338820912124583,0.077,0.766832904884319,Recruitment
Prevotellaceae_unclassified,Unknown_53,-0.361957730812013,0.053,0.734021052631579,Recruitment
Prevotellaceae_unclassified,Unknown_54,-0.259176863181313,0.161,0.934122399020808,Recruitment
Prevotellaceae_unclassified,Unknown_55,-0.448720800889878,0.013,0.498633663366337,Recruitment
Prevotellaceae_unclassified,Unknown_56,-0.418909899888765,0.022,0.617594202898551,Recruitment
Prevotellaceae_unclassified,Maltose.unknown_67,-0.343270300333704,0.064,0.765234567901235,Recruitment
Prevotellaceae_unclassified,Maltose.unknown_68,-0.323248053392658,0.082,0.789844660194175,Recruitment
Prevotellaceae_unclassified,Maltose.unknown_69,-0.322803114571746,0.077,0.766832904884319,Recruitment
Prevotellaceae_unclassified,Maltose.unknown_70,-0.304115684093437,0.095,0.808857142857143,Recruitment
Prevotellaceae_unclassified,Maltose.unknown_71,-0.266740823136819,0.141,0.911529411764706,Recruitment
Prevotellaceae_unclassified,Maltose_72,-0.271635150166852,0.146,0.912264516129032,Recruitment
Prevotellaceae_unclassified,Maltose_73,-0.1706340378198,0.365,0.99055432661028,Recruitment
Prevotellaceae_unclassified,Maltose.unknown_74,-0.201779755283648,0.288,0.958549657534246,Recruitment
Prevotellaceae_unclassified,Maltose_75,-0.0723025583982203,0.679,0.997665628245068,Recruitment
Prevotellaceae_unclassified,Maltose.unknown_76,-0.272080088987764,0.141,0.911529411764706,Recruitment
Prevotellaceae_unclassified,Maltose.unknown_77,-0.142602892102336,0.444,0.997665628245068,Recruitment
Prevotellaceae_unclassified,Unknown_79,-0.115906562847608,0.512,0.997665628245068,Recruitment
Prevotellaceae_unclassified,Unknown_81,-0.272969966629588,0.172,0.934122399020808,Recruitment
Prevotellaceae_unclassified,Maltose.unknown_87,-0.0745272525027809,0.69,0.997665628245068,Recruitment
Prevotellaceae_unclassified,Maltose.unknown_88,-0.317463848720801,0.096,0.810248366013072,Recruitment
Prevotellaceae_unclassified,Unknown_89,-0.269410456062291,0.148,0.912980891719745,Recruitment
Prevotellaceae_unclassified,Unknown_90,-0.187096774193548,0.315,0.969257232212666,Recruitment
Prevotellaceae_unclassified,Unknown_91,-0.277864293659622,0.14,0.911529411764706,Recruitment
Prevotellaceae_unclassified,Unknown_92,-0.253392658509455,0.176,0.934122399020808,Recruitment
Prevotellaceae_unclassified,Uknown_93,-0.304560622914349,0.108,0.843532258064516,Recruitment
Prevotellaceae_unclassified,Unknown_94,-0.256062291434928,0.185,0.934122399020808,Recruitment
Prevotellaceae_unclassified,Uknown_95,-0.289877641824249,0.119,0.877816479400749,Recruitment
Prevotellaceae_unclassified,Unknown_96,-0.311234705228031,0.083,0.789844660194175,Recruitment
Prevotellaceae_unclassified,Unknown_97,-0.273859844271413,0.144,0.911529411764706,Recruitment
Prevotellaceae_unclassified,Glycine_99,0.152391546162403,0.403,0.991189889025894,Recruitment
Prevotellaceae_unclassified,Glucose_100,0.199110122358176,0.285,0.955922077922078,Recruitment
Prevotellaceae_unclassified,Glucose_101,0.147942157953281,0.475,0.997665628245068,Recruitment
Prevotellaceae_unclassified,Glucose_102,0.160400444938821,0.394,0.991081606217617,Recruitment
Prevotellaceae_unclassified,Glucose_103,0.13503893214683,0.497,0.997665628245068,Recruitment
Prevotellaceae_unclassified,Glucose_104,0.186206896551724,0.31,0.967724579663731,Recruitment
Prevotellaceae_unclassified,Maltose.taurine.glucose_107,-0.00289210233592881,0.989,0.997665628245068,Recruitment
Prevotellaceae_unclassified,Glucose_108,0.134149054505006,0.449,0.997665628245068,Recruitment
Prevotellaceae_unclassified,Unknown_109,0.148387096774194,0.425,0.993033775633293,Recruitment
Prevotellaceae_unclassified,Glucose_110,0.104338153503893,0.596,0.997665628245068,Recruitment
Prevotellaceae_unclassified,Maltose.taurine_113,-0.394883203559511,0.034,0.704363636363636,Recruitment
Prevotellaceae_unclassified,Glucose_116,0.152391546162403,0.414,0.991189889025894,Recruitment
Prevotellaceae_unclassified,Glucose_117,0.237819799777531,0.193,0.934122399020808,Recruitment
Prevotellaceae_unclassified,Unknown_118,-0.26273637374861,0.177,0.934122399020808,Recruitment
Prevotellaceae_unclassified,Carnitine_119,-0.170189098998888,0.354,0.98798132183908,Recruitment
Prevotellaceae_unclassified,O_phosphocholine_120,-0.144382647385984,0.425,0.993033775633293,Recruitment
Prevotellaceae_unclassified,Unknown_121,0.00289210233592881,0.99,0.997665628245068,Recruitment
Prevotellaceae_unclassified,Unknown_122,0.315684093437152,0.079,0.7748,Recruitment
Prevotellaceae_unclassified,Unknown_123,0.43047830923248,0.019,0.584174603174603,Recruitment
Prevotellaceae_unclassified,Unknown_124,0.386874304783092,0.034,0.704363636363636,Recruitment
Prevotellaceae_unclassified,Unknown_125,0.259205697454438,0.176,0.934122399020808,Recruitment
Prevotellaceae_unclassified,Unknown_126,0.251167964404894,0.171,0.934122399020808,Recruitment
Prevotellaceae_unclassified,Unknown_128,0.163515016685206,0.407,0.991189889025894,Recruitment
Prevotellaceae_unclassified,Creatine_129,0.0696329254727475,0.693,0.997665628245068,Recruitment
Prevotellaceae_unclassified,Creatinephosphate_130,-0.317463848720801,0.085,0.791169014084507,Recruitment
Prevotellaceae_unclassified,Unknown_131,-0.0696329254727475,0.707,0.997665628245068,Recruitment
Prevotellaceae_unclassified,Asparagine_133,-0.0362625139043382,0.832,0.997665628245068,Recruitment
Prevotellaceae_unclassified,N.N.dimethylglycine_134,-0.0491657397107898,0.773,0.997665628245068,Recruitment
Prevotellaceae_unclassified,Aspartate_136,0.159510567296997,0.382,0.99055432661028,Recruitment
Prevotellaceae_unclassified,Methionine_138,0.00556173526140156,0.98,0.997665628245068,Recruitment
Prevotellaceae_unclassified,Unknown_139,-0.125250278086763,0.507,0.997665628245068,Recruitment
Prevotellaceae_unclassified,Methionine_140,-0.0189098998887653,0.933,0.997665628245068,Recruitment
Prevotellaceae_unclassified,Unknown_142,-0.181312569521691,0.348,0.983334792122538,Recruitment
Prevotellaceae_unclassified,Riboflavin_143,-0.0905450500556174,0.657,0.997665628245068,Recruitment
Prevotellaceae_unclassified,Unknown_145,-0.0696329254727475,0.703,0.997665628245068,Recruitment
Prevotellaceae_unclassified,Unknown_146,0.0131256952169077,0.933,0.997665628245068,Recruitment
Prevotellaceae_unclassified,Unknown_148,-0.125695216907675,0.52,0.997665628245068,Recruitment
Prevotellaceae_unclassified,Unknown_153,-0.216462736373749,0.249,0.94865756097561,Recruitment
Prevotellaceae_unclassified,Glutamine_154,-0.187096774193548,0.294,0.961956081081081,Recruitment
Prevotellaceae_unclassified,Glutamine.unknown_155,0.0335928809788654,0.842,0.997665628245068,Recruitment
Prevotellaceae_unclassified,Succinate_156,0.284093437152392,0.139,0.911529411764706,Recruitment
Prevotellaceae_unclassified,Saccharopine.unknown_157,0.177308120133482,0.358,0.989223965763195,Recruitment
Prevotellaceae_unclassified,Glutamate.unknown_158,-0.286763070077864,0.125,0.885887477313975,Recruitment
Prevotellaceae_unclassified,Unknown_159,-0.0976640711902113,0.615,0.997665628245068,Recruitment
Prevotellaceae_unclassified,Glutamate.unknown_161,-0.0246941045606229,0.88,0.997665628245068,Recruitment
Prevotellaceae_unclassified,Unknown_162,0.00378197997775306,0.981,0.997665628245068,Recruitment
Prevotellaceae_unclassified,Valine.unknown_168,0.188876529477197,0.316,0.969257232212666,Recruitment
Prevotellaceae_unclassified,Unknown_169,0.0140155728587319,0.934,0.997665628245068,Recruitment
Prevotellaceae_unclassified,Glutarate_171,0.0860956618464961,0.644,0.997665628245068,Recruitment
Prevotellaceae_unclassified,Glutamine.unknown_172,-0.0260289210233593,0.88,0.997665628245068,Recruitment
Prevotellaceae_unclassified,Glutamine.glutamate_173,-0.117686318131257,0.522,0.997665628245068,Recruitment
Prevotellaceae_unclassified,Methionine.glutamate.glutamine_177,-0.0656284760845384,0.701,0.997665628245068,Recruitment
Prevotellaceae_unclassified,Unknown_182,0.208008898776418,0.24,0.945839267548321,Recruitment
Prevotellaceae_unclassified,Unknown_185,0.263181312569522,0.178,0.934122399020808,Recruitment
Prevotellaceae_unclassified,Glutamate_187,-0.0135706340378198,0.935,0.997665628245068,Recruitment
Prevotellaceae_unclassified,Glutamate.unknown_189,0.139043381535039,0.469,0.997665628245068,Recruitment
Prevotellaceae_unclassified,Unknown_190,0.204449388209121,0.283,0.954170583115753,Recruitment
Prevotellaceae_unclassified,Unknown_191,0.206674082313682,0.265,0.95296256684492,Recruitment
Prevotellaceae_unclassified,Unknown_192,0.196440489432703,0.288,0.958549657534246,Recruitment
Prevotellaceae_unclassified,Unknown_193,0.26273637374861,0.162,0.934122399020808,Recruitment
Prevotellaceae_unclassified,Isoleucine.unknown_194,0.318798665183537,0.081,0.786451127819549,Recruitment
Prevotellaceae_unclassified,Unknown_195,0.341045606229143,0.067,0.766832904884319,Recruitment
Prevotellaceae_unclassified,Unknown_196,0.322358175750834,0.087,0.791169014084507,Recruitment
Prevotellaceae_unclassified,Acetate_197,-0.0420467185761958,0.815,0.997665628245068,Recruitment
Prevotellaceae_unclassified,Lysine.unknown_198,0.201779755283648,0.299,0.962086092715232,Recruitment
Prevotellaceae_unclassified,Lysine.unknown_199,0.271220382143313,0.14,0.911529411764706,Recruitment
Prevotellaceae_unclassified,Lysine.unknown_200,0.245828698553949,0.162,0.934122399020808,Recruitment
Prevotellaceae_unclassified,Unknown_201,0.25027808676307,0.171,0.934122399020808,Recruitment
Prevotellaceae_unclassified,Unknown_202,0.310344827586207,0.094,0.805654867256637,Recruitment
Prevotellaceae_unclassified,Leucine.lysine_205,0.347274749721913,0.053,0.734021052631579,Recruitment
Prevotellaceae_unclassified,Leucine.unknown_209,0.229810901001112,0.225,0.935388888888889,Recruitment
Prevotellaceae_unclassified,Leucine.unknown_211,0.244938820912125,0.184,0.934122399020808,Recruitment
Prevotellaceae_unclassified,Alanine_212,-0.0651835372636263,0.737,0.997665628245068,Recruitment
Prevotellaceae_unclassified,Unknown_214,0.320578420467186,0.082,0.789844660194175,Recruitment
Prevotellaceae_unclassified,Unknown_215,0.343715239154616,0.062,0.755308176100629,Recruitment
Prevotellaceae_unclassified,Isoleucine.unknown_218,0.143047830923248,0.432,0.993745260663507,Recruitment
Prevotellaceae_unclassified,Unknown_219,0.253837597330367,0.167,0.934122399020808,Recruitment
Prevotellaceae_unclassified,Unknown_220,0.241379310344828,0.194,0.934122399020808,Recruitment
Prevotellaceae_unclassified,Propylene_glycol_221,-0.110567296996663,0.521,0.997665628245068,Recruitment
Prevotellaceae_unclassified,Isoleucine_225,0.210233592880979,0.251,0.94865756097561,Recruitment
Prevotellaceae_unclassified,Valine_227,0.339710789766407,0.065,0.766832904884319,Recruitment
Prevotellaceae_unclassified,Leucine_229,0.220022246941046,0.246,0.94865756097561,Recruitment
Prevotellaceae_unclassified,Leucine.isoleucine_230,0.238264738598443,0.207,0.935388888888889,Recruitment
Peptoniphilus,NAD._2,-0.0309232480533927,0.867,0.997665628245068,Recruitment
Peptoniphilus,Unknown_3,0.190211345939933,0.307,0.966925203252032,Recruitment
Peptoniphilus,Formate_5,0.0852057842046719,0.66,0.997665628245068,Recruitment
Peptoniphilus,Unknown_7,0.343715239154616,0.065,0.766832904884319,Recruitment
Peptoniphilus,Unknown_8,0.27741935483871,0.135,0.903711835334477,Recruitment
Peptoniphilus,Hypoxanthine_10,0.105228031145717,0.557,0.997665628245068,Recruitment
Peptoniphilus,NAD._11,0.187096774193548,0.318,0.969257232212666,Recruitment
Peptoniphilus,Tryptophan_14,0.323692992213571,0.086,0.791169014084507,Recruitment
Peptoniphilus,Unknown_15,0.180422691879867,0.34,0.972791728212703,Recruitment
Peptoniphilus,Phenylalanine_19,-0.0638487208008899,0.716,0.997665628245068,Recruitment
Peptoniphilus,Tyrosine_20,-0.106117908787542,0.585,0.997665628245068,Recruitment
Peptoniphilus,Unknown_22,0.0634037819799778,0.721,0.997665628245068,Recruitment
Peptoniphilus,Unknown_23,0.0771968854282536,0.678,0.997665628245068,Recruitment
Peptoniphilus,Unknown_24,0.356173526140156,0.057,0.74349494949495,Recruitment
Peptoniphilus,Unknown_25,0.260511679644049,0.173,0.934122399020808,Recruitment
Peptoniphilus,Unknown_26,0.219132369299221,0.211,0.935388888888889,Recruitment
Peptoniphilus,Unknown_28,0.29432703003337,0.116,0.865865125240848,Recruitment
Peptoniphilus,Uridine_29,0.237374860956618,0.217,0.935388888888889,Recruitment
Peptoniphilus,Uracil_30,0.131034482758621,0.485,0.997665628245068,Recruitment
Peptoniphilus,Unknown_31,0.175528364849833,0.307,0.966925203252032,Recruitment
Peptoniphilus,Maltose.Glucose_32,-0.255617352614016,0.179,0.934122399020808,Recruitment
Peptoniphilus,Unknown_33,-0.00689655172413793,0.976,0.997665628245068,Recruitment
Peptoniphilus,Unknown_34,0.136818687430478,0.465,0.997665628245068,Recruitment
Peptoniphilus,Maltose.unknown_37,-0.0424916573971079,0.798,0.997665628245068,Recruitment
Peptoniphilus,Maltose.glucose.unknown_38,-0.193325917686318,0.303,0.963729064039409,Recruitment
Peptoniphilus,Ascorbate_40,-0.0989988876529477,0.588,0.997665628245068,Recruitment
Peptoniphilus,Unknown_41,0.0295884315906563,0.87,0.997665628245068,Recruitment
Peptoniphilus,Threonine_42,0.213793103448276,0.238,0.944684426229508,Recruitment
Peptoniphilus,Unknown_43,0.40111234705228,0.033,0.704363636363636,Recruitment
Peptoniphilus,Unknown_44,0.27741935483871,0.144,0.911529411764706,Recruitment
Peptoniphilus,Unknown_45,0.341490545050056,0.066,0.766832904884319,Recruitment
Peptoniphilus,Unknown_46,0.364627363737486,0.045,0.725410358565737,Recruitment
Peptoniphilus,Unknown_47,0.267185761957731,0.169,0.934122399020808,Recruitment
Peptoniphilus,Lactate_48,0.0260289210233593,0.877,0.997665628245068,Recruitment
Peptoniphilus,Unknown_49,0.0424916573971079,0.839,0.997665628245068,Recruitment
Peptoniphilus,Unknown_50,-0.0189098998887653,0.911,0.997665628245068,Recruitment
Peptoniphilus,Unknown_51,-0.0082313681868743,0.976,0.997665628245068,Recruitment
Peptoniphilus,Unknown_52,-0.0171301446051168,0.922,0.997665628245068,Recruitment
Peptoniphilus,Unknown_53,-0.0411568409343715,0.81,0.997665628245068,Recruitment
Peptoniphilus,Unknown_54,0.00600667408231368,0.975,0.997665628245068,Recruitment
Peptoniphilus,Unknown_55,-0.0335928809788654,0.866,0.997665628245068,Recruitment
Peptoniphilus,Unknown_56,-0.00689655172413793,0.968,0.997665628245068,Recruitment
Peptoniphilus,Maltose.unknown_67,-0.130144605116796,0.505,0.997665628245068,Recruitment
Peptoniphilus,Maltose.unknown_68,-0.221802002224694,0.255,0.952022684310019,Recruitment
Peptoniphilus,Maltose.unknown_69,-0.22714126807564,0.22,0.935388888888889,Recruitment
Peptoniphilus,Maltose.unknown_70,-0.0656284760845384,0.72,0.997665628245068,Recruitment
Peptoniphilus,Maltose.unknown_71,0.0082313681868743,0.962,0.997665628245068,Recruitment
Peptoniphilus,Maltose_72,0.103003337041157,0.553,0.997665628245068,Recruitment
Peptoniphilus,Maltose_73,0.028698553948832,0.871,0.997665628245068,Recruitment
Peptoniphilus,Maltose.unknown_74,0.0482758620689655,0.797,0.997665628245068,Recruitment
Peptoniphilus,Maltose_75,-0.0442714126807564,0.835,0.997665628245068,Recruitment
Peptoniphilus,Maltose.unknown_76,-0.0278086763070078,0.896,0.997665628245068,Recruitment
Peptoniphilus,Maltose.unknown_77,-0.1853170189099,0.322,0.971489197530864,Recruitment
Peptoniphilus,Unknown_79,-0.195550611790879,0.296,0.962086092715232,Recruitment
Peptoniphilus,Unknown_81,-0.196885428253615,0.291,0.959433191489362,Recruitment
Peptoniphilus,Maltose.unknown_87,-0.085650723025584,0.656,0.997665628245068,Recruitment
Peptoniphilus,Maltose.unknown_88,-0.092769744160178,0.591,0.997665628245068,Recruitment
Peptoniphilus,Unknown_89,-0.0602892102335929,0.765,0.997665628245068,Recruitment
Peptoniphilus,Unknown_90,0.0189098998887653,0.921,0.997665628245068,Recruitment
Peptoniphilus,Unknown_91,-0.0487208008898776,0.784,0.997665628245068,Recruitment
Peptoniphilus,Unknown_92,-0.021579532814238,0.899,0.997665628245068,Recruitment
Peptoniphilus,Uknown_93,-0.00867630700778643,0.955,0.997665628245068,Recruitment
Peptoniphilus,Unknown_94,0.0505005561735261,0.798,0.997665628245068,Recruitment
Peptoniphilus,Uknown_95,0.0456062291434928,0.805,0.997665628245068,Recruitment
Peptoniphilus,Unknown_96,-0.053615127919911,0.786,0.997665628245068,Recruitment
Peptoniphilus,Unknown_97,-0.0540600667408231,0.803,0.997665628245068,Recruitment
Peptoniphilus,Glycine_99,0.141713014460512,0.447,0.997665628245068,Recruitment
Peptoniphilus,Glucose_100,-0.107452725250278,0.56,0.997665628245068,Recruitment
Peptoniphilus,Glucose_101,-0.146162402669633,0.433,0.993745260663507,Recruitment
Peptoniphilus,Glucose_102,-0.14349276974416,0.462,0.997665628245068,Recruitment
Peptoniphilus,Glucose_103,-0.196885428253615,0.299,0.962086092715232,Recruitment
Peptoniphilus,Glucose_104,-0.156840934371524,0.422,0.993033775633293,Recruitment
Peptoniphilus,Maltose.taurine.glucose_107,-0.166184649610679,0.412,0.991189889025894,Recruitment
Peptoniphilus,Glucose_108,-0.18754171301446,0.309,0.967724579663731,Recruitment
Peptoniphilus,Unknown_109,-0.180867630700779,0.288,0.958549657534246,Recruitment
Peptoniphilus,Glucose_110,-0.264516129032258,0.151,0.918326530612245,Recruitment
Peptoniphilus,Maltose.taurine_113,-0.104783092324805,0.597,0.997665628245068,Recruitment
Peptoniphilus,Glucose_116,-0.138598442714127,0.449,0.997665628245068,Recruitment
Peptoniphilus,Glucose_117,-0.153281423804227,0.392,0.99055432661028,Recruitment
Peptoniphilus,Unknown_118,-0.352169076751947,0.05,0.733712121212121,Recruitment
Peptoniphilus,Carnitine_119,0.0442714126807564,0.83,0.997665628245068,Recruitment
Peptoniphilus,O_phosphocholine_120,0.240489432703003,0.182,0.934122399020808,Recruitment
Peptoniphilus,Unknown_121,0.337486095661847,0.057,0.74349494949495,Recruitment
Peptoniphilus,Unknown_122,0.0776418242491657,0.699,0.997665628245068,Recruitment
Peptoniphilus,Unknown_123,0.0936596218020022,0.606,0.997665628245068,Recruitment
Peptoniphilus,Unknown_124,-0.10789766407119,0.552,0.997665628245068,Recruitment
Peptoniphilus,Unknown_125,-0.0941150300628559,0.652,0.997665628245068,Recruitment
Peptoniphilus,Unknown_126,-0.0367074527252503,0.853,0.997665628245068,Recruitment
Peptoniphilus,Unknown_128,-0.232480533926585,0.211,0.935388888888889,Recruitment
Peptoniphilus,Creatine_129,0.2440489432703,0.193,0.934122399020808,Recruitment
Peptoniphilus,Creatinephosphate_130,-0.0255839822024472,0.899,0.997665628245068,Recruitment
Peptoniphilus,Unknown_131,0.0549499443826474,0.797,0.997665628245068,Recruitment
Peptoniphilus,Asparagine_133,0.113681868743048,0.576,0.997665628245068,Recruitment
Peptoniphilus,N.N.dimethylglycine_134,0.146162402669633,0.438,0.996236119228521,Recruitment
Peptoniphilus,Aspartate_136,-0.113236929922136,0.539,0.997665628245068,Recruitment
Peptoniphilus,Methionine_138,0.127474972191324,0.504,0.997665628245068,Recruitment
Peptoniphilus,Unknown_139,0.157730812013348,0.411,0.991189889025894,Recruitment
Peptoniphilus,Methionine_140,-0.123915461624027,0.509,0.997665628245068,Recruitment
Peptoniphilus,Unknown_142,0.0331479421579533,0.868,0.997665628245068,Recruitment
Peptoniphilus,Riboflavin_143,0.0331479421579533,0.852,0.997665628245068,Recruitment
Peptoniphilus,Unknown_145,0.0220244716351502,0.902,0.997665628245068,Recruitment
Peptoniphilus,Unknown_146,0.150166852057842,0.42,0.993033775633293,Recruitment
Peptoniphilus,Unknown_148,0.178642936596218,0.325,0.971489197530864,Recruitment
Peptoniphilus,Unknown_153,0.227586206896552,0.208,0.935388888888889,Recruitment
Peptoniphilus,Glutamine_154,0.245828698553949,0.179,0.934122399020808,Recruitment
Peptoniphilus,Glutamine.unknown_155,-0.0140155728587319,0.944,0.997665628245068,Recruitment
Peptoniphilus,Succinate_156,0.0932146829810901,0.635,0.997665628245068,Recruitment
Peptoniphilus,Saccharopine.unknown_157,0.14349276974416,0.439,0.996236119228521,Recruitment
Peptoniphilus,Glutamate.unknown_158,-0.187096774193548,0.302,0.962920164609053,Recruitment
Peptoniphilus,Unknown_159,-0.108342602892102,0.589,0.997665628245068,Recruitment
Peptoniphilus,Glutamate.unknown_161,-0.120800889877642,0.508,0.997665628245068,Recruitment
Peptoniphilus,Unknown_162,-0.085650723025584,0.651,0.997665628245068,Recruitment
Peptoniphilus,Valine.unknown_168,0.0665183537263626,0.729,0.997665628245068,Recruitment
Peptoniphilus,Unknown_169,0.110122358175751,0.582,0.997665628245068,Recruitment
Peptoniphilus,Glutarate_171,0.179977753058954,0.314,0.969257232212666,Recruitment
Peptoniphilus,Glutamine.unknown_172,0.250723025583982,0.187,0.934122399020808,Recruitment
Peptoniphilus,Glutamine.glutamate_173,0.289432703003337,0.122,0.878490706319703,Recruitment
Peptoniphilus,Methionine.glutamate.glutamine_177,0.0233592880978865,0.898,0.997665628245068,Recruitment
Peptoniphilus,Unknown_182,0.0309232480533927,0.871,0.997665628245068,Recruitment
Peptoniphilus,Unknown_185,0.136818687430478,0.447,0.997665628245068,Recruitment
Peptoniphilus,Glutamate_187,-0.121690767519466,0.563,0.997665628245068,Recruitment
Peptoniphilus,Glutamate.unknown_189,0.0562847608453838,0.789,0.997665628245068,Recruitment
Peptoniphilus,Unknown_190,0.0901001112347052,0.614,0.997665628245068,Recruitment
Peptoniphilus,Unknown_191,0.0407119021134594,0.816,0.997665628245068,Recruitment
Peptoniphilus,Unknown_192,0.0487208008898776,0.819,0.997665628245068,Recruitment
Peptoniphilus,Unknown_193,0.124360400444939,0.504,0.997665628245068,Recruitment
Peptoniphilus,Isoleucine.unknown_194,-0.0233592880978865,0.903,0.997665628245068,Recruitment
Peptoniphilus,Unknown_195,-0.0896551724137931,0.634,0.997665628245068,Recruitment
Peptoniphilus,Unknown_196,-0.106562847608454,0.567,0.997665628245068,Recruitment
Peptoniphilus,Acetate_197,0.131924360400445,0.488,0.997665628245068,Recruitment
Peptoniphilus,Lysine.unknown_198,-0.0242491657397108,0.888,0.997665628245068,Recruitment
Peptoniphilus,Lysine.unknown_199,-0.159750807529859,0.391,0.99055432661028,Recruitment
Peptoniphilus,Lysine.unknown_200,-0.198665183537264,0.28,0.954170583115753,Recruitment
Peptoniphilus,Unknown_201,-0.265406006674082,0.16,0.934122399020808,Recruitment
Peptoniphilus,Unknown_202,-0.242269187986652,0.217,0.935388888888889,Recruitment
Peptoniphilus,Leucine.lysine_205,-0.0340378197997775,0.853,0.997665628245068,Recruitment
Peptoniphilus,Leucine.unknown_209,-0.115906562847608,0.539,0.997665628245068,Recruitment
Peptoniphilus,Leucine.unknown_211,-0.0269187986651835,0.874,0.997665628245068,Recruitment
Peptoniphilus,Alanine_212,0.0852057842046719,0.646,0.997665628245068,Recruitment
Peptoniphilus,Unknown_214,-0.109677419354839,0.536,0.997665628245068,Recruitment
Peptoniphilus,Unknown_215,-0.0936596218020022,0.639,0.997665628245068,Recruitment
Peptoniphilus,Isoleucine.unknown_218,0.400667408231368,0.026,0.6537375,Recruitment
Peptoniphilus,Unknown_219,0.303225806451613,0.104,0.837621621621622,Recruitment
Peptoniphilus,Unknown_220,0.151946607341491,0.429,0.993333333333333,Recruitment
Peptoniphilus,Propylene_glycol_221,-0.229810901001112,0.233,0.941232533889468,Recruitment
Peptoniphilus,Isoleucine_225,-0.147497219132369,0.457,0.997665628245068,Recruitment
Peptoniphilus,Valine_227,-0.0140155728587319,0.955,0.997665628245068,Recruitment
Peptoniphilus,Leucine_229,-0.0620689655172414,0.738,0.997665628245068,Recruitment
Peptoniphilus,Leucine.isoleucine_230,-0.0789766407119021,0.687,0.997665628245068,Recruitment
Howardella,NAD._2,-0.0985539488320356,0.612,0.997665628245068,Recruitment
Howardella,Unknown_3,0.0602892102335929,0.739,0.997665628245068,Recruitment
Howardella,Formate_5,-0.0255839822024472,0.899,0.997665628245068,Recruitment
Howardella,Unknown_7,-0.0638487208008899,0.727,0.997665628245068,Recruitment
Howardella,Unknown_8,0.0416017797552836,0.816,0.997665628245068,Recruitment
Howardella,Hypoxanthine_10,-0.164849833147942,0.377,0.99055432661028,Recruitment
Howardella,NAD._11,0.0304783092324805,0.869,0.997665628245068,Recruitment
Howardella,Tryptophan_14,-0.0269187986651835,0.905,0.997665628245068,Recruitment
Howardella,Unknown_15,0.0166852057842047,0.938,0.997665628245068,Recruitment
Howardella,Phenylalanine_19,-0.10789766407119,0.584,0.997665628245068,Recruitment
Howardella,Tyrosine_20,0.0593993325917686,0.758,0.997665628245068,Recruitment
Howardella,Unknown_22,0.100333704115684,0.601,0.997665628245068,Recruitment
Howardella,Unknown_23,-0.0647385984427141,0.713,0.997665628245068,Recruitment
Howardella,Unknown_24,-0.0482758620689655,0.794,0.997665628245068,Recruitment
Howardella,Unknown_25,-0.125250278086763,0.529,0.997665628245068,Recruitment
Howardella,Unknown_26,-0.222691879866518,0.258,0.952022684310019,Recruitment
Howardella,Unknown_28,-0.060734149054505,0.73,0.997665628245068,Recruitment
Howardella,Uridine_29,-0.00511679644048943,0.984,0.997665628245068,Recruitment
Howardella,Uracil_30,0.0447163515016685,0.826,0.997665628245068,Recruitment
Howardella,Unknown_31,0.126585094549499,0.519,0.997665628245068,Recruitment
Howardella,Maltose.Glucose_32,-0.067853170189099,0.73,0.997665628245068,Recruitment
Howardella,Unknown_33,-0.163959955506118,0.389,0.99055432661028,Recruitment
Howardella,Unknown_34,-0.227586206896552,0.214,0.935388888888889,Recruitment
Howardella,Maltose.unknown_37,0.0718576195773081,0.71,0.997665628245068,Recruitment
Howardella,Maltose.glucose.unknown_38,-0.0540600667408231,0.769,0.997665628245068,Recruitment
Howardella,Ascorbate_40,-0.283203559510567,0.116,0.865865125240848,Recruitment
Howardella,Unknown_41,-0.0273637374860957,0.88,0.997665628245068,Recruitment
Howardella,Threonine_42,0.123025583982202,0.486,0.997665628245068,Recruitment
Howardella,Unknown_43,0.146607341490545,0.451,0.997665628245068,Recruitment
Howardella,Unknown_44,0.259176863181313,0.168,0.934122399020808,Recruitment
Howardella,Unknown_45,0.251612903225806,0.178,0.934122399020808,Recruitment
Howardella,Unknown_46,0.195550611790879,0.323,0.971489197530864,Recruitment
Howardella,Unknown_47,0.131924360400445,0.478,0.997665628245068,Recruitment
Howardella,Lactate_48,0.136818687430478,0.502,0.997665628245068,Recruitment
Howardella,Unknown_49,0.108342602892102,0.532,0.997665628245068,Recruitment
Howardella,Unknown_50,-0.0660734149054505,0.75,0.997665628245068,Recruitment
Howardella,Unknown_51,-0.0327030033370412,0.859,0.997665628245068,Recruitment
Howardella,Unknown_52,0.0140155728587319,0.939,0.997665628245068,Recruitment
Howardella,Unknown_53,-0.0362625139043382,0.853,0.997665628245068,Recruitment
Howardella,Unknown_54,0.0518353726362625,0.8,0.997665628245068,Recruitment
Howardella,Unknown_55,-0.154171301446051,0.398,0.991189889025894,Recruitment
Howardella,Unknown_56,-0.13503893214683,0.472,0.997665628245068,Recruitment
Howardella,Maltose.unknown_67,-0.147497219132369,0.423,0.993033775633293,Recruitment
Howardella,Maltose.unknown_68,-0.262291434927697,0.142,0.911529411764706,Recruitment
Howardella,Maltose.unknown_69,-0.159510567296997,0.412,0.991189889025894,Recruitment
Howardella,Maltose.unknown_70,-0.0567296996662959,0.767,0.997665628245068,Recruitment
Howardella,Maltose.unknown_71,0.0767519466073415,0.659,0.997665628245068,Recruitment
Howardella,Maltose_72,0.0509454949944383,0.816,0.997665628245068,Recruitment
Howardella,Maltose_73,0.0367074527252503,0.834,0.997665628245068,Recruitment
Howardella,Maltose.unknown_74,0.0527252502780868,0.804,0.997665628245068,Recruitment
Howardella,Maltose_75,-0.0233592880978865,0.903,0.997665628245068,Recruitment
Howardella,Maltose.unknown_76,0.0389321468298109,0.844,0.997665628245068,Recruitment
Howardella,Maltose.unknown_77,0.0318131256952169,0.859,0.997665628245068,Recruitment
Howardella,Unknown_79,0.0162402669632925,0.942,0.997665628245068,Recruitment
Howardella,Unknown_81,-0.0936596218020022,0.634,0.997665628245068,Recruitment
Howardella,Maltose.unknown_87,-0.0233592880978865,0.892,0.997665628245068,Recruitment
Howardella,Maltose.unknown_88,0.018020022246941,0.926,0.997665628245068,Recruitment
Howardella,Unknown_89,0.00600667408231368,0.976,0.997665628245068,Recruitment
Howardella,Unknown_90,0.0620689655172414,0.748,0.997665628245068,Recruitment
Howardella,Unknown_91,-0.00778642936596218,0.962,0.997665628245068,Recruitment
Howardella,Unknown_92,-0.00467185761957731,0.979,0.997665628245068,Recruitment
Howardella,Uknown_93,0.0162402669632925,0.926,0.997665628245068,Recruitment
Howardella,Unknown_94,0.0282536151279199,0.885,0.997665628245068,Recruitment
Howardella,Uknown_95,-0.0117908787541713,0.954,0.997665628245068,Recruitment
Howardella,Unknown_96,-0.0224694104560623,0.917,0.997665628245068,Recruitment
Howardella,Unknown_97,-0.0189098998887653,0.92,0.997665628245068,Recruitment
Howardella,Glycine_99,0.362402669632925,0.046,0.725410358565737,Recruitment
Howardella,Glucose_100,0.0763070077864294,0.686,0.997665628245068,Recruitment
Howardella,Glucose_101,0.107007786429366,0.555,0.997665628245068,Recruitment
Howardella,Glucose_102,0.0754171301446051,0.69,0.997665628245068,Recruitment
Howardella,Glucose_103,0.0634037819799778,0.745,0.997665628245068,Recruitment
Howardella,Glucose_104,0.0602892102335929,0.787,0.997665628245068,Recruitment
Howardella,Maltose.taurine.glucose_107,-0.0682981090100111,0.722,0.997665628245068,Recruitment
Howardella,Glucose_108,0.0362625139043382,0.856,0.997665628245068,Recruitment
Howardella,Unknown_109,0.0932146829810901,0.598,0.997665628245068,Recruitment
Howardella,Glucose_110,0.00689655172413793,0.966,0.997665628245068,Recruitment
Howardella,Maltose.taurine_113,-0.143937708565072,0.467,0.997665628245068,Recruitment
Howardella,Glucose_116,0.0602892102335929,0.767,0.997665628245068,Recruitment
Howardella,Glucose_117,0.121690767519466,0.542,0.997665628245068,Recruitment
Howardella,Unknown_118,-0.215572858731924,0.257,0.952022684310019,Recruitment
Howardella,Carnitine_119,-0.252057842046719,0.183,0.934122399020808,Recruitment
Howardella,O_phosphocholine_120,-0.121245828698554,0.524,0.997665628245068,Recruitment
Howardella,Unknown_121,-0.147497219132369,0.421,0.993033775633293,Recruitment
Howardella,Unknown_122,0.223581757508343,0.248,0.94865756097561,Recruitment
Howardella,Unknown_123,0.0705228031145717,0.702,0.997665628245068,Recruitment
Howardella,Unknown_124,0.0540600667408231,0.794,0.997665628245068,Recruitment
Howardella,Unknown_125,0.126376683394095,0.515,0.997665628245068,Recruitment
Howardella,Unknown_126,0.0549499443826474,0.779,0.997665628245068,Recruitment
Howardella,Unknown_128,-0.0589543937708565,0.775,0.997665628245068,Recruitment
Howardella,Creatine_129,-0.0794215795328142,0.68,0.997665628245068,Recruitment
Howardella,Creatinephosphate_130,-0.245383759733037,0.178,0.934122399020808,Recruitment
Howardella,Unknown_131,-0.0438264738598443,0.801,0.997665628245068,Recruitment
Howardella,Asparagine_133,0.0224694104560623,0.893,0.997665628245068,Recruitment
Howardella,N.N.dimethylglycine_134,-0.147942157953281,0.468,0.997665628245068,Recruitment
Howardella,Aspartate_136,-0.0380422691879867,0.838,0.997665628245068,Recruitment
Howardella,Methionine_138,-0.0852057842046719,0.651,0.997665628245068,Recruitment
Howardella,Unknown_139,-0.0949944382647386,0.597,0.997665628245068,Recruitment
Howardella,Methionine_140,0.0126807563959956,0.941,0.997665628245068,Recruitment
Howardella,Unknown_142,-0.0740823136818687,0.694,0.997665628245068,Recruitment
Howardella,Riboflavin_143,0.0327030033370412,0.877,0.997665628245068,Recruitment
Howardella,Unknown_145,-0.0812013348164627,0.654,0.997665628245068,Recruitment
Howardella,Unknown_146,-0.064293659621802,0.735,0.997665628245068,Recruitment
Howardella,Unknown_148,-0.0905450500556174,0.622,0.997665628245068,Recruitment
Howardella,Unknown_153,-0.100778642936596,0.592,0.997665628245068,Recruitment
Howardella,Glutamine_154,-0.0598442714126808,0.75,0.997665628245068,Recruitment
Howardella,Glutamine.unknown_155,-0.0522803114571746,0.753,0.997665628245068,Recruitment
Howardella,Succinate_156,-0.123470522803115,0.525,0.997665628245068,Recruitment
Howardella,Saccharopine.unknown_157,-0.180422691879867,0.376,0.99055432661028,Recruitment
Howardella,Glutamate.unknown_158,0.0260289210233593,0.895,0.997665628245068,Recruitment
Howardella,Unknown_159,0.10789766407119,0.567,0.997665628245068,Recruitment
Howardella,Glutamate.unknown_161,0.0135706340378198,0.952,0.997665628245068,Recruitment
Howardella,Unknown_162,-0.181312569521691,0.342,0.975631811487482,Recruitment
Howardella,Valine.unknown_168,0.0264738598442714,0.903,0.997665628245068,Recruitment
Howardella,Unknown_169,-0.237819799777531,0.209,0.935388888888889,Recruitment
Howardella,Glutarate_171,-0.160845383759733,0.392,0.99055432661028,Recruitment
Howardella,Glutamine.unknown_172,-0.12258064516129,0.524,0.997665628245068,Recruitment
Howardella,Glutamine.glutamate_173,-0.0625139043381535,0.75,0.997665628245068,Recruitment
Howardella,Methionine.glutamate.glutamine_177,-0.025139043381535,0.897,0.997665628245068,Recruitment
Howardella,Unknown_182,0.168854282536151,0.372,0.99055432661028,Recruitment
Howardella,Unknown_185,0.218242491657397,0.25,0.94865756097561,Recruitment
Howardella,Glutamate_187,0.105228031145717,0.587,0.997665628245068,Recruitment
Howardella,Glutamate.unknown_189,0.150166852057842,0.452,0.997665628245068,Recruitment
Howardella,Unknown_190,0.159510567296997,0.404,0.991189889025894,Recruitment
Howardella,Unknown_191,0.157730812013348,0.395,0.991081606217617,Recruitment
Howardella,Unknown_192,0.144827586206897,0.433,0.993745260663507,Recruitment
Howardella,Unknown_193,0.218687430478309,0.226,0.935388888888889,Recruitment
Howardella,Isoleucine.unknown_194,0.132369299221357,0.497,0.997665628245068,Recruitment
Howardella,Unknown_195,0.10166852057842,0.573,0.997665628245068,Recruitment
Howardella,Unknown_196,0.0482758620689655,0.79,0.997665628245068,Recruitment
Howardella,Acetate_197,0.0411568409343715,0.836,0.997665628245068,Recruitment
Howardella,Lysine.unknown_198,0.0496106785317019,0.818,0.997665628245068,Recruitment
Howardella,Lysine.unknown_199,0.0465012796291652,0.815,0.997665628245068,Recruitment
Howardella,Lysine.unknown_200,0.0540600667408231,0.781,0.997665628245068,Recruitment
Howardella,Unknown_201,0.00778642936596218,0.975,0.997665628245068,Recruitment
Howardella,Unknown_202,0.0122358175750834,0.959,0.997665628245068,Recruitment
Howardella,Leucine.lysine_205,-0.00467185761957731,0.976,0.997665628245068,Recruitment
Howardella,Leucine.unknown_209,-0.184872080088988,0.315,0.969257232212666,Recruitment
Howardella,Leucine.unknown_211,-0.220022246941046,0.236,0.943512899896801,Recruitment
Howardella,Alanine_212,0.0620689655172414,0.738,0.997665628245068,Recruitment
Howardella,Unknown_214,0.114571746384872,0.531,0.997665628245068,Recruitment
Howardella,Unknown_215,0.13726362625139,0.469,0.997665628245068,Recruitment
Howardella,Isoleucine.unknown_218,0.213348164627364,0.258,0.952022684310019,Recruitment
Howardella,Unknown_219,0.199555061179088,0.28,0.954170583115753,Recruitment
Howardella,Unknown_220,0.202224694104561,0.282,0.954170583115753,Recruitment
Howardella,Propylene_glycol_221,-0.269855394883204,0.151,0.918326530612245,Recruitment
Howardella,Isoleucine_225,0.132814238042269,0.466,0.997665628245068,Recruitment
Howardella,Valine_227,0.13726362625139,0.466,0.997665628245068,Recruitment
Howardella,Leucine_229,-0.0166852057842047,0.92,0.997665628245068,Recruitment
Howardella,Leucine.isoleucine_230,0.0518353726362625,0.799,0.997665628245068,Recruitment
Staphylococcus,NAD._2,-0.0545050055617353,0.766,0.997665628245068,Recruitment
Staphylococcus,Unknown_3,-0.147942157953281,0.436,0.995323512080141,Recruitment
Staphylococcus,Formate_5,-0.0803114571746385,0.674,0.997665628245068,Recruitment
Staphylococcus,Unknown_7,-0.334816462736374,0.062,0.755308176100629,Recruitment
Staphylococcus,Unknown_8,-0.121245828698554,0.523,0.997665628245068,Recruitment
Staphylococcus,Hypoxanthine_10,-0.110122358175751,0.563,0.997665628245068,Recruitment
Staphylococcus,NAD._11,0.053615127919911,0.768,0.997665628245068,Recruitment
Staphylococcus,Tryptophan_14,-0.0273637374860957,0.876,0.997665628245068,Recruitment
Staphylococcus,Unknown_15,-0.29432703003337,0.126,0.885887477313975,Recruitment
Staphylococcus,Phenylalanine_19,0.0273637374860957,0.874,0.997665628245068,Recruitment
Staphylococcus,Tyrosine_20,0.0731924360400445,0.71,0.997665628245068,Recruitment
Staphylococcus,Unknown_22,0.115016685205784,0.535,0.997665628245068,Recruitment
Staphylococcus,Unknown_23,-0.105228031145717,0.558,0.997665628245068,Recruitment
Staphylococcus,Unknown_24,-0.207563959955506,0.261,0.95296256684492,Recruitment
Staphylococcus,Unknown_25,-0.250723025583982,0.185,0.934122399020808,Recruitment
Staphylococcus,Unknown_26,-0.255172413793103,0.179,0.934122399020808,Recruitment
Staphylococcus,Unknown_28,-0.210678531701891,0.259,0.952022684310019,Recruitment
Staphylococcus,Uridine_29,0.127474972191324,0.498,0.997665628245068,Recruitment
Staphylococcus,Uracil_30,-0.143937708565072,0.461,0.997665628245068,Recruitment
Staphylococcus,Unknown_31,-0.0380422691879867,0.861,0.997665628245068,Recruitment
Staphylococcus,Maltose.Glucose_32,0.0914349276974416,0.631,0.997665628245068,Recruitment
Staphylococcus,Unknown_33,0.113681868743048,0.553,0.997665628245068,Recruitment
Staphylococcus,Unknown_34,0.242714126807564,0.182,0.934122399020808,Recruitment
Staphylococcus,Maltose.unknown_37,0.0580645161290323,0.757,0.997665628245068,Recruitment
Staphylococcus,Maltose.glucose.unknown_38,0.236040044493882,0.222,0.935388888888889,Recruitment
Staphylococcus,Ascorbate_40,-0.0901001112347052,0.629,0.997665628245068,Recruitment
Staphylococcus,Unknown_41,0.121245828698554,0.518,0.997665628245068,Recruitment
Staphylococcus,Threonine_42,0.0166852057842047,0.923,0.997665628245068,Recruitment
Staphylococcus,Unknown_43,-0.0731924360400445,0.689,0.997665628245068,Recruitment
Staphylococcus,Unknown_44,0.00556173526140156,0.979,0.997665628245068,Recruitment
Staphylococcus,Unknown_45,0.0122358175750834,0.96,0.997665628245068,Recruitment
Staphylococcus,Unknown_46,-0.145717463848721,0.433,0.993745260663507,Recruitment
Staphylococcus,Unknown_47,-0.178197997775306,0.322,0.971489197530864,Recruitment
Staphylococcus,Lactate_48,0.00111234705228031,0.998,1,Recruitment
Staphylococcus,Unknown_49,0.123915461624027,0.513,0.997665628245068,Recruitment
Staphylococcus,Unknown_50,0.161290322580645,0.401,0.991189889025894,Recruitment
Staphylococcus,Unknown_51,0.154171301446051,0.391,0.99055432661028,Recruitment
Staphylococcus,Unknown_52,0.180422691879867,0.364,0.99055432661028,Recruitment
Staphylococcus,Unknown_53,-0.150611790878754,0.417,0.993033775633293,Recruitment
Staphylococcus,Unknown_54,0.0135706340378198,0.93,0.997665628245068,Recruitment
Staphylococcus,Unknown_55,0.155506117908788,0.411,0.991189889025894,Recruitment
Staphylococcus,Unknown_56,0.132369299221357,0.506,0.997665628245068,Recruitment
Staphylococcus,Maltose.unknown_67,0.186651835372636,0.333,0.972791728212703,Recruitment
Staphylococcus,Maltose.unknown_68,0.217352614015573,0.251,0.94865756097561,Recruitment
Staphylococcus,Maltose.unknown_69,0.188876529477197,0.293,0.960306260575296,Recruitment
Staphylococcus,Maltose.unknown_70,0.0696329254727475,0.703,0.997665628245068,Recruitment
Staphylococcus,Maltose.unknown_71,0.0674082313681869,0.718,0.997665628245068,Recruitment
Staphylococcus,Maltose_72,0.18754171301446,0.312,0.967724579663731,Recruitment
Staphylococcus,Maltose_73,0.0665183537263626,0.752,0.997665628245068,Recruitment
Staphylococcus,Maltose.unknown_74,0.0994438264738598,0.613,0.997665628245068,Recruitment
Staphylococcus,Maltose_75,0.0456062291434928,0.819,0.997665628245068,Recruitment
Staphylococcus,Maltose.unknown_76,0.218687430478309,0.244,0.94865756097561,Recruitment
Staphylococcus,Maltose.unknown_77,0.162625139043382,0.394,0.991081606217617,Recruitment
Staphylococcus,Unknown_79,0.0313681868743048,0.872,0.997665628245068,Recruitment
Staphylococcus,Unknown_81,0.162625139043382,0.41,0.991189889025894,Recruitment
Staphylococcus,Maltose.unknown_87,0.0135706340378198,0.944,0.997665628245068,Recruitment
Staphylococcus,Maltose.unknown_88,0.0936596218020022,0.632,0.997665628245068,Recruitment
Staphylococcus,Unknown_89,0.0545050055617353,0.762,0.997665628245068,Recruitment
Staphylococcus,Unknown_90,0.0300333704115684,0.867,0.997665628245068,Recruitment
Staphylococcus,Unknown_91,0.133259176863181,0.456,0.997665628245068,Recruitment
Staphylococcus,Unknown_92,0.0803114571746385,0.691,0.997665628245068,Recruitment
Staphylococcus,Uknown_93,0.142157953281424,0.431,0.993745260663507,Recruitment
Staphylococcus,Unknown_94,0.1706340378198,0.364,0.99055432661028,Recruitment
Staphylococcus,Uknown_95,0.151946607341491,0.423,0.993033775633293,Recruitment
Staphylococcus,Unknown_96,0.064293659621802,0.707,0.997665628245068,Recruitment
Staphylococcus,Unknown_97,0.0327030033370412,0.875,0.997665628245068,Recruitment
Staphylococcus,Glycine_99,-0.118131256952169,0.513,0.997665628245068,Recruitment
Staphylococcus,Glucose_100,-0.0122358175750834,0.954,0.997665628245068,Recruitment
Staphylococcus,Glucose_101,0.0456062291434928,0.819,0.997665628245068,Recruitment
Staphylococcus,Glucose_102,-0.0140155728587319,0.946,0.997665628245068,Recruitment
Staphylococcus,Glucose_103,-0.00956618464961068,0.968,0.997665628245068,Recruitment
Staphylococcus,Glucose_104,-0.0300333704115684,0.878,0.997665628245068,Recruitment
Staphylococcus,Maltose.taurine.glucose_107,-0.0438264738598443,0.823,0.997665628245068,Recruitment
Staphylococcus,Glucose_108,-0.0255839822024472,0.883,0.997665628245068,Recruitment
Staphylococcus,Unknown_109,-0.0171301446051168,0.928,0.997665628245068,Recruitment
Staphylococcus,Glucose_110,-0.122135706340378,0.504,0.997665628245068,Recruitment
Staphylococcus,Maltose.taurine_113,0.224916573971079,0.219,0.935388888888889,Recruitment
Staphylococcus,Glucose_116,0.0300333704115684,0.881,0.997665628245068,Recruitment
Staphylococcus,Glucose_117,-0.0473859844271413,0.811,0.997665628245068,Recruitment
Staphylococcus,Unknown_118,0.186651835372636,0.347,0.983334792122538,Recruitment
Staphylococcus,Carnitine_119,-0.064293659621802,0.718,0.997665628245068,Recruitment
Staphylococcus,O_phosphocholine_120,-0.179532814238042,0.338,0.972791728212703,Recruitment
Staphylococcus,Unknown_121,-0.196885428253615,0.276,0.95296256684492,Recruitment
Staphylococcus,Unknown_122,-0.38642936596218,0.04,0.707426086956522,Recruitment
Staphylococcus,Unknown_123,-0.253837597330367,0.173,0.934122399020808,Recruitment
Staphylococcus,Unknown_124,0.0580645161290323,0.753,0.997665628245068,Recruitment
Staphylococcus,Unknown_125,0.0311491825267135,0.854,0.997665628245068,Recruitment
Staphylococcus,Unknown_126,-0.0407119021134594,0.851,0.997665628245068,Recruitment
Staphylococcus,Unknown_128,-0.0522803114571746,0.813,0.997665628245068,Recruitment
Staphylococcus,Creatine_129,-0.344160177975528,0.068,0.766832904884319,Recruitment
Staphylococcus,Creatinephosphate_130,-0.154616240266963,0.392,0.99055432661028,Recruitment
Staphylococcus,Unknown_131,0.217352614015573,0.257,0.952022684310019,Recruitment
Staphylococcus,Asparagine_133,-0.112791991101224,0.536,0.997665628245068,Recruitment
Staphylococcus,N.N.dimethylglycine_134,-0.12880978865406,0.494,0.997665628245068,Recruitment
Staphylococcus,Aspartate_136,0.112347052280311,0.583,0.997665628245068,Recruitment
Staphylococcus,Methionine_138,-0.351724137931034,0.06,0.745,Recruitment
Staphylococcus,Unknown_139,-0.249833147942158,0.18,0.934122399020808,Recruitment
Staphylococcus,Methionine_140,-0.0691879866518354,0.719,0.997665628245068,Recruitment
Staphylococcus,Unknown_142,-0.215127919911012,0.274,0.95296256684492,Recruitment
Staphylococcus,Riboflavin_143,-0.245383759733037,0.177,0.934122399020808,Recruitment
Staphylococcus,Unknown_145,-0.115906562847608,0.544,0.997665628245068,Recruitment
Staphylococcus,Unknown_146,-0.219132369299221,0.218,0.935388888888889,Recruitment
Staphylococcus,Unknown_148,-0.183982202447164,0.329,0.972791728212703,Recruitment
Staphylococcus,Unknown_153,-0.171523915461624,0.38,0.99055432661028,Recruitment
Staphylococcus,Glutamine_154,-0.275639599555061,0.136,0.903711835334477,Recruitment
Staphylococcus,Glutamine.unknown_155,-0.0700778642936596,0.73,0.997665628245068,Recruitment
Staphylococcus,Succinate_156,0.0638487208008899,0.748,0.997665628245068,Recruitment
Staphylococcus,Saccharopine.unknown_157,0.0331479421579533,0.863,0.997665628245068,Recruitment
Staphylococcus,Glutamate.unknown_158,0.187096774193548,0.325,0.971489197530864,Recruitment
Staphylococcus,Unknown_159,0.0816462736373749,0.681,0.997665628245068,Recruitment
Staphylococcus,Glutamate.unknown_161,0.0727474972191324,0.709,0.997665628245068,Recruitment
Staphylococcus,Unknown_162,-0.0909899888765295,0.65,0.997665628245068,Recruitment
Staphylococcus,Valine.unknown_168,-0.190656284760845,0.324,0.971489197530864,Recruitment
Staphylococcus,Unknown_169,-0.310789766407119,0.101,0.825472573839663,Recruitment
Staphylococcus,Glutarate_171,-0.365962180200222,0.051,0.734021052631579,Recruitment
Staphylococcus,Glutamine.unknown_172,-0.338820912124583,0.072,0.766832904884319,Recruitment
Staphylococcus,Glutamine.glutamate_173,-0.272525027808676,0.173,0.934122399020808,Recruitment
Staphylococcus,Methionine.glutamate.glutamine_177,-0.0487208008898776,0.801,0.997665628245068,Recruitment
Staphylococcus,Unknown_182,-0.0598442714126808,0.762,0.997665628245068,Recruitment
Staphylococcus,Unknown_185,-0.00511679644048943,0.987,0.997665628245068,Recruitment
Staphylococcus,Glutamate_187,0.109232480533927,0.578,0.997665628245068,Recruitment
Staphylococcus,Glutamate.unknown_189,-0.0420467185761958,0.829,0.997665628245068,Recruitment
Staphylococcus,Unknown_190,-0.0549499443826474,0.794,0.997665628245068,Recruitment
Staphylococcus,Unknown_191,-0.0384872080088988,0.816,0.997665628245068,Recruitment
Staphylococcus,Unknown_192,-0.0353726362625139,0.836,0.997665628245068,Recruitment
Staphylococcus,Unknown_193,-0.0852057842046719,0.653,0.997665628245068,Recruitment
Staphylococcus,Isoleucine.unknown_194,-0.0327030033370412,0.855,0.997665628245068,Recruitment
Staphylococcus,Unknown_195,0.0416017797552836,0.82,0.997665628245068,Recruitment
Staphylococcus,Unknown_196,0.096329254727475,0.624,0.997665628245068,Recruitment
Staphylococcus,Acetate_197,0.0482758620689655,0.787,0.997665628245068,Recruitment
Staphylococcus,Lysine.unknown_198,0.250723025583982,0.206,0.935388888888889,Recruitment
Staphylococcus,Lysine.unknown_199,0.290577374142056,0.12,0.877816479400749,Recruitment
Staphylococcus,Lysine.unknown_200,0.248943270300334,0.192,0.934122399020808,Recruitment
Staphylococcus,Unknown_201,0.177753058954394,0.341,0.974932841328413,Recruitment
Staphylococcus,Unknown_202,0.0202447163515017,0.908,0.997665628245068,Recruitment
Staphylococcus,Leucine.lysine_205,0.139933259176863,0.438,0.996236119228521,Recruitment
Staphylococcus,Leucine.unknown_209,0.0260289210233593,0.889,0.997665628245068,Recruitment
Staphylococcus,Leucine.unknown_211,-0.0304783092324805,0.89,0.997665628245068,Recruitment
Staphylococcus,Alanine_212,-0.0206896551724138,0.9,0.997665628245068,Recruitment
Staphylococcus,Unknown_214,0.000222469410456062,1,1,Recruitment
Staphylococcus,Unknown_215,-0.000222469410456062,1,1,Recruitment
Staphylococcus,Isoleucine.unknown_218,-0.130144605116796,0.455,0.997665628245068,Recruitment
Staphylococcus,Unknown_219,-0.1706340378198,0.355,0.98798132183908,Recruitment
Staphylococcus,Unknown_220,-0.175528364849833,0.336,0.972791728212703,Recruitment
Staphylococcus,Propylene_glycol_221,-0.0981090100111235,0.567,0.997665628245068,Recruitment
Staphylococcus,Isoleucine_225,0.0100111234705228,0.959,0.997665628245068,Recruitment
Staphylococcus,Valine_227,0.0162402669632925,0.926,0.997665628245068,Recruitment
Staphylococcus,Leucine_229,0.199555061179088,0.308,0.967724579663731,Recruitment
Staphylococcus,Leucine.isoleucine_230,0.0914349276974416,0.629,0.997665628245068,Recruitment
Corynebacteriaceae_unclassified,NAD._2,0.268075639599555,0.15,0.91511811023622,Recruitment
Corynebacteriaceae_unclassified,Unknown_3,-0.0424916573971079,0.835,0.997665628245068,Recruitment
Corynebacteriaceae_unclassified,Formate_5,0.13503893214683,0.48,0.997665628245068,Recruitment
Corynebacteriaceae_unclassified,Unknown_7,-0.0282536151279199,0.887,0.997665628245068,Recruitment
Corynebacteriaceae_unclassified,Unknown_8,-0.168409343715239,0.385,0.99055432661028,Recruitment
Corynebacteriaceae_unclassified,Hypoxanthine_10,-0.0985539488320356,0.617,0.997665628245068,Recruitment
Corynebacteriaceae_unclassified,NAD._11,0.142157953281424,0.461,0.997665628245068,Recruitment
Corynebacteriaceae_unclassified,Tryptophan_14,0.151056729699666,0.405,0.991189889025894,Recruitment
Corynebacteriaceae_unclassified,Unknown_15,0.0745272525027809,0.69,0.997665628245068,Recruitment
Corynebacteriaceae_unclassified,Phenylalanine_19,0.0878754171301446,0.644,0.997665628245068,Recruitment
Corynebacteriaceae_unclassified,Tyrosine_20,0.150611790878754,0.449,0.997665628245068,Recruitment
Corynebacteriaceae_unclassified,Unknown_22,-0.0567296996662959,0.767,0.997665628245068,Recruitment
Corynebacteriaceae_unclassified,Unknown_23,0.0682981090100111,0.702,0.997665628245068,Recruitment
Corynebacteriaceae_unclassified,Unknown_24,0.0384872080088988,0.83,0.997665628245068,Recruitment
Corynebacteriaceae_unclassified,Unknown_25,-0.00600667408231368,0.983,0.997665628245068,Recruitment
Corynebacteriaceae_unclassified,Unknown_26,0.0367074527252503,0.848,0.997665628245068,Recruitment
Corynebacteriaceae_unclassified,Unknown_28,0.057174638487208,0.751,0.997665628245068,Recruitment
Corynebacteriaceae_unclassified,Uridine_29,0.0424916573971079,0.831,0.997665628245068,Recruitment
Corynebacteriaceae_unclassified,Uracil_30,-0.262291434927697,0.148,0.912980891719745,Recruitment
Corynebacteriaceae_unclassified,Unknown_31,0.12880978865406,0.492,0.997665628245068,Recruitment
Corynebacteriaceae_unclassified,Maltose.Glucose_32,0.140823136818687,0.477,0.997665628245068,Recruitment
Corynebacteriaceae_unclassified,Unknown_33,0.271635150166852,0.144,0.911529411764706,Recruitment
Corynebacteriaceae_unclassified,Unknown_34,0.405561735261402,0.025,0.65,Recruitment
Corynebacteriaceae_unclassified,Maltose.unknown_37,0.0518353726362625,0.801,0.997665628245068,Recruitment
Corynebacteriaceae_unclassified,Maltose.glucose.unknown_38,0.149276974416018,0.452,0.997665628245068,Recruitment
Corynebacteriaceae_unclassified,Ascorbate_40,0.236929922135706,0.21,0.935388888888889,Recruitment
Corynebacteriaceae_unclassified,Unknown_41,-0.0420467185761958,0.828,0.997665628245068,Recruitment
Corynebacteriaceae_unclassified,Threonine_42,-0.204449388209121,0.265,0.95296256684492,Recruitment
Corynebacteriaceae_unclassified,Unknown_43,-0.218687430478309,0.269,0.95296256684492,Recruitment
Corynebacteriaceae_unclassified,Unknown_44,-0.183092324805339,0.319,0.969257232212666,Recruitment
Corynebacteriaceae_unclassified,Unknown_45,-0.174193548387097,0.353,0.98798132183908,Recruitment
Corynebacteriaceae_unclassified,Unknown_46,-0.194215795328142,0.299,0.962086092715232,Recruitment
Corynebacteriaceae_unclassified,Unknown_47,-0.110567296996663,0.569,0.997665628245068,Recruitment
Corynebacteriaceae_unclassified,Lactate_48,-0.0638487208008899,0.726,0.997665628245068,Recruitment
Corynebacteriaceae_unclassified,Unknown_49,0.113236929922136,0.544,0.997665628245068,Recruitment
Corynebacteriaceae_unclassified,Unknown_50,0.216907675194661,0.27,0.95296256684492,Recruitment
Corynebacteriaceae_unclassified,Unknown_51,0.157285873192436,0.401,0.991189889025894,Recruitment
Corynebacteriaceae_unclassified,Unknown_52,0.108342602892102,0.576,0.997665628245068,Recruitment
Corynebacteriaceae_unclassified,Unknown_53,0.157285873192436,0.404,0.991189889025894,Recruitment
Corynebacteriaceae_unclassified,Unknown_54,0.134149054505006,0.456,0.997665628245068,Recruitment
Corynebacteriaceae_unclassified,Unknown_55,0.196885428253615,0.29,0.959433191489362,Recruitment
Corynebacteriaceae_unclassified,Unknown_56,0.208008898776418,0.27,0.95296256684492,Recruitment
Corynebacteriaceae_unclassified,Maltose.unknown_67,0.193325917686318,0.312,0.967724579663731,Recruitment
Corynebacteriaceae_unclassified,Maltose.unknown_68,0.218242491657397,0.231,0.940014705882353,Recruitment
Corynebacteriaceae_unclassified,Maltose.unknown_69,0.164849833147942,0.377,0.99055432661028,Recruitment
Corynebacteriaceae_unclassified,Maltose.unknown_70,0.110567296996663,0.569,0.997665628245068,Recruitment
Corynebacteriaceae_unclassified,Maltose.unknown_71,0.0460511679644049,0.816,0.997665628245068,Recruitment
Corynebacteriaceae_unclassified,Maltose_72,0.149276974416018,0.438,0.996236119228521,Recruitment
Corynebacteriaceae_unclassified,Maltose_73,0.182202447163515,0.319,0.969257232212666,Recruitment
Corynebacteriaceae_unclassified,Maltose.unknown_74,0.111457174638487,0.581,0.997665628245068,Recruitment
Corynebacteriaceae_unclassified,Maltose_75,0.143047830923248,0.448,0.997665628245068,Recruitment
Corynebacteriaceae_unclassified,Maltose.unknown_76,0.135483870967742,0.496,0.997665628245068,Recruitment
Corynebacteriaceae_unclassified,Maltose.unknown_77,0.104338153503893,0.593,0.997665628245068,Recruitment
Corynebacteriaceae_unclassified,Unknown_79,0.2,0.287,0.958549657534246,Recruitment
Corynebacteriaceae_unclassified,Unknown_81,0.260511679644049,0.182,0.934122399020808,Recruitment
Corynebacteriaceae_unclassified,Maltose.unknown_87,0.186206896551724,0.307,0.966925203252032,Recruitment
Corynebacteriaceae_unclassified,Maltose.unknown_88,0.11412680756396,0.539,0.997665628245068,Recruitment
Corynebacteriaceae_unclassified,Unknown_89,0.139933259176863,0.472,0.997665628245068,Recruitment
Corynebacteriaceae_unclassified,Unknown_90,0.159510567296997,0.388,0.99055432661028,Recruitment
Corynebacteriaceae_unclassified,Unknown_91,0.216462736373749,0.264,0.95296256684492,Recruitment
Corynebacteriaceae_unclassified,Unknown_92,0.229810901001112,0.225,0.935388888888889,Recruitment
Corynebacteriaceae_unclassified,Uknown_93,0.220467185761958,0.26,0.952022684310019,Recruitment
Corynebacteriaceae_unclassified,Unknown_94,0.1559510567297,0.393,0.99055432661028,Recruitment
Corynebacteriaceae_unclassified,Uknown_95,0.167964404894327,0.387,0.99055432661028,Recruitment
Corynebacteriaceae_unclassified,Unknown_96,0.117241379310345,0.537,0.997665628245068,Recruitment
Corynebacteriaceae_unclassified,Unknown_97,0.107452725250278,0.569,0.997665628245068,Recruitment
Corynebacteriaceae_unclassified,Glycine_99,-0.133259176863181,0.492,0.997665628245068,Recruitment
Corynebacteriaceae_unclassified,Glucose_100,-0.00912124582869855,0.955,0.997665628245068,Recruitment
Corynebacteriaceae_unclassified,Glucose_101,0.0918798665183537,0.653,0.997665628245068,Recruitment
Corynebacteriaceae_unclassified,Glucose_102,0.0166852057842047,0.946,0.997665628245068,Recruitment
Corynebacteriaceae_unclassified,Glucose_103,-0.0193548387096774,0.918,0.997665628245068,Recruitment
Corynebacteriaceae_unclassified,Glucose_104,-0.00467185761957731,0.983,0.997665628245068,Recruitment
Corynebacteriaceae_unclassified,Maltose.taurine.glucose_107,0.0513904338153504,0.776,0.997665628245068,Recruitment
Corynebacteriaceae_unclassified,Glucose_108,-0.0126807563959956,0.937,0.997665628245068,Recruitment
Corynebacteriaceae_unclassified,Unknown_109,0.0166852057842047,0.933,0.997665628245068,Recruitment
Corynebacteriaceae_unclassified,Glucose_110,-0.0140155728587319,0.937,0.997665628245068,Recruitment
Corynebacteriaceae_unclassified,Maltose.taurine_113,0.13503893214683,0.472,0.997665628245068,Recruitment
Corynebacteriaceae_unclassified,Glucose_116,-0.00200222469410456,0.994,0.998122343182996,Recruitment
Corynebacteriaceae_unclassified,Glucose_117,-0.147497219132369,0.436,0.995323512080141,Recruitment
Corynebacteriaceae_unclassified,Unknown_118,0.159955506117909,0.414,0.991189889025894,Recruitment
Corynebacteriaceae_unclassified,Carnitine_119,-0.0398220244716352,0.835,0.997665628245068,Recruitment
Corynebacteriaceae_unclassified,O_phosphocholine_120,-0.0171301446051168,0.92,0.997665628245068,Recruitment
Corynebacteriaceae_unclassified,Unknown_121,0.0549499443826474,0.772,0.997665628245068,Recruitment
Corynebacteriaceae_unclassified,Unknown_122,-0.226696329254727,0.232,0.941232533889468,Recruitment
Corynebacteriaceae_unclassified,Unknown_123,-0.136373748609566,0.459,0.997665628245068,Recruitment
Corynebacteriaceae_unclassified,Unknown_124,0.0665183537263626,0.736,0.997665628245068,Recruitment
Corynebacteriaceae_unclassified,Unknown_125,-0.0907776176492794,0.655,0.997665628245068,Recruitment
Corynebacteriaceae_unclassified,Unknown_126,-0.110567296996663,0.549,0.997665628245068,Recruitment
Corynebacteriaceae_unclassified,Unknown_128,-0.229810901001112,0.243,0.94865756097561,Recruitment
Corynebacteriaceae_unclassified,Creatine_129,0.0153503893214683,0.937,0.997665628245068,Recruitment
Corynebacteriaceae_unclassified,Creatinephosphate_130,0.0656284760845384,0.74,0.997665628245068,Recruitment
Corynebacteriaceae_unclassified,Unknown_131,-0.157730812013348,0.413,0.991189889025894,Recruitment
Corynebacteriaceae_unclassified,Asparagine_133,-0.288542825361513,0.124,0.884670349907919,Recruitment
Corynebacteriaceae_unclassified,N.N.dimethylglycine_134,0.324582869855395,0.071,0.766832904884319,Recruitment
Corynebacteriaceae_unclassified,Aspartate_136,-0.0638487208008899,0.73,0.997665628245068,Recruitment
Corynebacteriaceae_unclassified,Methionine_138,0.028698553948832,0.872,0.997665628245068,Recruitment
Corynebacteriaceae_unclassified,Unknown_139,-0.187986651835373,0.328,0.972205049732211,Recruitment
Corynebacteriaceae_unclassified,Methionine_140,-0.0723025583982203,0.684,0.997665628245068,Recruitment
Corynebacteriaceae_unclassified,Unknown_142,-0.0100111234705228,0.96,0.997665628245068,Recruitment
Corynebacteriaceae_unclassified,Riboflavin_143,-0.182202447163515,0.339,0.972791728212703,Recruitment
Corynebacteriaceae_unclassified,Unknown_145,-0.22091212458287,0.229,0.938778835978836,Recruitment
Corynebacteriaceae_unclassified,Unknown_146,-0.261846496106785,0.171,0.934122399020808,Recruitment
Corynebacteriaceae_unclassified,Unknown_148,-0.163070077864294,0.384,0.99055432661028,Recruitment
Corynebacteriaceae_unclassified,Unknown_153,-0.0491657397107898,0.794,0.997665628245068,Recruitment
Corynebacteriaceae_unclassified,Glutamine_154,-0.152391546162403,0.429,0.993333333333333,Recruitment
Corynebacteriaceae_unclassified,Glutamine.unknown_155,-0.245383759733037,0.174,0.934122399020808,Recruitment
Corynebacteriaceae_unclassified,Succinate_156,-0.0994438264738598,0.585,0.997665628245068,Recruitment
Corynebacteriaceae_unclassified,Saccharopine.unknown_157,-0.113681868743048,0.572,0.997665628245068,Recruitment
Corynebacteriaceae_unclassified,Glutamate.unknown_158,0.00511679644048943,0.98,0.997665628245068,Recruitment
Corynebacteriaceae_unclassified,Unknown_159,-0.228476084538376,0.224,0.935388888888889,Recruitment
Corynebacteriaceae_unclassified,Glutamate.unknown_161,-0.113236929922136,0.551,0.997665628245068,Recruitment
Corynebacteriaceae_unclassified,Unknown_162,-0.0896551724137931,0.627,0.997665628245068,Recruitment
Corynebacteriaceae_unclassified,Valine.unknown_168,-0.0442714126807564,0.808,0.997665628245068,Recruitment
Corynebacteriaceae_unclassified,Unknown_169,-0.00778642936596218,0.964,0.997665628245068,Recruitment
Corynebacteriaceae_unclassified,Glutarate_171,-0.039377085650723,0.823,0.997665628245068,Recruitment
Corynebacteriaceae_unclassified,Glutamine.unknown_172,-0.0598442714126808,0.773,0.997665628245068,Recruitment
Corynebacteriaceae_unclassified,Glutamine.glutamate_173,-0.163959955506118,0.37,0.99055432661028,Recruitment
Corynebacteriaceae_unclassified,Methionine.glutamate.glutamine_177,-0.107452725250278,0.543,0.997665628245068,Recruitment
Corynebacteriaceae_unclassified,Unknown_182,-0.30055617352614,0.127,0.886482882882883,Recruitment
Corynebacteriaceae_unclassified,Unknown_185,-0.362402669632925,0.036,0.707426086956522,Recruitment
Corynebacteriaceae_unclassified,Glutamate_187,-0.209788654060067,0.275,0.95296256684492,Recruitment
Corynebacteriaceae_unclassified,Glutamate.unknown_189,-0.317908787541713,0.083,0.789844660194175,Recruitment
Corynebacteriaceae_unclassified,Unknown_190,-0.356618464961068,0.052,0.734021052631579,Recruitment
Corynebacteriaceae_unclassified,Unknown_191,-0.381979977753059,0.039,0.707426086956522,Recruitment
Corynebacteriaceae_unclassified,Unknown_192,-0.386874304783092,0.053,0.734021052631579,Recruitment
Corynebacteriaceae_unclassified,Unknown_193,-0.438487208008899,0.009,0.447,Recruitment
Corynebacteriaceae_unclassified,Isoleucine.unknown_194,-0.272969966629588,0.141,0.911529411764706,Recruitment
Corynebacteriaceae_unclassified,Unknown_195,-0.126585094549499,0.517,0.997665628245068,Recruitment
Corynebacteriaceae_unclassified,Unknown_196,-0.0549499443826474,0.809,0.997665628245068,Recruitment
Corynebacteriaceae_unclassified,Acetate_197,-0.0193548387096774,0.935,0.997665628245068,Recruitment
Corynebacteriaceae_unclassified,Lysine.unknown_198,0.0691879866518354,0.714,0.997665628245068,Recruitment
Corynebacteriaceae_unclassified,Lysine.unknown_199,0.178662811206793,0.355,0.98798132183908,Recruitment
Corynebacteriaceae_unclassified,Lysine.unknown_200,0.147942157953281,0.455,0.997665628245068,Recruitment
Corynebacteriaceae_unclassified,Unknown_201,0.13503893214683,0.447,0.997665628245068,Recruitment
Corynebacteriaceae_unclassified,Unknown_202,-0.0318131256952169,0.855,0.997665628245068,Recruitment
Corynebacteriaceae_unclassified,Leucine.lysine_205,-0.139043381535039,0.474,0.997665628245068,Recruitment
Corynebacteriaceae_unclassified,Leucine.unknown_209,0.0278086763070078,0.876,0.997665628245068,Recruitment
Corynebacteriaceae_unclassified,Leucine.unknown_211,0.0375973303670745,0.853,0.997665628245068,Recruitment
Corynebacteriaceae_unclassified,Alanine_212,-0.326362625139043,0.067,0.766832904884319,Recruitment
Corynebacteriaceae_unclassified,Unknown_214,-0.155506117908788,0.402,0.991189889025894,Recruitment
Corynebacteriaceae_unclassified,Unknown_215,-0.182202447163515,0.338,0.972791728212703,Recruitment
Corynebacteriaceae_unclassified,Isoleucine.unknown_218,-0.0816462736373749,0.665,0.997665628245068,Recruitment
Corynebacteriaceae_unclassified,Unknown_219,-0.161735261401557,0.4,0.991189889025894,Recruitment
Corynebacteriaceae_unclassified,Unknown_220,-0.104338153503893,0.579,0.997665628245068,Recruitment
Corynebacteriaceae_unclassified,Propylene_glycol_221,0.233370411568409,0.203,0.934156028368794,Recruitment
Corynebacteriaceae_unclassified,Isoleucine_225,-0.0949944382647386,0.605,0.997665628245068,Recruitment
Corynebacteriaceae_unclassified,Valine_227,-0.169744160177976,0.385,0.99055432661028,Recruitment
Corynebacteriaceae_unclassified,Leucine_229,-0.0175750834260289,0.908,0.997665628245068,Recruitment
Corynebacteriaceae_unclassified,Leucine.isoleucine_230,-0.0914349276974416,0.657,0.997665628245068,Recruitment
Caulobacter,NAD._2,0.106562847608454,0.574,0.997665628245068,Recruitment
Caulobacter,Unknown_3,-0.156395995550612,0.428,0.993333333333333,Recruitment
Caulobacter,Formate_5,0.0740823136818687,0.706,0.997665628245068,Recruitment
Caulobacter,Unknown_7,-0.140823136818687,0.476,0.997665628245068,Recruitment
Caulobacter,Unknown_8,-0.267630700778643,0.169,0.934122399020808,Recruitment
Caulobacter,Hypoxanthine_10,-0.0700778642936596,0.728,0.997665628245068,Recruitment
Caulobacter,NAD._11,0.0807563959955506,0.689,0.997665628245068,Recruitment
Caulobacter,Tryptophan_14,-0.0558398220244716,0.779,0.997665628245068,Recruitment
Caulobacter,Unknown_15,-0.0367074527252503,0.83,0.997665628245068,Recruitment
Caulobacter,Phenylalanine_19,0.122135706340378,0.507,0.997665628245068,Recruitment
Caulobacter,Tyrosine_20,0.226251390433815,0.212,0.935388888888889,Recruitment
Caulobacter,Unknown_22,0.0126807563959956,0.954,0.997665628245068,Recruitment
Caulobacter,Unknown_23,0.119911012235818,0.543,0.997665628245068,Recruitment
Caulobacter,Unknown_24,-0.0469410456062291,0.818,0.997665628245068,Recruitment
Caulobacter,Unknown_25,-0.121245828698554,0.485,0.997665628245068,Recruitment
Caulobacter,Unknown_26,-0.00111234705228031,0.992,0.997665628245068,Recruitment
Caulobacter,Unknown_28,0.014460511679644,0.925,0.997665628245068,Recruitment
Caulobacter,Uridine_29,-0.205339265850946,0.236,0.943512899896801,Recruitment
Caulobacter,Uracil_30,-0.233370411568409,0.222,0.935388888888889,Recruitment
Caulobacter,Unknown_31,0.0852057842046719,0.645,0.997665628245068,Recruitment
Caulobacter,Maltose.Glucose_32,0.104783092324805,0.594,0.997665628245068,Recruitment
Caulobacter,Unknown_33,-0.143047830923248,0.459,0.997665628245068,Recruitment
Caulobacter,Unknown_34,0.0576195773081201,0.748,0.997665628245068,Recruitment
Caulobacter,Maltose.unknown_37,0.050055617352614,0.807,0.997665628245068,Recruitment
Caulobacter,Maltose.glucose.unknown_38,0.053615127919911,0.772,0.997665628245068,Recruitment
Caulobacter,Ascorbate_40,0.276974416017798,0.123,0.880780036968577,Recruitment
Caulobacter,Unknown_41,-0.064293659621802,0.745,0.997665628245068,Recruitment
Caulobacter,Threonine_42,-0.20845383759733,0.282,0.954170583115753,Recruitment
Caulobacter,Unknown_43,-0.228476084538376,0.216,0.935388888888889,Recruitment
Caulobacter,Unknown_44,-0.018020022246941,0.915,0.997665628245068,Recruitment
Caulobacter,Unknown_45,-0.0829810901001112,0.637,0.997665628245068,Recruitment
Caulobacter,Unknown_46,-0.177308120133482,0.344,0.979174136664217,Recruitment
Caulobacter,Unknown_47,-0.0825361512791991,0.656,0.997665628245068,Recruitment
Caulobacter,Lactate_48,-0.111902113459399,0.534,0.997665628245068,Recruitment
Caulobacter,Unknown_49,0.028698553948832,0.882,0.997665628245068,Recruitment
Caulobacter,Unknown_50,0.0656284760845384,0.739,0.997665628245068,Recruitment
Caulobacter,Unknown_51,0.0553948832035595,0.792,0.997665628245068,Recruitment
Caulobacter,Unknown_52,0.0727474972191324,0.713,0.997665628245068,Recruitment
Caulobacter,Unknown_53,0.099888765294772,0.585,0.997665628245068,Recruitment
Caulobacter,Unknown_54,0.116351501668521,0.562,0.997665628245068,Recruitment
Caulobacter,Unknown_55,0.171523915461624,0.379,0.99055432661028,Recruitment
Caulobacter,Unknown_56,0.143937708565072,0.425,0.993033775633293,Recruitment
Caulobacter,Maltose.unknown_67,0.110567296996663,0.551,0.997665628245068,Recruitment
Caulobacter,Maltose.unknown_68,0.159065628476085,0.393,0.99055432661028,Recruitment
Caulobacter,Maltose.unknown_69,0.157285873192436,0.402,0.991189889025894,Recruitment
Caulobacter,Maltose.unknown_70,0.131034482758621,0.469,0.997665628245068,Recruitment
Caulobacter,Maltose.unknown_71,0.0589543937708565,0.75,0.997665628245068,Recruitment
Caulobacter,Maltose_72,-0.050055617352614,0.8,0.997665628245068,Recruitment
Caulobacter,Maltose_73,-0.0273637374860957,0.882,0.997665628245068,Recruitment
Caulobacter,Maltose.unknown_74,-0.0478309232480534,0.801,0.997665628245068,Recruitment
Caulobacter,Maltose_75,-0.0567296996662959,0.774,0.997665628245068,Recruitment
Caulobacter,Maltose.unknown_76,0.0149054505005562,0.943,0.997665628245068,Recruitment
Caulobacter,Maltose.unknown_77,0.0166852057842047,0.932,0.997665628245068,Recruitment
Caulobacter,Unknown_79,0.111457174638487,0.556,0.997665628245068,Recruitment
Caulobacter,Unknown_81,0.122135706340378,0.528,0.997665628245068,Recruitment
Caulobacter,Maltose.unknown_87,0.0264738598442714,0.891,0.997665628245068,Recruitment
Caulobacter,Maltose.unknown_88,0.0972191323692992,0.619,0.997665628245068,Recruitment
Caulobacter,Unknown_89,0.0812013348164627,0.676,0.997665628245068,Recruitment
Caulobacter,Unknown_90,0.0135706340378198,0.942,0.997665628245068,Recruitment
Caulobacter,Unknown_91,0.0420467185761958,0.835,0.997665628245068,Recruitment
Caulobacter,Unknown_92,0.0353726362625139,0.84,0.997665628245068,Recruitment
Caulobacter,Uknown_93,0.0451612903225806,0.794,0.997665628245068,Recruitment
Caulobacter,Unknown_94,-0.0220244716351502,0.91,0.997665628245068,Recruitment
Caulobacter,Uknown_95,0.0100111234705228,0.968,0.997665628245068,Recruitment
Caulobacter,Unknown_96,0.0945494994438265,0.617,0.997665628245068,Recruitment
Caulobacter,Unknown_97,0.0936596218020022,0.625,0.997665628245068,Recruitment
Caulobacter,Glycine_99,-0.240044493882091,0.19,0.934122399020808,Recruitment
Caulobacter,Glucose_100,-0.0674082313681869,0.722,0.997665628245068,Recruitment
Caulobacter,Glucose_101,0.0727474972191324,0.723,0.997665628245068,Recruitment
Caulobacter,Glucose_102,0.0113459399332592,0.958,0.997665628245068,Recruitment
Caulobacter,Glucose_103,-0.0224694104560623,0.907,0.997665628245068,Recruitment
Caulobacter,Glucose_104,-0.0647385984427141,0.754,0.997665628245068,Recruitment
Caulobacter,Maltose.taurine.glucose_107,-0.00956618464961068,0.97,0.997665628245068,Recruitment
Caulobacter,Glucose_108,-0.0665183537263626,0.751,0.997665628245068,Recruitment
Caulobacter,Unknown_109,0.0135706340378198,0.937,0.997665628245068,Recruitment
Caulobacter,Glucose_110,-0.0278086763070078,0.873,0.997665628245068,Recruitment
Caulobacter,Maltose.taurine_113,0.0994438264738598,0.611,0.997665628245068,Recruitment
Caulobacter,Glucose_116,0.0589543937708565,0.763,0.997665628245068,Recruitment
Caulobacter,Glucose_117,-0.0264738598442714,0.893,0.997665628245068,Recruitment
Caulobacter,Unknown_118,0.226251390433815,0.215,0.935388888888889,Recruitment
Caulobacter,Carnitine_119,0.0211345939933259,0.924,0.997665628245068,Recruitment
Caulobacter,O_phosphocholine_120,0.0763070077864294,0.7,0.997665628245068,Recruitment
Caulobacter,Unknown_121,0.0976640711902113,0.616,0.997665628245068,Recruitment
Caulobacter,Unknown_122,-0.135483870967742,0.498,0.997665628245068,Recruitment
Caulobacter,Unknown_123,0.0936596218020022,0.631,0.997665628245068,Recruitment
Caulobacter,Unknown_124,0.120800889877642,0.501,0.997665628245068,Recruitment
Caulobacter,Unknown_125,0.00133496496543058,0.992,0.997665628245068,Recruitment
Caulobacter,Unknown_126,0.106562847608454,0.584,0.997665628245068,Recruitment
Caulobacter,Unknown_128,0.0282536151279199,0.873,0.997665628245068,Recruitment
Caulobacter,Creatine_129,-0.0838709677419355,0.656,0.997665628245068,Recruitment
Caulobacter,Creatinephosphate_130,0.10567296996663,0.584,0.997665628245068,Recruitment
Caulobacter,Unknown_131,-0.0375973303670745,0.852,0.997665628245068,Recruitment
Caulobacter,Asparagine_133,-0.0371523915461624,0.848,0.997665628245068,Recruitment
Caulobacter,N.N.dimethylglycine_134,0.0327030033370412,0.875,0.997665628245068,Recruitment
Caulobacter,Aspartate_136,0.067853170189099,0.712,0.997665628245068,Recruitment
Caulobacter,Methionine_138,0.1853170189099,0.349,0.984007278020378,Recruitment
Caulobacter,Unknown_139,0.0318131256952169,0.879,0.997665628245068,Recruitment
Caulobacter,Methionine_140,0.136373748609566,0.476,0.997665628245068,Recruitment
Caulobacter,Unknown_142,0.148387096774194,0.472,0.997665628245068,Recruitment
Caulobacter,Riboflavin_143,0.082091212458287,0.641,0.997665628245068,Recruitment
Caulobacter,Unknown_145,-0.0260289210233593,0.897,0.997665628245068,Recruitment
Caulobacter,Unknown_146,-0.0197997775305895,0.922,0.997665628245068,Recruitment
Caulobacter,Unknown_148,0.0113459399332592,0.948,0.997665628245068,Recruitment
Caulobacter,Unknown_153,0.0242491657397108,0.893,0.997665628245068,Recruitment
Caulobacter,Glutamine_154,-0.0816462736373749,0.679,0.997665628245068,Recruitment
Caulobacter,Glutamine.unknown_155,-0.0834260289210234,0.637,0.997665628245068,Recruitment
Caulobacter,Succinate_156,-0.249388209121246,0.204,0.934156028368794,Recruitment
Caulobacter,Saccharopine.unknown_157,-0.183092324805339,0.333,0.972791728212703,Recruitment
Caulobacter,Glutamate.unknown_158,0.202224694104561,0.292,0.960306260575296,Recruitment
Caulobacter,Unknown_159,0.0887652947719689,0.634,0.997665628245068,Recruitment
Caulobacter,Glutamate.unknown_161,0.153726362625139,0.446,0.997665628245068,Recruitment
Caulobacter,Unknown_162,0.135928809788654,0.493,0.997665628245068,Recruitment
Caulobacter,Valine.unknown_168,0.135928809788654,0.496,0.997665628245068,Recruitment
Caulobacter,Unknown_169,0.102558398220245,0.584,0.997665628245068,Recruitment
Caulobacter,Glutarate_171,0.146162402669633,0.422,0.993033775633293,Recruitment
Caulobacter,Glutamine.unknown_172,0.00333704115684093,0.988,0.997665628245068,Recruitment
Caulobacter,Glutamine.glutamate_173,-0.0941045606229143,0.627,0.997665628245068,Recruitment
Caulobacter,Methionine.glutamate.glutamine_177,0.0318131256952169,0.866,0.997665628245068,Recruitment
Caulobacter,Unknown_182,-0.183092324805339,0.34,0.972791728212703,Recruitment
Caulobacter,Unknown_185,-0.119466073414905,0.537,0.997665628245068,Recruitment
Caulobacter,Glutamate_187,0.0656284760845384,0.736,0.997665628245068,Recruitment
Caulobacter,Glutamate.unknown_189,-0.0967741935483871,0.611,0.997665628245068,Recruitment
Caulobacter,Unknown_190,-0.184427141268076,0.335,0.972791728212703,Recruitment
Caulobacter,Unknown_191,-0.146162402669633,0.439,0.996236119228521,Recruitment
Caulobacter,Unknown_192,-0.148387096774194,0.452,0.997665628245068,Recruitment
Caulobacter,Unknown_193,-0.25027808676307,0.197,0.934122399020808,Recruitment
Caulobacter,Isoleucine.unknown_194,-0.0923248053392658,0.625,0.997665628245068,Recruitment
Caulobacter,Unknown_195,-0.0918798665183537,0.636,0.997665628245068,Recruitment
Caulobacter,Unknown_196,-0.0113459399332592,0.943,0.997665628245068,Recruitment
Caulobacter,Acetate_197,0.0731924360400445,0.684,0.997665628245068,Recruitment
Caulobacter,Lysine.unknown_198,0.267185761957731,0.188,0.934122399020808,Recruitment
Caulobacter,Lysine.unknown_199,0.236511293042118,0.197,0.934122399020808,Recruitment
Caulobacter,Lysine.unknown_200,0.213348164627364,0.251,0.94865756097561,Recruitment
Caulobacter,Unknown_201,0.186206896551724,0.312,0.967724579663731,Recruitment
Caulobacter,Unknown_202,0.103893214682981,0.569,0.997665628245068,Recruitment
Caulobacter,Leucine.lysine_205,0.0709677419354839,0.723,0.997665628245068,Recruitment
Caulobacter,Leucine.unknown_209,0.0291434927697442,0.867,0.997665628245068,Recruitment
Caulobacter,Leucine.unknown_211,0.0651835372636263,0.722,0.997665628245068,Recruitment
Caulobacter,Alanine_212,-0.0344827586206897,0.842,0.997665628245068,Recruitment
Caulobacter,Unknown_214,-0.178197997775306,0.346,0.982700879765396,Recruitment
Caulobacter,Unknown_215,-0.228476084538376,0.194,0.934122399020808,Recruitment
Caulobacter,Isoleucine.unknown_218,-0.243604004449388,0.213,0.935388888888889,Recruitment
Caulobacter,Unknown_219,-0.305005561735261,0.1,0.819027484143763,Recruitment
Caulobacter,Unknown_220,-0.190211345939933,0.3,0.962086092715232,Recruitment
Caulobacter,Propylene_glycol_221,0.275194660734149,0.134,0.903711835334477,Recruitment
Caulobacter,Isoleucine_225,-0.0100111234705228,0.958,0.997665628245068,Recruitment
Caulobacter,Valine_227,-0.00467185761957731,0.972,0.997665628245068,Recruitment
Caulobacter,Leucine_229,0.118576195773081,0.516,0.997665628245068,Recruitment
Caulobacter,Leucine.isoleucine_230,-0.0175750834260289,0.932,0.997665628245068,Recruitment
Alkalibacterium,NAD._2,0.147942157953281,0.425,0.993033775633293,Recruitment
Alkalibacterium,Unknown_3,-0.103448275862069,0.597,0.997665628245068,Recruitment
Alkalibacterium,Formate_5,0.148387096774194,0.431,0.993745260663507,Recruitment
Alkalibacterium,Unknown_7,-0.00734149054505006,0.964,0.997665628245068,Recruitment
Alkalibacterium,Unknown_8,-0.117686318131257,0.532,0.997665628245068,Recruitment
Alkalibacterium,Hypoxanthine_10,0.021579532814238,0.921,0.997665628245068,Recruitment
Alkalibacterium,NAD._11,-0.0424916573971079,0.833,0.997665628245068,Recruitment
Alkalibacterium,Tryptophan_14,-0.10567296996663,0.56,0.997665628245068,Recruitment
Alkalibacterium,Unknown_15,0.0238042269187987,0.907,0.997665628245068,Recruitment
Alkalibacterium,Phenylalanine_19,-0.00244716351501669,0.992,0.997665628245068,Recruitment
Alkalibacterium,Tyrosine_20,0.0869855394883204,0.647,0.997665628245068,Recruitment
Alkalibacterium,Unknown_22,-0.107007786429366,0.564,0.997665628245068,Recruitment
Alkalibacterium,Unknown_23,0.163515016685206,0.393,0.99055432661028,Recruitment
Alkalibacterium,Unknown_24,0.0340378197997775,0.833,0.997665628245068,Recruitment
Alkalibacterium,Unknown_25,0.0206896551724138,0.908,0.997665628245068,Recruitment
Alkalibacterium,Unknown_26,0.0593993325917686,0.767,0.997665628245068,Recruitment
Alkalibacterium,Unknown_28,-0.0482758620689655,0.822,0.997665628245068,Recruitment
Alkalibacterium,Uridine_29,0.00556173526140156,0.987,0.997665628245068,Recruitment
Alkalibacterium,Uracil_30,-0.155061179087875,0.401,0.991189889025894,Recruitment
Alkalibacterium,Unknown_31,0.152836484983315,0.406,0.991189889025894,Recruitment
Alkalibacterium,Maltose.Glucose_32,0.145717463848721,0.411,0.991189889025894,Recruitment
Alkalibacterium,Unknown_33,0.0954393770856507,0.615,0.997665628245068,Recruitment
Alkalibacterium,Unknown_34,0.232035595105673,0.185,0.934122399020808,Recruitment
Alkalibacterium,Maltose.unknown_37,-0.0149054505005562,0.948,0.997665628245068,Recruitment
Alkalibacterium,Maltose.glucose.unknown_38,0.147052280311457,0.435,0.995323512080141,Recruitment
Alkalibacterium,Ascorbate_40,0.255172413793103,0.157,0.934122399020808,Recruitment
Alkalibacterium,Unknown_41,0.0126807563959956,0.945,0.997665628245068,Recruitment
Alkalibacterium,Threonine_42,-0.163515016685206,0.351,0.984629978276611,Recruitment
Alkalibacterium,Unknown_43,-0.230700778642937,0.21,0.935388888888889,Recruitment
Alkalibacterium,Unknown_44,-0.0656284760845384,0.733,0.997665628245068,Recruitment
Alkalibacterium,Unknown_45,-0.122135706340378,0.526,0.997665628245068,Recruitment
Alkalibacterium,Unknown_46,-0.264071190211346,0.164,0.934122399020808,Recruitment
Alkalibacterium,Unknown_47,-0.173748609566185,0.336,0.972791728212703,Recruitment
Alkalibacterium,Lactate_48,-0.119911012235818,0.533,0.997665628245068,Recruitment
Alkalibacterium,Unknown_49,0.057174638487208,0.774,0.997665628245068,Recruitment
Alkalibacterium,Unknown_50,0.0932146829810901,0.61,0.997665628245068,Recruitment
Alkalibacterium,Unknown_51,0.0269187986651835,0.89,0.997665628245068,Recruitment
Alkalibacterium,Unknown_52,0.0135706340378198,0.944,0.997665628245068,Recruitment
Alkalibacterium,Unknown_53,0.0660734149054505,0.742,0.997665628245068,Recruitment
Alkalibacterium,Unknown_54,0.046496106785317,0.822,0.997665628245068,Recruitment
Alkalibacterium,Unknown_55,0.259176863181313,0.165,0.934122399020808,Recruitment
Alkalibacterium,Unknown_56,0.210678531701891,0.252,0.948734693877551,Recruitment
Alkalibacterium,Maltose.unknown_67,0.129254727474972,0.499,0.997665628245068,Recruitment
Alkalibacterium,Maltose.unknown_68,0.187986651835373,0.326,0.972205049732211,Recruitment
Alkalibacterium,Maltose.unknown_69,0.183092324805339,0.338,0.972791728212703,Recruitment
Alkalibacterium,Maltose.unknown_70,0.0433815350389321,0.822,0.997665628245068,Recruitment
Alkalibacterium,Maltose.unknown_71,-0.0545050055617353,0.759,0.997665628245068,Recruitment
Alkalibacterium,Maltose_72,-0.039377085650723,0.818,0.997665628245068,Recruitment
Alkalibacterium,Maltose_73,-0.0380422691879867,0.836,0.997665628245068,Recruitment
Alkalibacterium,Maltose.unknown_74,-0.0634037819799778,0.722,0.997665628245068,Recruitment
Alkalibacterium,Maltose_75,0.0135706340378198,0.943,0.997665628245068,Recruitment
Alkalibacterium,Maltose.unknown_76,0.0122358175750834,0.945,0.997665628245068,Recruitment
Alkalibacterium,Maltose.unknown_77,0.119466073414905,0.542,0.997665628245068,Recruitment
Alkalibacterium,Unknown_79,0.17285873192436,0.354,0.98798132183908,Recruitment
Alkalibacterium,Unknown_81,0.225806451612903,0.244,0.94865756097561,Recruitment
Alkalibacterium,Maltose.unknown_87,0.060734149054505,0.741,0.997665628245068,Recruitment
Alkalibacterium,Maltose.unknown_88,0.0460511679644049,0.803,0.997665628245068,Recruitment
Alkalibacterium,Unknown_89,0.0246941045606229,0.9,0.997665628245068,Recruitment
Alkalibacterium,Unknown_90,-0.0629588431590656,0.738,0.997665628245068,Recruitment
Alkalibacterium,Unknown_91,0.0487208008898776,0.796,0.997665628245068,Recruitment
Alkalibacterium,Unknown_92,0.0264738598442714,0.888,0.997665628245068,Recruitment
Alkalibacterium,Uknown_93,0.0229143492769744,0.9,0.997665628245068,Recruitment
Alkalibacterium,Unknown_94,-0.0553948832035595,0.779,0.997665628245068,Recruitment
Alkalibacterium,Uknown_95,-0.0562847608453838,0.775,0.997665628245068,Recruitment
Alkalibacterium,Unknown_96,-0.0126807563959956,0.945,0.997665628245068,Recruitment
Alkalibacterium,Unknown_97,0.00467185761957731,0.986,0.997665628245068,Recruitment
Alkalibacterium,Glycine_99,-0.206674082313682,0.25,0.94865756097561,Recruitment
Alkalibacterium,Glucose_100,-0.0349276974416018,0.863,0.997665628245068,Recruitment
Alkalibacterium,Glucose_101,0.118131256952169,0.519,0.997665628245068,Recruitment
Alkalibacterium,Glucose_102,0.0353726362625139,0.855,0.997665628245068,Recruitment
Alkalibacterium,Glucose_103,0.0157953281423804,0.951,0.997665628245068,Recruitment
Alkalibacterium,Glucose_104,-0.0491657397107898,0.791,0.997665628245068,Recruitment
Alkalibacterium,Maltose.taurine.glucose_107,0.0625139043381535,0.724,0.997665628245068,Recruitment
Alkalibacterium,Glucose_108,-0.028698553948832,0.907,0.997665628245068,Recruitment
Alkalibacterium,Unknown_109,0.0331479421579533,0.875,0.997665628245068,Recruitment
Alkalibacterium,Glucose_110,-0.0162402669632925,0.939,0.997665628245068,Recruitment
Alkalibacterium,Maltose.taurine_113,0.135483870967742,0.464,0.997665628245068,Recruitment
Alkalibacterium,Glucose_116,-0.000667408231368187,0.997,0.999580227743271,Recruitment
Alkalibacterium,Glucose_117,-0.0402669632925473,0.842,0.997665628245068,Recruitment
Alkalibacterium,Unknown_118,0.411790878754171,0.031,0.698220930232558,Recruitment
Alkalibacterium,Carnitine_119,0.13503893214683,0.487,0.997665628245068,Recruitment
Alkalibacterium,O_phosphocholine_120,0.0375973303670745,0.838,0.997665628245068,Recruitment
Alkalibacterium,Unknown_121,0.0416017797552836,0.793,0.997665628245068,Recruitment
Alkalibacterium,Unknown_122,-0.33615127919911,0.077,0.766832904884319,Recruitment
Alkalibacterium,Unknown_123,-0.189321468298109,0.304,0.964533988533989,Recruitment
Alkalibacterium,Unknown_124,-0.0082313681868743,0.974,0.997665628245068,Recruitment
Alkalibacterium,Unknown_125,-0.0582934701571353,0.751,0.997665628245068,Recruitment
Alkalibacterium,Unknown_126,-0.0184649610678532,0.908,0.997665628245068,Recruitment
Alkalibacterium,Unknown_128,-0.123025583982202,0.509,0.997665628245068,Recruitment
Alkalibacterium,Creatine_129,-0.125695216907675,0.541,0.997665628245068,Recruitment
Alkalibacterium,Creatinephosphate_130,0.166184649610679,0.38,0.99055432661028,Recruitment
Alkalibacterium,Unknown_131,-0.00378197997775306,0.988,0.997665628245068,Recruitment
Alkalibacterium,Asparagine_133,-0.0651835372636263,0.702,0.997665628245068,Recruitment
Alkalibacterium,N.N.dimethylglycine_134,0.277864293659622,0.137,0.905696245733788,Recruitment
Alkalibacterium,Aspartate_136,-0.00556173526140156,0.975,0.997665628245068,Recruitment
Alkalibacterium,Methionine_138,-0.0433815350389321,0.808,0.997665628245068,Recruitment
Alkalibacterium,Unknown_139,-0.125695216907675,0.477,0.997665628245068,Recruitment
Alkalibacterium,Methionine_140,-0.00867630700778643,0.96,0.997665628245068,Recruitment
Alkalibacterium,Unknown_142,0.0246941045606229,0.883,0.997665628245068,Recruitment
Alkalibacterium,Riboflavin_143,-0.105228031145717,0.574,0.997665628245068,Recruitment
Alkalibacterium,Unknown_145,-0.0771968854282536,0.679,0.997665628245068,Recruitment
Alkalibacterium,Unknown_146,-0.159955506117909,0.393,0.99055432661028,Recruitment
Alkalibacterium,Unknown_148,-0.154171301446051,0.446,0.997665628245068,Recruitment
Alkalibacterium,Unknown_153,-0.0469410456062291,0.822,0.997665628245068,Recruitment
Alkalibacterium,Glutamine_154,-0.103448275862069,0.586,0.997665628245068,Recruitment
Alkalibacterium,Glutamine.unknown_155,-0.0798665183537264,0.677,0.997665628245068,Recruitment
Alkalibacterium,Succinate_156,-0.0794215795328142,0.675,0.997665628245068,Recruitment
Alkalibacterium,Saccharopine.unknown_157,-0.2,0.274,0.95296256684492,Recruitment
Alkalibacterium,Glutamate.unknown_158,0.145272525027809,0.448,0.997665628245068,Recruitment
Alkalibacterium,Unknown_159,0.0197997775305895,0.908,0.997665628245068,Recruitment
Alkalibacterium,Glutamate.unknown_161,0.039377085650723,0.816,0.997665628245068,Recruitment
Alkalibacterium,Unknown_162,0.0718576195773081,0.693,0.997665628245068,Recruitment
Alkalibacterium,Valine.unknown_168,-0.0309232480533927,0.86,0.997665628245068,Recruitment
Alkalibacterium,Unknown_169,-0.0918798665183537,0.624,0.997665628245068,Recruitment
Alkalibacterium,Glutarate_171,-0.0278086763070078,0.892,0.997665628245068,Recruitment
Alkalibacterium,Glutamine.unknown_172,-0.0562847608453838,0.766,0.997665628245068,Recruitment
Alkalibacterium,Glutamine.glutamate_173,-0.188876529477197,0.324,0.971489197530864,Recruitment
Alkalibacterium,Methionine.glutamate.glutamine_177,-0.0994438264738598,0.584,0.997665628245068,Recruitment
Alkalibacterium,Unknown_182,-0.165739710789766,0.33,0.972791728212703,Recruitment
Alkalibacterium,Unknown_185,-0.172413793103448,0.347,0.983334792122538,Recruitment
Alkalibacterium,Glutamate_187,0.0238042269187987,0.904,0.997665628245068,Recruitment
Alkalibacterium,Glutamate.unknown_189,-0.168854282536151,0.351,0.984629978276611,Recruitment
Alkalibacterium,Unknown_190,-0.222246941045606,0.221,0.935388888888889,Recruitment
Alkalibacterium,Unknown_191,-0.213793103448276,0.258,0.952022684310019,Recruitment
Alkalibacterium,Unknown_192,-0.198665183537264,0.285,0.955922077922078,Recruitment
Alkalibacterium,Unknown_193,-0.251612903225806,0.19,0.934122399020808,Recruitment
Alkalibacterium,Isoleucine.unknown_194,-0.190656284760845,0.313,0.969257232212666,Recruitment
Alkalibacterium,Unknown_195,-0.167074527252503,0.39,0.99055432661028,Recruitment
Alkalibacterium,Unknown_196,-0.0883203559510567,0.641,0.997665628245068,Recruitment
Alkalibacterium,Acetate_197,0.0171301446051168,0.926,0.997665628245068,Recruitment
Alkalibacterium,Lysine.unknown_198,0.156840934371524,0.41,0.991189889025894,Recruitment
Alkalibacterium,Lysine.unknown_199,0.203582157228163,0.269,0.95296256684492,Recruitment
Alkalibacterium,Lysine.unknown_200,0.200444938820912,0.274,0.95296256684492,Recruitment
Alkalibacterium,Unknown_201,0.207563959955506,0.271,0.95296256684492,Recruitment
Alkalibacterium,Unknown_202,0.0598442714126808,0.779,0.997665628245068,Recruitment
Alkalibacterium,Leucine.lysine_205,-0.0812013348164627,0.658,0.997665628245068,Recruitment
Alkalibacterium,Leucine.unknown_209,-0.0914349276974416,0.615,0.997665628245068,Recruitment
Alkalibacterium,Leucine.unknown_211,-0.0442714126807564,0.807,0.997665628245068,Recruitment
Alkalibacterium,Alanine_212,-0.085650723025584,0.648,0.997665628245068,Recruitment
Alkalibacterium,Unknown_214,-0.116796440489433,0.553,0.997665628245068,Recruitment
Alkalibacterium,Unknown_215,-0.1559510567297,0.406,0.991189889025894,Recruitment
Alkalibacterium,Isoleucine.unknown_218,-0.290322580645161,0.119,0.877816479400749,Recruitment
Alkalibacterium,Unknown_219,-0.296551724137931,0.108,0.843532258064516,Recruitment
Alkalibacterium,Unknown_220,-0.253837597330367,0.19,0.934122399020808,Recruitment
Alkalibacterium,Propylene_glycol_221,0.422914349276974,0.019,0.584174603174603,Recruitment
Alkalibacterium,Isoleucine_225,-0.0709677419354839,0.711,0.997665628245068,Recruitment
Alkalibacterium,Valine_227,-0.114571746384872,0.544,0.997665628245068,Recruitment
Alkalibacterium,Leucine_229,-0.0104560622914349,0.952,0.997665628245068,Recruitment
Alkalibacterium,Leucine.isoleucine_230,-0.110122358175751,0.549,0.997665628245068,Recruitment
Enterococcus,NAD._2,-0.0798665183537264,0.677,0.997665628245068,Recruitment
Enterococcus,Unknown_3,0.0349276974416018,0.859,0.997665628245068,Recruitment
Enterococcus,Formate_5,-0.0389321468298109,0.842,0.997665628245068,Recruitment
Enterococcus,Unknown_7,-0.24182424916574,0.224,0.935388888888889,Recruitment
Enterococcus,Unknown_8,0.0625139043381535,0.77,0.997665628245068,Recruitment
Enterococcus,Hypoxanthine_10,0.00734149054505006,0.962,0.997665628245068,Recruitment
Enterococcus,NAD._11,-0.0593993325917686,0.734,0.997665628245068,Recruitment
Enterococcus,Tryptophan_14,-0.267185761957731,0.165,0.934122399020808,Recruitment
Enterococcus,Unknown_15,-0.2587319243604,0.163,0.934122399020808,Recruitment
Enterococcus,Phenylalanine_19,0.0442714126807564,0.817,0.997665628245068,Recruitment
Enterococcus,Tyrosine_20,0.0794215795328142,0.704,0.997665628245068,Recruitment
Enterococcus,Unknown_22,0.0852057842046719,0.634,0.997665628245068,Recruitment
Enterococcus,Unknown_23,-0.00689655172413793,0.967,0.997665628245068,Recruitment
Enterococcus,Unknown_24,-0.139488320355951,0.446,0.997665628245068,Recruitment
Enterococcus,Unknown_25,-0.107007786429366,0.589,0.997665628245068,Recruitment
Enterococcus,Unknown_26,-0.0202447163515017,0.909,0.997665628245068,Recruitment
Enterococcus,Unknown_28,-0.0634037819799778,0.715,0.997665628245068,Recruitment
Enterococcus,Uridine_29,-0.00645161290322581,0.979,0.997665628245068,Recruitment
Enterococcus,Uracil_30,-0.035817575083426,0.849,0.997665628245068,Recruitment
Enterococcus,Unknown_31,0.0398220244716352,0.821,0.997665628245068,Recruitment
Enterococcus,Maltose.Glucose_32,-0.082091212458287,0.68,0.997665628245068,Recruitment
Enterococcus,Unknown_33,-0.138598442714127,0.448,0.997665628245068,Recruitment
Enterococcus,Unknown_34,0.0411568409343715,0.848,0.997665628245068,Recruitment
Enterococcus,Maltose.unknown_37,-0.162625139043382,0.387,0.99055432661028,Recruitment
Enterococcus,Maltose.glucose.unknown_38,-0.0349276974416018,0.88,0.997665628245068,Recruitment
Enterococcus,Ascorbate_40,0.299666295884316,0.104,0.837621621621622,Recruitment
Enterococcus,Unknown_41,0.284983314794216,0.135,0.903711835334477,Recruitment
Enterococcus,Threonine_42,0.126585094549499,0.509,0.997665628245068,Recruitment
Enterococcus,Unknown_43,0.0634037819799778,0.732,0.997665628245068,Recruitment
Enterococcus,Unknown_44,0.120800889877642,0.534,0.997665628245068,Recruitment
Enterococcus,Unknown_45,0.0384872080088988,0.832,0.997665628245068,Recruitment
Enterococcus,Unknown_46,-0.0540600667408231,0.769,0.997665628245068,Recruitment
Enterococcus,Unknown_47,0.060734149054505,0.767,0.997665628245068,Recruitment
Enterococcus,Lactate_48,-0.0754171301446051,0.68,0.997665628245068,Recruitment
Enterococcus,Unknown_49,-0.117686318131257,0.536,0.997665628245068,Recruitment
Enterococcus,Unknown_50,-0.103003337041157,0.574,0.997665628245068,Recruitment
Enterococcus,Unknown_51,-0.147497219132369,0.422,0.993033775633293,Recruitment
Enterococcus,Unknown_52,-0.115906562847608,0.538,0.997665628245068,Recruitment
Enterococcus,Unknown_53,-0.0914349276974416,0.606,0.997665628245068,Recruitment
Enterococcus,Unknown_54,-0.127030033370412,0.532,0.997665628245068,Recruitment
Enterococcus,Unknown_55,0.114571746384872,0.58,0.997665628245068,Recruitment
Enterococcus,Unknown_56,0.0656284760845384,0.764,0.997665628245068,Recruitment
Enterococcus,Maltose.unknown_67,-0.0674082313681869,0.749,0.997665628245068,Recruitment
Enterococcus,Maltose.unknown_68,-0.028698553948832,0.867,0.997665628245068,Recruitment
Enterococcus,Maltose.unknown_69,-0.0318131256952169,0.887,0.997665628245068,Recruitment
Enterococcus,Maltose.unknown_70,-0.0989988876529477,0.599,0.997665628245068,Recruitment
Enterococcus,Maltose.unknown_71,-0.163515016685206,0.384,0.99055432661028,Recruitment
Enterococcus,Maltose_72,-0.208898776418243,0.268,0.95296256684492,Recruitment
Enterococcus,Maltose_73,-0.246273637374861,0.191,0.934122399020808,Recruitment
Enterococcus,Maltose.unknown_74,-0.230700778642937,0.235,0.943512899896801,Recruitment
Enterococcus,Maltose_75,-0.184872080088988,0.372,0.99055432661028,Recruitment
Enterococcus,Maltose.unknown_76,-0.144382647385984,0.452,0.997665628245068,Recruitment
Enterococcus,Maltose.unknown_77,-0.0727474972191324,0.721,0.997665628245068,Recruitment
Enterococcus,Unknown_79,-0.0447163515016685,0.794,0.997665628245068,Recruitment
Enterococcus,Unknown_81,-0.00244716351501669,0.994,0.998122343182996,Recruitment
Enterococcus,Maltose.unknown_87,-0.150166852057842,0.44,0.996236119228521,Recruitment
Enterococcus,Maltose.unknown_88,-0.12258064516129,0.531,0.997665628245068,Recruitment
Enterococcus,Unknown_89,-0.148832035595106,0.428,0.993333333333333,Recruitment
Enterococcus,Unknown_90,-0.228031145717464,0.225,0.935388888888889,Recruitment
Enterococcus,Unknown_91,-0.122135706340378,0.535,0.997665628245068,Recruitment
Enterococcus,Unknown_92,-0.151946607341491,0.425,0.993033775633293,Recruitment
Enterococcus,Uknown_93,-0.131924360400445,0.478,0.997665628245068,Recruitment
Enterococcus,Unknown_94,-0.216462736373749,0.23,0.939894514767933,Recruitment
Enterococcus,Uknown_95,-0.219132369299221,0.228,0.936661717921527,Recruitment
Enterococcus,Unknown_96,-0.144827586206897,0.45,0.997665628245068,Recruitment
Enterococcus,Unknown_97,-0.153281423804227,0.423,0.993033775633293,Recruitment
Enterococcus,Glycine_99,0.039377085650723,0.817,0.997665628245068,Recruitment
Enterococcus,Glucose_100,0.110567296996663,0.571,0.997665628245068,Recruitment
Enterococcus,Glucose_101,0.201779755283648,0.275,0.95296256684492,Recruitment
Enterococcus,Glucose_102,0.162180200222469,0.375,0.99055432661028,Recruitment
Enterococcus,Glucose_103,0.16440489432703,0.379,0.99055432661028,Recruitment
Enterococcus,Glucose_104,0.0794215795328142,0.646,0.997665628245068,Recruitment
Enterococcus,Maltose.taurine.glucose_107,-0.0887652947719689,0.641,0.997665628245068,Recruitment
Enterococcus,Glucose_108,0.0407119021134594,0.842,0.997665628245068,Recruitment
Enterococcus,Unknown_109,0.0754171301446051,0.716,0.997665628245068,Recruitment
Enterococcus,Glucose_110,0.0224694104560623,0.91,0.997665628245068,Recruitment
Enterococcus,Maltose.taurine_113,-0.0558398220244716,0.778,0.997665628245068,Recruitment
Enterococcus,Glucose_116,0.272969966629588,0.158,0.934122399020808,Recruitment
Enterococcus,Glucose_117,0.253837597330367,0.183,0.934122399020808,Recruitment
Enterococcus,Unknown_118,0.463403781979978,0.009,0.447,Recruitment
Enterococcus,Carnitine_119,0.221802002224694,0.272,0.95296256684492,Recruitment
Enterococcus,O_phosphocholine_120,0.07853170189099,0.698,0.997665628245068,Recruitment
Enterococcus,Unknown_121,0.0518353726362625,0.791,0.997665628245068,Recruitment
Enterococcus,Unknown_122,-0.067853170189099,0.735,0.997665628245068,Recruitment
Enterococcus,Unknown_123,0.104783092324805,0.605,0.997665628245068,Recruitment
Enterococcus,Unknown_124,0.10166852057842,0.571,0.997665628245068,Recruitment
Enterococcus,Unknown_125,0.128379130842241,0.486,0.997665628245068,Recruitment
Enterococcus,Unknown_126,0.124360400444939,0.514,0.997665628245068,Recruitment
Enterococcus,Unknown_128,0.132814238042269,0.482,0.997665628245068,Recruitment
Enterococcus,Creatine_129,-0.462513904338153,0.01,0.466746987951807,Recruitment
Enterococcus,Creatinephosphate_130,0.107452725250278,0.565,0.997665628245068,Recruitment
Enterococcus,Unknown_131,0.36329254727475,0.041,0.707426086956522,Recruitment
Enterococcus,Asparagine_133,0.11412680756396,0.562,0.997665628245068,Recruitment
Enterococcus,N.N.dimethylglycine_134,-0.0220244716351502,0.922,0.997665628245068,Recruitment
Enterococcus,Aspartate_136,0.127919911012236,0.492,0.997665628245068,Recruitment
Enterococcus,Methionine_138,-0.0335928809788654,0.865,0.997665628245068,Recruitment
Enterococcus,Unknown_139,0.115016685205784,0.512,0.997665628245068,Recruitment
Enterococcus,Methionine_140,0.171523915461624,0.361,0.99055432661028,Recruitment
Enterococcus,Unknown_142,0.117686318131257,0.522,0.997665628245068,Recruitment
Enterococcus,Riboflavin_143,0.099888765294772,0.623,0.997665628245068,Recruitment
Enterococcus,Unknown_145,0.14349276974416,0.434,0.994273211117682,Recruitment
Enterococcus,Unknown_146,0.0153503893214683,0.936,0.997665628245068,Recruitment
Enterococcus,Unknown_148,-0.0189098998887653,0.922,0.997665628245068,Recruitment
Enterococcus,Unknown_153,-0.0545050055617353,0.748,0.997665628245068,Recruitment
Enterococcus,Glutamine_154,-0.0509454949944383,0.785,0.997665628245068,Recruitment
Enterococcus,Glutamine.unknown_155,0.103448275862069,0.562,0.997665628245068,Recruitment
Enterococcus,Succinate_156,-0.205339265850946,0.296,0.962086092715232,Recruitment
Enterococcus,Saccharopine.unknown_157,-0.190211345939933,0.323,0.971489197530864,Recruitment
Enterococcus,Glutamate.unknown_158,0.0585094549499444,0.782,0.997665628245068,Recruitment
Enterococcus,Unknown_159,0.138598442714127,0.465,0.997665628245068,Recruitment
Enterococcus,Glutamate.unknown_161,0.18754171301446,0.327,0.972205049732211,Recruitment
Enterococcus,Unknown_162,0.134149054505006,0.458,0.997665628245068,Recruitment
Enterococcus,Valine.unknown_168,0.0402669632925473,0.829,0.997665628245068,Recruitment
Enterococcus,Unknown_169,-0.00778642936596218,0.977,0.997665628245068,Recruitment
Enterococcus,Glutarate_171,-0.00244716351501669,0.992,0.997665628245068,Recruitment
Enterococcus,Glutamine.unknown_172,0.0344827586206897,0.86,0.997665628245068,Recruitment
Enterococcus,Glutamine.glutamate_173,-0.0140155728587319,0.936,0.997665628245068,Recruitment
Enterococcus,Methionine.glutamate.glutamine_177,0.125250278086763,0.502,0.997665628245068,Recruitment
Enterococcus,Unknown_182,0.212458286985539,0.282,0.954170583115753,Recruitment
Enterococcus,Unknown_185,0.237374860956618,0.216,0.935388888888889,Recruitment
Enterococcus,Glutamate_187,0.352169076751947,0.056,0.74349494949495,Recruitment
Enterococcus,Glutamate.unknown_189,0.158620689655172,0.411,0.991189889025894,Recruitment
Enterococcus,Unknown_190,0.131479421579533,0.499,0.997665628245068,Recruitment
Enterococcus,Unknown_191,0.12880978865406,0.511,0.997665628245068,Recruitment
Enterococcus,Unknown_192,0.171078976640712,0.359,0.989869039145907,Recruitment
Enterococcus,Unknown_193,0.121245828698554,0.526,0.997665628245068,Recruitment
Enterococcus,Isoleucine.unknown_194,0.032258064516129,0.848,0.997665628245068,Recruitment
Enterococcus,Unknown_195,-0.0224694104560623,0.912,0.997665628245068,Recruitment
Enterococcus,Unknown_196,0.0531701890989989,0.788,0.997665628245068,Recruitment
Enterococcus,Acetate_197,-0.0398220244716352,0.832,0.997665628245068,Recruitment
Enterococcus,Lysine.unknown_198,0.327252502780868,0.077,0.766832904884319,Recruitment
Enterococcus,Lysine.unknown_199,0.35710312825268,0.06,0.745,Recruitment
Enterococcus,Lysine.unknown_200,0.343715239154616,0.051,0.734021052631579,Recruitment
Enterococcus,Unknown_201,0.345939933259177,0.061,0.747829113924051,Recruitment
Enterococcus,Unknown_202,0.219132369299221,0.254,0.952022684310019,Recruitment
Enterococcus,Leucine.lysine_205,0.0718576195773081,0.701,0.997665628245068,Recruitment
Enterococcus,Leucine.unknown_209,-0.00556173526140156,0.974,0.997665628245068,Recruitment
Enterococcus,Leucine.unknown_211,0.0776418242491657,0.666,0.997665628245068,Recruitment
Enterococcus,Alanine_212,0.0327030033370412,0.866,0.997665628245068,Recruitment
Enterococcus,Unknown_214,0.0745272525027809,0.702,0.997665628245068,Recruitment
Enterococcus,Unknown_215,0.0665183537263626,0.724,0.997665628245068,Recruitment
Enterococcus,Isoleucine.unknown_218,-0.231590656284761,0.229,0.938778835978836,Recruitment
Enterococcus,Unknown_219,-0.213793103448276,0.263,0.95296256684492,Recruitment
Enterococcus,Unknown_220,-0.207563959955506,0.301,0.962107260726073,Recruitment
Enterococcus,Propylene_glycol_221,0.310344827586207,0.096,0.810248366013072,Recruitment
Enterococcus,Isoleucine_225,0.060734149054505,0.751,0.997665628245068,Recruitment
Enterococcus,Valine_227,0.0082313681868743,0.971,0.997665628245068,Recruitment
Enterococcus,Leucine_229,0.092769744160178,0.618,0.997665628245068,Recruitment
Enterococcus,Leucine.isoleucine_230,0.032258064516129,0.863,0.997665628245068,Recruitment
Paracoccus,NAD._2,0.111902113459399,0.518,0.997665628245068,Recruitment
Paracoccus,Unknown_3,-0.0469410456062291,0.815,0.997665628245068,Recruitment
Paracoccus,Formate_5,-0.332591768631813,0.081,0.786451127819549,Recruitment
Paracoccus,Unknown_7,-0.38020022246941,0.041,0.707426086956522,Recruitment
Paracoccus,Unknown_8,-0.27741935483871,0.136,0.903711835334477,Recruitment
Paracoccus,Hypoxanthine_10,-0.0558398220244716,0.77,0.997665628245068,Recruitment
Paracoccus,NAD._11,-0.242714126807564,0.182,0.934122399020808,Recruitment
Paracoccus,Tryptophan_14,-0.103893214682981,0.585,0.997665628245068,Recruitment
Paracoccus,Unknown_15,-0.418909899888765,0.013,0.498633663366337,Recruitment
Paracoccus,Phenylalanine_19,0.273859844271413,0.136,0.903711835334477,Recruitment
Paracoccus,Tyrosine_20,0.28587319243604,0.128,0.88706976744186,Recruitment
Paracoccus,Unknown_22,0.0340378197997775,0.846,0.997665628245068,Recruitment
Paracoccus,Unknown_23,-0.332146829810901,0.082,0.789844660194175,Recruitment
Paracoccus,Unknown_24,-0.320133481646274,0.092,0.805654867256637,Recruitment
Paracoccus,Unknown_25,-0.323692992213571,0.085,0.791169014084507,Recruitment
Paracoccus,Unknown_26,-0.245828698553949,0.227,0.935529787234043,Recruitment
Paracoccus,Unknown_28,-0.291212458286986,0.106,0.843532258064516,Recruitment
Paracoccus,Uridine_29,-0.306340378197998,0.115,0.865067961165049,Recruitment
Paracoccus,Uracil_30,-0.414015572858732,0.021,0.611684210526316,Recruitment
Paracoccus,Unknown_31,-0.269855394883204,0.158,0.934122399020808,Recruitment
Paracoccus,Maltose.Glucose_32,0.22313681868743,0.233,0.941232533889468,Recruitment
Paracoccus,Unknown_33,0.114571746384872,0.525,0.997665628245068,Recruitment
Paracoccus,Unknown_34,0.195550611790879,0.317,0.969257232212666,Recruitment
Paracoccus,Maltose.unknown_37,0.192880978865406,0.305,0.966124284546198,Recruitment
Paracoccus,Maltose.glucose.unknown_38,0.163515016685206,0.373,0.99055432661028,Recruitment
Paracoccus,Ascorbate_40,0.117241379310345,0.548,0.997665628245068,Recruitment
Paracoccus,Unknown_41,-0.196440489432703,0.291,0.959433191489362,Recruitment
Paracoccus,Threonine_42,-0.238709677419355,0.196,0.934122399020808,Recruitment
Paracoccus,Unknown_43,-0.437597330367075,0.02,0.60062015503876,Recruitment
Paracoccus,Unknown_44,-0.255617352614016,0.185,0.934122399020808,Recruitment
Paracoccus,Unknown_45,-0.20845383759733,0.248,0.94865756097561,Recruitment
Paracoccus,Unknown_46,-0.156395995550612,0.412,0.991189889025894,Recruitment
Paracoccus,Unknown_47,-0.0909899888765295,0.642,0.997665628245068,Recruitment
Paracoccus,Lactate_48,0.247608453837597,0.178,0.934122399020808,Recruitment
Paracoccus,Unknown_49,0.10166852057842,0.585,0.997665628245068,Recruitment
Paracoccus,Unknown_50,0.212013348164627,0.254,0.952022684310019,Recruitment
Paracoccus,Unknown_51,0.177308120133482,0.342,0.975631811487482,Recruitment
Paracoccus,Unknown_52,0.210233592880979,0.284,0.955048611111111,Recruitment
Paracoccus,Unknown_53,0.0340378197997775,0.879,0.997665628245068,Recruitment
Paracoccus,Unknown_54,0.22313681868743,0.236,0.943512899896801,Recruitment
Paracoccus,Unknown_55,0.0958843159065629,0.589,0.997665628245068,Recruitment
Paracoccus,Unknown_56,0.0958843159065629,0.636,0.997665628245068,Recruitment
Paracoccus,Maltose.unknown_67,0.281868743047831,0.139,0.911529411764706,Recruitment
Paracoccus,Maltose.unknown_68,0.219132369299221,0.263,0.95296256684492,Recruitment
Paracoccus,Maltose.unknown_69,0.295216907675195,0.12,0.877816479400749,Recruitment
Paracoccus,Maltose.unknown_70,0.281868743047831,0.152,0.920075,Recruitment
Paracoccus,Maltose.unknown_71,0.204004449388209,0.27,0.95296256684492,Recruitment
Paracoccus,Maltose_72,0.110567296996663,0.587,0.997665628245068,Recruitment
Paracoccus,Maltose_73,0.181312569521691,0.343,0.977045588235294,Recruitment
Paracoccus,Maltose.unknown_74,0.155506117908788,0.385,0.99055432661028,Recruitment
Paracoccus,Maltose_75,0.207119021134594,0.26,0.952022684310019,Recruitment
Paracoccus,Maltose.unknown_76,0.209343715239155,0.277,0.953017761989343,Recruitment
Paracoccus,Maltose.unknown_77,0.322358175750834,0.078,0.77084693877551,Recruitment
Paracoccus,Unknown_79,0.389543937708565,0.032,0.704363636363636,Recruitment
Paracoccus,Unknown_81,0.35706340378198,0.054,0.734021052631579,Recruitment
Paracoccus,Maltose.unknown_87,0.296996662958843,0.105,0.843532258064516,Recruitment
Paracoccus,Maltose.unknown_88,0.278754171301446,0.135,0.903711835334477,Recruitment
Paracoccus,Unknown_89,0.221357063403782,0.24,0.945839267548321,Recruitment
Paracoccus,Unknown_90,0.178197997775306,0.314,0.969257232212666,Recruitment
Paracoccus,Unknown_91,0.24182424916574,0.198,0.934156028368794,Recruitment
Paracoccus,Unknown_92,0.227586206896552,0.226,0.935388888888889,Recruitment
Paracoccus,Uknown_93,0.204449388209121,0.278,0.953072566371682,Recruitment
Paracoccus,Unknown_94,0.152836484983315,0.4,0.991189889025894,Recruitment
Paracoccus,Uknown_95,0.154616240266963,0.411,0.991189889025894,Recruitment
Paracoccus,Unknown_96,0.20845383759733,0.241,0.946977777777778,Recruitment
Paracoccus,Unknown_97,0.222691879866518,0.218,0.935388888888889,Recruitment
Paracoccus,Glycine_99,0.119021134593993,0.523,0.997665628245068,Recruitment
Paracoccus,Glucose_100,-0.0629588431590656,0.748,0.997665628245068,Recruitment
Paracoccus,Glucose_101,0.0567296996662959,0.731,0.997665628245068,Recruitment
Paracoccus,Glucose_102,-0.0082313681868743,0.972,0.997665628245068,Recruitment
Paracoccus,Glucose_103,-0.00600667408231368,0.978,0.997665628245068,Recruitment
Paracoccus,Glucose_104,-0.00600667408231368,0.98,0.997665628245068,Recruitment
Paracoccus,Maltose.taurine.glucose_107,0.0553948832035595,0.775,0.997665628245068,Recruitment
Paracoccus,Glucose_108,-0.0135706340378198,0.94,0.997665628245068,Recruitment
Paracoccus,Unknown_109,0.0220244716351502,0.921,0.997665628245068,Recruitment
Paracoccus,Glucose_110,-0.0375973303670745,0.836,0.997665628245068,Recruitment
Paracoccus,Maltose.taurine_113,0.155061179087875,0.391,0.99055432661028,Recruitment
Paracoccus,Glucose_116,0.0620689655172414,0.731,0.997665628245068,Recruitment
Paracoccus,Glucose_117,0.0269187986651835,0.889,0.997665628245068,Recruitment
Paracoccus,Unknown_118,0.280533926585095,0.132,0.898713532513181,Recruitment
Paracoccus,Carnitine_119,-0.187096774193548,0.302,0.962920164609053,Recruitment
Paracoccus,O_phosphocholine_120,-0.354393770856507,0.072,0.766832904884319,Recruitment
Paracoccus,Unknown_121,-0.329032258064516,0.09,0.80151724137931,Recruitment
Paracoccus,Unknown_122,-0.330367074527253,0.072,0.766832904884319,Recruitment
Paracoccus,Unknown_123,-0.148832035595106,0.441,0.997334500875657,Recruitment
Paracoccus,Unknown_124,0.269855394883204,0.146,0.912264516129032,Recruitment
Paracoccus,Unknown_125,0.0189120036769332,0.925,0.997665628245068,Recruitment
Paracoccus,Unknown_126,0.116351501668521,0.535,0.997665628245068,Recruitment
Paracoccus,Unknown_128,-0.0860956618464961,0.657,0.997665628245068,Recruitment
Paracoccus,Creatine_129,-0.42825361512792,0.018,0.571573770491803,Recruitment
Paracoccus,Creatinephosphate_130,-0.184872080088988,0.323,0.971489197530864,Recruitment
Paracoccus,Unknown_131,-0.127030033370412,0.488,0.997665628245068,Recruitment
Paracoccus,Asparagine_133,-0.205784204671858,0.282,0.954170583115753,Recruitment
Paracoccus,N.N.dimethylglycine_134,-0.176418242491657,0.358,0.989223965763195,Recruitment
Paracoccus,Aspartate_136,0.268965517241379,0.156,0.931192604006163,Recruitment
Paracoccus,Methionine_138,0.0687430478309232,0.703,0.997665628245068,Recruitment
Paracoccus,Unknown_139,-0.207119021134594,0.289,0.958549657534246,Recruitment
Paracoccus,Methionine_140,0.333481646273637,0.076,0.766832904884319,Recruitment
Paracoccus,Unknown_142,-0.268075639599555,0.161,0.934122399020808,Recruitment
Paracoccus,Riboflavin_143,-0.205784204671858,0.28,0.954170583115753,Recruitment
Paracoccus,Unknown_145,-0.261846496106785,0.165,0.934122399020808,Recruitment
Paracoccus,Unknown_146,-0.332146829810901,0.073,0.766832904884319,Recruitment
Paracoccus,Unknown_148,-0.390433815350389,0.039,0.707426086956522,Recruitment
Paracoccus,Unknown_153,-0.312124582869855,0.075,0.766832904884319,Recruitment
Paracoccus,Glutamine_154,-0.224026696329255,0.203,0.934156028368794,Recruitment
Paracoccus,Glutamine.unknown_155,-0.0424916573971079,0.814,0.997665628245068,Recruitment
Paracoccus,Succinate_156,-0.0731924360400445,0.698,0.997665628245068,Recruitment
Paracoccus,Saccharopine.unknown_157,-0.128364849833148,0.469,0.997665628245068,Recruitment
Paracoccus,Glutamate.unknown_158,0.117686318131257,0.539,0.997665628245068,Recruitment
Paracoccus,Unknown_159,0.0634037819799778,0.743,0.997665628245068,Recruitment
Paracoccus,Glutamate.unknown_161,0.124360400444939,0.509,0.997665628245068,Recruitment
Paracoccus,Unknown_162,-0.0109010011123471,0.95,0.997665628245068,Recruitment
Paracoccus,Valine.unknown_168,-0.164849833147942,0.378,0.99055432661028,Recruitment
Paracoccus,Unknown_169,-0.259176863181313,0.171,0.934122399020808,Recruitment
Paracoccus,Glutarate_171,-0.107452725250278,0.599,0.997665628245068,Recruitment
Paracoccus,Glutamine.unknown_172,-0.163515016685206,0.389,0.99055432661028,Recruitment
Paracoccus,Glutamine.glutamate_173,-0.184427141268076,0.311,0.967724579663731,Recruitment
Paracoccus,Methionine.glutamate.glutamine_177,0.217352614015573,0.25,0.94865756097561,Recruitment
Paracoccus,Unknown_182,-0.111902113459399,0.547,0.997665628245068,Recruitment
Paracoccus,Unknown_185,-0.0794215795328142,0.652,0.997665628245068,Recruitment
Paracoccus,Glutamate_187,-0.0189098998887653,0.923,0.997665628245068,Recruitment
Paracoccus,Glutamate.unknown_189,-0.305450500556174,0.097,0.812959314775161,Recruitment
Paracoccus,Unknown_190,-0.287208008898776,0.126,0.885887477313975,Recruitment
Paracoccus,Unknown_191,-0.239154616240267,0.197,0.934122399020808,Recruitment
Paracoccus,Unknown_192,-0.216907675194661,0.225,0.935388888888889,Recruitment
Paracoccus,Unknown_193,-0.140378197997775,0.478,0.997665628245068,Recruitment
Paracoccus,Isoleucine.unknown_194,-0.0331479421579533,0.868,0.997665628245068,Recruitment
Paracoccus,Unknown_195,0.134149054505006,0.495,0.997665628245068,Recruitment
Paracoccus,Unknown_196,0.148387096774194,0.415,0.991189889025894,Recruitment
Paracoccus,Acetate_197,-0.309454949944383,0.093,0.805654867256637,Recruitment
Paracoccus,Lysine.unknown_198,0.0838709677419355,0.65,0.997665628245068,Recruitment
Paracoccus,Lysine.unknown_199,0.182667706103084,0.315,0.969257232212666,Recruitment
Paracoccus,Lysine.unknown_200,0.159065628476085,0.396,0.991189889025894,Recruitment
Paracoccus,Unknown_201,0.137708565072303,0.464,0.997665628245068,Recruitment
Paracoccus,Unknown_202,0.0327030033370412,0.87,0.997665628245068,Recruitment
Paracoccus,Leucine.lysine_205,0.0562847608453838,0.766,0.997665628245068,Recruitment
Paracoccus,Leucine.unknown_209,0.0958843159065629,0.614,0.997665628245068,Recruitment
Paracoccus,Leucine.unknown_211,0.0674082313681869,0.707,0.997665628245068,Recruitment
Paracoccus,Alanine_212,-0.0522803114571746,0.77,0.997665628245068,Recruitment
Paracoccus,Unknown_214,0.20622914349277,0.266,0.95296256684492,Recruitment
Paracoccus,Unknown_215,0.208898776418243,0.251,0.94865756097561,Recruitment
Paracoccus,Isoleucine.unknown_218,-0.523470522803115,0.004,0.286962962962963,Recruitment
Paracoccus,Unknown_219,-0.216907675194661,0.246,0.94865756097561,Recruitment
Paracoccus,Unknown_220,-0.0967741935483871,0.619,0.997665628245068,Recruitment
Paracoccus,Propylene_glycol_221,-0.0460511679644049,0.796,0.997665628245068,Recruitment
Paracoccus,Isoleucine_225,0.254727474972191,0.2,0.934156028368794,Recruitment
Paracoccus,Valine_227,0.0718576195773081,0.714,0.997665628245068,Recruitment
Paracoccus,Leucine_229,0.253837597330367,0.17,0.934122399020808,Recruitment
Paracoccus,Leucine.isoleucine_230,0.237819799777531,0.2,0.934156028368794,Recruitment
Stenotrophomonas,NAD._2,0.126140155728587,0.515,0.997665628245068,Recruitment
Stenotrophomonas,Unknown_3,-0.118131256952169,0.554,0.997665628245068,Recruitment
Stenotrophomonas,Formate_5,-0.216462736373749,0.277,0.953017761989343,Recruitment
Stenotrophomonas,Unknown_7,-0.226696329254727,0.234,0.943304890738814,Recruitment
Stenotrophomonas,Unknown_8,-0.196885428253615,0.286,0.95761797752809,Recruitment
Stenotrophomonas,Hypoxanthine_10,-0.100778642936596,0.594,0.997665628245068,Recruitment
Stenotrophomonas,NAD._11,0.151056729699666,0.425,0.993033775633293,Recruitment
Stenotrophomonas,Tryptophan_14,0.0309232480533927,0.878,0.997665628245068,Recruitment
Stenotrophomonas,Unknown_15,-0.187096774193548,0.318,0.969257232212666,Recruitment
Stenotrophomonas,Phenylalanine_19,0.0958843159065629,0.582,0.997665628245068,Recruitment
Stenotrophomonas,Tyrosine_20,0.272525027808676,0.132,0.898713532513181,Recruitment
Stenotrophomonas,Unknown_22,0.0153503893214683,0.925,0.997665628245068,Recruitment
Stenotrophomonas,Unknown_23,-0.159955506117909,0.392,0.99055432661028,Recruitment
Stenotrophomonas,Unknown_24,-0.24182424916574,0.182,0.934122399020808,Recruitment
Stenotrophomonas,Unknown_25,-0.334816462736374,0.068,0.766832904884319,Recruitment
Stenotrophomonas,Unknown_26,-0.22714126807564,0.223,0.935388888888889,Recruitment
Stenotrophomonas,Unknown_28,-0.215127919911012,0.244,0.94865756097561,Recruitment
Stenotrophomonas,Uridine_29,-0.11412680756396,0.555,0.997665628245068,Recruitment
Stenotrophomonas,Uracil_30,-0.301446051167964,0.1,0.819027484143763,Recruitment
Stenotrophomonas,Unknown_31,-0.168409343715239,0.381,0.99055432661028,Recruitment
Stenotrophomonas,Maltose.Glucose_32,0.104338153503893,0.586,0.997665628245068,Recruitment
Stenotrophomonas,Unknown_33,-0.160400444938821,0.397,0.991189889025894,Recruitment
Stenotrophomonas,Unknown_34,0.0812013348164627,0.653,0.997665628245068,Recruitment
Stenotrophomonas,Maltose.unknown_37,0.180422691879867,0.336,0.972791728212703,Recruitment
Stenotrophomonas,Maltose.glucose.unknown_38,0.0206896551724138,0.916,0.997665628245068,Recruitment
Stenotrophomonas,Ascorbate_40,0.0100111234705228,0.955,0.997665628245068,Recruitment
Stenotrophomonas,Unknown_41,-0.0972191323692992,0.596,0.997665628245068,Recruitment
Stenotrophomonas,Threonine_42,-0.167519466073415,0.363,0.99055432661028,Recruitment
Stenotrophomonas,Unknown_43,-0.299221357063404,0.118,0.875731800766283,Recruitment
Stenotrophomonas,Unknown_44,-0.107452725250278,0.569,0.997665628245068,Recruitment
Stenotrophomonas,Unknown_45,-0.0282536151279199,0.861,0.997665628245068,Recruitment
Stenotrophomonas,Unknown_46,-0.0887652947719689,0.664,0.997665628245068,Recruitment
Stenotrophomonas,Unknown_47,-0.0763070077864294,0.689,0.997665628245068,Recruitment
Stenotrophomonas,Lactate_48,0.284983314794216,0.128,0.88706976744186,Recruitment
Stenotrophomonas,Unknown_49,0.0153503893214683,0.92,0.997665628245068,Recruitment
Stenotrophomonas,Unknown_50,0.156395995550612,0.407,0.991189889025894,Recruitment
Stenotrophomonas,Unknown_51,0.178197997775306,0.372,0.99055432661028,Recruitment
Stenotrophomonas,Unknown_52,0.17686318131257,0.335,0.972791728212703,Recruitment
Stenotrophomonas,Unknown_53,0.0709677419354839,0.696,0.997665628245068,Recruitment
Stenotrophomonas,Unknown_54,0.180867630700779,0.335,0.972791728212703,Recruitment
Stenotrophomonas,Unknown_55,0.0883203559510567,0.649,0.997665628245068,Recruitment
Stenotrophomonas,Unknown_56,0.0433815350389321,0.843,0.997665628245068,Recruitment
Stenotrophomonas,Maltose.unknown_67,0.169744160177976,0.38,0.99055432661028,Recruitment
Stenotrophomonas,Maltose.unknown_68,0.122135706340378,0.529,0.997665628245068,Recruitment
Stenotrophomonas,Maltose.unknown_69,0.201334816462736,0.299,0.962086092715232,Recruitment
Stenotrophomonas,Maltose.unknown_70,0.220022246941046,0.259,0.952022684310019,Recruitment
Stenotrophomonas,Maltose.unknown_71,0.0696329254727475,0.707,0.997665628245068,Recruitment
Stenotrophomonas,Maltose_72,0.0327030033370412,0.865,0.997665628245068,Recruitment
Stenotrophomonas,Maltose_73,0.053615127919911,0.773,0.997665628245068,Recruitment
Stenotrophomonas,Maltose.unknown_74,0.0460511679644049,0.81,0.997665628245068,Recruitment
Stenotrophomonas,Maltose_75,-0.0082313681868743,0.968,0.997665628245068,Recruitment
Stenotrophomonas,Maltose.unknown_76,0.111902113459399,0.53,0.997665628245068,Recruitment
Stenotrophomonas,Maltose.unknown_77,0.10567296996663,0.57,0.997665628245068,Recruitment
Stenotrophomonas,Unknown_79,0.00378197997775306,0.99,0.997665628245068,Recruitment
Stenotrophomonas,Unknown_81,0.00244716351501669,0.986,0.997665628245068,Recruitment
Stenotrophomonas,Maltose.unknown_87,0.00645161290322581,0.973,0.997665628245068,Recruitment
Stenotrophomonas,Maltose.unknown_88,0.229810901001112,0.227,0.935529787234043,Recruitment
Stenotrophomonas,Unknown_89,0.189321468298109,0.319,0.969257232212666,Recruitment
Stenotrophomonas,Unknown_90,0.0496106785317019,0.802,0.997665628245068,Recruitment
Stenotrophomonas,Unknown_91,0.0233592880978865,0.9,0.997665628245068,Recruitment
Stenotrophomonas,Unknown_92,0.00600667408231368,0.976,0.997665628245068,Recruitment
Stenotrophomonas,Uknown_93,0.0269187986651835,0.895,0.997665628245068,Recruitment
Stenotrophomonas,Unknown_94,0.0585094549499444,0.773,0.997665628245068,Recruitment
Stenotrophomonas,Uknown_95,0.0620689655172414,0.766,0.997665628245068,Recruitment
Stenotrophomonas,Unknown_96,0.205339265850946,0.271,0.95296256684492,Recruitment
Stenotrophomonas,Unknown_97,0.197330367074527,0.311,0.967724579663731,Recruitment
Stenotrophomonas,Glycine_99,-0.0932146829810901,0.62,0.997665628245068,Recruitment
Stenotrophomonas,Glucose_100,-0.344160177975528,0.064,0.765234567901235,Recruitment
Stenotrophomonas,Glucose_101,-0.275194660734149,0.136,0.903711835334477,Recruitment
Stenotrophomonas,Glucose_102,-0.291657397107898,0.098,0.812959314775161,Recruitment
Stenotrophomonas,Glucose_103,-0.295661846496107,0.114,0.865067961165049,Recruitment
Stenotrophomonas,Glucose_104,-0.35706340378198,0.048,0.732918918918919,Recruitment
Stenotrophomonas,Maltose.taurine.glucose_107,-0.053615127919911,0.778,0.997665628245068,Recruitment
Stenotrophomonas,Glucose_108,-0.300111234705228,0.11,0.850578842315369,Recruitment
Stenotrophomonas,Unknown_109,-0.259621802002225,0.149,0.91477971473851,Recruitment
Stenotrophomonas,Glucose_110,-0.255172413793103,0.175,0.934122399020808,Recruitment
Stenotrophomonas,Maltose.taurine_113,0.217352614015573,0.22,0.935388888888889,Recruitment
Stenotrophomonas,Glucose_116,-0.320578420467186,0.086,0.791169014084507,Recruitment
Stenotrophomonas,Glucose_117,-0.280533926585095,0.126,0.885887477313975,Recruitment
Stenotrophomonas,Unknown_118,0.337486095661847,0.061,0.747829113924051,Recruitment
Stenotrophomonas,Carnitine_119,-0.099888765294772,0.591,0.997665628245068,Recruitment
Stenotrophomonas,O_phosphocholine_120,-0.171523915461624,0.357,0.988576125804146,Recruitment
Stenotrophomonas,Unknown_121,-0.0914349276974416,0.649,0.997665628245068,Recruitment
Stenotrophomonas,Unknown_122,-0.252947719688543,0.168,0.934122399020808,Recruitment
Stenotrophomonas,Unknown_123,0.067853170189099,0.724,0.997665628245068,Recruitment
Stenotrophomonas,Unknown_124,0.246718576195773,0.197,0.934122399020808,Recruitment
Stenotrophomonas,Unknown_125,0.151518523576371,0.428,0.993333333333333,Recruitment
Stenotrophomonas,Unknown_126,0.115906562847608,0.523,0.997665628245068,Recruitment
Stenotrophomonas,Unknown_128,-0.0131256952169077,0.939,0.997665628245068,Recruitment
Stenotrophomonas,Creatine_129,0.0335928809788654,0.877,0.997665628245068,Recruitment
Stenotrophomonas,Creatinephosphate_130,-0.0384872080088988,0.849,0.997665628245068,Recruitment
Stenotrophomonas,Unknown_131,-0.113681868743048,0.535,0.997665628245068,Recruitment
Stenotrophomonas,Asparagine_133,-0.239154616240267,0.206,0.935388888888889,Recruitment
Stenotrophomonas,N.N.dimethylglycine_134,-0.166629588431591,0.369,0.99055432661028,Recruitment
Stenotrophomonas,Aspartate_136,0.25027808676307,0.182,0.934122399020808,Recruitment
Stenotrophomonas,Methionine_138,0.209343715239155,0.283,0.954170583115753,Recruitment
Stenotrophomonas,Unknown_139,-0.0469410456062291,0.831,0.997665628245068,Recruitment
Stenotrophomonas,Methionine_140,0.248943270300334,0.213,0.935388888888889,Recruitment
Stenotrophomonas,Unknown_142,-0.0304783092324805,0.872,0.997665628245068,Recruitment
Stenotrophomonas,Riboflavin_143,-0.0816462736373749,0.68,0.997665628245068,Recruitment
Stenotrophomonas,Unknown_145,-0.164849833147942,0.376,0.99055432661028,Recruitment
Stenotrophomonas,Unknown_146,-0.200444938820912,0.259,0.952022684310019,Recruitment
Stenotrophomonas,Unknown_148,-0.245383759733037,0.185,0.934122399020808,Recruitment
Stenotrophomonas,Unknown_153,-0.295216907675195,0.113,0.860043222003929,Recruitment
Stenotrophomonas,Glutamine_154,-0.391323692992214,0.035,0.707426086956522,Recruitment
Stenotrophomonas,Glutamine.unknown_155,-0.0549499443826474,0.756,0.997665628245068,Recruitment
Stenotrophomonas,Succinate_156,-0.0647385984427141,0.728,0.997665628245068,Recruitment
Stenotrophomonas,Saccharopine.unknown_157,-0.177753058954394,0.331,0.972791728212703,Recruitment
Stenotrophomonas,Glutamate.unknown_158,0.378420467185762,0.024,0.641213793103448,Recruitment
Stenotrophomonas,Unknown_159,0.245383759733037,0.195,0.934122399020808,Recruitment
Stenotrophomonas,Glutamate.unknown_161,0.123025583982202,0.488,0.997665628245068,Recruitment
Stenotrophomonas,Unknown_162,0.021579532814238,0.912,0.997665628245068,Recruitment
Stenotrophomonas,Valine.unknown_168,0.0269187986651835,0.908,0.997665628245068,Recruitment
Stenotrophomonas,Unknown_169,-0.23559510567297,0.223,0.935388888888889,Recruitment
Stenotrophomonas,Glutarate_171,0.0131256952169077,0.934,0.997665628245068,Recruitment
Stenotrophomonas,Glutamine.unknown_172,-0.321023359288098,0.091,0.804872146118721,Recruitment
Stenotrophomonas,Glutamine.glutamate_173,-0.35083426028921,0.059,0.745,Recruitment
Stenotrophomonas,Methionine.glutamate.glutamine_177,0.163515016685206,0.389,0.99055432661028,Recruitment
Stenotrophomonas,Unknown_182,-0.0923248053392658,0.638,0.997665628245068,Recruitment
Stenotrophomonas,Unknown_185,-0.0304783092324805,0.86,0.997665628245068,Recruitment
Stenotrophomonas,Glutamate_187,0.154171301446051,0.44,0.996236119228521,Recruitment
Stenotrophomonas,Glutamate.unknown_189,-0.158620689655172,0.378,0.99055432661028,Recruitment
Stenotrophomonas,Unknown_190,-0.24182424916574,0.191,0.934122399020808,Recruitment
Stenotrophomonas,Unknown_191,-0.239154616240267,0.222,0.935388888888889,Recruitment
Stenotrophomonas,Unknown_192,-0.22091212458287,0.233,0.941232533889468,Recruitment
Stenotrophomonas,Unknown_193,-0.246273637374861,0.194,0.934122399020808,Recruitment
Stenotrophomonas,Isoleucine.unknown_194,0.0460511679644049,0.808,0.997665628245068,Recruitment
Stenotrophomonas,Unknown_195,0.101223581757508,0.578,0.997665628245068,Recruitment
Stenotrophomonas,Unknown_196,0.115906562847608,0.545,0.997665628245068,Recruitment
Stenotrophomonas,Acetate_197,-0.165294771968854,0.386,0.99055432661028,Recruitment
Stenotrophomonas,Lysine.unknown_198,0.0687430478309232,0.73,0.997665628245068,Recruitment
Stenotrophomonas,Lysine.unknown_199,0.0938925359019508,0.627,0.997665628245068,Recruitment
Stenotrophomonas,Lysine.unknown_200,0.156840934371524,0.385,0.99055432661028,Recruitment
Stenotrophomonas,Unknown_201,0.153726362625139,0.429,0.993333333333333,Recruitment
Stenotrophomonas,Unknown_202,0.0304783092324805,0.885,0.997665628245068,Recruitment
Stenotrophomonas,Leucine.lysine_205,0.0433815350389321,0.801,0.997665628245068,Recruitment
Stenotrophomonas,Leucine.unknown_209,0.102558398220245,0.584,0.997665628245068,Recruitment
Stenotrophomonas,Leucine.unknown_211,0.0513904338153504,0.792,0.997665628245068,Recruitment
Stenotrophomonas,Alanine_212,-0.0113459399332592,0.967,0.997665628245068,Recruitment
Stenotrophomonas,Unknown_214,0.148387096774194,0.44,0.996236119228521,Recruitment
Stenotrophomonas,Unknown_215,0.116796440489433,0.546,0.997665628245068,Recruitment
Stenotrophomonas,Isoleucine.unknown_218,-0.0545050055617353,0.796,0.997665628245068,Recruitment
Stenotrophomonas,Unknown_219,0.155061179087875,0.407,0.991189889025894,Recruitment
Stenotrophomonas,Unknown_220,0.182647385984427,0.334,0.972791728212703,Recruitment
Stenotrophomonas,Propylene_glycol_221,0.134149054505006,0.47,0.997665628245068,Recruitment
Stenotrophomonas,Isoleucine_225,0.182202447163515,0.357,0.988576125804146,Recruitment
Stenotrophomonas,Valine_227,-0.0135706340378198,0.956,0.997665628245068,Recruitment
Stenotrophomonas,Leucine_229,0.228476084538376,0.222,0.935388888888889,Recruitment
Stenotrophomonas,Leucine.isoleucine_230,0.128364849833148,0.518,0.997665628245068,Recruitment
Uruburuella,NAD._2,0.0727474972191324,0.703,0.997665628245068,Recruitment
Uruburuella,Unknown_3,-0.0967741935483871,0.601,0.997665628245068,Recruitment
Uruburuella,Formate_5,0.0340378197997775,0.847,0.997665628245068,Recruitment
Uruburuella,Unknown_7,-0.0478309232480534,0.787,0.997665628245068,Recruitment
Uruburuella,Unknown_8,-0.0420467185761958,0.798,0.997665628245068,Recruitment
Uruburuella,Hypoxanthine_10,0.085650723025584,0.656,0.997665628245068,Recruitment
Uruburuella,NAD._11,-0.0754171301446051,0.683,0.997665628245068,Recruitment
Uruburuella,Tryptophan_14,-0.0473859844271413,0.791,0.997665628245068,Recruitment
Uruburuella,Unknown_15,-0.15817575083426,0.422,0.993033775633293,Recruitment
Uruburuella,Phenylalanine_19,0.0869855394883204,0.646,0.997665628245068,Recruitment
Uruburuella,Tyrosine_20,0.108342602892102,0.57,0.997665628245068,Recruitment
Uruburuella,Unknown_22,0.0647385984427141,0.757,0.997665628245068,Recruitment
Uruburuella,Unknown_23,0.00956618464961068,0.961,0.997665628245068,Recruitment
Uruburuella,Unknown_24,0.0269187986651835,0.881,0.997665628245068,Recruitment
Uruburuella,Unknown_25,0.0767519466073415,0.713,0.997665628245068,Recruitment
Uruburuella,Unknown_26,0.0981090100111235,0.581,0.997665628245068,Recruitment
Uruburuella,Unknown_28,0.014460511679644,0.941,0.997665628245068,Recruitment
Uruburuella,Uridine_29,0.113681868743048,0.537,0.997665628245068,Recruitment
Uruburuella,Uracil_30,-0.174193548387097,0.339,0.972791728212703,Recruitment
Uruburuella,Unknown_31,0.166629588431591,0.367,0.99055432661028,Recruitment
Uruburuella,Maltose.Glucose_32,-0.0549499443826474,0.786,0.997665628245068,Recruitment
Uruburuella,Unknown_33,0.0812013348164627,0.685,0.997665628245068,Recruitment
Uruburuella,Unknown_34,0.238709677419355,0.196,0.934122399020808,Recruitment
Uruburuella,Maltose.unknown_37,-0.0718576195773081,0.705,0.997665628245068,Recruitment
Uruburuella,Maltose.glucose.unknown_38,0.0456062291434928,0.824,0.997665628245068,Recruitment
Uruburuella,Ascorbate_40,0.363737486095662,0.054,0.734021052631579,Recruitment
Uruburuella,Unknown_41,0.196885428253615,0.274,0.95296256684492,Recruitment
Uruburuella,Threonine_42,0.0914349276974416,0.598,0.997665628245068,Recruitment
Uruburuella,Unknown_43,0.0166852057842047,0.938,0.997665628245068,Recruitment
Uruburuella,Unknown_44,0.119466073414905,0.519,0.997665628245068,Recruitment
Uruburuella,Unknown_45,0.0473859844271413,0.809,0.997665628245068,Recruitment
Uruburuella,Unknown_46,-0.0576195773081201,0.773,0.997665628245068,Recruitment
Uruburuella,Unknown_47,0.0131256952169077,0.939,0.997665628245068,Recruitment
Uruburuella,Lactate_48,-0.0616240266963292,0.734,0.997665628245068,Recruitment
Uruburuella,Unknown_49,0.100333704115684,0.615,0.997665628245068,Recruitment
Uruburuella,Unknown_50,0.113236929922136,0.552,0.997665628245068,Recruitment
Uruburuella,Unknown_51,0.0424916573971079,0.84,0.997665628245068,Recruitment
Uruburuella,Unknown_52,0.0589543937708565,0.765,0.997665628245068,Recruitment
Uruburuella,Unknown_53,-0.0229143492769744,0.92,0.997665628245068,Recruitment
Uruburuella,Unknown_54,-0.0309232480533927,0.865,0.997665628245068,Recruitment
Uruburuella,Unknown_55,0.180867630700779,0.326,0.972205049732211,Recruitment
Uruburuella,Unknown_56,0.162625139043382,0.419,0.993033775633293,Recruitment
Uruburuella,Maltose.unknown_67,0.134149054505006,0.469,0.997665628245068,Recruitment
Uruburuella,Maltose.unknown_68,0.10789766407119,0.574,0.997665628245068,Recruitment
Uruburuella,Maltose.unknown_69,0.111012235817575,0.551,0.997665628245068,Recruitment
Uruburuella,Maltose.unknown_70,0.00556173526140156,0.972,0.997665628245068,Recruitment
Uruburuella,Maltose.unknown_71,-0.0620689655172414,0.752,0.997665628245068,Recruitment
Uruburuella,Maltose_72,-0.014460511679644,0.944,0.997665628245068,Recruitment
Uruburuella,Maltose_73,-0.0723025583982203,0.706,0.997665628245068,Recruitment
Uruburuella,Maltose.unknown_74,-0.0887652947719689,0.637,0.997665628245068,Recruitment
Uruburuella,Maltose_75,-0.0651835372636263,0.712,0.997665628245068,Recruitment
Uruburuella,Maltose.unknown_76,0.0335928809788654,0.876,0.997665628245068,Recruitment
Uruburuella,Maltose.unknown_77,0.0580645161290323,0.759,0.997665628245068,Recruitment
Uruburuella,Unknown_79,0.0901001112347052,0.629,0.997665628245068,Recruitment
Uruburuella,Unknown_81,0.214238042269188,0.233,0.941232533889468,Recruitment
Uruburuella,Maltose.unknown_87,-0.0505005561735261,0.771,0.997665628245068,Recruitment
Uruburuella,Maltose.unknown_88,0.0117908787541713,0.957,0.997665628245068,Recruitment
Uruburuella,Unknown_89,-0.0456062291434928,0.801,0.997665628245068,Recruitment
Uruburuella,Unknown_90,-0.116351501668521,0.525,0.997665628245068,Recruitment
Uruburuella,Unknown_91,0.082091212458287,0.669,0.997665628245068,Recruitment
Uruburuella,Unknown_92,0.0300333704115684,0.893,0.997665628245068,Recruitment
Uruburuella,Uknown_93,0.0700778642936596,0.675,0.997665628245068,Recruitment
Uruburuella,Unknown_94,-0.035817575083426,0.863,0.997665628245068,Recruitment
Uruburuella,Uknown_95,-0.0562847608453838,0.765,0.997665628245068,Recruitment
Uruburuella,Unknown_96,-0.0331479421579533,0.869,0.997665628245068,Recruitment
Uruburuella,Unknown_97,-0.0522803114571746,0.764,0.997665628245068,Recruitment
Uruburuella,Glycine_99,-0.00289210233592881,0.991,0.997665628245068,Recruitment
Uruburuella,Glucose_100,-0.136818687430478,0.479,0.997665628245068,Recruitment
Uruburuella,Glucose_101,0.021579532814238,0.927,0.997665628245068,Recruitment
Uruburuella,Glucose_102,-0.0482758620689655,0.765,0.997665628245068,Recruitment
Uruburuella,Glucose_103,-0.0629588431590656,0.732,0.997665628245068,Recruitment
Uruburuella,Glucose_104,-0.141713014460512,0.482,0.997665628245068,Recruitment
Uruburuella,Maltose.taurine.glucose_107,-0.156395995550612,0.39,0.99055432661028,Recruitment
Uruburuella,Glucose_108,-0.141713014460512,0.447,0.997665628245068,Recruitment
Uruburuella,Unknown_109,-0.0985539488320356,0.595,0.997665628245068,Recruitment
Uruburuella,Glucose_110,-0.153726362625139,0.427,0.993333333333333,Recruitment
Uruburuella,Maltose.taurine_113,0.0602892102335929,0.756,0.997665628245068,Recruitment
Uruburuella,Glucose_116,0.00956618464961068,0.955,0.997665628245068,Recruitment
Uruburuella,Glucose_117,-0.0300333704115684,0.884,0.997665628245068,Recruitment
Uruburuella,Unknown_118,0.347719688542825,0.067,0.766832904884319,Recruitment
Uruburuella,Carnitine_119,0.140823136818687,0.482,0.997665628245068,Recruitment
Uruburuella,O_phosphocholine_120,-0.0135706340378198,0.944,0.997665628245068,Recruitment
Uruburuella,Unknown_121,0.00734149054505006,0.96,0.997665628245068,Recruitment
Uruburuella,Unknown_122,-0.330812013348165,0.076,0.766832904884319,Recruitment
Uruburuella,Unknown_123,-0.243604004449388,0.184,0.934122399020808,Recruitment
Uruburuella,Unknown_124,-0.0585094549499444,0.769,0.997665628245068,Recruitment
Uruburuella,Unknown_125,-0.175770387115026,0.359,0.989869039145907,Recruitment
Uruburuella,Unknown_126,-0.171078976640712,0.349,0.984007278020378,Recruitment
Uruburuella,Unknown_128,-0.15817575083426,0.412,0.991189889025894,Recruitment
Uruburuella,Creatine_129,-0.430033370411568,0.02,0.60062015503876,Recruitment
Uruburuella,Creatinephosphate_130,0.111457174638487,0.538,0.997665628245068,Recruitment
Uruburuella,Unknown_131,0.178642936596218,0.34,0.972791728212703,Recruitment
Uruburuella,Asparagine_133,0.0424916573971079,0.811,0.997665628245068,Recruitment
Uruburuella,N.N.dimethylglycine_134,0.163070077864294,0.389,0.99055432661028,Recruitment
Uruburuella,Aspartate_136,0.110567296996663,0.619,0.997665628245068,Recruitment
Uruburuella,Methionine_138,-0.109232480533927,0.597,0.997665628245068,Recruitment
Uruburuella,Unknown_139,-0.194215795328142,0.31,0.967724579663731,Recruitment
Uruburuella,Methionine_140,0.0994438264738598,0.593,0.997665628245068,Recruitment
Uruburuella,Unknown_142,-0.184872080088988,0.307,0.966925203252032,Recruitment
Uruburuella,Riboflavin_143,-0.166629588431591,0.369,0.99055432661028,Recruitment
Uruburuella,Unknown_145,-0.119021134593993,0.515,0.997665628245068,Recruitment
Uruburuella,Unknown_146,-0.255172413793103,0.183,0.934122399020808,Recruitment
Uruburuella,Unknown_148,-0.238709677419355,0.195,0.934122399020808,Recruitment
Uruburuella,Unknown_153,-0.0803114571746385,0.69,0.997665628245068,Recruitment
Uruburuella,Glutamine_154,0.00600667408231368,0.983,0.997665628245068,Recruitment
Uruburuella,Glutamine.unknown_155,0.0255839822024472,0.894,0.997665628245068,Recruitment
Uruburuella,Succinate_156,-0.0865406006674082,0.605,0.997665628245068,Recruitment
Uruburuella,Saccharopine.unknown_157,-0.153726362625139,0.425,0.993033775633293,Recruitment
Uruburuella,Glutamate.unknown_158,-0.0175750834260289,0.933,0.997665628245068,Recruitment
Uruburuella,Unknown_159,0.025139043381535,0.897,0.997665628245068,Recruitment
Uruburuella,Glutamate.unknown_161,0.0545050055617353,0.773,0.997665628245068,Recruitment
Uruburuella,Unknown_162,0.0562847608453838,0.762,0.997665628245068,Recruitment
Uruburuella,Valine.unknown_168,-0.108787541713014,0.571,0.997665628245068,Recruitment
Uruburuella,Unknown_169,-0.173303670745273,0.34,0.972791728212703,Recruitment
Uruburuella,Glutarate_171,-0.0909899888765295,0.615,0.997665628245068,Recruitment
Uruburuella,Glutamine.unknown_172,-0.0149054505005562,0.943,0.997665628245068,Recruitment
Uruburuella,Glutamine.glutamate_173,-0.0327030033370412,0.851,0.997665628245068,Recruitment
Uruburuella,Methionine.glutamate.glutamine_177,0.156840934371524,0.402,0.991189889025894,Recruitment
Uruburuella,Unknown_182,-0.0193548387096774,0.92,0.997665628245068,Recruitment
Uruburuella,Unknown_185,0.0100111234705228,0.962,0.997665628245068,Recruitment
Uruburuella,Glutamate_187,0.115461624026696,0.537,0.997665628245068,Recruitment
Uruburuella,Glutamate.unknown_189,-0.107452725250278,0.57,0.997665628245068,Recruitment
Uruburuella,Unknown_190,-0.0843159065628476,0.673,0.997665628245068,Recruitment
Uruburuella,Unknown_191,-0.0932146829810901,0.621,0.997665628245068,Recruitment
Uruburuella,Unknown_192,-0.0456062291434928,0.804,0.997665628245068,Recruitment
Uruburuella,Unknown_193,-0.0113459399332592,0.943,0.997665628245068,Recruitment
Uruburuella,Isoleucine.unknown_194,-0.111457174638487,0.587,0.997665628245068,Recruitment
Uruburuella,Unknown_195,-0.0398220244716352,0.848,0.997665628245068,Recruitment
Uruburuella,Unknown_196,0.0340378197997775,0.848,0.997665628245068,Recruitment
Uruburuella,Acetate_197,-0.0763070077864294,0.665,0.997665628245068,Recruitment
Uruburuella,Lysine.unknown_198,0.144827586206897,0.429,0.993333333333333,Recruitment
Uruburuella,Lysine.unknown_199,0.197352320722821,0.293,0.960306260575296,Recruitment
Uruburuella,Lysine.unknown_200,0.183092324805339,0.345,0.980579603815114,Recruitment
Uruburuella,Unknown_201,0.181757508342603,0.336,0.972791728212703,Recruitment
Uruburuella,Unknown_202,0.0206896551724138,0.902,0.997665628245068,Recruitment
Uruburuella,Leucine.lysine_205,-0.0309232480533927,0.875,0.997665628245068,Recruitment
Uruburuella,Leucine.unknown_209,-0.0700778642936596,0.707,0.997665628245068,Recruitment
Uruburuella,Leucine.unknown_211,-0.0117908787541713,0.945,0.997665628245068,Recruitment
Uruburuella,Alanine_212,0.111012235817575,0.516,0.997665628245068,Recruitment
Uruburuella,Unknown_214,0.021579532814238,0.913,0.997665628245068,Recruitment
Uruburuella,Unknown_215,0.00511679644048943,0.983,0.997665628245068,Recruitment
Uruburuella,Isoleucine.unknown_218,-0.283648498331479,0.13,0.892943262411348,Recruitment
Uruburuella,Unknown_219,-0.232925472747497,0.2,0.934156028368794,Recruitment
Uruburuella,Unknown_220,-0.2440489432703,0.186,0.934122399020808,Recruitment
Uruburuella,Propylene_glycol_221,0.17686318131257,0.338,0.972791728212703,Recruitment
Uruburuella,Isoleucine_225,0.0171301446051168,0.944,0.997665628245068,Recruitment
Uruburuella,Valine_227,0.0184649610678532,0.917,0.997665628245068,Recruitment
Uruburuella,Leucine_229,0.057174638487208,0.777,0.997665628245068,Recruitment
Uruburuella,Leucine.isoleucine_230,0.0349276974416018,0.866,0.997665628245068,Recruitment
Lactobacillus,NAD._2,-0.226251390433815,0.238,0.812749387755102,Follow up
Lactobacillus,Unknown_3,-0.298776418242492,0.112,0.772042704626335,Follow up
Lactobacillus,Formate_5,-0.648943270300334,0,0,Follow up
Lactobacillus,Unknown_7,-0.255617352614016,0.194,0.799334014300306,Follow up
Lactobacillus,Unknown_8,0.106117908787542,0.57,0.899828850855746,Follow up
Lactobacillus,Hypoxanthine_10,-0.246718576195773,0.197,0.799334014300306,Follow up
Lactobacillus,NAD._11,-0.0967741935483871,0.601,0.908882694541231,Follow up
Lactobacillus,Tryptophan_14,0.196885428253615,0.283,0.834128885519333,Follow up
Lactobacillus,Unknown_15,-0.426028921023359,0.012,0.61984,Follow up
Lactobacillus,Phenylalanine_19,0.506562847608454,0.002,0.249935483870968,Follow up
Lactobacillus,Tyrosine_20,0.569744160177976,0.001,0.168434782608696,Follow up
Lactobacillus,Unknown_22,0.633370411568409,0,0,Follow up
Lactobacillus,Unknown_23,-0.465628476084538,0.006,0.474367346938776,Follow up
Lactobacillus,Unknown_24,-0.179977753058954,0.334,0.840905897114178,Follow up
Lactobacillus,Unknown_25,-0.347274749721913,0.061,0.724889570552147,Follow up
Lactobacillus,Unknown_26,-0.300111234705228,0.111,0.770634408602151,Follow up
Lactobacillus,Unknown_28,-0.280978865406007,0.129,0.779634945397816,Follow up
Lactobacillus,Uridine_29,-0.0433815350389321,0.816,0.962383157894737,Follow up
Lactobacillus,Uracil_30,-0.540378197997775,0.004,0.377951219512195,Follow up
Lactobacillus,Unknown_31,-0.245828698553949,0.193,0.799334014300306,Follow up
Lactobacillus,Maltose.Glucose_32,-0.29432703003337,0.133,0.781682741116751,Follow up
Lactobacillus,Unknown_33,-0.179977753058954,0.339,0.840905897114178,Follow up
Lactobacillus,Unknown_34,0.405116796440489,0.019,0.70775,Follow up
Lactobacillus,Maltose.unknown_37,-0.127474972191324,0.524,0.893223621363439,Follow up
Lactobacillus,Maltose.glucose.unknown_38,-0.226251390433815,0.222,0.811347169811321,Follow up
Lactobacillus,Ascorbate_40,-0.420689655172414,0.021,0.717407407407407,Follow up
Lactobacillus,Unknown_41,0.353948832035595,0.062,0.725643504531722,Follow up
Lactobacillus,Threonine_42,0.282567584349473,0.121,0.772247116968698,Follow up
Lactobacillus,Unknown_43,0.240489432703003,0.208,0.805637810945274,Follow up
Lactobacillus,Unknown_44,0.454505005561735,0.016,0.672020408163265,Follow up
Lactobacillus,Unknown_45,0.556840934371524,0.001,0.168434782608696,Follow up
Lactobacillus,Unknown_46,0.615127919911012,0,0,Follow up
Lactobacillus,Unknown_47,0.664071190211346,0,0,Follow up
Lactobacillus,Lactate_48,0.517241379310345,0.004,0.377951219512195,Follow up
Lactobacillus,Unknown_49,-0.0353726362625139,0.869,0.967386781609195,Follow up
Lactobacillus,Unknown_50,0.162180200222469,0.384,0.85012166003411,Follow up
Lactobacillus,Unknown_51,0.0420467185761958,0.841,0.965632918886915,Follow up
Lactobacillus,Unknown_52,0.155506117908788,0.414,0.8660722513089,Follow up
Lactobacillus,Unknown_53,-0.449610678531702,0.012,0.61984,Follow up
Lactobacillus,Unknown_54,-0.174193548387097,0.324,0.840905897114178,Follow up
Lactobacillus,Unknown_55,-0.216462736373749,0.242,0.812749387755102,Follow up
Lactobacillus,Unknown_56,-0.290767519466073,0.127,0.776022082018928,Follow up
Lactobacillus,Maltose.unknown_67,0.0878754171301446,0.638,0.916090437361008,Follow up
Lactobacillus,Maltose.unknown_68,-0.0518411394908875,0.787,0.957248979591837,Follow up
Lactobacillus,Maltose.unknown_69,-0.0954393770856507,0.615,0.909970353477765,Follow up
Lactobacillus,Maltose.unknown_70,-0.096329254727475,0.612,0.909970353477765,Follow up
Lactobacillus,Maltose.unknown_71,-0.0945494994438265,0.624,0.911272111403839,Follow up
Lactobacillus,Maltose_72,-0.071412680756396,0.68,0.923924686192469,Follow up
Lactobacillus,Maltose_73,-0.134593993325918,0.48,0.877132075471698,Follow up
Lactobacillus,Maltose.unknown_74,-0.120800889877642,0.534,0.893613822894169,Follow up
Lactobacillus,Maltose_75,-0.166629588431591,0.38,0.85012166003411,Follow up
Lactobacillus,Maltose.unknown_76,0.0082313681868743,0.962,0.989587891662241,Follow up
Lactobacillus,Maltose.unknown_77,-0.0727474972191324,0.697,0.927258928571428,Follow up
Lactobacillus,Unknown_79,-0.19154616240267,0.282,0.834128885519333,Follow up
Lactobacillus,Unknown_81,-0.142157953281424,0.459,0.875265225933202,Follow up
Lactobacillus,Maltose.unknown_87,-0.196885428253615,0.318,0.840905897114178,Follow up
Lactobacillus,Maltose.unknown_88,0.0954393770856507,0.619,0.910147783251231,Follow up
Lactobacillus,Unknown_89,-0.0153503893214683,0.929,0.983472742066721,Follow up
Lactobacillus,Unknown_90,-0.111012235817575,0.566,0.899716734693877,Follow up
Lactobacillus,Unknown_91,-0.0660734149054505,0.724,0.937738548980274,Follow up
Lactobacillus,Unknown_92,-0.140378197997775,0.479,0.877132075471698,Follow up
Lactobacillus,Uknown_93,0.00645161290322581,0.978,0.9931250327654,Follow up
Lactobacillus,Unknown_94,-0.0914349276974416,0.622,0.91101247637051,Follow up
Lactobacillus,Uknown_95,0.0233592880978865,0.897,0.976940680348608,Follow up
Lactobacillus,Unknown_96,0.071412680756396,0.694,0.92650722642808,Follow up
Lactobacillus,Unknown_97,0.0651835372636263,0.728,0.938838881491345,Follow up
Lactobacillus,Glycine_99,0.0593993325917686,0.748,0.94358580267014,Follow up
Lactobacillus,Glucose_100,-0.458509454949944,0.015,0.667931034482759,Follow up
Lactobacillus,Glucose_101,-0.379310344827586,0.048,0.724889570552147,Follow up
Lactobacillus,Glucose_102,-0.527474972191324,0.002,0.249935483870968,Follow up
Lactobacillus,Glucose_103,-0.518131256952169,0.002,0.249935483870968,Follow up
Lactobacillus,Glucose_104,-0.565739710789766,0.001,0.168434782608696,Follow up
Lactobacillus,Maltose.taurine.glucose_107,-0.442491657397108,0.011,0.608771428571429,Follow up
Lactobacillus,Glucose_108,-0.536373748609566,0.003,0.322833333333333,Follow up
Lactobacillus,Unknown_109,-0.497664071190211,0.007,0.5215,Follow up
Lactobacillus,Glucose_110,-0.524805339265851,0.004,0.377951219512195,Follow up
Lactobacillus,Maltose.taurine_113,-0.24182424916574,0.187,0.79648439181916,Follow up
Lactobacillus,Glucose_116,-0.287208008898776,0.126,0.776022082018928,Follow up
Lactobacillus,Glucose_117,-0.237374860956618,0.202,0.799334014300306,Follow up
Lactobacillus,Unknown_118,-0.00734149054505006,0.978,0.9931250327654,Follow up
Lactobacillus,Carnitine_119,-0.319243604004449,0.083,0.761947867298578,Follow up
Lactobacillus,O_phosphocholine_120,-0.306340378197998,0.103,0.769205776173285,Follow up
Lactobacillus,Unknown_121,0.13726362625139,0.466,0.877132075471698,Follow up
Lactobacillus,Unknown_122,-0.157730812013348,0.407,0.864902907295666,Follow up
Lactobacillus,Unknown_123,0.187986651835373,0.336,0.840905897114178,Follow up
Lactobacillus,Unknown_124,0.533985986172232,0.001,0.168434782608696,Follow up
Lactobacillus,Unknown_125,0.330812013348165,0.083,0.761947867298578,Follow up
Lactobacillus,Unknown_126,0.234260289210234,0.199,0.799334014300306,Follow up
Lactobacillus,Unknown_128,0.110567296996663,0.575,0.901585454545455,Follow up
Lactobacillus,Creatine_129,-0.0874304783092325,0.648,0.917191085129704,Follow up
Lactobacillus,Creatinephosphate_130,-0.426028921023359,0.019,0.70775,Follow up
Lactobacillus,Unknown_131,0.386874304783092,0.04,0.724889570552147,Follow up
Lactobacillus,Asparagine_133,-0.0273637374860957,0.909,0.97898916967509,Follow up
Lactobacillus,N.N.dimethylglycine_134,-0.118576195773081,0.53,0.893223621363439,Follow up
Lactobacillus,Aspartate_136,0.583982202447164,0.003,0.322833333333333,Follow up
Lactobacillus,Methionine_138,-0.15817575083426,0.38,0.85012166003411,Follow up
Lactobacillus,Unknown_139,-0.311679644048943,0.087,0.763186295503212,Follow up
Lactobacillus,Methionine_140,0.261401557285873,0.158,0.781682741116751,Follow up
Lactobacillus,Unknown_142,-0.431813125695217,0.012,0.61984,Follow up
Lactobacillus,Riboflavin_143,-0.421134593993326,0.02,0.710825688073395,Follow up
Lactobacillus,Unknown_145,-0.383759733036707,0.027,0.717407407407407,Follow up
Lactobacillus,Unknown_146,-0.320836580025149,0.086,0.763186295503212,Follow up
Lactobacillus,Unknown_148,-0.335261401557286,0.056,0.724889570552147,Follow up
Lactobacillus,Unknown_153,-0.472747497219132,0.006,0.474367346938776,Follow up
Lactobacillus,Glutamine_154,-0.384649610678532,0.043,0.724889570552147,Follow up
Lactobacillus,Glutamine.unknown_155,-0.0874304783092325,0.651,0.918082999635967,Follow up
Lactobacillus,Succinate_156,0.222246941045606,0.238,0.812749387755102,Follow up
Lactobacillus,Saccharopine.unknown_157,0.179532814238042,0.32,0.840905897114178,Follow up
Lactobacillus,Glutamate.unknown_158,0.32992213570634,0.071,0.73939247311828,Follow up
Lactobacillus,Unknown_159,0.398442714126808,0.033,0.717407407407407,Follow up
Lactobacillus,Glutamate.unknown_161,0.416685205784205,0.027,0.717407407407407,Follow up
Lactobacillus,Unknown_162,0.353503893214683,0.065,0.732005813953488,Follow up
Lactobacillus,Valine.unknown_168,0.471412680756396,0.014,0.661414634146341,Follow up
Lactobacillus,Unknown_169,-0.310789766407119,0.088,0.763186295503212,Follow up
Lactobacillus,Glutarate_171,0.182202447163515,0.337,0.840905897114178,Follow up
Lactobacillus,Glutamine.unknown_172,-0.0723025583982203,0.702,0.930396168320219,Follow up
Lactobacillus,Glutamine.glutamate_173,-0.130144605116796,0.493,0.883574738755111,Follow up
Lactobacillus,Methionine.glutamate.glutamine_177,0.341490545050056,0.062,0.725643504531722,Follow up
Lactobacillus,Unknown_182,0.517521418265255,0.004,0.377951219512195,Follow up
Lactobacillus,Unknown_185,0.394883203559511,0.033,0.717407407407407,Follow up
Lactobacillus,Glutamate_187,0.375750834260289,0.053,0.724889570552147,Follow up
Lactobacillus,Glutamate.unknown_189,0.272525027808676,0.15,0.781682741116751,Follow up
Lactobacillus,Unknown_190,0.2146829810901,0.252,0.812749387755102,Follow up
Lactobacillus,Unknown_191,0.308120133481646,0.104,0.769205776173285,Follow up
Lactobacillus,Unknown_192,0.303670745272525,0.099,0.769205776173285,Follow up
Lactobacillus,Unknown_193,0.375750834260289,0.047,0.724889570552147,Follow up
Lactobacillus,Isoleucine.unknown_194,0.607563959955506,0,0,Follow up
Lactobacillus,Unknown_195,0.534149054505005,0.002,0.249935483870968,Follow up
Lactobacillus,Unknown_196,0.506562847608454,0.003,0.322833333333333,Follow up
Lactobacillus,Acetate_197,-0.313904338153504,0.098,0.769205776173285,Follow up
Lactobacillus,Lysine.unknown_198,0.318353726362625,0.084,0.762098360655738,Follow up
Lactobacillus,Lysine.unknown_199,0.377530589543938,0.049,0.724889570552147,Follow up
Lactobacillus,Lysine.unknown_200,0.41579532814238,0.025,0.717407407407407,Follow up
Lactobacillus,Unknown_201,0.411790878754171,0.023,0.717407407407407,Follow up
Lactobacillus,Unknown_202,0.359288097886541,0.042,0.724889570552147,Follow up
Lactobacillus,Leucine.lysine_205,0.573303670745273,0.002,0.249935483870968,Follow up
Lactobacillus,Leucine.unknown_209,0.665406006674082,0,0,Follow up
Lactobacillus,Leucine.unknown_211,0.691212458286986,0,0,Follow up
Lactobacillus,Alanine_212,-0.0304783092324805,0.866,0.966827288428325,Follow up
Lactobacillus,Unknown_214,0.636484983314794,0,0,Follow up
Lactobacillus,Unknown_215,0.628476084538376,0,0,Follow up
Lactobacillus,Isoleucine.unknown_218,0.231145717463849,0.195,0.799334014300306,Follow up
Lactobacillus,Unknown_219,0.462513904338153,0.012,0.61984,Follow up
Lactobacillus,Unknown_220,0.563070077864294,0.002,0.249935483870968,Follow up
Lactobacillus,Propylene_glycol_221,-0.390433815350389,0.029,0.717407407407407,Follow up
Lactobacillus,Isoleucine_225,0.653837597330367,0,0,Follow up
Lactobacillus,Valine_227,0.560845383759733,0.003,0.322833333333333,Follow up
Lactobacillus,Leucine_229,0.6734149054505,0,0,Follow up
Lactobacillus,Leucine.isoleucine_230,0.660956618464961,0,0,Follow up
Atopobium,NAD._2,-0.190211345939933,0.301,0.838902158273381,Follow up
Atopobium,Unknown_3,-0.226696329254727,0.217,0.810491362763916,Follow up
Atopobium,Formate_5,-0.134593993325918,0.489,0.883574738755111,Follow up
Atopobium,Unknown_7,-0.161735261401557,0.401,0.859938155715075,Follow up
Atopobium,Unknown_8,0.0602892102335929,0.77,0.949388924252069,Follow up
Atopobium,Hypoxanthine_10,-0.0807563959955506,0.658,0.918806602081091,Follow up
Atopobium,NAD._11,0.0865406006674082,0.646,0.916704761904762,Follow up
Atopobium,Tryptophan_14,-0.143047830923248,0.464,0.877132075471698,Follow up
Atopobium,Unknown_15,-0.0771968854282536,0.684,0.923924686192469,Follow up
Atopobium,Phenylalanine_19,0.0758620689655172,0.676,0.923096228410293,Follow up
Atopobium,Tyrosine_20,0.00511679644048943,0.976,0.9931250327654,Follow up
Atopobium,Unknown_22,0.0380422691879867,0.845,0.96649837614408,Follow up
Atopobium,Unknown_23,-0.227586206896552,0.234,0.812749387755102,Follow up
Atopobium,Unknown_24,-0.270300333704116,0.151,0.781682741116751,Follow up
Atopobium,Unknown_25,-0.233370411568409,0.202,0.799334014300306,Follow up
Atopobium,Unknown_26,-0.151946607341491,0.434,0.868548042704626,Follow up
Atopobium,Unknown_28,-0.180867630700779,0.351,0.844055865921788,Follow up
Atopobium,Uridine_29,0.0282536151279199,0.891,0.976169117647059,Follow up
Atopobium,Uracil_30,-0.0082313681868743,0.955,0.988159722222222,Follow up
Atopobium,Unknown_31,-0.014460511679644,0.936,0.983472742066721,Follow up
Atopobium,Maltose.Glucose_32,-0.0375973303670745,0.857,0.966827288428325,Follow up
Atopobium,Unknown_33,-0.0789766407119021,0.687,0.925717565217391,Follow up
Atopobium,Unknown_34,-0.136373748609566,0.491,0.883574738755111,Follow up
Atopobium,Maltose.unknown_37,0.112791991101224,0.588,0.90573041749503,Follow up
Atopobium,Maltose.glucose.unknown_38,-0.136373748609566,0.483,0.879296052631579,Follow up
Atopobium,Ascorbate_40,-0.11412680756396,0.541,0.895628415300546,Follow up
Atopobium,Unknown_41,-0.050055617352614,0.796,0.958565122785204,Follow up
Atopobium,Threonine_42,0.02313939273413,0.919,0.981854936569222,Follow up
Atopobium,Unknown_43,-0.00556173526140156,0.983,0.993774008350731,Follow up
Atopobium,Unknown_44,0.0278086763070078,0.875,0.968776793369534,Follow up
Atopobium,Unknown_45,0.0843159065628476,0.665,0.921061851984269,Follow up
Atopobium,Unknown_46,0.101223581757508,0.603,0.908882694541231,Follow up
Atopobium,Unknown_47,0.152391546162403,0.415,0.8660722513089,Follow up
Atopobium,Lactate_48,0.115016685205784,0.55,0.895628415300546,Follow up
Atopobium,Unknown_49,-0.10789766407119,0.589,0.906189833200953,Follow up
Atopobium,Unknown_50,-0.16440489432703,0.38,0.85012166003411,Follow up
Atopobium,Unknown_51,-0.0193548387096774,0.929,0.983472742066721,Follow up
Atopobium,Unknown_52,-0.028698553948832,0.894,0.976675295441756,Follow up
Atopobium,Unknown_53,0.0402669632925473,0.826,0.962383157894737,Follow up
Atopobium,Unknown_54,0.0420467185761958,0.837,0.965632918886915,Follow up
Atopobium,Unknown_55,-0.0273637374860957,0.87,0.967390607101947,Follow up
Atopobium,Unknown_56,-0.0371523915461624,0.861,0.966827288428325,Follow up
Atopobium,Maltose.unknown_67,-0.0460511679644049,0.825,0.962383157894737,Follow up
Atopobium,Maltose.unknown_68,-0.230281456536775,0.239,0.812749387755102,Follow up
Atopobium,Maltose.unknown_69,-0.0531701890989989,0.754,0.94628239095315,Follow up
Atopobium,Maltose.unknown_70,0.0883203559510567,0.643,0.916628760088041,Follow up
Atopobium,Maltose.unknown_71,0.118576195773081,0.572,0.900051990251828,Follow up
Atopobium,Maltose_72,0.0117908787541713,0.951,0.986656132833423,Follow up
Atopobium,Maltose_73,0.0153503893214683,0.948,0.985390931043735,Follow up
Atopobium,Maltose.unknown_74,0.0211345939933259,0.923,0.983472742066721,Follow up
Atopobium,Maltose_75,0.04293659621802,0.812,0.961984097859327,Follow up
Atopobium,Maltose.unknown_76,-0.0166852057842047,0.94,0.983640970350404,Follow up
Atopobium,Maltose.unknown_77,-0.00155728587319244,0.993,0.997894163424125,Follow up
Atopobium,Unknown_79,0.0731924360400445,0.695,0.92650722642808,Follow up
Atopobium,Unknown_81,-0.0273637374860957,0.869,0.967386781609195,Follow up
Atopobium,Maltose.unknown_87,0.0669632925472747,0.713,0.935686011405569,Follow up
Atopobium,Maltose.unknown_88,0.0375973303670745,0.845,0.96649837614408,Follow up
Atopobium,Unknown_89,0.0634037819799778,0.724,0.937738548980274,Follow up
Atopobium,Unknown_90,0.0398220244716352,0.841,0.965632918886915,Follow up
Atopobium,Unknown_91,-0.00467185761957731,0.974,0.992967368421053,Follow up
Atopobium,Unknown_92,-0.0264738598442714,0.91,0.97898916967509,Follow up
Atopobium,Uknown_93,-0.0224694104560623,0.904,0.978206570155902,Follow up
Atopobium,Unknown_94,-0.0131256952169077,0.941,0.983640970350404,Follow up
Atopobium,Uknown_95,-0.0149054505005562,0.936,0.983472742066721,Follow up
Atopobium,Unknown_96,0.0331479421579533,0.864,0.966827288428325,Follow up
Atopobium,Unknown_97,0.0482758620689655,0.811,0.96168166513621,Follow up
Atopobium,Glycine_99,0.245383759733037,0.194,0.799334014300306,Follow up
Atopobium,Glucose_100,-0.018020022246941,0.93,0.983472742066721,Follow up
Atopobium,Glucose_101,-0.0100111234705228,0.959,0.988865051903114,Follow up
Atopobium,Glucose_102,0.0313681868743048,0.863,0.966827288428325,Follow up
Atopobium,Glucose_103,0.0131256952169077,0.942,0.983640970350404,Follow up
Atopobium,Glucose_104,0.0589543937708565,0.75,0.944263893402665,Follow up
Atopobium,Maltose.taurine.glucose_107,0.00467185761957731,0.985,0.995276473656755,Follow up
Atopobium,Glucose_108,0.106562847608454,0.562,0.898665842604038,Follow up
Atopobium,Unknown_109,0.0634037819799778,0.724,0.937738548980274,Follow up
Atopobium,Glucose_110,0.0229143492769744,0.91,0.97898916967509,Follow up
Atopobium,Maltose.taurine_113,-0.0825361512791991,0.658,0.918806602081091,Follow up
Atopobium,Glucose_116,-0.0157953281423804,0.941,0.983640970350404,Follow up
Atopobium,Glucose_117,0.0682981090100111,0.728,0.938838881491345,Follow up
Atopobium,Unknown_118,0.00556173526140156,0.982,0.993774008350731,Follow up
Atopobium,Carnitine_119,-0.0758620689655172,0.681,0.923924686192469,Follow up
Atopobium,O_phosphocholine_120,-0.0981090100111235,0.603,0.908882694541231,Follow up
Atopobium,Unknown_121,-0.133259176863181,0.48,0.877132075471698,Follow up
Atopobium,Unknown_122,0.0838709677419355,0.641,0.916628760088041,Follow up
Atopobium,Unknown_123,0.147942157953281,0.449,0.869713,Follow up
Atopobium,Unknown_124,0.121259317693278,0.512,0.887466666666667,Follow up
Atopobium,Unknown_125,0.123470522803115,0.502,0.883574738755111,Follow up
Atopobium,Unknown_126,0.178642936596218,0.34,0.840905897114178,Follow up
Atopobium,Unknown_128,0.213348164627364,0.248,0.812749387755102,Follow up
Atopobium,Creatine_129,0.0246941045606229,0.899,0.977166666666667,Follow up
Atopobium,Creatinephosphate_130,-0.0754171301446051,0.697,0.927258928571428,Follow up
Atopobium,Unknown_131,0.16440489432703,0.386,0.85012166003411,Follow up
Atopobium,Asparagine_133,0.100333704115684,0.593,0.907753846153846,Follow up
Atopobium,N.N.dimethylglycine_134,-0.266295884315907,0.147,0.781682741116751,Follow up
Atopobium,Aspartate_136,0.156840934371524,0.417,0.8660722513089,Follow up
Atopobium,Methionine_138,0.205784204671858,0.297,0.838902158273381,Follow up
Atopobium,Unknown_139,0.151056729699666,0.423,0.8660722513089,Follow up
Atopobium,Methionine_140,0.271635150166852,0.145,0.781682741116751,Follow up
Atopobium,Unknown_142,-0.0353726362625139,0.859,0.966827288428325,Follow up
Atopobium,Riboflavin_143,0.0816462736373749,0.651,0.918082999635967,Follow up
Atopobium,Unknown_145,-0.0972191323692992,0.618,0.909970353477765,Follow up
Atopobium,Unknown_146,0.0146846146197364,0.937,0.983640970350404,Follow up
Atopobium,Unknown_148,-0.00289210233592881,0.983,0.993774008350731,Follow up
Atopobium,Unknown_153,-0.134593993325918,0.478,0.877132075471698,Follow up
Atopobium,Glutamine_154,-0.0398220244716352,0.829,0.962982308845577,Follow up
Atopobium,Glutamine.unknown_155,0.032258064516129,0.866,0.966827288428325,Follow up
Atopobium,Succinate_156,-0.183092324805339,0.321,0.840905897114178,Follow up
Atopobium,Saccharopine.unknown_157,-0.224026696329255,0.244,0.812749387755102,Follow up
Atopobium,Glutamate.unknown_158,0.0740823136818687,0.703,0.930766233766234,Follow up
Atopobium,Unknown_159,-0.0295884315906563,0.866,0.966827288428325,Follow up
Atopobium,Glutamate.unknown_161,0.184427141268076,0.358,0.846181818181818,Follow up
Atopobium,Unknown_162,0.0331479421579533,0.858,0.966827288428325,Follow up
Atopobium,Valine.unknown_168,0.156395995550612,0.411,0.8660722513089,Follow up
Atopobium,Unknown_169,0.0447163515016685,0.831,0.963860479041916,Follow up
Atopobium,Glutarate_171,0.0651835372636263,0.738,0.940192446633826,Follow up
Atopobium,Glutamine.unknown_172,-0.288097886540601,0.103,0.769205776173285,Follow up
Atopobium,Glutamine.glutamate_173,-0.0353726362625139,0.863,0.966827288428325,Follow up
Atopobium,Methionine.glutamate.glutamine_177,0.161290322580645,0.403,0.861126309983453,Follow up
Atopobium,Unknown_182,0.167760597322443,0.384,0.85012166003411,Follow up
Atopobium,Unknown_185,0.0843159065628476,0.65,0.918009478672986,Follow up
Atopobium,Glutamate_187,0.169744160177976,0.369,0.85012166003411,Follow up
Atopobium,Glutamate.unknown_189,0.196440489432703,0.283,0.834128885519333,Follow up
Atopobium,Unknown_190,0.0949944382647386,0.637,0.915672727272727,Follow up
Atopobium,Unknown_191,0.0812013348164627,0.684,0.923924686192469,Follow up
Atopobium,Unknown_192,0.0638487208008899,0.748,0.94358580267014,Follow up
Atopobium,Unknown_193,0.0647385984427141,0.725,0.937779632721202,Follow up
Atopobium,Isoleucine.unknown_194,0.0384872080088988,0.855,0.966827288428325,Follow up
Atopobium,Unknown_195,0.0242491657397108,0.893,0.976675295441756,Follow up
Atopobium,Unknown_196,-0.032258064516129,0.874,0.967946255002859,Follow up
Atopobium,Acetate_197,-0.27119021134594,0.144,0.781682741116751,Follow up
Atopobium,Lysine.unknown_198,-0.245383759733037,0.191,0.79648439181916,Follow up
Atopobium,Lysine.unknown_199,-0.108787541713014,0.555,0.897732776617954,Follow up
Atopobium,Lysine.unknown_200,-0.1559510567297,0.422,0.8660722513089,Follow up
Atopobium,Unknown_201,-0.140823136818687,0.442,0.869713,Follow up
Atopobium,Unknown_202,0.0344827586206897,0.85,0.966827288428325,Follow up
Atopobium,Leucine.lysine_205,0.121245828698554,0.492,0.883574738755111,Follow up
Atopobium,Leucine.unknown_209,0.253392658509455,0.173,0.78847294117647,Follow up
Atopobium,Leucine.unknown_211,0.192436040044494,0.301,0.838902158273381,Follow up
Atopobium,Alanine_212,0.0611790878754171,0.75,0.944263893402665,Follow up
Atopobium,Unknown_214,0.234260289210234,0.221,0.811347169811321,Follow up
Atopobium,Unknown_215,0.232925472747497,0.211,0.808354330708661,Follow up
Atopobium,Isoleucine.unknown_218,-0.0669632925472747,0.745,0.942255958210904,Follow up
Atopobium,Unknown_219,0.129699666295884,0.472,0.877132075471698,Follow up
Atopobium,Unknown_220,0.160400444938821,0.383,0.85012166003411,Follow up
Atopobium,Propylene_glycol_221,0.0109010011123471,0.961,0.989587891662241,Follow up
Atopobium,Isoleucine_225,0.118576195773081,0.57,0.899828850855746,Follow up
Atopobium,Valine_227,0.15817575083426,0.385,0.85012166003411,Follow up
Atopobium,Leucine_229,0.126585094549499,0.517,0.889763660595291,Follow up
Atopobium,Leucine.isoleucine_230,0.131479421579533,0.495,0.883574738755111,Follow up
Bifidobacterium,NAD._2,-0.254282536151279,0.164,0.784134939759036,Follow up
Bifidobacterium,Unknown_3,-0.345050055617353,0.057,0.724889570552147,Follow up
Bifidobacterium,Formate_5,0.0451612903225806,0.825,0.962383157894737,Follow up
Bifidobacterium,Unknown_7,-0.100333704115684,0.584,0.90569095276221,Follow up
Bifidobacterium,Unknown_8,-0.130144605116796,0.506,0.884986004514673,Follow up
Bifidobacterium,Hypoxanthine_10,0.295661846496107,0.1,0.769205776173285,Follow up
Bifidobacterium,NAD._11,0.0162402669632925,0.929,0.983472742066721,Follow up
Bifidobacterium,Tryptophan_14,-0.428698553948832,0.015,0.667931034482759,Follow up
Bifidobacterium,Unknown_15,0.230255839822024,0.214,0.810396871945259,Follow up
Bifidobacterium,Phenylalanine_19,0.0807563959955506,0.645,0.916628760088041,Follow up
Bifidobacterium,Tyrosine_20,-0.207563959955506,0.276,0.833378020265004,Follow up
Bifidobacterium,Unknown_22,0.142602892102336,0.449,0.869713,Follow up
Bifidobacterium,Unknown_23,-0.118131256952169,0.538,0.895628415300546,Follow up
Bifidobacterium,Unknown_24,-0.121690767519466,0.525,0.893223621363439,Follow up
Bifidobacterium,Unknown_25,-0.025139043381535,0.895,0.976675295441756,Follow up
Bifidobacterium,Unknown_26,0.0874304783092325,0.635,0.915174851190476,Follow up
Bifidobacterium,Unknown_28,0.131479421579533,0.491,0.883574738755111,Follow up
Bifidobacterium,Uridine_29,0.0540600667408231,0.762,0.947060635226179,Follow up
Bifidobacterium,Uracil_30,0.0149054505005562,0.941,0.983640970350404,Follow up
Bifidobacterium,Unknown_31,-0.0309232480533927,0.854,0.966827288428325,Follow up
Bifidobacterium,Maltose.Glucose_32,-0.135928809788654,0.473,0.877132075471698,Follow up
Bifidobacterium,Unknown_33,0.0367074527252503,0.856,0.966827288428325,Follow up
Bifidobacterium,Unknown_34,-0.185761957730812,0.321,0.840905897114178,Follow up
Bifidobacterium,Maltose.unknown_37,-0.169744160177976,0.375,0.85012166003411,Follow up
Bifidobacterium,Maltose.glucose.unknown_38,-0.0300333704115684,0.883,0.973455372370665,Follow up
Bifidobacterium,Ascorbate_40,0.12880978865406,0.501,0.883574738755111,Follow up
Bifidobacterium,Unknown_41,0.163959955506118,0.363,0.847656419529837,Follow up
Bifidobacterium,Threonine_42,-0.0311491825267135,0.842,0.965632918886915,Follow up
Bifidobacterium,Unknown_43,0.0157953281423804,0.942,0.983640970350404,Follow up
Bifidobacterium,Unknown_44,-0.0273637374860957,0.859,0.966827288428325,Follow up
Bifidobacterium,Unknown_45,0.0162402669632925,0.927,0.983472742066721,Follow up
Bifidobacterium,Unknown_46,0.0264738598442714,0.897,0.976940680348608,Follow up
Bifidobacterium,Unknown_47,0.0206896551724138,0.914,0.979755395683453,Follow up
Bifidobacterium,Lactate_48,-0.215572858731924,0.26,0.815578947368421,Follow up
Bifidobacterium,Unknown_49,-0.0220244716351502,0.924,0.983472742066721,Follow up
Bifidobacterium,Unknown_50,-0.0175750834260289,0.928,0.983472742066721,Follow up
Bifidobacterium,Unknown_51,-0.138598442714127,0.467,0.877132075471698,Follow up
Bifidobacterium,Unknown_52,-0.125250278086763,0.514,0.889341670388566,Follow up
Bifidobacterium,Unknown_53,-0.198220244716351,0.302,0.838955414012739,Follow up
Bifidobacterium,Unknown_54,-0.179977753058954,0.324,0.840905897114178,Follow up
Bifidobacterium,Unknown_55,0.0803114571746385,0.705,0.931821903787103,Follow up
Bifidobacterium,Unknown_56,0.0723025583982203,0.695,0.92650722642808,Follow up
Bifidobacterium,Maltose.unknown_67,-0.153281423804227,0.412,0.8660722513089,Follow up
Bifidobacterium,Maltose.unknown_68,-0.117254422796986,0.529,0.893223621363439,Follow up
Bifidobacterium,Maltose.unknown_69,-0.155506117908788,0.412,0.8660722513089,Follow up
Bifidobacterium,Maltose.unknown_70,-0.12035595105673,0.517,0.889763660595291,Follow up
Bifidobacterium,Maltose.unknown_71,-0.140823136818687,0.446,0.869713,Follow up
Bifidobacterium,Maltose_72,-0.137708565072303,0.457,0.874712450592885,Follow up
Bifidobacterium,Maltose_73,-0.103893214682981,0.572,0.900051990251828,Follow up
Bifidobacterium,Maltose.unknown_74,-0.104338153503893,0.592,0.90720253164557,Follow up
Bifidobacterium,Maltose_75,-0.14972191323693,0.419,0.8660722513089,Follow up
Bifidobacterium,Maltose.unknown_76,-0.111902113459399,0.564,0.899264585045193,Follow up
Bifidobacterium,Maltose.unknown_77,-0.0847608453837597,0.642,0.916628760088041,Follow up
Bifidobacterium,Unknown_79,-0.123025583982202,0.526,0.893223621363439,Follow up
Bifidobacterium,Unknown_81,-0.0807563959955506,0.669,0.92185835694051,Follow up
Bifidobacterium,Maltose.unknown_87,-0.10789766407119,0.594,0.907753846153846,Follow up
Bifidobacterium,Maltose.unknown_88,-0.13503893214683,0.465,0.877132075471698,Follow up
Bifidobacterium,Unknown_89,-0.175083426028921,0.351,0.844055865921788,Follow up
Bifidobacterium,Unknown_90,-0.144382647385984,0.447,0.869713,Follow up
Bifidobacterium,Unknown_91,-0.110567296996663,0.565,0.899264585045193,Follow up
Bifidobacterium,Unknown_92,-0.0834260289210234,0.672,0.92185835694051,Follow up
Bifidobacterium,Uknown_93,-0.0611790878754171,0.741,0.941500163988193,Follow up
Bifidobacterium,Unknown_94,-0.116796440489433,0.526,0.893223621363439,Follow up
Bifidobacterium,Uknown_95,-0.092769744160178,0.658,0.918806602081091,Follow up
Bifidobacterium,Unknown_96,-0.182647385984427,0.351,0.844055865921788,Follow up
Bifidobacterium,Unknown_97,-0.147052280311457,0.455,0.872177140029688,Follow up
Bifidobacterium,Glycine_99,-0.271635150166852,0.162,0.784134939759036,Follow up
Bifidobacterium,Glucose_100,-0.188876529477197,0.338,0.840905897114178,Follow up
Bifidobacterium,Glucose_101,-0.248943270300334,0.176,0.789801822323462,Follow up
Bifidobacterium,Glucose_102,-0.201334816462736,0.303,0.838955414012739,Follow up
Bifidobacterium,Glucose_103,-0.175528364849833,0.345,0.840905897114178,Follow up
Bifidobacterium,Glucose_104,-0.159510567296997,0.367,0.85012166003411,Follow up
Bifidobacterium,Maltose.taurine.glucose_107,-0.0932146829810901,0.63,0.912722513089005,Follow up
Bifidobacterium,Glucose_108,-0.165739710789766,0.357,0.846181818181818,Follow up
Bifidobacterium,Unknown_109,-0.195550611790879,0.301,0.838902158273381,Follow up
Bifidobacterium,Glucose_110,-0.23559510567297,0.202,0.799334014300306,Follow up
Bifidobacterium,Maltose.taurine_113,-0.0665183537263626,0.748,0.94358580267014,Follow up
Bifidobacterium,Glucose_116,-0.102558398220245,0.615,0.909970353477765,Follow up
Bifidobacterium,Glucose_117,-0.0349276974416018,0.852,0.966827288428325,Follow up
Bifidobacterium,Unknown_118,0.0932146829810901,0.623,0.911272111403839,Follow up
Bifidobacterium,Carnitine_119,0.207119021134594,0.257,0.812749387755102,Follow up
Bifidobacterium,O_phosphocholine_120,0.050055617352614,0.791,0.957916952856697,Follow up
Bifidobacterium,Unknown_121,-0.118131256952169,0.545,0.895628415300546,Follow up
Bifidobacterium,Unknown_122,0.201334816462736,0.279,0.833758647194466,Follow up
Bifidobacterium,Unknown_123,-0.0647385984427141,0.736,0.940192446633826,Follow up
Bifidobacterium,Unknown_124,-0.157970854242619,0.371,0.85012166003411,Follow up
Bifidobacterium,Unknown_125,-0.139933259176863,0.464,0.877132075471698,Follow up
Bifidobacterium,Unknown_126,-0.0220244716351502,0.905,0.978206570155902,Follow up
Bifidobacterium,Unknown_128,0.166629588431591,0.377,0.85012166003411,Follow up
Bifidobacterium,Creatine_129,0.340155728587319,0.061,0.724889570552147,Follow up
Bifidobacterium,Creatinephosphate_130,0.123470522803115,0.516,0.889763660595291,Follow up
Bifidobacterium,Unknown_131,0.370856507230256,0.048,0.724889570552147,Follow up
Bifidobacterium,Asparagine_133,0.220467185761958,0.248,0.812749387755102,Follow up
Bifidobacterium,N.N.dimethylglycine_134,-0.274749721913237,0.143,0.781682741116751,Follow up
Bifidobacterium,Aspartate_136,0.0242491657397108,0.906,0.978206570155902,Follow up
Bifidobacterium,Methionine_138,0.07853170189099,0.674,0.922641696113074,Follow up
Bifidobacterium,Unknown_139,0.252057842046719,0.166,0.784134939759036,Follow up
Bifidobacterium,Methionine_140,0.116351501668521,0.555,0.897732776617954,Follow up
Bifidobacterium,Unknown_142,0.301001112347052,0.102,0.769205776173285,Follow up
Bifidobacterium,Riboflavin_143,0.198665183537264,0.288,0.836365817091454,Follow up
Bifidobacterium,Unknown_145,0.145272525027809,0.429,0.866711758584808,Follow up
Bifidobacterium,Unknown_146,0.248080989409183,0.197,0.799334014300306,Follow up
Bifidobacterium,Unknown_148,0.0843159065628476,0.631,0.912805825242718,Follow up
Bifidobacterium,Unknown_153,-0.0496106785317019,0.794,0.958540355250857,Follow up
Bifidobacterium,Glutamine_154,-0.00734149054505006,0.973,0.992470247498683,Follow up
Bifidobacterium,Glutamine.unknown_155,0.000667408231368187,0.997,0.999580227743271,Follow up
Bifidobacterium,Succinate_156,0.327252502780868,0.094,0.769205776173285,Follow up
Bifidobacterium,Saccharopine.unknown_157,0.424694104560623,0.026,0.717407407407407,Follow up
Bifidobacterium,Glutamate.unknown_158,0.0353726362625139,0.85,0.966827288428325,Follow up
Bifidobacterium,Unknown_159,0.102113459399333,0.569,0.899716734693877,Follow up
Bifidobacterium,Glutamate.unknown_161,0.0794215795328142,0.672,0.92185835694051,Follow up
Bifidobacterium,Unknown_162,0.190211345939933,0.309,0.840905897114178,Follow up
Bifidobacterium,Valine.unknown_168,0.169299221357063,0.369,0.85012166003411,Follow up
Bifidobacterium,Unknown_169,0.0616240266963292,0.756,0.94628239095315,Follow up
Bifidobacterium,Glutarate_171,0.225361512791991,0.226,0.812749387755102,Follow up
Bifidobacterium,Glutamine.unknown_172,-0.0531701890989989,0.769,0.948759872611465,Follow up
Bifidobacterium,Glutamine.glutamate_173,0.0478309232480534,0.781,0.955651926721415,Follow up
Bifidobacterium,Methionine.glutamate.glutamine_177,-0.00378197997775306,0.986,0.995767466110532,Follow up
Bifidobacterium,Unknown_182,0.136388920634824,0.478,0.877132075471698,Follow up
Bifidobacterium,Unknown_185,0.0353726362625139,0.839,0.965632918886915,Follow up
Bifidobacterium,Glutamate_187,0.0754171301446051,0.7,0.929016786570743,Follow up
Bifidobacterium,Glutamate.unknown_189,0.0567296996662959,0.76,0.946700964630225,Follow up
Bifidobacterium,Unknown_190,0.150611790878754,0.46,0.875265225933202,Follow up
Bifidobacterium,Unknown_191,0.132369299221357,0.455,0.872177140029688,Follow up
Bifidobacterium,Unknown_192,0.221802002224694,0.228,0.812749387755102,Follow up
Bifidobacterium,Unknown_193,0.127474972191324,0.505,0.884986004514673,Follow up
Bifidobacterium,Isoleucine.unknown_194,0.134593993325918,0.475,0.877132075471698,Follow up
Bifidobacterium,Unknown_195,-0.0353726362625139,0.839,0.965632918886915,Follow up
Bifidobacterium,Unknown_196,-0.0580645161290323,0.757,0.94631106808648,Follow up
Bifidobacterium,Acetate_197,0.118576195773081,0.548,0.895628415300546,Follow up
Bifidobacterium,Lysine.unknown_198,0.107007786429366,0.582,0.904762439807384,Follow up
Bifidobacterium,Lysine.unknown_199,0.165739710789766,0.402,0.859938155715075,Follow up
Bifidobacterium,Lysine.unknown_200,0.198220244716351,0.309,0.840905897114178,Follow up
Bifidobacterium,Unknown_201,0.203559510567297,0.28,0.833758647194466,Follow up
Bifidobacterium,Unknown_202,0.248498331479422,0.199,0.799334014300306,Follow up
Bifidobacterium,Leucine.lysine_205,0.0634037819799778,0.751,0.944908736602793,Follow up
Bifidobacterium,Leucine.unknown_209,0.163070077864294,0.386,0.85012166003411,Follow up
Bifidobacterium,Leucine.unknown_211,0.245383759733037,0.194,0.799334014300306,Follow up
Bifidobacterium,Alanine_212,0.187096774193548,0.338,0.840905897114178,Follow up
Bifidobacterium,Unknown_214,0.0682981090100111,0.733,0.93996756041046,Follow up
Bifidobacterium,Unknown_215,0.0776418242491657,0.67,0.92185835694051,Follow up
Bifidobacterium,Isoleucine.unknown_218,-0.0989988876529477,0.585,0.90573041749503,Follow up
Bifidobacterium,Unknown_219,-0.0562847608453838,0.786,0.956332914572864,Follow up
Bifidobacterium,Unknown_220,-0.189766407119021,0.317,0.840905897114178,Follow up
Bifidobacterium,Propylene_glycol_221,-0.209788654060067,0.259,0.814420454545455,Follow up
Bifidobacterium,Isoleucine_225,0.0140155728587319,0.938,0.983640970350404,Follow up
Bifidobacterium,Valine_227,0.0140155728587319,0.951,0.986656132833423,Follow up
Bifidobacterium,Leucine_229,0.0482758620689655,0.794,0.958540355250857,Follow up
Bifidobacterium,Leucine.isoleucine_230,0.0598442714126808,0.754,0.94628239095315,Follow up
Gardnerella,NAD._2,0.117686318131257,0.522,0.891634920634921,Follow up
Gardnerella,Unknown_3,0.0438264738598443,0.805,0.961038520801233,Follow up
Gardnerella,Formate_5,0.168409343715239,0.353,0.844149382716049,Follow up
Gardnerella,Unknown_7,-0.0567296996662959,0.762,0.947060635226179,Follow up
Gardnerella,Unknown_8,0.0776418242491657,0.683,0.923924686192469,Follow up
Gardnerella,Hypoxanthine_10,-0.0700778642936596,0.714,0.935686011405569,Follow up
Gardnerella,NAD._11,-0.192880978865406,0.27,0.826208530805687,Follow up
Gardnerella,Tryptophan_14,0.194660734149054,0.297,0.838902158273381,Follow up
Gardnerella,Unknown_15,0.2146829810901,0.254,0.812749387755102,Follow up
Gardnerella,Phenylalanine_19,-0.00378197997775306,0.988,0.995969815248504,Follow up
Gardnerella,Tyrosine_20,0.0660734149054505,0.715,0.935686011405569,Follow up
Gardnerella,Unknown_22,-0.207119021134594,0.286,0.834938960060286,Follow up
Gardnerella,Unknown_23,0.138598442714127,0.43,0.866711758584808,Follow up
Gardnerella,Unknown_24,0.0994438264738598,0.62,0.910147783251231,Follow up
Gardnerella,Unknown_25,0.200444938820912,0.293,0.838902158273381,Follow up
Gardnerella,Unknown_26,0.103003337041157,0.591,0.906746138613861,Follow up
Gardnerella,Unknown_28,0.167074527252503,0.38,0.85012166003411,Follow up
Gardnerella,Uridine_29,-0.106117908787542,0.55,0.895628415300546,Follow up
Gardnerella,Uracil_30,0.110122358175751,0.569,0.899716734693877,Follow up
Gardnerella,Unknown_31,0.0629588431590656,0.73,0.939229491863168,Follow up
Gardnerella,Maltose.Glucose_32,-0.163070077864294,0.385,0.85012166003411,Follow up
Gardnerella,Unknown_33,-0.214238042269188,0.26,0.815578947368421,Follow up
Gardnerella,Unknown_34,-0.0487208008898776,0.817,0.962383157894737,Follow up
Gardnerella,Maltose.unknown_37,-0.272525027808676,0.14,0.781682741116751,Follow up
Gardnerella,Maltose.glucose.unknown_38,-0.232035595105673,0.23,0.812749387755102,Follow up
Gardnerella,Ascorbate_40,0.198220244716351,0.294,0.838902158273381,Follow up
Gardnerella,Unknown_41,-0.127030033370412,0.496,0.883574738755111,Follow up
Gardnerella,Threonine_42,0.244743576995606,0.189,0.79648439181916,Follow up
Gardnerella,Unknown_43,-0.147052280311457,0.449,0.869713,Follow up
Gardnerella,Unknown_44,-0.219132369299221,0.242,0.812749387755102,Follow up
Gardnerella,Unknown_45,-0.1853170189099,0.333,0.840905897114178,Follow up
Gardnerella,Unknown_46,-0.246273637374861,0.191,0.79648439181916,Follow up
Gardnerella,Unknown_47,-0.260956618464961,0.162,0.784134939759036,Follow up
Gardnerella,Lactate_48,-0.0398220244716352,0.824,0.962383157894737,Follow up
Gardnerella,Unknown_49,-0.35083426028921,0.05,0.724889570552147,Follow up
Gardnerella,Unknown_50,-0.380645161290323,0.041,0.724889570552147,Follow up
Gardnerella,Unknown_51,-0.301446051167964,0.098,0.769205776173285,Follow up
Gardnerella,Unknown_52,-0.301446051167964,0.113,0.772247116968698,Follow up
Gardnerella,Unknown_53,-0.14349276974416,0.441,0.868548042704626,Follow up
Gardnerella,Unknown_54,-0.260511679644049,0.154,0.781682741116751,Follow up
Gardnerella,Unknown_55,-0.209788654060067,0.274,0.831226311667972,Follow up
Gardnerella,Unknown_56,-0.203114571746385,0.278,0.833758647194466,Follow up
Gardnerella,Maltose.unknown_67,-0.2293659621802,0.212,0.808354330708661,Follow up
Gardnerella,Maltose.unknown_68,-0.211369452859842,0.245,0.812749387755102,Follow up
Gardnerella,Maltose.unknown_69,-0.198665183537264,0.301,0.838902158273381,Follow up
Gardnerella,Maltose.unknown_70,-0.304560622914349,0.102,0.769205776173285,Follow up
Gardnerella,Maltose.unknown_71,-0.307675194660734,0.09,0.763186295503212,Follow up
Gardnerella,Maltose_72,-0.260066740823137,0.143,0.781682741116751,Follow up
Gardnerella,Maltose_73,-0.287208008898776,0.121,0.772247116968698,Follow up
Gardnerella,Maltose.unknown_74,-0.280978865406007,0.134,0.781682741116751,Follow up
Gardnerella,Maltose_75,-0.273859844271413,0.138,0.781682741116751,Follow up
Gardnerella,Maltose.unknown_76,-0.255617352614016,0.176,0.789801822323462,Follow up
Gardnerella,Maltose.unknown_77,-0.207119021134594,0.283,0.834128885519333,Follow up
Gardnerella,Unknown_79,-0.281868743047831,0.149,0.781682741116751,Follow up
Gardnerella,Unknown_81,-0.305450500556174,0.092,0.763186295503212,Follow up
Gardnerella,Maltose.unknown_87,-0.2146829810901,0.252,0.812749387755102,Follow up
Gardnerella,Maltose.unknown_88,-0.30901001112347,0.092,0.763186295503212,Follow up
Gardnerella,Unknown_89,-0.28587319243604,0.114,0.772247116968698,Follow up
Gardnerella,Unknown_90,-0.325027808676307,0.076,0.751081632653061,Follow up
Gardnerella,Unknown_91,-0.309454949944383,0.097,0.769205776173285,Follow up
Gardnerella,Unknown_92,-0.311679644048943,0.103,0.769205776173285,Follow up
Gardnerella,Uknown_93,-0.349054505005562,0.07,0.73939247311828,Follow up
Gardnerella,Unknown_94,-0.275639599555061,0.139,0.781682741116751,Follow up
Gardnerella,Uknown_95,-0.33615127919911,0.063,0.732005813953488,Follow up
Gardnerella,Unknown_96,-0.263626251390434,0.189,0.79648439181916,Follow up
Gardnerella,Unknown_97,-0.315684093437152,0.089,0.763186295503212,Follow up
Gardnerella,Glycine_99,-0.053615127919911,0.768,0.948759872611465,Follow up
Gardnerella,Glucose_100,0.0149054505005562,0.928,0.983472742066721,Follow up
Gardnerella,Glucose_101,0.0718576195773081,0.667,0.92185444166964,Follow up
Gardnerella,Glucose_102,0.215572858731924,0.261,0.81673182552504,Follow up
Gardnerella,Glucose_103,0.201334816462736,0.299,0.838902158273381,Follow up
Gardnerella,Glucose_104,0.180422691879867,0.346,0.840905897114178,Follow up
Gardnerella,Maltose.taurine.glucose_107,-0.117686318131257,0.559,0.89831884057971,Follow up
Gardnerella,Glucose_108,0.115906562847608,0.54,0.895628415300546,Follow up
Gardnerella,Unknown_109,0.07853170189099,0.679,0.923924686192469,Follow up
Gardnerella,Glucose_110,0.0513904338153504,0.798,0.959184610611232,Follow up
Gardnerella,Maltose.taurine_113,-0.245383759733037,0.201,0.799334014300306,Follow up
Gardnerella,Glucose_116,0.283648498331479,0.116,0.772247116968698,Follow up
Gardnerella,Glucose_117,0.348164627363737,0.061,0.724889570552147,Follow up
Gardnerella,Unknown_118,0.382869855394883,0.041,0.724889570552147,Follow up
Gardnerella,Carnitine_119,0.252947719688543,0.196,0.799334014300306,Follow up
Gardnerella,O_phosphocholine_120,0.123915461624027,0.497,0.883574738755111,Follow up
Gardnerella,Unknown_121,0.0576195773081201,0.74,0.940846734492944,Follow up
Gardnerella,Unknown_122,0.00155728587319244,0.992,0.997894163424125,Follow up
Gardnerella,Unknown_123,0.0620689655172414,0.742,0.941535538814281,Follow up
Gardnerella,Unknown_124,-0.0066748248271529,0.965,0.991620689655172,Follow up
Gardnerella,Unknown_125,-0.0945494994438265,0.608,0.90915838150289,Follow up
Gardnerella,Unknown_126,-0.0687430478309232,0.725,0.937779632721202,Follow up
Gardnerella,Unknown_128,0.119021134593993,0.535,0.894128559102675,Follow up
Gardnerella,Creatine_129,0.0518353726362625,0.795,0.958565122785204,Follow up
Gardnerella,Creatinephosphate_130,0.191991101223582,0.334,0.840905897114178,Follow up
Gardnerella,Unknown_131,-0.192880978865406,0.337,0.840905897114178,Follow up
Gardnerella,Asparagine_133,0.125250278086763,0.52,0.891634920634921,Follow up
Gardnerella,N.N.dimethylglycine_134,-0.0260289210233593,0.907,0.978206570155902,Follow up
Gardnerella,Aspartate_136,0.0082313681868743,0.97,0.992022175290391,Follow up
Gardnerella,Methionine_138,0.195550611790879,0.282,0.834128885519333,Follow up
Gardnerella,Unknown_139,0.135483870967742,0.474,0.877132075471698,Follow up
Gardnerella,Methionine_140,0.126140155728587,0.49,0.883574738755111,Follow up
Gardnerella,Unknown_142,0.0967741935483871,0.601,0.908882694541231,Follow up
Gardnerella,Riboflavin_143,0.184872080088988,0.326,0.840905897114178,Follow up
Gardnerella,Unknown_145,0.253392658509455,0.189,0.79648439181916,Follow up
Gardnerella,Unknown_146,0.113027033739789,0.52,0.891634920634921,Follow up
Gardnerella,Unknown_148,0.267185761957731,0.147,0.781682741116751,Follow up
Gardnerella,Unknown_153,0.31301446051168,0.088,0.763186295503212,Follow up
Gardnerella,Glutamine_154,0.363737486095662,0.058,0.724889570552147,Follow up
Gardnerella,Glutamine.unknown_155,0.343715239154616,0.072,0.743808,Follow up
Gardnerella,Succinate_156,0.0745272525027809,0.689,0.926157529493407,Follow up
Gardnerella,Saccharopine.unknown_157,0.092769744160178,0.598,0.908490980392157,Follow up
Gardnerella,Glutamate.unknown_158,0.165294771968854,0.374,0.85012166003411,Follow up
Gardnerella,Unknown_159,0.169299221357063,0.351,0.844055865921788,Follow up
Gardnerella,Glutamate.unknown_161,0.145717463848721,0.441,0.868548042704626,Follow up
Gardnerella,Unknown_162,0.0941045606229143,0.631,0.912805825242718,Follow up
Gardnerella,Valine.unknown_168,-0.0184649610678532,0.926,0.983472742066721,Follow up
Gardnerella,Unknown_169,0.498109010011124,0.004,0.377951219512195,Follow up
Gardnerella,Glutarate_171,0.10789766407119,0.586,0.90573041749503,Follow up
Gardnerella,Glutamine.unknown_172,0.192880978865406,0.312,0.840905897114178,Follow up
Gardnerella,Glutamine.glutamate_173,0.252057842046719,0.162,0.784134939759036,Follow up
Gardnerella,Methionine.glutamate.glutamine_177,0.162625139043382,0.376,0.85012166003411,Follow up
Gardnerella,Unknown_182,0.0320391591703339,0.856,0.966827288428325,Follow up
Gardnerella,Unknown_185,0.0936596218020022,0.627,0.911786036036036,Follow up
Gardnerella,Glutamate_187,0.108342602892102,0.577,0.902057304277643,Follow up
Gardnerella,Glutamate.unknown_189,0.183982202447164,0.318,0.840905897114178,Follow up
Gardnerella,Unknown_190,0.19377085650723,0.313,0.840905897114178,Follow up
Gardnerella,Unknown_191,0.219132369299221,0.241,0.812749387755102,Follow up
Gardnerella,Unknown_192,0.196885428253615,0.309,0.840905897114178,Follow up
Gardnerella,Unknown_193,0.145717463848721,0.423,0.8660722513089,Follow up
Gardnerella,Isoleucine.unknown_194,0.0416017797552836,0.817,0.962383157894737,Follow up
Gardnerella,Unknown_195,0.064293659621802,0.733,0.93996756041046,Follow up
Gardnerella,Unknown_196,0.0865406006674082,0.647,0.917191085129704,Follow up
Gardnerella,Acetate_197,0.130144605116796,0.477,0.877132075471698,Follow up
Gardnerella,Lysine.unknown_198,0.113681868743048,0.544,0.895628415300546,Follow up
Gardnerella,Lysine.unknown_199,-0.0527252502780868,0.785,0.955716530483972,Follow up
Gardnerella,Lysine.unknown_200,-0.0416017797552836,0.827,0.962397839783978,Follow up
Gardnerella,Unknown_201,-0.0389321468298109,0.856,0.966827288428325,Follow up
Gardnerella,Unknown_202,-0.0669632925472747,0.71,0.934921821889871,Follow up
Gardnerella,Leucine.lysine_205,0.0874304783092325,0.644,0.916628760088041,Follow up
Gardnerella,Leucine.unknown_209,-0.0883203559510567,0.653,0.91856281771968,Follow up
Gardnerella,Leucine.unknown_211,-0.0776418242491657,0.661,0.918806602081091,Follow up
Gardnerella,Alanine_212,0.224026696329255,0.238,0.812749387755102,Follow up
Gardnerella,Unknown_214,-0.0972191323692992,0.617,0.909970353477765,Follow up
Gardnerella,Unknown_215,-0.154616240266963,0.407,0.864902907295666,Follow up
Gardnerella,Isoleucine.unknown_218,-0.0242491657397108,0.902,0.977166666666667,Follow up
Gardnerella,Unknown_219,-0.0932146829810901,0.655,0.918806602081091,Follow up
Gardnerella,Unknown_220,-0.0798665183537264,0.674,0.922641696113074,Follow up
Gardnerella,Propylene_glycol_221,0.192880978865406,0.306,0.838955414012739,Follow up
Gardnerella,Isoleucine_225,0.0545050055617353,0.775,0.953751269035533,Follow up
Gardnerella,Valine_227,0.07853170189099,0.695,0.92650722642808,Follow up
Gardnerella,Leucine_229,-0.018020022246941,0.928,0.983472742066721,Follow up
Gardnerella,Leucine.isoleucine_230,-0.0082313681868743,0.972,0.992233992094862,Follow up
Streptococcus,NAD._2,0.00689655172413793,0.961,0.989587891662241,Follow up
Streptococcus,Unknown_3,0.0229143492769744,0.901,0.977166666666667,Follow up
Streptococcus,Formate_5,0.406896551724138,0.035,0.717407407407407,Follow up
Streptococcus,Unknown_7,0.248943270300334,0.198,0.799334014300306,Follow up
Streptococcus,Unknown_8,-0.0371523915461624,0.837,0.965632918886915,Follow up
Streptococcus,Hypoxanthine_10,0.304115684093437,0.096,0.769205776173285,Follow up
Streptococcus,NAD._11,0.0313681868743048,0.871,0.967390607101947,Follow up
Streptococcus,Tryptophan_14,-0.395328142380423,0.033,0.717407407407407,Follow up
Streptococcus,Unknown_15,0.303670745272525,0.092,0.763186295503212,Follow up
Streptococcus,Phenylalanine_19,-0.455839822024472,0.009,0.571573770491803,Follow up
Streptococcus,Tyrosine_20,-0.510567296996663,0.003,0.322833333333333,Follow up
Streptococcus,Unknown_22,-0.301446051167964,0.108,0.769205776173285,Follow up
Streptococcus,Unknown_23,0.201334816462736,0.294,0.838902158273381,Follow up
Streptococcus,Unknown_24,-0.050055617352614,0.789,0.957577067669173,Follow up
Streptococcus,Unknown_25,-0.0166852057842047,0.932,0.983472742066721,Follow up
Streptococcus,Unknown_26,-0.0229143492769744,0.9,0.977166666666667,Follow up
Streptococcus,Unknown_28,0.00200222469410456,0.996,0.999353535353535,Follow up
Streptococcus,Uridine_29,-0.096329254727475,0.612,0.909970353477765,Follow up
Streptococcus,Uracil_30,0.145717463848721,0.411,0.8660722513089,Follow up
Streptococcus,Unknown_31,-0.0140155728587319,0.944,0.98466774367259,Follow up
Streptococcus,Maltose.Glucose_32,0.339710789766407,0.074,0.748501305483029,Follow up
Streptococcus,Unknown_33,0.397552836484983,0.02,0.710825688073395,Follow up
Streptococcus,Unknown_34,-0.263181312569522,0.165,0.784134939759036,Follow up
Streptococcus,Maltose.unknown_37,0.228031145717464,0.229,0.812749387755102,Follow up
Streptococcus,Maltose.glucose.unknown_38,0.343270300333704,0.056,0.724889570552147,Follow up
Streptococcus,Ascorbate_40,0.2,0.291,0.838553002223869,Follow up
Streptococcus,Unknown_41,-0.221357063403782,0.253,0.812749387755102,Follow up
Streptococcus,Threonine_42,-0.455890535694543,0.017,0.672020408163265,Follow up
Streptococcus,Unknown_43,-0.248943270300334,0.177,0.789801822323462,Follow up
Streptococcus,Unknown_44,-0.439822024471635,0.013,0.637493670886076,Follow up
Streptococcus,Unknown_45,-0.511012235817575,0.002,0.249935483870968,Follow up
Streptococcus,Unknown_46,-0.502558398220245,0.006,0.474367346938776,Follow up
Streptococcus,Unknown_47,-0.55194660734149,0.002,0.249935483870968,Follow up
Streptococcus,Lactate_48,-0.360177975528365,0.055,0.724889570552147,Follow up
Streptococcus,Unknown_49,0.264071190211346,0.16,0.784134939759036,Follow up
Streptococcus,Unknown_50,0.196885428253615,0.298,0.838902158273381,Follow up
Streptococcus,Unknown_51,0.179977753058954,0.326,0.840905897114178,Follow up
Streptococcus,Unknown_52,0.147497219132369,0.453,0.871122337790986,Follow up
Streptococcus,Unknown_53,0.345494994438265,0.067,0.733214689265537,Follow up
Streptococcus,Unknown_54,0.191101223581757,0.304,0.838955414012739,Follow up
Streptococcus,Unknown_55,0.367741935483871,0.041,0.724889570552147,Follow up
Streptococcus,Unknown_56,0.423804226918799,0.028,0.717407407407407,Follow up
Streptococcus,Maltose.unknown_67,0.18754171301446,0.312,0.840905897114178,Follow up
Streptococcus,Maltose.unknown_68,0.244521082834701,0.168,0.784134939759036,Follow up
Streptococcus,Maltose.unknown_69,0.25650723025584,0.171,0.787621749408983,Follow up
Streptococcus,Maltose.unknown_70,0.280978865406007,0.114,0.772247116968698,Follow up
Streptococcus,Maltose.unknown_71,0.219577308120133,0.262,0.817220611916264,Follow up
Streptococcus,Maltose_72,0.212013348164627,0.277,0.833758647194466,Follow up
Streptococcus,Maltose_73,0.255172413793103,0.168,0.784134939759036,Follow up
Streptococcus,Maltose.unknown_74,0.288097886540601,0.131,0.781682741116751,Follow up
Streptococcus,Maltose_75,0.237374860956618,0.186,0.79648439181916,Follow up
Streptococcus,Maltose.unknown_76,0.184427141268076,0.334,0.840905897114178,Follow up
Streptococcus,Maltose.unknown_77,0.219132369299221,0.241,0.812749387755102,Follow up
Streptococcus,Unknown_79,0.254282536151279,0.169,0.785961584633854,Follow up
Streptococcus,Unknown_81,0.311679644048943,0.106,0.769205776173285,Follow up
Streptococcus,Maltose.unknown_87,0.299221357063404,0.12,0.772247116968698,Follow up
Streptococcus,Maltose.unknown_88,0.163959955506118,0.418,0.8660722513089,Follow up
Streptococcus,Unknown_89,0.142157953281424,0.466,0.877132075471698,Follow up
Streptococcus,Unknown_90,0.248053392658509,0.185,0.79648439181916,Follow up
Streptococcus,Unknown_91,0.260511679644049,0.162,0.784134939759036,Follow up
Streptococcus,Unknown_92,0.313459399332592,0.09,0.763186295503212,Follow up
Streptococcus,Uknown_93,0.245383759733037,0.202,0.799334014300306,Follow up
Streptococcus,Unknown_94,0.273414905450501,0.162,0.784134939759036,Follow up
Streptococcus,Uknown_95,0.239599555061179,0.189,0.79648439181916,Follow up
Streptococcus,Unknown_96,0.133259176863181,0.463,0.877132075471698,Follow up
Streptococcus,Unknown_97,0.0958843159065629,0.591,0.906746138613861,Follow up
Streptococcus,Glycine_99,-0.304115684093437,0.103,0.769205776173285,Follow up
Streptococcus,Glucose_100,0.230255839822024,0.214,0.810396871945259,Follow up
Streptococcus,Glucose_101,0.198665183537264,0.287,0.835340345604808,Follow up
Streptococcus,Glucose_102,0.228921023359288,0.224,0.812749387755102,Follow up
Streptococcus,Glucose_103,0.240044493882091,0.177,0.789801822323462,Follow up
Streptococcus,Glucose_104,0.29432703003337,0.113,0.772247116968698,Follow up
Streptococcus,Maltose.taurine.glucose_107,0.379755283648498,0.042,0.724889570552147,Follow up
Streptococcus,Glucose_108,0.30678531701891,0.089,0.763186295503212,Follow up
Streptococcus,Unknown_109,0.250723025583982,0.182,0.793995495495495,Follow up
Streptococcus,Glucose_110,0.247608453837597,0.182,0.793995495495495,Follow up
Streptococcus,Maltose.taurine_113,0.395773081201335,0.031,0.717407407407407,Follow up
Streptococcus,Glucose_116,0.197775305895439,0.286,0.834938960060286,Follow up
Streptococcus,Glucose_117,0.160400444938821,0.414,0.8660722513089,Follow up
Streptococcus,Unknown_118,-0.130589543937709,0.486,0.882683544303797,Follow up
Streptococcus,Carnitine_119,0.252502780867631,0.193,0.799334014300306,Follow up
Streptococcus,O_phosphocholine_120,0.270300333704116,0.135,0.781682741116751,Follow up
Streptococcus,Unknown_121,-0.0567296996662959,0.785,0.955716530483972,Follow up
Streptococcus,Unknown_122,0.156395995550612,0.382,0.85012166003411,Follow up
Streptococcus,Unknown_123,-0.0424916573971079,0.791,0.957916952856697,Follow up
Streptococcus,Unknown_124,-0.341083548667513,0.059,0.724889570552147,Follow up
Streptococcus,Unknown_125,-0.275194660734149,0.147,0.781682741116751,Follow up
Streptococcus,Unknown_126,-0.104338153503893,0.547,0.895628415300546,Follow up
Streptococcus,Unknown_128,-0.215127919911012,0.248,0.812749387755102,Follow up
Streptococcus,Creatine_129,0.27119021134594,0.143,0.781682741116751,Follow up
Streptococcus,Creatinephosphate_130,0.196885428253615,0.282,0.834128885519333,Follow up
Streptococcus,Unknown_131,-0.0131256952169077,0.955,0.988159722222222,Follow up
Streptococcus,Asparagine_133,-0.0353726362625139,0.855,0.966827288428325,Follow up
Streptococcus,N.N.dimethylglycine_134,0.0220244716351502,0.907,0.978206570155902,Follow up
Streptococcus,Aspartate_136,-0.545717463848721,0.001,0.168434782608696,Follow up
Streptococcus,Methionine_138,-0.119466073414905,0.565,0.899264585045193,Follow up
Streptococcus,Unknown_139,0.0847608453837597,0.663,0.919606874328679,Follow up
Streptococcus,Methionine_140,-0.458509454949944,0.008,0.543719298245614,Follow up
Streptococcus,Unknown_142,0.418909899888765,0.033,0.717407407407407,Follow up
Streptococcus,Riboflavin_143,0.362847608453838,0.035,0.717407407407407,Follow up
Streptococcus,Unknown_145,0.213348164627364,0.252,0.812749387755102,Follow up
Streptococcus,Unknown_146,0.349983315103717,0.072,0.743808,Follow up
Streptococcus,Unknown_148,0.27119021134594,0.154,0.781682741116751,Follow up
Streptococcus,Unknown_153,0.276084538375973,0.135,0.781682741116751,Follow up
Streptococcus,Glutamine_154,0.218242491657397,0.231,0.812749387755102,Follow up
Streptococcus,Glutamine.unknown_155,-0.0798665183537264,0.667,0.92185444166964,Follow up
Streptococcus,Succinate_156,-0.071412680756396,0.686,0.925013574660634,Follow up
Streptococcus,Saccharopine.unknown_157,0.0318131256952169,0.87,0.967390607101947,Follow up
Streptococcus,Glutamate.unknown_158,-0.344160177975528,0.077,0.755184810126582,Follow up
Streptococcus,Unknown_159,-0.338820912124583,0.061,0.724889570552147,Follow up
Streptococcus,Glutamate.unknown_161,-0.389988876529477,0.047,0.724889570552147,Follow up
Streptococcus,Unknown_162,-0.125250278086763,0.492,0.883574738755111,Follow up
Streptococcus,Valine.unknown_168,-0.393548387096774,0.029,0.717407407407407,Follow up
Streptococcus,Unknown_169,-0.0976640711902113,0.59,0.906746138613861,Follow up
Streptococcus,Glutarate_171,-0.196885428253615,0.309,0.840905897114178,Follow up
Streptococcus,Glutamine.unknown_172,-0.089210233592881,0.64,0.916628760088041,Follow up
Streptococcus,Glutamine.glutamate_173,-0.014460511679644,0.932,0.983472742066721,Follow up
Streptococcus,Methionine.glutamate.glutamine_177,-0.571968854282536,0.001,0.168434782608696,Follow up
Streptococcus,Unknown_182,-0.42652130645507,0.009,0.571573770491803,Follow up
Streptococcus,Unknown_185,-0.379755283648498,0.033,0.717407407407407,Follow up
Streptococcus,Glutamate_187,-0.387764182424917,0.034,0.717407407407407,Follow up
Streptococcus,Glutamate.unknown_189,-0.319243604004449,0.077,0.755184810126582,Follow up
Streptococcus,Unknown_190,-0.161290322580645,0.386,0.85012166003411,Follow up
Streptococcus,Unknown_191,-0.261401557285873,0.152,0.781682741116751,Follow up
Streptococcus,Unknown_192,-0.240044493882091,0.186,0.79648439181916,Follow up
Streptococcus,Unknown_193,-0.322358175750834,0.082,0.761947867298578,Follow up
Streptococcus,Isoleucine.unknown_194,-0.449610678531702,0.018,0.683647058823529,Follow up
Streptococcus,Unknown_195,-0.50789766407119,0.008,0.543719298245614,Follow up
Streptococcus,Unknown_196,-0.470522803114572,0.016,0.672020408163265,Follow up
Streptococcus,Acetate_197,0.269410456062291,0.133,0.781682741116751,Follow up
Streptococcus,Lysine.unknown_198,-0.142157953281424,0.43,0.866711758584808,Follow up
Streptococcus,Lysine.unknown_199,-0.172413793103448,0.345,0.840905897114178,Follow up
Streptococcus,Lysine.unknown_200,-0.224471635150167,0.233,0.812749387755102,Follow up
Streptococcus,Unknown_201,-0.225361512791991,0.216,0.810491362763916,Follow up
Streptococcus,Unknown_202,-0.231590656284761,0.217,0.810491362763916,Follow up
Streptococcus,Leucine.lysine_205,-0.527919911012236,0.006,0.474367346938776,Follow up
Streptococcus,Leucine.unknown_209,-0.447385984427141,0.018,0.683647058823529,Follow up
Streptococcus,Leucine.unknown_211,-0.417575083426029,0.026,0.717407407407407,Follow up
Streptococcus,Alanine_212,-0.13726362625139,0.49,0.883574738755111,Follow up
Streptococcus,Unknown_214,-0.391768631813126,0.033,0.717407407407407,Follow up
Streptococcus,Unknown_215,-0.333481646273637,0.065,0.732005813953488,Follow up
Streptococcus,Isoleucine.unknown_218,-0.202669632925473,0.298,0.838902158273381,Follow up
Streptococcus,Unknown_219,-0.32992213570634,0.062,0.725643504531722,Follow up
Streptococcus,Unknown_220,-0.50789766407119,0.005,0.440227272727273,Follow up
Streptococcus,Propylene_glycol_221,-0.0473859844271413,0.808,0.961664927891991,Follow up
Streptococcus,Isoleucine_225,-0.67741935483871,0,0,Follow up
Streptococcus,Valine_227,-0.602669632925473,0.001,0.168434782608696,Follow up
Streptococcus,Leucine_229,-0.616462736373749,0,0,Follow up
Streptococcus,Leucine.isoleucine_230,-0.577753058954394,0.001,0.168434782608696,Follow up
Prevotella,NAD._2,0.0282536151279199,0.874,0.967946255002859,Follow up
Prevotella,Unknown_3,0.480311457174639,0.006,0.474367346938776,Follow up
Prevotella,Formate_5,0.209788654060067,0.252,0.812749387755102,Follow up
Prevotella,Unknown_7,0.281868743047831,0.124,0.776022082018928,Follow up
Prevotella,Unknown_8,0.33615127919911,0.064,0.732005813953488,Follow up
Prevotella,Hypoxanthine_10,0.0620689655172414,0.745,0.942255958210904,Follow up
Prevotella,NAD._11,-0.199555061179088,0.29,0.837777777777778,Follow up
Prevotella,Tryptophan_14,0.154171301446051,0.404,0.862787210584344,Follow up
Prevotella,Unknown_15,0.148832035595106,0.44,0.868548042704626,Follow up
Prevotella,Phenylalanine_19,-0.407786429365962,0.017,0.672020408163265,Follow up
Prevotella,Tyrosine_20,-0.182202447163515,0.358,0.846181818181818,Follow up
Prevotella,Unknown_22,-0.328587319243604,0.085,0.763186295503212,Follow up
Prevotella,Unknown_23,0.385984427141268,0.028,0.717407407407407,Follow up
Prevotella,Unknown_24,0.237374860956618,0.22,0.811347169811321,Follow up
Prevotella,Unknown_25,0.143047830923248,0.451,0.870734957732471,Follow up
Prevotella,Unknown_26,-0.0202447163515017,0.903,0.977703186137507,Follow up
Prevotella,Unknown_28,0.130144605116796,0.51,0.886777378815081,Follow up
Prevotella,Uridine_29,0.127474972191324,0.493,0.883574738755111,Follow up
Prevotella,Uracil_30,0.301890989988877,0.11,0.769205776173285,Follow up
Prevotella,Unknown_31,0.224026696329255,0.237,0.812749387755102,Follow up
Prevotella,Maltose.Glucose_32,0.147052280311457,0.458,0.875265225933202,Follow up
Prevotella,Unknown_33,0.286318131256952,0.118,0.772247116968698,Follow up
Prevotella,Unknown_34,-0.204449388209121,0.278,0.833758647194466,Follow up
Prevotella,Maltose.unknown_37,0.0371523915461624,0.851,0.966827288428325,Follow up
Prevotella,Maltose.glucose.unknown_38,0.267185761957731,0.166,0.784134939759036,Follow up
Prevotella,Ascorbate_40,0.154616240266963,0.397,0.859938155715075,Follow up
Prevotella,Unknown_41,-0.314794215795328,0.105,0.769205776173285,Follow up
Prevotella,Threonine_42,-0.336411171288506,0.067,0.733214689265537,Follow up
Prevotella,Unknown_43,-0.0994438264738598,0.582,0.904762439807384,Follow up
Prevotella,Unknown_44,-0.159510567296997,0.397,0.859938155715075,Follow up
Prevotella,Unknown_45,-0.305005561735261,0.106,0.769205776173285,Follow up
Prevotella,Unknown_46,-0.27119021134594,0.147,0.781682741116751,Follow up
Prevotella,Unknown_47,-0.279199110122358,0.149,0.781682741116751,Follow up
Prevotella,Lactate_48,-0.246273637374861,0.197,0.799334014300306,Follow up
Prevotella,Unknown_49,0.225361512791991,0.208,0.805637810945274,Follow up
Prevotella,Unknown_50,0.0545050055617353,0.764,0.947722062119757,Follow up
Prevotella,Unknown_51,0.00600667408231368,0.975,0.9931250327654,Follow up
Prevotella,Unknown_52,-0.0976640711902113,0.61,0.909599692070824,Follow up
Prevotella,Unknown_53,0.236040044493882,0.209,0.805637810945274,Follow up
Prevotella,Unknown_54,0.104338153503893,0.561,0.898665842604038,Follow up
Prevotella,Unknown_55,0.0402669632925473,0.831,0.963860479041916,Follow up
Prevotella,Unknown_56,0.169299221357063,0.365,0.849765625,Follow up
Prevotella,Maltose.unknown_67,-0.0598442714126808,0.731,0.9395799601858,Follow up
Prevotella,Maltose.unknown_68,0.166203138196107,0.384,0.85012166003411,Follow up
Prevotella,Maltose.unknown_69,0.0109010011123471,0.958,0.988865051903114,Follow up
Prevotella,Maltose.unknown_70,-0.0416017797552836,0.838,0.965632918886915,Follow up
Prevotella,Maltose.unknown_71,0.00645161290322581,0.98,0.993593300183198,Follow up
Prevotella,Maltose_72,0.0540600667408231,0.776,0.953751269035533,Follow up
Prevotella,Maltose_73,0.0976640711902113,0.598,0.908490980392157,Follow up
Prevotella,Maltose.unknown_74,0.0691879866518354,0.708,0.933557522123894,Follow up
Prevotella,Maltose_75,0.111012235817575,0.543,0.895628415300546,Follow up
Prevotella,Maltose.unknown_76,0.035817575083426,0.839,0.965632918886915,Follow up
Prevotella,Maltose.unknown_77,0.126585094549499,0.495,0.883574738755111,Follow up
Prevotella,Unknown_79,0.118131256952169,0.517,0.889763660595291,Follow up
Prevotella,Unknown_81,0.140823136818687,0.452,0.870734957732471,Follow up
Prevotella,Maltose.unknown_87,0.12035595105673,0.51,0.886777378815081,Follow up
Prevotella,Maltose.unknown_88,-0.135928809788654,0.48,0.877132075471698,Follow up
Prevotella,Unknown_89,-0.035817575083426,0.819,0.962383157894737,Follow up
Prevotella,Unknown_90,0.0424916573971079,0.824,0.962383157894737,Follow up
Prevotella,Unknown_91,0.0518353726362625,0.783,0.955716530483972,Follow up
Prevotella,Unknown_92,0.0865406006674082,0.645,0.916628760088041,Follow up
Prevotella,Uknown_93,0.018020022246941,0.934,0.983472742066721,Follow up
Prevotella,Unknown_94,0.0545050055617353,0.757,0.94631106808648,Follow up
Prevotella,Uknown_95,-0.0416017797552836,0.828,0.962397839783978,Follow up
Prevotella,Unknown_96,-0.139488320355951,0.467,0.877132075471698,Follow up
Prevotella,Unknown_97,-0.0829810901001112,0.66,0.918806602081091,Follow up
Prevotella,Glycine_99,-0.0651835372636263,0.739,0.940192446633826,Follow up
Prevotella,Glucose_100,0.125695216907675,0.531,0.893223621363439,Follow up
Prevotella,Glucose_101,0.151056729699666,0.429,0.866711758584808,Follow up
Prevotella,Glucose_102,0.268075639599555,0.158,0.781682741116751,Follow up
Prevotella,Glucose_103,0.29833147942158,0.104,0.769205776173285,Follow up
Prevotella,Glucose_104,0.353058954393771,0.047,0.724889570552147,Follow up
Prevotella,Maltose.taurine.glucose_107,0.211123470522803,0.283,0.834128885519333,Follow up
Prevotella,Glucose_108,0.263626251390434,0.17,0.786833930704898,Follow up
Prevotella,Unknown_109,0.206674082313682,0.28,0.833758647194466,Follow up
Prevotella,Glucose_110,0.224026696329255,0.239,0.812749387755102,Follow up
Prevotella,Maltose.taurine_113,0.177308120133482,0.351,0.844055865921788,Follow up
Prevotella,Glucose_116,0.30678531701891,0.092,0.763186295503212,Follow up
Prevotella,Glucose_117,0.178197997775306,0.334,0.840905897114178,Follow up
Prevotella,Unknown_118,-0.406896551724138,0.018,0.683647058823529,Follow up
Prevotella,Carnitine_119,-0.163515016685206,0.402,0.859938155715075,Follow up
Prevotella,O_phosphocholine_120,0.230700778642937,0.219,0.811095602294455,Follow up
Prevotella,Unknown_121,0.0211345939933259,0.914,0.979755395683453,Follow up
Prevotella,Unknown_122,0.367741935483871,0.057,0.724889570552147,Follow up
Prevotella,Unknown_123,-0.00511679644048943,0.982,0.993774008350731,Follow up
Prevotella,Unknown_124,-0.364000447240738,0.04,0.724889570552147,Follow up
Prevotella,Unknown_125,-0.333036707452725,0.073,0.746179419525066,Follow up
Prevotella,Unknown_126,-0.34238042269188,0.054,0.724889570552147,Follow up
Prevotella,Unknown_128,-0.397997775305895,0.032,0.717407407407407,Follow up
Prevotella,Creatine_129,0.0923248053392658,0.609,0.90915838150289,Follow up
Prevotella,Creatinephosphate_130,0.223581757508343,0.223,0.812749387755102,Follow up
Prevotella,Unknown_131,-0.238264738598443,0.228,0.812749387755102,Follow up
Prevotella,Asparagine_133,-0.195995550611791,0.325,0.840905897114178,Follow up
Prevotella,N.N.dimethylglycine_134,-0.0705228031145717,0.728,0.938838881491345,Follow up
Prevotella,Aspartate_136,-0.38642936596218,0.039,0.724889570552147,Follow up
Prevotella,Methionine_138,0.204894327030033,0.296,0.838902158273381,Follow up
Prevotella,Unknown_139,0.0923248053392658,0.637,0.915672727272727,Follow up
Prevotella,Methionine_140,-0.191101223581757,0.311,0.840905897114178,Follow up
Prevotella,Unknown_142,0.0972191323692992,0.608,0.90915838150289,Follow up
Prevotella,Riboflavin_143,0.0420467185761958,0.837,0.965632918886915,Follow up
Prevotella,Unknown_145,-0.0309232480533927,0.864,0.966827288428325,Follow up
Prevotella,Unknown_146,0.0387139839974868,0.836,0.965632918886915,Follow up
Prevotella,Unknown_148,-0.0344827586206897,0.864,0.966827288428325,Follow up
Prevotella,Unknown_153,0.0175750834260289,0.918,0.981598675131107,Follow up
Prevotella,Glutamine_154,0.0126807563959956,0.948,0.985390931043735,Follow up
Prevotella,Glutamine.unknown_155,-0.163515016685206,0.376,0.85012166003411,Follow up
Prevotella,Succinate_156,-0.317463848720801,0.088,0.763186295503212,Follow up
Prevotella,Saccharopine.unknown_157,-0.268075639599555,0.15,0.781682741116751,Follow up
Prevotella,Glutamate.unknown_158,-0.427363737486096,0.021,0.717407407407407,Follow up
Prevotella,Unknown_159,-0.412680756395996,0.022,0.717407407407407,Follow up
Prevotella,Glutamate.unknown_161,-0.184427141268076,0.341,0.840905897114178,Follow up
Prevotella,Unknown_162,-0.230255839822024,0.22,0.811347169811321,Follow up
Prevotella,Valine.unknown_168,-0.0883203559510567,0.668,0.92185835694051,Follow up
Prevotella,Unknown_169,-0.0140155728587319,0.931,0.983472742066721,Follow up
Prevotella,Glutarate_171,-0.035817575083426,0.856,0.966827288428325,Follow up
Prevotella,Glutamine.unknown_172,0.0189098998887653,0.93,0.983472742066721,Follow up
Prevotella,Glutamine.glutamate_173,-0.0353726362625139,0.865,0.966827288428325,Follow up
Prevotella,Methionine.glutamate.glutamine_177,-0.212458286985539,0.254,0.812749387755102,Follow up
Prevotella,Unknown_182,-0.274335300395984,0.133,0.781682741116751,Follow up
Prevotella,Unknown_185,-0.176418242491657,0.323,0.840905897114178,Follow up
Prevotella,Glutamate_187,-0.132814238042269,0.447,0.869713,Follow up
Prevotella,Glutamate.unknown_189,0.00155728587319244,0.995,0.998867582275201,Follow up
Prevotella,Unknown_190,-0.060734149054505,0.739,0.940192446633826,Follow up
Prevotella,Unknown_191,-0.2293659621802,0.244,0.812749387755102,Follow up
Prevotella,Unknown_192,-0.247163515016685,0.207,0.805138554216867,Follow up
Prevotella,Unknown_193,-0.227586206896552,0.247,0.812749387755102,Follow up
Prevotella,Isoleucine.unknown_194,-0.372636262513904,0.036,0.724889570552147,Follow up
Prevotella,Unknown_195,-0.347274749721913,0.056,0.724889570552147,Follow up
Prevotella,Unknown_196,-0.313904338153504,0.084,0.762098360655738,Follow up
Prevotella,Acetate_197,0.296106785317019,0.11,0.769205776173285,Follow up
Prevotella,Lysine.unknown_198,-0.0349276974416018,0.841,0.965632918886915,Follow up
Prevotella,Lysine.unknown_199,-0.0362625139043382,0.855,0.966827288428325,Follow up
Prevotella,Lysine.unknown_200,-0.16440489432703,0.385,0.85012166003411,Follow up
Prevotella,Unknown_201,-0.204004449388209,0.247,0.812749387755102,Follow up
Prevotella,Unknown_202,-0.226696329254727,0.256,0.812749387755102,Follow up
Prevotella,Leucine.lysine_205,-0.322803114571746,0.078,0.757323308270677,Follow up
Prevotella,Leucine.unknown_209,-0.357953281423804,0.057,0.724889570552147,Follow up
Prevotella,Leucine.unknown_211,-0.367741935483871,0.045,0.724889570552147,Follow up
Prevotella,Alanine_212,-0.0731924360400445,0.733,0.93996756041046,Follow up
Prevotella,Unknown_214,-0.242714126807564,0.174,0.789316159250585,Follow up
Prevotella,Unknown_215,-0.236929922135706,0.197,0.799334014300306,Follow up
Prevotella,Isoleucine.unknown_218,-0.0740823136818687,0.699,0.928962607204117,Follow up
Prevotella,Unknown_219,-0.17285873192436,0.385,0.85012166003411,Follow up
Prevotella,Unknown_220,-0.210233592880979,0.264,0.820815409309791,Follow up
Prevotella,Propylene_glycol_221,0.235150166852058,0.219,0.811095602294455,Follow up
Prevotella,Isoleucine_225,-0.321913236929922,0.09,0.763186295503212,Follow up
Prevotella,Valine_227,-0.269410456062291,0.147,0.781682741116751,Follow up
Prevotella,Leucine_229,-0.378865406006674,0.033,0.717407407407407,Follow up
Prevotella,Leucine.isoleucine_230,-0.381535038932147,0.03,0.717407407407407,Follow up
Pseudomonas,NAD._2,-0.172413793103448,0.363,0.847656419529837,Follow up
Pseudomonas,Unknown_3,-0.119021134593993,0.547,0.895628415300546,Follow up
Pseudomonas,Formate_5,-0.32992213570634,0.077,0.755184810126582,Follow up
Pseudomonas,Unknown_7,-0.204894327030033,0.273,0.829491764705882,Follow up
Pseudomonas,Unknown_8,-0.00289210233592881,0.983,0.993774008350731,Follow up
Pseudomonas,Hypoxanthine_10,-0.117686318131257,0.548,0.895628415300546,Follow up
Pseudomonas,NAD._11,-0.0362625139043382,0.838,0.965632918886915,Follow up
Pseudomonas,Tryptophan_14,0.00912124582869855,0.953,0.987408932869751,Follow up
Pseudomonas,Unknown_15,-0.282758620689655,0.136,0.781682741116751,Follow up
Pseudomonas,Phenylalanine_19,0.173748609566185,0.359,0.846995127892814,Follow up
Pseudomonas,Tyrosine_20,0.280088987764182,0.14,0.781682741116751,Follow up
Pseudomonas,Unknown_22,0.0660734149054505,0.747,0.943245762711864,Follow up
Pseudomonas,Unknown_23,-0.261846496106785,0.154,0.781682741116751,Follow up
Pseudomonas,Unknown_24,-0.131924360400445,0.49,0.883574738755111,Follow up
Pseudomonas,Unknown_25,-0.211568409343715,0.236,0.812749387755102,Follow up
Pseudomonas,Unknown_26,-0.0291434927697442,0.891,0.976169117647059,Follow up
Pseudomonas,Unknown_28,-0.155061179087875,0.411,0.8660722513089,Follow up
Pseudomonas,Uridine_29,0.0696329254727475,0.732,0.93996756041046,Follow up
Pseudomonas,Uracil_30,-0.274304783092325,0.141,0.781682741116751,Follow up
Pseudomonas,Unknown_31,-0.129699666295884,0.476,0.877132075471698,Follow up
Pseudomonas,Maltose.Glucose_32,-0.0384872080088988,0.845,0.96649837614408,Follow up
Pseudomonas,Unknown_33,-0.0865406006674082,0.648,0.917191085129704,Follow up
Pseudomonas,Unknown_34,0.102558398220245,0.591,0.906746138613861,Follow up
Pseudomonas,Maltose.unknown_37,0.0700778642936596,0.718,0.935686011405569,Follow up
Pseudomonas,Maltose.glucose.unknown_38,-0.0869855394883204,0.645,0.916628760088041,Follow up
Pseudomonas,Ascorbate_40,-0.22313681868743,0.245,0.812749387755102,Follow up
Pseudomonas,Unknown_41,0.115906562847608,0.53,0.893223621363439,Follow up
Pseudomonas,Threonine_42,0.121926800175993,0.507,0.885136547994592,Follow up
Pseudomonas,Unknown_43,0.150166852057842,0.437,0.868548042704626,Follow up
Pseudomonas,Unknown_44,0.236040044493882,0.218,0.810491362763916,Follow up
Pseudomonas,Unknown_45,0.253392658509455,0.161,0.784134939759036,Follow up
Pseudomonas,Unknown_46,0.244938820912125,0.188,0.79648439181916,Follow up
Pseudomonas,Unknown_47,0.355728587319244,0.069,0.73939247311828,Follow up
Pseudomonas,Lactate_48,0.19377085650723,0.29,0.837777777777778,Follow up
Pseudomonas,Unknown_49,0.132369299221357,0.475,0.877132075471698,Follow up
Pseudomonas,Unknown_50,0.182647385984427,0.327,0.840905897114178,Follow up
Pseudomonas,Unknown_51,0.126140155728587,0.509,0.886630395683453,Follow up
Pseudomonas,Unknown_52,0.177308120133482,0.353,0.844149382716049,Follow up
Pseudomonas,Unknown_53,-0.0442714126807564,0.82,0.962383157894737,Follow up
Pseudomonas,Unknown_54,0.0509454949944383,0.806,0.961639667385279,Follow up
Pseudomonas,Unknown_55,0.0122358175750834,0.94,0.983640970350404,Follow up
Pseudomonas,Unknown_56,-0.0482758620689655,0.796,0.958565122785204,Follow up
Pseudomonas,Maltose.unknown_67,0.134593993325918,0.492,0.883574738755111,Follow up
Pseudomonas,Maltose.unknown_68,0.0958949833500966,0.616,0.909970353477765,Follow up
Pseudomonas,Maltose.unknown_69,0.0812013348164627,0.661,0.918806602081091,Follow up
Pseudomonas,Maltose.unknown_70,0.0634037819799778,0.729,0.938878324468085,Follow up
Pseudomonas,Maltose.unknown_71,0.14972191323693,0.447,0.869713,Follow up
Pseudomonas,Maltose_72,0.119466073414905,0.501,0.883574738755111,Follow up
Pseudomonas,Maltose_73,0.0763070077864294,0.691,0.92650722642808,Follow up
Pseudomonas,Maltose.unknown_74,0.0522803114571746,0.778,0.953788607594937,Follow up
Pseudomonas,Maltose_75,0.0602892102335929,0.749,0.943925178919974,Follow up
Pseudomonas,Maltose.unknown_76,0.110122358175751,0.567,0.899716734693877,Follow up
Pseudomonas,Maltose.unknown_77,-0.0309232480533927,0.871,0.967390607101947,Follow up
Pseudomonas,Unknown_79,0.00155728587319244,0.993,0.997894163424125,Follow up
Pseudomonas,Unknown_81,0.0331479421579533,0.857,0.966827288428325,Follow up
Pseudomonas,Maltose.unknown_87,-0.00467185761957731,0.982,0.993774008350731,Follow up
Pseudomonas,Maltose.unknown_88,0.147942157953281,0.415,0.8660722513089,Follow up
Pseudomonas,Unknown_89,0.1559510567297,0.358,0.846181818181818,Follow up
Pseudomonas,Unknown_90,0.100333704115684,0.592,0.90720253164557,Follow up
Pseudomonas,Unknown_91,0.0914349276974416,0.626,0.911786036036036,Follow up
Pseudomonas,Unknown_92,0.0269187986651835,0.89,0.976169117647059,Follow up
Pseudomonas,Uknown_93,0.109232480533927,0.557,0.898085583714167,Follow up
Pseudomonas,Unknown_94,0.0674082313681869,0.711,0.935602581521739,Follow up
Pseudomonas,Uknown_95,0.140823136818687,0.447,0.869713,Follow up
Pseudomonas,Unknown_96,0.184427141268076,0.329,0.840905897114178,Follow up
Pseudomonas,Unknown_97,0.207119021134594,0.264,0.820815409309791,Follow up
Pseudomonas,Glycine_99,0.0989988876529477,0.585,0.90573041749503,Follow up
Pseudomonas,Glucose_100,-0.130589543937709,0.483,0.879296052631579,Follow up
Pseudomonas,Glucose_101,-0.0763070077864294,0.681,0.923924686192469,Follow up
Pseudomonas,Glucose_102,-0.171078976640712,0.374,0.85012166003411,Follow up
Pseudomonas,Glucose_103,-0.167964404894327,0.381,0.85012166003411,Follow up
Pseudomonas,Glucose_104,-0.251167964404894,0.178,0.789801822323462,Follow up
Pseudomonas,Maltose.taurine.glucose_107,-0.0972191323692992,0.607,0.90915838150289,Follow up
Pseudomonas,Glucose_108,-0.174638487208009,0.355,0.844760442260442,Follow up
Pseudomonas,Unknown_109,-0.140823136818687,0.473,0.877132075471698,Follow up
Pseudomonas,Glucose_110,-0.14349276974416,0.44,0.868548042704626,Follow up
Pseudomonas,Maltose.taurine_113,-0.0576195773081201,0.765,0.947748640869843,Follow up
Pseudomonas,Glucose_116,-0.27119021134594,0.141,0.781682741116751,Follow up
Pseudomonas,Glucose_117,-0.274304783092325,0.165,0.784134939759036,Follow up
Pseudomonas,Unknown_118,0.119466073414905,0.5,0.883574738755111,Follow up
Pseudomonas,Carnitine_119,-0.0869855394883204,0.663,0.919606874328679,Follow up
Pseudomonas,O_phosphocholine_120,-0.207119021134594,0.27,0.826208530805687,Follow up
Pseudomonas,Unknown_121,0.119021134593993,0.562,0.898665842604038,Follow up
Pseudomonas,Unknown_122,-0.298776418242492,0.11,0.769205776173285,Follow up
Pseudomonas,Unknown_123,-0.0576195773081201,0.761,0.947060635226179,Follow up
Pseudomonas,Unknown_124,0.176660363758647,0.316,0.840905897114178,Follow up
Pseudomonas,Unknown_125,0.225806451612903,0.225,0.812749387755102,Follow up
Pseudomonas,Unknown_126,0.111457174638487,0.565,0.899264585045193,Follow up
Pseudomonas,Unknown_128,-0.0371523915461624,0.868,0.966829212190914,Follow up
Pseudomonas,Creatine_129,-0.151946607341491,0.436,0.868548042704626,Follow up
Pseudomonas,Creatinephosphate_130,-0.122135706340378,0.505,0.884986004514673,Follow up
Pseudomonas,Unknown_131,0.0202447163515017,0.927,0.983472742066721,Follow up
Pseudomonas,Asparagine_133,-0.165294771968854,0.362,0.847656419529837,Follow up
Pseudomonas,N.N.dimethylglycine_134,-0.096329254727475,0.625,0.911272111403839,Follow up
Pseudomonas,Aspartate_136,0.152836484983315,0.402,0.859938155715075,Follow up
Pseudomonas,Methionine_138,-0.334816462736374,0.071,0.73939247311828,Follow up
Pseudomonas,Unknown_139,-0.225361512791991,0.216,0.810491362763916,Follow up
Pseudomonas,Methionine_140,0.0789766407119021,0.667,0.92185444166964,Follow up
Pseudomonas,Unknown_142,-0.177308120133482,0.346,0.840905897114178,Follow up
Pseudomonas,Riboflavin_143,-0.0763070077864294,0.702,0.930396168320219,Follow up
Pseudomonas,Unknown_145,-0.053615127919911,0.779,0.954410499683744,Follow up
Pseudomonas,Unknown_146,-0.0433863613764938,0.842,0.965632918886915,Follow up
Pseudomonas,Unknown_148,0.0411568409343715,0.81,0.96168166513621,Follow up
Pseudomonas,Unknown_153,-0.112791991101224,0.533,0.893613822894169,Follow up
Pseudomonas,Glutamine_154,-0.0981090100111235,0.619,0.910147783251231,Follow up
Pseudomonas,Glutamine.unknown_155,0.118576195773081,0.536,0.894641964670401,Follow up
Pseudomonas,Succinate_156,-0.00244716351501669,0.992,0.997894163424125,Follow up
Pseudomonas,Saccharopine.unknown_157,-0.187096774193548,0.319,0.840905897114178,Follow up
Pseudomonas,Glutamate.unknown_158,-0.0344827586206897,0.871,0.967390607101947,Follow up
Pseudomonas,Unknown_159,0.10789766407119,0.575,0.901585454545455,Follow up
Pseudomonas,Glutamate.unknown_161,0.060734149054505,0.758,0.946339671285853,Follow up
Pseudomonas,Unknown_162,-0.0513904338153504,0.788,0.957263091878332,Follow up
Pseudomonas,Valine.unknown_168,0.166184649610679,0.372,0.85012166003411,Follow up
Pseudomonas,Unknown_169,-0.14972191323693,0.425,0.8660722513089,Follow up
Pseudomonas,Glutarate_171,0.00956618464961068,0.96,0.989369513168396,Follow up
Pseudomonas,Glutamine.unknown_172,0.114571746384872,0.535,0.894128559102675,Follow up
Pseudomonas,Glutamine.glutamate_173,-0.0616240266963292,0.738,0.940192446633826,Follow up
Pseudomonas,Methionine.glutamate.glutamine_177,0.135928809788654,0.47,0.877132075471698,Follow up
Pseudomonas,Unknown_182,0.280342642740422,0.134,0.781682741116751,Follow up
Pseudomonas,Unknown_185,0.163515016685206,0.375,0.85012166003411,Follow up
Pseudomonas,Glutamate_187,0.0398220244716352,0.842,0.965632918886915,Follow up
Pseudomonas,Glutamate.unknown_189,-0.0202447163515017,0.906,0.978206570155902,Follow up
Pseudomonas,Unknown_190,-0.00556173526140156,0.979,0.993359350445259,Follow up
Pseudomonas,Unknown_191,0.0184649610678532,0.916,0.981084876969865,Follow up
Pseudomonas,Unknown_192,0.0313681868743048,0.866,0.966827288428325,Follow up
Pseudomonas,Unknown_193,0.07853170189099,0.697,0.927258928571428,Follow up
Pseudomonas,Isoleucine.unknown_194,0.208008898776418,0.291,0.838553002223869,Follow up
Pseudomonas,Unknown_195,0.349054505005562,0.051,0.724889570552147,Follow up
Pseudomonas,Unknown_196,0.39888765294772,0.032,0.717407407407407,Follow up
Pseudomonas,Acetate_197,-0.296551724137931,0.112,0.772042704626335,Follow up
Pseudomonas,Lysine.unknown_198,0.0411568409343715,0.837,0.965632918886915,Follow up
Pseudomonas,Lysine.unknown_199,0.0331479421579533,0.865,0.966827288428325,Follow up
Pseudomonas,Lysine.unknown_200,0.118576195773081,0.53,0.893223621363439,Follow up
Pseudomonas,Unknown_201,0.132369299221357,0.488,0.883416822429906,Follow up
Pseudomonas,Unknown_202,0.131479421579533,0.506,0.884986004514673,Follow up
Pseudomonas,Leucine.lysine_205,0.180867630700779,0.336,0.840905897114178,Follow up
Pseudomonas,Leucine.unknown_209,0.156395995550612,0.423,0.8660722513089,Follow up
Pseudomonas,Leucine.unknown_211,0.183982202447164,0.329,0.840905897114178,Follow up
Pseudomonas,Alanine_212,-0.179532814238042,0.343,0.840905897114178,Follow up
Pseudomonas,Unknown_214,0.143937708565072,0.441,0.868548042704626,Follow up
Pseudomonas,Unknown_215,0.159955506117909,0.399,0.859938155715075,Follow up
Pseudomonas,Isoleucine.unknown_218,0.183537263626251,0.336,0.840905897114178,Follow up
Pseudomonas,Unknown_219,0.0852057842046719,0.654,0.918806602081091,Follow up
Pseudomonas,Unknown_220,0.185761957730812,0.289,0.837386686611817,Follow up
Pseudomonas,Propylene_glycol_221,-0.218242491657397,0.257,0.812749387755102,Follow up
Pseudomonas,Isoleucine_225,0.224471635150167,0.244,0.812749387755102,Follow up
Pseudomonas,Valine_227,0.151056729699666,0.43,0.866711758584808,Follow up
Pseudomonas,Leucine_229,0.243159065628476,0.206,0.804479838709677,Follow up
Pseudomonas,Leucine.isoleucine_230,0.182647385984427,0.327,0.840905897114178,Follow up
HT002,NAD._2,-0.064293659621802,0.731,0.9395799601858,Follow up
HT002,Unknown_3,-0.268520578420467,0.154,0.781682741116751,Follow up
HT002,Formate_5,-0.406006674082314,0.021,0.717407407407407,Follow up
HT002,Unknown_7,-0.0745272525027809,0.683,0.923924686192469,Follow up
HT002,Unknown_8,-0.199110122358176,0.292,0.838553002223869,Follow up
HT002,Hypoxanthine_10,-0.407786429365962,0.021,0.717407407407407,Follow up
HT002,NAD._11,0.154171301446051,0.417,0.8660722513089,Follow up
HT002,Tryptophan_14,0.1412680756396,0.427,0.8660722513089,Follow up
HT002,Unknown_15,-0.333481646273637,0.065,0.732005813953488,Follow up
HT002,Phenylalanine_19,0.297441601779755,0.094,0.769205776173285,Follow up
HT002,Tyrosine_20,0.343715239154616,0.054,0.724889570552147,Follow up
HT002,Unknown_22,0.310789766407119,0.087,0.763186295503212,Follow up
HT002,Unknown_23,-0.223581757508343,0.246,0.812749387755102,Follow up
HT002,Unknown_24,0.0941045606229143,0.625,0.911272111403839,Follow up
HT002,Unknown_25,0.0135706340378198,0.942,0.983640970350404,Follow up
HT002,Unknown_26,0.0482758620689655,0.807,0.961664927891991,Follow up
HT002,Unknown_28,0.0576195773081201,0.761,0.947060635226179,Follow up
HT002,Uridine_29,0.0278086763070078,0.902,0.977166666666667,Follow up
HT002,Uracil_30,-0.445161290322581,0.014,0.661414634146341,Follow up
HT002,Unknown_31,-0.110122358175751,0.545,0.895628415300546,Follow up
HT002,Maltose.Glucose_32,-0.174638487208009,0.354,0.844760442260442,Follow up
HT002,Unknown_33,-0.302335928809789,0.098,0.769205776173285,Follow up
HT002,Unknown_34,0.366852057842047,0.06,0.724889570552147,Follow up
HT002,Maltose.unknown_37,-0.0860956618464961,0.649,0.917935742971888,Follow up
HT002,Maltose.glucose.unknown_38,-0.14349276974416,0.448,0.869713,Follow up
HT002,Ascorbate_40,-0.0954393770856507,0.622,0.91101247637051,Follow up
HT002,Unknown_41,0.342825361512792,0.061,0.724889570552147,Follow up
HT002,Threonine_42,0.518411394908875,0.005,0.440227272727273,Follow up
HT002,Unknown_43,0.281423804226919,0.136,0.781682741116751,Follow up
HT002,Unknown_44,0.302335928809789,0.105,0.769205776173285,Follow up
HT002,Unknown_45,0.377530589543938,0.043,0.724889570552147,Follow up
HT002,Unknown_46,0.422469410456062,0.015,0.667931034482759,Follow up
HT002,Unknown_47,0.447830923248053,0.008,0.543719298245614,Follow up
HT002,Lactate_48,0.234260289210234,0.217,0.810491362763916,Follow up
HT002,Unknown_49,-0.0825361512791991,0.67,0.92185835694051,Follow up
HT002,Unknown_50,0.0473859844271413,0.817,0.962383157894737,Follow up
HT002,Unknown_51,0.0442714126807564,0.809,0.961664927891991,Follow up
HT002,Unknown_52,0.170189098998888,0.358,0.846181818181818,Follow up
HT002,Unknown_53,-0.357508342602892,0.057,0.724889570552147,Follow up
HT002,Unknown_54,-0.220022246941046,0.248,0.812749387755102,Follow up
HT002,Unknown_55,-0.144382647385984,0.44,0.868548042704626,Follow up
HT002,Unknown_56,-0.237374860956618,0.215,0.810491362763916,Follow up
HT002,Maltose.unknown_67,0.135483870967742,0.465,0.877132075471698,Follow up
HT002,Maltose.unknown_68,0.0847702753048418,0.647,0.917191085129704,Follow up
HT002,Maltose.unknown_69,0.0562847608453838,0.766,0.947775151708719,Follow up
HT002,Maltose.unknown_70,0.000667408231368187,1,1,Follow up
HT002,Maltose.unknown_71,-0.0291434927697442,0.874,0.967946255002859,Follow up
HT002,Maltose_72,-0.0278086763070078,0.914,0.979755395683453,Follow up
HT002,Maltose_73,-0.123470522803115,0.506,0.884986004514673,Follow up
HT002,Maltose.unknown_74,-0.0941045606229143,0.63,0.912722513089005,Follow up
HT002,Maltose_75,-0.197330367074527,0.261,0.81673182552504,Follow up
HT002,Maltose.unknown_76,-0.0153503893214683,0.934,0.983472742066721,Follow up
HT002,Maltose.unknown_77,-0.126585094549499,0.518,0.891088809946714,Follow up
HT002,Unknown_79,-0.236484983314794,0.2,0.799334014300306,Follow up
HT002,Unknown_81,-0.141713014460512,0.466,0.877132075471698,Follow up
HT002,Maltose.unknown_87,-0.251167964404894,0.182,0.793995495495495,Follow up
HT002,Maltose.unknown_88,0.0905450500556174,0.656,0.918806602081091,Follow up
HT002,Unknown_89,-0.0371523915461624,0.851,0.966827288428325,Follow up
HT002,Unknown_90,-0.147942157953281,0.451,0.870734957732471,Follow up
HT002,Unknown_91,-0.0260289210233593,0.895,0.976675295441756,Follow up
HT002,Unknown_92,-0.126585094549499,0.502,0.883574738755111,Follow up
HT002,Uknown_93,0.0402669632925473,0.826,0.962383157894737,Follow up
HT002,Unknown_94,-0.0780867630700779,0.666,0.921787781350482,Follow up
HT002,Uknown_95,-0.0549499443826474,0.785,0.955716530483972,Follow up
HT002,Unknown_96,0.0567296996662959,0.775,0.953751269035533,Follow up
HT002,Unknown_97,0.014460511679644,0.956,0.988402455297571,Follow up
HT002,Glycine_99,0.046496106785317,0.823,0.962383157894737,Follow up
HT002,Glucose_100,-0.189766407119021,0.304,0.838955414012739,Follow up
HT002,Glucose_101,-0.116351501668521,0.511,0.88732138054684,Follow up
HT002,Glucose_102,-0.182202447163515,0.351,0.844055865921788,Follow up
HT002,Glucose_103,-0.185761957730812,0.324,0.840905897114178,Follow up
HT002,Glucose_104,-0.298776418242492,0.119,0.772247116968698,Follow up
HT002,Maltose.taurine.glucose_107,-0.32992213570634,0.083,0.761947867298578,Follow up
HT002,Glucose_108,-0.317908787541713,0.091,0.763186295503212,Follow up
HT002,Unknown_109,-0.251612903225806,0.165,0.784134939759036,Follow up
HT002,Glucose_110,-0.252502780867631,0.188,0.79648439181916,Follow up
HT002,Maltose.taurine_113,-0.156840934371524,0.399,0.859938155715075,Follow up
HT002,Glucose_116,-0.188876529477197,0.317,0.840905897114178,Follow up
HT002,Glucose_117,-0.123470522803115,0.498,0.883574738755111,Follow up
HT002,Unknown_118,0.152391546162403,0.419,0.8660722513089,Follow up
HT002,Carnitine_119,0.00422691879866518,0.988,0.995969815248504,Follow up
HT002,O_phosphocholine_120,-0.267185761957731,0.181,0.793205882352941,Follow up
HT002,Unknown_121,0.0424916573971079,0.828,0.962397839783978,Follow up
HT002,Unknown_122,-0.316573971078977,0.089,0.763186295503212,Follow up
HT002,Unknown_123,-0.127030033370412,0.494,0.883574738755111,Follow up
HT002,Unknown_124,0.228279009088629,0.214,0.810396871945259,Follow up
HT002,Unknown_125,0.116351501668521,0.535,0.894128559102675,Follow up
HT002,Unknown_126,0.0140155728587319,0.93,0.983472742066721,Follow up
HT002,Unknown_128,0.151501668520578,0.424,0.8660722513089,Follow up
HT002,Creatine_129,-0.381535038932147,0.034,0.717407407407407,Follow up
HT002,Creatinephosphate_130,-0.236484983314794,0.229,0.812749387755102,Follow up
HT002,Unknown_131,0.143937708565072,0.457,0.874712450592885,Follow up
HT002,Asparagine_133,0.10166852057842,0.577,0.902057304277643,Follow up
HT002,N.N.dimethylglycine_134,-0.00511679644048943,0.977,0.9931250327654,Follow up
HT002,Aspartate_136,0.37797552836485,0.034,0.717407407407407,Follow up
HT002,Methionine_138,-0.180422691879867,0.348,0.842595,Follow up
HT002,Unknown_139,-0.27741935483871,0.151,0.781682741116751,Follow up
HT002,Methionine_140,0.257397107897664,0.168,0.784134939759036,Follow up
HT002,Unknown_142,-0.321913236929922,0.071,0.73939247311828,Follow up
HT002,Riboflavin_143,-0.334371523915462,0.083,0.761947867298578,Follow up
HT002,Unknown_145,-0.121690767519466,0.531,0.893223621363439,Follow up
HT002,Unknown_146,-0.285460008441239,0.124,0.776022082018928,Follow up
HT002,Unknown_148,-0.0909899888765295,0.646,0.916704761904762,Follow up
HT002,Unknown_153,-0.0638487208008899,0.763,0.947391666666667,Follow up
HT002,Glutamine_154,-0.0705228031145717,0.717,0.935686011405569,Follow up
HT002,Glutamine.unknown_155,0.0767519466073415,0.68,0.923924686192469,Follow up
HT002,Succinate_156,0.213348164627364,0.259,0.814420454545455,Follow up
HT002,Saccharopine.unknown_157,0.1706340378198,0.384,0.85012166003411,Follow up
HT002,Glutamate.unknown_158,0.429588431590656,0.02,0.710825688073395,Follow up
HT002,Unknown_159,0.467408231368187,0.008,0.543719298245614,Follow up
HT002,Glutamate.unknown_161,0.357953281423804,0.055,0.724889570552147,Follow up
HT002,Unknown_162,0.255172413793103,0.182,0.793995495495495,Follow up
HT002,Valine.unknown_168,0.117241379310345,0.566,0.899716734693877,Follow up
HT002,Unknown_169,0.0460511679644049,0.819,0.962383157894737,Follow up
HT002,Glutarate_171,0.10567296996663,0.575,0.901585454545455,Follow up
HT002,Glutamine.unknown_172,0.135483870967742,0.499,0.883574738755111,Follow up
HT002,Glutamine.glutamate_173,0.103003337041157,0.588,0.90573041749503,Follow up
HT002,Methionine.glutamate.glutamine_177,0.362402669632925,0.064,0.732005813953488,Follow up
HT002,Unknown_182,0.367782847976125,0.059,0.724889570552147,Follow up
HT002,Unknown_185,0.337931034482759,0.064,0.732005813953488,Follow up
HT002,Glutamate_187,0.316573971078977,0.079,0.75941935483871,Follow up
HT002,Glutamate.unknown_189,0.150166852057842,0.42,0.8660722513089,Follow up
HT002,Unknown_190,0.139933259176863,0.453,0.871122337790986,Follow up
HT002,Unknown_191,0.303670745272525,0.107,0.769205776173285,Follow up
HT002,Unknown_192,0.293882091212458,0.114,0.772247116968698,Follow up
HT002,Unknown_193,0.340600667408231,0.071,0.73939247311828,Follow up
HT002,Isoleucine.unknown_194,0.434037819799778,0.02,0.710825688073395,Follow up
HT002,Unknown_195,0.455839822024472,0.01,0.596,Follow up
HT002,Unknown_196,0.411790878754171,0.03,0.717407407407407,Follow up
HT002,Acetate_197,-0.20622914349277,0.27,0.826208530805687,Follow up
HT002,Lysine.unknown_198,0.119466073414905,0.549,0.895628415300546,Follow up
HT002,Lysine.unknown_199,0.135928809788654,0.478,0.877132075471698,Follow up
HT002,Lysine.unknown_200,0.232480533926585,0.208,0.805637810945274,Follow up
HT002,Unknown_201,0.253392658509455,0.17,0.786833930704898,Follow up
HT002,Unknown_202,0.253837597330367,0.161,0.784134939759036,Follow up
HT002,Leucine.lysine_205,0.362847608453838,0.056,0.724889570552147,Follow up
HT002,Leucine.unknown_209,0.354838709677419,0.052,0.724889570552147,Follow up
HT002,Leucine.unknown_211,0.34460511679644,0.056,0.724889570552147,Follow up
HT002,Alanine_212,0.14349276974416,0.46,0.875265225933202,Follow up
HT002,Unknown_214,0.253837597330367,0.166,0.784134939759036,Follow up
HT002,Unknown_215,0.247163515016685,0.159,0.781682741116751,Follow up
HT002,Isoleucine.unknown_218,0.322803114571746,0.082,0.761947867298578,Follow up
HT002,Unknown_219,0.312569521690768,0.082,0.761947867298578,Follow up
HT002,Unknown_220,0.274304783092325,0.148,0.781682741116751,Follow up
HT002,Propylene_glycol_221,-0.30055617352614,0.118,0.772247116968698,Follow up
HT002,Isoleucine_225,0.488765294771969,0.012,0.61984,Follow up
HT002,Valine_227,0.410901001112347,0.025,0.717407407407407,Follow up
HT002,Leucine_229,0.437597330367075,0.016,0.672020408163265,Follow up
HT002,Leucine.isoleucine_230,0.446496106785317,0.016,0.672020408163265,Follow up
Veillonellaceae_unclassified,NAD._2,-0.0082313681868743,0.963,0.99009076433121,Follow up
Veillonellaceae_unclassified,Unknown_3,-0.0157953281423804,0.935,0.983472742066721,Follow up
Veillonellaceae_unclassified,Formate_5,0.071412680756396,0.692,0.92650722642808,Follow up
Veillonellaceae_unclassified,Unknown_7,0.154171301446051,0.434,0.868548042704626,Follow up
Veillonellaceae_unclassified,Unknown_8,0.0972191323692992,0.614,0.909970353477765,Follow up
Veillonellaceae_unclassified,Hypoxanthine_10,0.0238042269187987,0.896,0.976675295441756,Follow up
Veillonellaceae_unclassified,NAD._11,0.345939933259177,0.065,0.732005813953488,Follow up
Veillonellaceae_unclassified,Tryptophan_14,0.154171301446051,0.425,0.8660722513089,Follow up
Veillonellaceae_unclassified,Unknown_15,0.29210233592881,0.115,0.772247116968698,Follow up
Veillonellaceae_unclassified,Phenylalanine_19,0.268075639599555,0.132,0.781682741116751,Follow up
Veillonellaceae_unclassified,Tyrosine_20,-0.0682981090100111,0.721,0.936357358364063,Follow up
Veillonellaceae_unclassified,Unknown_22,0.418020022246941,0.026,0.717407407407407,Follow up
Veillonellaceae_unclassified,Unknown_23,-0.0473859844271413,0.803,0.96042667489966,Follow up
Veillonellaceae_unclassified,Unknown_24,0.0758620689655172,0.669,0.92185835694051,Follow up
Veillonellaceae_unclassified,Unknown_25,0.170189098998888,0.401,0.859938155715075,Follow up
Veillonellaceae_unclassified,Unknown_26,0.226251390433815,0.24,0.812749387755102,Follow up
Veillonellaceae_unclassified,Unknown_28,0.127474972191324,0.474,0.877132075471698,Follow up
Veillonellaceae_unclassified,Uridine_29,0.123915461624027,0.52,0.891634920634921,Follow up
Veillonellaceae_unclassified,Uracil_30,0.0878754171301446,0.668,0.92185835694051,Follow up
Veillonellaceae_unclassified,Unknown_31,-0.0972191323692992,0.62,0.910147783251231,Follow up
Veillonellaceae_unclassified,Maltose.Glucose_32,-0.183982202447164,0.33,0.840905897114178,Follow up
Veillonellaceae_unclassified,Unknown_33,-0.0295884315906563,0.876,0.969329905741217,Follow up
Veillonellaceae_unclassified,Unknown_34,0.0264738598442714,0.895,0.976675295441756,Follow up
Veillonellaceae_unclassified,Maltose.unknown_37,-0.179977753058954,0.343,0.840905897114178,Follow up
Veillonellaceae_unclassified,Maltose.glucose.unknown_38,-0.104338153503893,0.57,0.899828850855746,Follow up
Veillonellaceae_unclassified,Ascorbate_40,-0.0206896551724138,0.905,0.978206570155902,Follow up
Veillonellaceae_unclassified,Unknown_41,0.310344827586207,0.095,0.769205776173285,Follow up
Veillonellaceae_unclassified,Threonine_42,0.216264324399754,0.241,0.812749387755102,Follow up
Veillonellaceae_unclassified,Unknown_43,0.289432703003337,0.149,0.781682741116751,Follow up
Veillonellaceae_unclassified,Unknown_44,0.207563959955506,0.269,0.825757527733756,Follow up
Veillonellaceae_unclassified,Unknown_45,0.247163515016685,0.189,0.79648439181916,Follow up
Veillonellaceae_unclassified,Unknown_46,0.268965517241379,0.146,0.781682741116751,Follow up
Veillonellaceae_unclassified,Unknown_47,0.188876529477197,0.326,0.840905897114178,Follow up
Veillonellaceae_unclassified,Lactate_48,0.071412680756396,0.688,0.926098679638638,Follow up
Veillonellaceae_unclassified,Unknown_49,-0.186651835372636,0.317,0.840905897114178,Follow up
Veillonellaceae_unclassified,Unknown_50,-0.185761957730812,0.304,0.838955414012739,Follow up
Veillonellaceae_unclassified,Unknown_51,-0.241379310344828,0.166,0.784134939759036,Follow up
Veillonellaceae_unclassified,Unknown_52,-0.233370411568409,0.214,0.810396871945259,Follow up
Veillonellaceae_unclassified,Unknown_53,-0.100778642936596,0.586,0.90573041749503,Follow up
Veillonellaceae_unclassified,Unknown_54,-0.089210233592881,0.615,0.909970353477765,Follow up
Veillonellaceae_unclassified,Unknown_55,-0.0131256952169077,0.946,0.985390931043735,Follow up
Veillonellaceae_unclassified,Unknown_56,-0.0371523915461624,0.857,0.966827288428325,Follow up
Veillonellaceae_unclassified,Maltose.unknown_67,-0.308565072302558,0.099,0.769205776173285,Follow up
Veillonellaceae_unclassified,Maltose.unknown_68,-0.285460008441239,0.142,0.781682741116751,Follow up
Veillonellaceae_unclassified,Maltose.unknown_69,-0.323692992213571,0.075,0.748840206185567,Follow up
Veillonellaceae_unclassified,Maltose.unknown_70,-0.215572858731924,0.252,0.812749387755102,Follow up
Veillonellaceae_unclassified,Maltose.unknown_71,-0.278754171301446,0.127,0.776022082018928,Follow up
Veillonellaceae_unclassified,Maltose_72,-0.251167964404894,0.202,0.799334014300306,Follow up
Veillonellaceae_unclassified,Maltose_73,-0.211123470522803,0.283,0.834128885519333,Follow up
Veillonellaceae_unclassified,Maltose.unknown_74,-0.187096774193548,0.337,0.840905897114178,Follow up
Veillonellaceae_unclassified,Maltose_75,-0.17908787541713,0.356,0.846100613496932,Follow up
Veillonellaceae_unclassified,Maltose.unknown_76,-0.218687430478309,0.247,0.812749387755102,Follow up
Veillonellaceae_unclassified,Maltose.unknown_77,-0.141713014460512,0.439,0.868548042704626,Follow up
Veillonellaceae_unclassified,Unknown_79,-0.0887652947719689,0.635,0.915174851190476,Follow up
Veillonellaceae_unclassified,Unknown_81,-0.155061179087875,0.389,0.851404519774011,Follow up
Veillonellaceae_unclassified,Maltose.unknown_87,-0.109232480533927,0.54,0.895628415300546,Follow up
Veillonellaceae_unclassified,Maltose.unknown_88,-0.209788654060067,0.271,0.827308116627266,Follow up
Veillonellaceae_unclassified,Unknown_89,-0.22313681868743,0.222,0.811347169811321,Follow up
Veillonellaceae_unclassified,Unknown_90,-0.236040044493882,0.202,0.799334014300306,Follow up
Veillonellaceae_unclassified,Unknown_91,-0.260511679644049,0.157,0.781682741116751,Follow up
Veillonellaceae_unclassified,Unknown_92,-0.191101223581757,0.289,0.837386686611817,Follow up
Veillonellaceae_unclassified,Uknown_93,-0.238264738598443,0.199,0.799334014300306,Follow up
Veillonellaceae_unclassified,Unknown_94,-0.211568409343715,0.231,0.812749387755102,Follow up
Veillonellaceae_unclassified,Uknown_95,-0.228921023359288,0.226,0.812749387755102,Follow up
Veillonellaceae_unclassified,Unknown_96,-0.260511679644049,0.158,0.781682741116751,Follow up
Veillonellaceae_unclassified,Unknown_97,-0.256952169076752,0.174,0.789316159250585,Follow up
Veillonellaceae_unclassified,Glycine_99,-0.248498331479422,0.175,0.789801822323462,Follow up
Veillonellaceae_unclassified,Glucose_100,-0.240934371523915,0.185,0.79648439181916,Follow up
Veillonellaceae_unclassified,Glucose_101,-0.233815350389321,0.221,0.811347169811321,Follow up
Veillonellaceae_unclassified,Glucose_102,-0.166629588431591,0.397,0.859938155715075,Follow up
Veillonellaceae_unclassified,Glucose_103,-0.165294771968854,0.386,0.85012166003411,Follow up
Veillonellaceae_unclassified,Glucose_104,-0.133259176863181,0.445,0.869713,Follow up
Veillonellaceae_unclassified,Maltose.taurine.glucose_107,-0.122135706340378,0.527,0.893223621363439,Follow up
Veillonellaceae_unclassified,Glucose_108,-0.140823136818687,0.444,0.869713,Follow up
Veillonellaceae_unclassified,Unknown_109,-0.135928809788654,0.459,0.875265225933202,Follow up
Veillonellaceae_unclassified,Glucose_110,-0.190656284760845,0.293,0.838902158273381,Follow up
Veillonellaceae_unclassified,Maltose.taurine_113,-0.136373748609566,0.466,0.877132075471698,Follow up
Veillonellaceae_unclassified,Glucose_116,-0.0985539488320356,0.613,0.909970353477765,Follow up
Veillonellaceae_unclassified,Glucose_117,-0.0798665183537264,0.66,0.918806602081091,Follow up
Veillonellaceae_unclassified,Unknown_118,-0.071412680756396,0.691,0.92650722642808,Follow up
Veillonellaceae_unclassified,Carnitine_119,0.0447163515016685,0.821,0.962383157894737,Follow up
Veillonellaceae_unclassified,O_phosphocholine_120,-0.0402669632925473,0.847,0.966827288428325,Follow up
Veillonellaceae_unclassified,Unknown_121,-0.0224694104560623,0.921,0.982636739190306,Follow up
Veillonellaceae_unclassified,Unknown_122,0.238709677419355,0.198,0.799334014300306,Follow up
Veillonellaceae_unclassified,Unknown_123,-0.0135706340378198,0.946,0.985390931043735,Follow up
Veillonellaceae_unclassified,Unknown_124,-0.0700856606851054,0.677,0.923485211267606,Follow up
Veillonellaceae_unclassified,Unknown_125,-0.15817575083426,0.403,0.861126309983453,Follow up
Veillonellaceae_unclassified,Unknown_126,-0.0803114571746385,0.677,0.923485211267606,Follow up
Veillonellaceae_unclassified,Unknown_128,0.100333704115684,0.602,0.908882694541231,Follow up
Veillonellaceae_unclassified,Creatine_129,0.199110122358176,0.315,0.840905897114178,Follow up
Veillonellaceae_unclassified,Creatinephosphate_130,0.0246941045606229,0.91,0.97898916967509,Follow up
Veillonellaceae_unclassified,Unknown_131,0.375305895439377,0.042,0.724889570552147,Follow up
Veillonellaceae_unclassified,Asparagine_133,0.27964404894327,0.121,0.772247116968698,Follow up
Veillonellaceae_unclassified,N.N.dimethylglycine_134,0.111457174638487,0.544,0.895628415300546,Follow up
Veillonellaceae_unclassified,Aspartate_136,0.057174638487208,0.758,0.946339671285853,Follow up
Veillonellaceae_unclassified,Methionine_138,0.25027808676307,0.172,0.787621749408983,Follow up
Veillonellaceae_unclassified,Unknown_139,0.113681868743048,0.534,0.893613822894169,Follow up
Veillonellaceae_unclassified,Methionine_140,0.109232480533927,0.566,0.899716734693877,Follow up
Veillonellaceae_unclassified,Unknown_142,-0.0229143492769744,0.909,0.97898916967509,Follow up
Veillonellaceae_unclassified,Riboflavin_143,-0.0976640711902113,0.602,0.908882694541231,Follow up
Veillonellaceae_unclassified,Unknown_145,-0.0634037819799778,0.733,0.93996756041046,Follow up
Veillonellaceae_unclassified,Unknown_146,-0.0233618868950351,0.894,0.976675295441756,Follow up
Veillonellaceae_unclassified,Unknown_148,-0.103003337041157,0.601,0.908882694541231,Follow up
Veillonellaceae_unclassified,Unknown_153,-0.132369299221357,0.5,0.883574738755111,Follow up
Veillonellaceae_unclassified,Glutamine_154,-0.101223581757508,0.569,0.899716734693877,Follow up
Veillonellaceae_unclassified,Glutamine.unknown_155,0.0727474972191324,0.691,0.92650722642808,Follow up
Veillonellaceae_unclassified,Succinate_156,0.268965517241379,0.151,0.781682741116751,Follow up
Veillonellaceae_unclassified,Saccharopine.unknown_157,0.415350389321468,0.028,0.717407407407407,Follow up
Veillonellaceae_unclassified,Glutamate.unknown_158,0.273859844271413,0.149,0.781682741116751,Follow up
Veillonellaceae_unclassified,Unknown_159,0.198665183537264,0.305,0.838955414012739,Follow up
Veillonellaceae_unclassified,Glutamate.unknown_161,0.0562847608453838,0.769,0.948759872611465,Follow up
Veillonellaceae_unclassified,Unknown_162,0.280088987764182,0.143,0.781682741116751,Follow up
Veillonellaceae_unclassified,Valine.unknown_168,0.317018909899889,0.106,0.769205776173285,Follow up
Veillonellaceae_unclassified,Unknown_169,0.194660734149054,0.293,0.838902158273381,Follow up
Veillonellaceae_unclassified,Glutarate_171,0.249833147942158,0.176,0.789801822323462,Follow up
Veillonellaceae_unclassified,Glutamine.unknown_172,-0.130144605116796,0.488,0.883416822429906,Follow up
Veillonellaceae_unclassified,Glutamine.glutamate_173,0.0318131256952169,0.891,0.976169117647059,Follow up
Veillonellaceae_unclassified,Methionine.glutamate.glutamine_177,0.0994438264738598,0.595,0.908207249802994,Follow up
Veillonellaceae_unclassified,Unknown_182,0.146401157875554,0.44,0.868548042704626,Follow up
Veillonellaceae_unclassified,Unknown_185,0.046496106785317,0.806,0.961639667385279,Follow up
Veillonellaceae_unclassified,Glutamate_187,0.0420467185761958,0.833,0.964736023916293,Follow up
Veillonellaceae_unclassified,Glutamate.unknown_189,0.178197997775306,0.362,0.847656419529837,Follow up
Veillonellaceae_unclassified,Unknown_190,0.197330367074527,0.308,0.840905897114178,Follow up
Veillonellaceae_unclassified,Unknown_191,0.204894327030033,0.254,0.812749387755102,Follow up
Veillonellaceae_unclassified,Unknown_192,0.195550611790879,0.312,0.840905897114178,Follow up
Veillonellaceae_unclassified,Unknown_193,0.14972191323693,0.446,0.869713,Follow up
Veillonellaceae_unclassified,Isoleucine.unknown_194,0.173303670745273,0.351,0.844055865921788,Follow up
Veillonellaceae_unclassified,Unknown_195,-0.0184649610678532,0.925,0.983472742066721,Follow up
Veillonellaceae_unclassified,Unknown_196,-0.108787541713014,0.53,0.893223621363439,Follow up
Veillonellaceae_unclassified,Acetate_197,0.0273637374860957,0.88,0.970706150341686,Follow up
Veillonellaceae_unclassified,Lysine.unknown_198,-0.0362625139043382,0.834,0.965605499103407,Follow up
Veillonellaceae_unclassified,Lysine.unknown_199,0.0238042269187987,0.917,0.981341988950276,Follow up
Veillonellaceae_unclassified,Lysine.unknown_200,0.0447163515016685,0.815,0.962383157894737,Follow up
Veillonellaceae_unclassified,Unknown_201,0.0629588431590656,0.755,0.94628239095315,Follow up
Veillonellaceae_unclassified,Unknown_202,0.174193548387097,0.371,0.85012166003411,Follow up
Veillonellaceae_unclassified,Leucine.lysine_205,0.124805339265851,0.506,0.884986004514673,Follow up
Veillonellaceae_unclassified,Leucine.unknown_209,0.312569521690768,0.105,0.769205776173285,Follow up
Veillonellaceae_unclassified,Leucine.unknown_211,0.264071190211346,0.168,0.784134939759036,Follow up
Veillonellaceae_unclassified,Alanine_212,0.168409343715239,0.413,0.8660722513089,Follow up
Veillonellaceae_unclassified,Unknown_214,0.166184649610679,0.377,0.85012166003411,Follow up
Veillonellaceae_unclassified,Unknown_215,0.163959955506118,0.386,0.85012166003411,Follow up
Veillonellaceae_unclassified,Isoleucine.unknown_218,0.168409343715239,0.371,0.85012166003411,Follow up
Veillonellaceae_unclassified,Unknown_219,0.277864293659622,0.143,0.781682741116751,Follow up
Veillonellaceae_unclassified,Unknown_220,0.203114571746385,0.286,0.834938960060286,Follow up
Veillonellaceae_unclassified,Propylene_glycol_221,0.0549499443826474,0.769,0.948759872611465,Follow up
Veillonellaceae_unclassified,Isoleucine_225,0.126140155728587,0.483,0.879296052631579,Follow up
Veillonellaceae_unclassified,Valine_227,0.120800889877642,0.534,0.893613822894169,Follow up
Veillonellaceae_unclassified,Leucine_229,0.190656284760845,0.305,0.838955414012739,Follow up
Veillonellaceae_unclassified,Leucine.isoleucine_230,0.228476084538376,0.24,0.812749387755102,Follow up
Dialister,NAD._2,0.100778642936596,0.604,0.908882694541231,Follow up
Dialister,Unknown_3,0.215127919911012,0.269,0.825757527733756,Follow up
Dialister,Formate_5,-0.0558398220244716,0.756,0.94628239095315,Follow up
Dialister,Unknown_7,-0.00912124582869855,0.968,0.992022175290391,Follow up
Dialister,Unknown_8,0.0380422691879867,0.809,0.961664927891991,Follow up
Dialister,Hypoxanthine_10,0.186206896551724,0.339,0.840905897114178,Follow up
Dialister,NAD._11,-0.216462736373749,0.245,0.812749387755102,Follow up
Dialister,Tryptophan_14,-0.14349276974416,0.436,0.868548042704626,Follow up
Dialister,Unknown_15,-0.050055617352614,0.778,0.953788607594937,Follow up
Dialister,Phenylalanine_19,-0.37174638487208,0.054,0.724889570552147,Follow up
Dialister,Tyrosine_20,-0.173303670745273,0.339,0.840905897114178,Follow up
Dialister,Unknown_22,-0.262291434927697,0.169,0.785961584633854,Follow up
Dialister,Unknown_23,0.146607341490545,0.424,0.8660722513089,Follow up
Dialister,Unknown_24,-0.0740823136818687,0.703,0.930766233766234,Follow up
Dialister,Unknown_25,-0.0705228031145717,0.726,0.938133422281521,Follow up
Dialister,Unknown_26,-0.174193548387097,0.353,0.844149382716049,Follow up
Dialister,Unknown_28,-0.0696329254727475,0.727,0.9384865044985,Follow up
Dialister,Uridine_29,0.197330367074527,0.284,0.834128885519333,Follow up
Dialister,Uracil_30,0.0509454949944383,0.792,0.957916952856697,Follow up
Dialister,Unknown_31,0.180422691879867,0.338,0.840905897114178,Follow up
Dialister,Maltose.Glucose_32,0.355283648498331,0.055,0.724889570552147,Follow up
Dialister,Unknown_33,0.338375973303671,0.062,0.725643504531722,Follow up
Dialister,Unknown_34,-0.196885428253615,0.306,0.838955414012739,Follow up
Dialister,Maltose.unknown_37,0.335261401557286,0.067,0.733214689265537,Follow up
Dialister,Maltose.glucose.unknown_38,0.438042269187987,0.011,0.608771428571429,Follow up
Dialister,Ascorbate_40,0.212458286985539,0.257,0.812749387755102,Follow up
Dialister,Unknown_41,-0.26273637374861,0.157,0.781682741116751,Follow up
Dialister,Threonine_42,-0.431193683834077,0.016,0.672020408163265,Follow up
Dialister,Unknown_43,-0.119911012235818,0.516,0.889763660595291,Follow up
Dialister,Unknown_44,-0.0767519466073415,0.672,0.92185835694051,Follow up
Dialister,Unknown_45,-0.147497219132369,0.454,0.871122337790986,Follow up
Dialister,Unknown_46,-0.0505005561735261,0.78,0.954729857819905,Follow up
Dialister,Unknown_47,-0.0549499443826474,0.762,0.947060635226179,Follow up
Dialister,Lactate_48,-0.1706340378198,0.384,0.85012166003411,Follow up
Dialister,Unknown_49,0.409121245828699,0.022,0.717407407407407,Follow up
Dialister,Unknown_50,0.304560622914349,0.108,0.769205776173285,Follow up
Dialister,Unknown_51,0.32992213570634,0.079,0.75941935483871,Follow up
Dialister,Unknown_52,0.251167964404894,0.173,0.78847294117647,Follow up
Dialister,Unknown_53,0.47007786429366,0.009,0.571573770491803,Follow up
Dialister,Unknown_54,0.396218020022247,0.033,0.717407407407407,Follow up
Dialister,Unknown_55,0.233815350389321,0.216,0.810491362763916,Follow up
Dialister,Unknown_56,0.335261401557286,0.075,0.748840206185567,Follow up
Dialister,Maltose.unknown_67,0.32769744160178,0.081,0.761947867298578,Follow up
Dialister,Maltose.unknown_68,0.468350208705228,0.011,0.608771428571429,Follow up
Dialister,Maltose.unknown_69,0.375305895439377,0.057,0.724889570552147,Follow up
Dialister,Maltose.unknown_70,0.308565072302558,0.081,0.761947867298578,Follow up
Dialister,Maltose.unknown_71,0.368186874304783,0.044,0.724889570552147,Follow up
Dialister,Maltose_72,0.371301446051168,0.041,0.724889570552147,Follow up
Dialister,Maltose_73,0.342825361512792,0.067,0.733214689265537,Follow up
Dialister,Maltose.unknown_74,0.323692992213571,0.084,0.762098360655738,Follow up
Dialister,Maltose_75,0.386874304783092,0.023,0.717407407407407,Follow up
Dialister,Maltose.unknown_76,0.314349276974416,0.098,0.769205776173285,Follow up
Dialister,Maltose.unknown_77,0.369521690767519,0.032,0.717407407407407,Follow up
Dialister,Unknown_79,0.314794215795328,0.089,0.763186295503212,Follow up
Dialister,Unknown_81,0.374860956618465,0.044,0.724889570552147,Follow up
Dialister,Maltose.unknown_87,0.349054505005562,0.063,0.732005813953488,Follow up
Dialister,Maltose.unknown_88,0.232925472747497,0.184,0.796442458100559,Follow up
Dialister,Unknown_89,0.35083426028921,0.051,0.724889570552147,Follow up
Dialister,Unknown_90,0.359733036707453,0.044,0.724889570552147,Follow up
Dialister,Unknown_91,0.345939933259177,0.056,0.724889570552147,Follow up
Dialister,Unknown_92,0.323692992213571,0.093,0.768191897654584,Follow up
Dialister,Uknown_93,0.309899888765295,0.091,0.763186295503212,Follow up
Dialister,Unknown_94,0.331701890989989,0.057,0.724889570552147,Follow up
Dialister,Uknown_95,0.289432703003337,0.127,0.776022082018928,Follow up
Dialister,Unknown_96,0.297886540600667,0.094,0.769205776173285,Follow up
Dialister,Unknown_97,0.384649610678532,0.039,0.724889570552147,Follow up
Dialister,Glycine_99,-0.0754171301446051,0.689,0.926157529493407,Follow up
Dialister,Glucose_100,0.280533926585095,0.158,0.781682741116751,Follow up
Dialister,Glucose_101,0.143047830923248,0.445,0.869713,Follow up
Dialister,Glucose_102,0.265850945494994,0.148,0.781682741116751,Follow up
Dialister,Glucose_103,0.309454949944383,0.098,0.769205776173285,Follow up
Dialister,Glucose_104,0.367296996662959,0.05,0.724889570552147,Follow up
Dialister,Maltose.taurine.glucose_107,0.450500556173526,0.013,0.637493670886076,Follow up
Dialister,Glucose_108,0.369521690767519,0.042,0.724889570552147,Follow up
Dialister,Unknown_109,0.376195773081201,0.042,0.724889570552147,Follow up
Dialister,Glucose_110,0.397107897664071,0.029,0.717407407407407,Follow up
Dialister,Maltose.taurine_113,0.34860956618465,0.066,0.732618911174785,Follow up
Dialister,Glucose_116,0.1853170189099,0.331,0.840905897114178,Follow up
Dialister,Glucose_117,0.110567296996663,0.552,0.897376416281997,Follow up
Dialister,Unknown_118,-0.240044493882091,0.202,0.799334014300306,Follow up
Dialister,Carnitine_119,-0.0776418242491657,0.672,0.92185835694051,Follow up
Dialister,O_phosphocholine_120,0.021579532814238,0.914,0.979755395683453,Follow up
Dialister,Unknown_121,0.0665183537263626,0.718,0.935686011405569,Follow up
Dialister,Unknown_122,0.111012235817575,0.56,0.89831884057971,Follow up
Dialister,Unknown_123,0.0082313681868743,0.976,0.9931250327654,Follow up
Dialister,Unknown_124,-0.173545445505975,0.369,0.85012166003411,Follow up
Dialister,Unknown_125,-0.123915461624027,0.516,0.889763660595291,Follow up
Dialister,Unknown_126,-0.129699666295884,0.487,0.883257490636704,Follow up
Dialister,Unknown_128,-0.165739710789766,0.353,0.844149382716049,Follow up
Dialister,Creatine_129,-0.0656284760845384,0.724,0.937738548980274,Follow up
Dialister,Creatinephosphate_130,-0.0229143492769744,0.911,0.979755395683453,Follow up
Dialister,Unknown_131,-0.281423804226919,0.142,0.781682741116751,Follow up
Dialister,Asparagine_133,-0.480311457174639,0.009,0.571573770491803,Follow up
Dialister,N.N.dimethylglycine_134,-0.246718576195773,0.179,0.789801822323462,Follow up
Dialister,Aspartate_136,-0.272525027808676,0.149,0.781682741116751,Follow up
Dialister,Methionine_138,0.0456062291434928,0.819,0.962383157894737,Follow up
Dialister,Unknown_139,-0.0082313681868743,0.972,0.992233992094862,Follow up
Dialister,Methionine_140,-0.0874304783092325,0.64,0.916628760088041,Follow up
Dialister,Unknown_142,-0.0723025583982203,0.711,0.935602581521739,Follow up
Dialister,Riboflavin_143,-0.0122358175750834,0.949,0.985901314025208,Follow up
Dialister,Unknown_145,-0.0834260289210234,0.638,0.916090437361008,Follow up
Dialister,Unknown_146,-0.0896651468447539,0.618,0.909970353477765,Follow up
Dialister,Unknown_148,-0.143937708565072,0.446,0.869713,Follow up
Dialister,Unknown_153,0.00734149054505006,0.968,0.992022175290391,Follow up
Dialister,Glutamine_154,-0.0545050055617353,0.777,0.953769961977186,Follow up
Dialister,Glutamine.unknown_155,-0.245828698553949,0.211,0.808354330708661,Follow up
Dialister,Succinate_156,-0.289432703003337,0.098,0.769205776173285,Follow up
Dialister,Saccharopine.unknown_157,-0.213348164627364,0.25,0.812749387755102,Follow up
Dialister,Glutamate.unknown_158,-0.459844271412681,0.007,0.5215,Follow up
Dialister,Unknown_159,-0.322358175750834,0.079,0.75941935483871,Follow up
Dialister,Glutamate.unknown_161,-0.107007786429366,0.576,0.901585454545455,Follow up
Dialister,Unknown_162,-0.185761957730812,0.341,0.840905897114178,Follow up
Dialister,Valine.unknown_168,-0.295216907675195,0.11,0.769205776173285,Follow up
Dialister,Unknown_169,-0.100333704115684,0.617,0.909970353477765,Follow up
Dialister,Glutarate_171,-0.0936596218020022,0.614,0.909970353477765,Follow up
Dialister,Glutamine.unknown_172,-0.0518353726362625,0.762,0.947060635226179,Follow up
Dialister,Glutamine.glutamate_173,-0.177308120133482,0.363,0.847656419529837,Follow up
Dialister,Methionine.glutamate.glutamine_177,-0.173748609566185,0.34,0.840905897114178,Follow up
Dialister,Unknown_182,-0.240738682099315,0.196,0.799334014300306,Follow up
Dialister,Unknown_185,-0.17908787541713,0.362,0.847656419529837,Follow up
Dialister,Glutamate_187,-0.115906562847608,0.521,0.891634920634921,Follow up
Dialister,Glutamate.unknown_189,-0.268520578420467,0.175,0.789801822323462,Follow up
Dialister,Unknown_190,-0.300111234705228,0.098,0.769205776173285,Follow up
Dialister,Unknown_191,-0.399777530589544,0.039,0.724889570552147,Follow up
Dialister,Unknown_192,-0.375750834260289,0.044,0.724889570552147,Follow up
Dialister,Unknown_193,-0.353058954393771,0.053,0.724889570552147,Follow up
Dialister,Isoleucine.unknown_194,-0.317908787541713,0.083,0.761947867298578,Follow up
Dialister,Unknown_195,-0.281868743047831,0.123,0.776022082018928,Follow up
Dialister,Unknown_196,-0.289432703003337,0.106,0.769205776173285,Follow up
Dialister,Acetate_197,-0.123470522803115,0.499,0.883574738755111,Follow up
Dialister,Lysine.unknown_198,-0.307675194660734,0.091,0.763186295503212,Follow up
Dialister,Lysine.unknown_199,-0.295216907675195,0.111,0.770634408602151,Follow up
Dialister,Lysine.unknown_200,-0.310344827586207,0.099,0.769205776173285,Follow up
Dialister,Unknown_201,-0.284093437152392,0.12,0.772247116968698,Follow up
Dialister,Unknown_202,-0.274304783092325,0.15,0.781682741116751,Follow up
Dialister,Leucine.lysine_205,-0.347274749721913,0.061,0.724889570552147,Follow up
Dialister,Leucine.unknown_209,-0.288097886540601,0.121,0.772247116968698,Follow up
Dialister,Leucine.unknown_211,-0.323248053392658,0.089,0.763186295503212,Follow up
Dialister,Alanine_212,-0.218242491657397,0.229,0.812749387755102,Follow up
Dialister,Unknown_214,-0.126140155728587,0.502,0.883574738755111,Follow up
Dialister,Unknown_215,-0.0914349276974416,0.618,0.909970353477765,Follow up
Dialister,Isoleucine.unknown_218,-0.258286985539488,0.143,0.781682741116751,Follow up
Dialister,Unknown_219,-0.222691879866518,0.232,0.812749387755102,Follow up
Dialister,Unknown_220,-0.280533926585095,0.121,0.772247116968698,Follow up
Dialister,Propylene_glycol_221,-0.00956618464961068,0.96,0.989369513168396,Follow up
Dialister,Isoleucine_225,-0.224471635150167,0.238,0.812749387755102,Follow up
Dialister,Valine_227,-0.347274749721913,0.06,0.724889570552147,Follow up
Dialister,Leucine_229,-0.337486095661847,0.088,0.763186295503212,Follow up
Dialister,Leucine.isoleucine_230,-0.316573971078977,0.09,0.763186295503212,Follow up
Actinomyces,NAD._2,-0.0398220244716352,0.844,0.96649600945906,Follow up
Actinomyces,Unknown_3,0.389543937708565,0.035,0.717407407407407,Follow up
Actinomyces,Formate_5,0.0473859844271413,0.804,0.961029311940759,Follow up
Actinomyces,Unknown_7,0.123915461624027,0.502,0.883574738755111,Follow up
Actinomyces,Unknown_8,0.211123470522803,0.292,0.838553002223869,Follow up
Actinomyces,Hypoxanthine_10,-0.142157953281424,0.468,0.877132075471698,Follow up
Actinomyces,NAD._11,-0.229810901001112,0.236,0.812749387755102,Follow up
Actinomyces,Tryptophan_14,0.373971078976641,0.042,0.724889570552147,Follow up
Actinomyces,Unknown_15,0.0669632925472747,0.717,0.935686011405569,Follow up
Actinomyces,Phenylalanine_19,-0.0660734149054505,0.734,0.940192446633826,Follow up
Actinomyces,Tyrosine_20,0.0229143492769744,0.908,0.97898916967509,Follow up
Actinomyces,Unknown_22,-0.204449388209121,0.294,0.838902158273381,Follow up
Actinomyces,Unknown_23,0.254282536151279,0.172,0.787621749408983,Follow up
Actinomyces,Unknown_24,0.228476084538376,0.241,0.812749387755102,Follow up
Actinomyces,Unknown_25,0.197775305895439,0.298,0.838902158273381,Follow up
Actinomyces,Unknown_26,0.0433815350389321,0.807,0.961664927891991,Follow up
Actinomyces,Unknown_28,0.15817575083426,0.413,0.8660722513089,Follow up
Actinomyces,Uridine_29,0.117686318131257,0.516,0.889763660595291,Follow up
Actinomyces,Uracil_30,0.2,0.305,0.838955414012739,Follow up
Actinomyces,Unknown_31,0.146607341490545,0.446,0.869713,Follow up
Actinomyces,Maltose.Glucose_32,0.060734149054505,0.738,0.940192446633826,Follow up
Actinomyces,Unknown_33,0.128364849833148,0.519,0.891634920634921,Follow up
Actinomyces,Unknown_34,0.143937708565072,0.418,0.8660722513089,Follow up
Actinomyces,Maltose.unknown_37,-0.10166852057842,0.597,0.908490980392157,Follow up
Actinomyces,Maltose.glucose.unknown_38,0.133259176863181,0.467,0.877132075471698,Follow up
Actinomyces,Ascorbate_40,-0.00200222469410456,0.996,0.999353535353535,Follow up
Actinomyces,Unknown_41,-0.191101223581757,0.319,0.840905897114178,Follow up
Actinomyces,Threonine_42,-0.0293692292394728,0.893,0.976675295441756,Follow up
Actinomyces,Unknown_43,0.0589543937708565,0.741,0.941500163988193,Follow up
Actinomyces,Unknown_44,-0.0166852057842047,0.932,0.983472742066721,Follow up
Actinomyces,Unknown_45,-0.106562847608454,0.582,0.904762439807384,Follow up
Actinomyces,Unknown_46,-0.0780867630700779,0.67,0.92185835694051,Follow up
Actinomyces,Unknown_47,-0.0300333704115684,0.886,0.973720283687943,Follow up
Actinomyces,Lactate_48,0.00645161290322581,0.97,0.992022175290391,Follow up
Actinomyces,Unknown_49,0.130589543937709,0.466,0.877132075471698,Follow up
Actinomyces,Unknown_50,-0.0669632925472747,0.727,0.9384865044985,Follow up
Actinomyces,Unknown_51,-0.110122358175751,0.609,0.90915838150289,Follow up
Actinomyces,Unknown_52,-0.188431590656285,0.335,0.840905897114178,Follow up
Actinomyces,Unknown_53,0.0100111234705228,0.968,0.992022175290391,Follow up
Actinomyces,Unknown_54,0.0763070077864294,0.686,0.925013574660634,Follow up
Actinomyces,Unknown_55,-0.0812013348164627,0.671,0.92185835694051,Follow up
Actinomyces,Unknown_56,0.0331479421579533,0.867,0.966827288428325,Follow up
Actinomyces,Maltose.unknown_67,-0.20845383759733,0.272,0.827751767478398,Follow up
Actinomyces,Maltose.unknown_68,-0.00244743576995606,0.988,0.995969815248504,Follow up
Actinomyces,Maltose.unknown_69,-0.165739710789766,0.385,0.85012166003411,Follow up
Actinomyces,Maltose.unknown_70,-0.257842046718576,0.157,0.781682741116751,Follow up
Actinomyces,Maltose.unknown_71,-0.22714126807564,0.245,0.812749387755102,Follow up
Actinomyces,Maltose_72,-0.0371523915461624,0.854,0.966827288428325,Follow up
Actinomyces,Maltose_73,0.0291434927697442,0.874,0.967946255002859,Follow up
Actinomyces,Maltose.unknown_74,-0.0496106785317019,0.818,0.962383157894737,Follow up
Actinomyces,Maltose_75,0.0585094549499444,0.745,0.942255958210904,Follow up
Actinomyces,Maltose.unknown_76,-0.00511679644048943,0.976,0.9931250327654,Follow up
Actinomyces,Maltose.unknown_77,0.0945494994438265,0.609,0.90915838150289,Follow up
Actinomyces,Unknown_79,0.0255839822024472,0.905,0.978206570155902,Follow up
Actinomyces,Unknown_81,0.00645161290322581,0.97,0.992022175290391,Follow up
Actinomyces,Maltose.unknown_87,0.0754171301446051,0.709,0.934558012929568,Follow up
Actinomyces,Maltose.unknown_88,-0.228921023359288,0.201,0.799334014300306,Follow up
Actinomyces,Unknown_89,-0.122135706340378,0.512,0.887466666666667,Follow up
Actinomyces,Unknown_90,-0.142602892102336,0.423,0.8660722513089,Follow up
Actinomyces,Unknown_91,-0.0918798665183537,0.614,0.909970353477765,Follow up
Actinomyces,Unknown_92,-0.0224694104560623,0.906,0.978206570155902,Follow up
Actinomyces,Uknown_93,-0.153726362625139,0.417,0.8660722513089,Follow up
Actinomyces,Unknown_94,-0.0682981090100111,0.736,0.940192446633826,Follow up
Actinomyces,Uknown_95,-0.150611790878754,0.441,0.868548042704626,Follow up
Actinomyces,Unknown_96,-0.234260289210234,0.2,0.799334014300306,Follow up
Actinomyces,Unknown_97,-0.174638487208009,0.346,0.840905897114178,Follow up
Actinomyces,Glycine_99,0.15817575083426,0.407,0.864902907295666,Follow up
Actinomyces,Glucose_100,0.304560622914349,0.106,0.769205776173285,Follow up
Actinomyces,Glucose_101,0.296996662958843,0.108,0.769205776173285,Follow up
Actinomyces,Glucose_102,0.303225806451613,0.109,0.769205776173285,Follow up
Actinomyces,Glucose_103,0.296996662958843,0.118,0.772247116968698,Follow up
Actinomyces,Glucose_104,0.336596218020022,0.071,0.73939247311828,Follow up
Actinomyces,Maltose.taurine.glucose_107,0.140823136818687,0.475,0.877132075471698,Follow up
Actinomyces,Glucose_108,0.209343715239155,0.267,0.82550518754988,Follow up
Actinomyces,Unknown_109,0.25027808676307,0.187,0.79648439181916,Follow up
Actinomyces,Glucose_110,0.30901001112347,0.101,0.769205776173285,Follow up
Actinomyces,Maltose.taurine_113,-0.0380422691879867,0.84,0.965632918886915,Follow up
Actinomyces,Glucose_116,0.373081201334816,0.045,0.724889570552147,Follow up
Actinomyces,Glucose_117,0.290767519466073,0.103,0.769205776173285,Follow up
Actinomyces,Unknown_118,-0.264516129032258,0.154,0.781682741116751,Follow up
Actinomyces,Carnitine_119,-0.208898776418243,0.254,0.812749387755102,Follow up
Actinomyces,O_phosphocholine_120,-0.103003337041157,0.565,0.899264585045193,Follow up
Actinomyces,Unknown_121,0.0887652947719689,0.643,0.916628760088041,Follow up
Actinomyces,Unknown_122,0.272525027808676,0.147,0.781682741116751,Follow up
Actinomyces,Unknown_123,0.112347052280311,0.562,0.898665842604038,Follow up
Actinomyces,Unknown_124,-0.0442763380201142,0.815,0.962383157894737,Follow up
Actinomyces,Unknown_125,-0.0291434927697442,0.884,0.973455372370665,Follow up
Actinomyces,Unknown_126,-0.149276974416018,0.438,0.868548042704626,Follow up
Actinomyces,Unknown_128,-0.313459399332592,0.088,0.763186295503212,Follow up
Actinomyces,Creatine_129,-0.282758620689655,0.11,0.769205776173285,Follow up
Actinomyces,Creatinephosphate_130,-0.123915461624027,0.512,0.887466666666667,Follow up
Actinomyces,Unknown_131,-0.353503893214683,0.055,0.724889570552147,Follow up
Actinomyces,Asparagine_133,-0.125695216907675,0.511,0.88732138054684,Follow up
Actinomyces,N.N.dimethylglycine_134,0.0589543937708565,0.756,0.94628239095315,Follow up
Actinomyces,Aspartate_136,-0.159510567296997,0.392,0.855072072072072,Follow up
Actinomyces,Methionine_138,-0.0518353726362625,0.758,0.946339671285853,Follow up
Actinomyces,Unknown_139,-0.12258064516129,0.528,0.893223621363439,Follow up
Actinomyces,Methionine_140,-0.198220244716351,0.304,0.838955414012739,Follow up
Actinomyces,Unknown_142,-0.160400444938821,0.401,0.859938155715075,Follow up
Actinomyces,Riboflavin_143,-0.150166852057842,0.421,0.8660722513089,Follow up
Actinomyces,Unknown_145,-0.0625139043381535,0.759,0.946672891178365,Follow up
Actinomyces,Unknown_146,-0.0932250534192355,0.624,0.911272111403839,Follow up
Actinomyces,Unknown_148,-0.153281423804227,0.427,0.8660722513089,Follow up
Actinomyces,Unknown_153,-0.111012235817575,0.569,0.899716734693877,Follow up
Actinomyces,Glutamine_154,-0.176418242491657,0.371,0.85012166003411,Follow up
Actinomyces,Glutamine.unknown_155,-0.0300333704115684,0.886,0.973720283687943,Follow up
Actinomyces,Succinate_156,-0.0918798665183537,0.638,0.916090437361008,Follow up
Actinomyces,Saccharopine.unknown_157,-0.22313681868743,0.212,0.808354330708661,Follow up
Actinomyces,Glutamate.unknown_158,-0.362847608453838,0.051,0.724889570552147,Follow up
Actinomyces,Unknown_159,-0.215127919911012,0.254,0.812749387755102,Follow up
Actinomyces,Glutamate.unknown_161,-0.189766407119021,0.311,0.840905897114178,Follow up
Actinomyces,Unknown_162,-0.28587319243604,0.129,0.779634945397816,Follow up
Actinomyces,Valine.unknown_168,0.0082313681868743,0.959,0.988865051903114,Follow up
Actinomyces,Unknown_169,0.0318131256952169,0.867,0.966827288428325,Follow up
Actinomyces,Glutarate_171,-0.148387096774194,0.422,0.8660722513089,Follow up
Actinomyces,Glutamine.unknown_172,0.0104560622914349,0.949,0.985901314025208,Follow up
Actinomyces,Glutamine.glutamate_173,-0.148832035595106,0.441,0.868548042704626,Follow up
Actinomyces,Methionine.glutamate.glutamine_177,0.0264738598442714,0.88,0.970706150341686,Follow up
Actinomyces,Unknown_182,-0.197797309044631,0.306,0.838955414012739,Follow up
Actinomyces,Unknown_185,-0.0865406006674082,0.651,0.918082999635967,Follow up
Actinomyces,Glutamate_187,-0.0843159065628476,0.669,0.92185835694051,Follow up
Actinomyces,Glutamate.unknown_189,-0.0424916573971079,0.844,0.96649600945906,Follow up
Actinomyces,Unknown_190,-0.148387096774194,0.419,0.8660722513089,Follow up
Actinomyces,Unknown_191,-0.181757508342603,0.345,0.840905897114178,Follow up
Actinomyces,Unknown_192,-0.20845383759733,0.279,0.833758647194466,Follow up
Actinomyces,Unknown_193,-0.194215795328142,0.309,0.840905897114178,Follow up
Actinomyces,Isoleucine.unknown_194,-0.237819799777531,0.172,0.787621749408983,Follow up
Actinomyces,Unknown_195,-0.234260289210234,0.224,0.812749387755102,Follow up
Actinomyces,Unknown_196,-0.195105672969967,0.319,0.840905897114178,Follow up
Actinomyces,Acetate_197,0.0976640711902113,0.584,0.90569095276221,Follow up
Actinomyces,Lysine.unknown_198,0.139933259176863,0.472,0.877132075471698,Follow up
Actinomyces,Lysine.unknown_199,0.0816462736373749,0.637,0.915672727272727,Follow up
Actinomyces,Lysine.unknown_200,0.000222469410456062,1,1,Follow up
Actinomyces,Unknown_201,-0.0518353726362625,0.788,0.957263091878332,Follow up
Actinomyces,Unknown_202,-0.2440489432703,0.189,0.79648439181916,Follow up
Actinomyces,Leucine.lysine_205,-0.060734149054505,0.756,0.94628239095315,Follow up
Actinomyces,Leucine.unknown_209,-0.16440489432703,0.383,0.85012166003411,Follow up
Actinomyces,Leucine.unknown_211,-0.064293659621802,0.722,0.9373418230563,Follow up
Actinomyces,Alanine_212,-0.156840934371524,0.415,0.8660722513089,Follow up
Actinomyces,Unknown_214,-0.192436040044494,0.305,0.838955414012739,Follow up
Actinomyces,Unknown_215,-0.20845383759733,0.257,0.812749387755102,Follow up
Actinomyces,Isoleucine.unknown_218,0.154616240266963,0.434,0.868548042704626,Follow up
Actinomyces,Unknown_219,-0.0224694104560623,0.903,0.977703186137507,Follow up
Actinomyces,Unknown_220,0.0505005561735261,0.789,0.957577067669173,Follow up
Actinomyces,Propylene_glycol_221,0.141713014460512,0.452,0.870734957732471,Follow up
Actinomyces,Isoleucine_225,-0.032258064516129,0.874,0.967946255002859,Follow up
Actinomyces,Valine_227,-0.0126807563959956,0.962,0.989587891662241,Follow up
Actinomyces,Leucine_229,-0.0398220244716352,0.824,0.962383157894737,Follow up
Actinomyces,Leucine.isoleucine_230,-0.0954393770856507,0.589,0.906189833200953,Follow up
Finegoldia,NAD._2,0.154616240266963,0.421,0.8660722513089,Follow up
Finegoldia,Unknown_3,0.177308120133482,0.338,0.840905897114178,Follow up
Finegoldia,Formate_5,0.0531701890989989,0.776,0.953751269035533,Follow up
Finegoldia,Unknown_7,0.139933259176863,0.478,0.877132075471698,Follow up
Finegoldia,Unknown_8,-0.0416017797552836,0.824,0.962383157894737,Follow up
Finegoldia,Hypoxanthine_10,0.185761957730812,0.329,0.840905897114178,Follow up
Finegoldia,NAD._11,-0.0349276974416018,0.858,0.966827288428325,Follow up
Finegoldia,Tryptophan_14,-0.183537263626251,0.323,0.840905897114178,Follow up
Finegoldia,Unknown_15,-0.00511679644048943,0.983,0.993774008350731,Follow up
Finegoldia,Phenylalanine_19,-0.328142380422692,0.072,0.743808,Follow up
Finegoldia,Tyrosine_20,-0.2293659621802,0.199,0.799334014300306,Follow up
Finegoldia,Unknown_22,-0.136373748609566,0.479,0.877132075471698,Follow up
Finegoldia,Unknown_23,0.169744160177976,0.379,0.85012166003411,Follow up
Finegoldia,Unknown_24,0.0100111234705228,0.964,0.990855929954895,Follow up
Finegoldia,Unknown_25,-0.0798665183537264,0.692,0.92650722642808,Follow up
Finegoldia,Unknown_26,-0.0140155728587319,0.93,0.983472742066721,Follow up
Finegoldia,Unknown_28,-0.0202447163515017,0.916,0.981084876969865,Follow up
Finegoldia,Uridine_29,-0.11412680756396,0.542,0.895628415300546,Follow up
Finegoldia,Uracil_30,0.092769744160178,0.609,0.90915838150289,Follow up
Finegoldia,Unknown_31,-0.0478309232480534,0.804,0.961029311940759,Follow up
Finegoldia,Maltose.Glucose_32,0.190211345939933,0.313,0.840905897114178,Follow up
Finegoldia,Unknown_33,0.0585094549499444,0.777,0.953769961977186,Follow up
Finegoldia,Unknown_34,-0.263181312569522,0.168,0.784134939759036,Follow up
Finegoldia,Maltose.unknown_37,0.266295884315907,0.169,0.785961584633854,Follow up
Finegoldia,Maltose.glucose.unknown_38,0.180422691879867,0.36,0.847656419529837,Follow up
Finegoldia,Ascorbate_40,0.323248053392658,0.079,0.75941935483871,Follow up
Finegoldia,Unknown_41,-0.198665183537264,0.293,0.838902158273381,Follow up
Finegoldia,Threonine_42,-0.353320727517293,0.066,0.732618911174785,Follow up
Finegoldia,Unknown_43,-0.188431590656285,0.311,0.840905897114178,Follow up
Finegoldia,Unknown_44,-0.276084538375973,0.137,0.781682741116751,Follow up
Finegoldia,Unknown_45,-0.206674082313682,0.288,0.836365817091454,Follow up
Finegoldia,Unknown_46,-0.0976640711902113,0.595,0.908207249802994,Follow up
Finegoldia,Unknown_47,-0.150611790878754,0.423,0.8660722513089,Follow up
Finegoldia,Lactate_48,-0.191101223581757,0.329,0.840905897114178,Follow up
Finegoldia,Unknown_49,0.0825361512791991,0.658,0.918806602081091,Follow up
Finegoldia,Unknown_50,0.142602892102336,0.419,0.8660722513089,Follow up
Finegoldia,Unknown_51,0.224471635150167,0.239,0.812749387755102,Follow up
Finegoldia,Unknown_52,0.230255839822024,0.224,0.812749387755102,Follow up
Finegoldia,Unknown_53,0.466518353726363,0.007,0.5215,Follow up
Finegoldia,Unknown_54,0.265850945494994,0.148,0.781682741116751,Follow up
Finegoldia,Unknown_55,0.177308120133482,0.365,0.849765625,Follow up
Finegoldia,Unknown_56,0.184427141268076,0.321,0.840905897114178,Follow up
Finegoldia,Maltose.unknown_67,0.268965517241379,0.146,0.781682741116751,Follow up
Finegoldia,Maltose.unknown_68,0.27722772448775,0.119,0.772247116968698,Follow up
Finegoldia,Maltose.unknown_69,0.310344827586207,0.105,0.769205776173285,Follow up
Finegoldia,Maltose.unknown_70,0.381535038932147,0.032,0.717407407407407,Follow up
Finegoldia,Maltose.unknown_71,0.398442714126808,0.028,0.717407407407407,Follow up
Finegoldia,Maltose_72,0.236040044493882,0.209,0.805637810945274,Follow up
Finegoldia,Maltose_73,0.159955506117909,0.393,0.856289088863892,Follow up
Finegoldia,Maltose.unknown_74,0.203559510567297,0.269,0.825757527733756,Follow up
Finegoldia,Maltose_75,0.196440489432703,0.29,0.837777777777778,Follow up
Finegoldia,Maltose.unknown_76,0.126140155728587,0.514,0.889341670388566,Follow up
Finegoldia,Maltose.unknown_77,0.169744160177976,0.344,0.840905897114178,Follow up
Finegoldia,Unknown_79,0.177753058954394,0.345,0.840905897114178,Follow up
Finegoldia,Unknown_81,0.209788654060067,0.255,0.812749387755102,Follow up
Finegoldia,Maltose.unknown_87,0.166184649610679,0.394,0.856540965207632,Follow up
Finegoldia,Maltose.unknown_88,0.22714126807564,0.226,0.812749387755102,Follow up
Finegoldia,Unknown_89,0.276974416017798,0.128,0.779634945397816,Follow up
Finegoldia,Unknown_90,0.336596218020022,0.071,0.73939247311828,Follow up
Finegoldia,Unknown_91,0.251167964404894,0.167,0.784134939759036,Follow up
Finegoldia,Unknown_92,0.22313681868743,0.25,0.812749387755102,Follow up
Finegoldia,Uknown_93,0.272525027808676,0.157,0.781682741116751,Follow up
Finegoldia,Unknown_94,0.22091212458287,0.26,0.815578947368421,Follow up
Finegoldia,Uknown_95,0.253837597330367,0.168,0.784134939759036,Follow up
Finegoldia,Unknown_96,0.310789766407119,0.099,0.769205776173285,Follow up
Finegoldia,Unknown_97,0.322358175750834,0.092,0.763186295503212,Follow up
Finegoldia,Glycine_99,-0.0909899888765295,0.643,0.916628760088041,Follow up
Finegoldia,Glucose_100,0.151501668520578,0.436,0.868548042704626,Follow up
Finegoldia,Glucose_101,-0.0220244716351502,0.899,0.977166666666667,Follow up
Finegoldia,Glucose_102,0.0562847608453838,0.753,0.94628239095315,Follow up
Finegoldia,Glucose_103,0.0843159065628476,0.682,0.923924686192469,Follow up
Finegoldia,Glucose_104,0.208008898776418,0.248,0.812749387755102,Follow up
Finegoldia,Maltose.taurine.glucose_107,0.33392658509455,0.076,0.751081632653061,Follow up
Finegoldia,Glucose_108,0.263181312569522,0.166,0.784134939759036,Follow up
Finegoldia,Unknown_109,0.27964404894327,0.143,0.781682741116751,Follow up
Finegoldia,Glucose_110,0.251612903225806,0.18,0.791509648127128,Follow up
Finegoldia,Maltose.taurine_113,0.302335928809789,0.096,0.769205776173285,Follow up
Finegoldia,Glucose_116,-0.00244716351501669,0.993,0.997894163424125,Follow up
Finegoldia,Glucose_117,-0.0918798665183537,0.616,0.909970353477765,Follow up
Finegoldia,Unknown_118,-0.0149054505005562,0.933,0.983472742066721,Follow up
Finegoldia,Carnitine_119,0.0491657397107898,0.793,0.958540355250857,Follow up
Finegoldia,O_phosphocholine_120,0.167074527252503,0.365,0.849765625,Follow up
Finegoldia,Unknown_121,0.0362625139043382,0.844,0.96649600945906,Follow up
Finegoldia,Unknown_122,0.108787541713014,0.563,0.898665842604038,Follow up
Finegoldia,Unknown_123,-0.111457174638487,0.557,0.898085583714167,Follow up
Finegoldia,Unknown_124,-0.194014908309244,0.319,0.840905897114178,Follow up
Finegoldia,Unknown_125,-0.0669632925472747,0.74,0.940846734492944,Follow up
Finegoldia,Unknown_126,0.0771968854282536,0.676,0.923096228410293,Follow up
Finegoldia,Unknown_128,-0.0812013348164627,0.653,0.91856281771968,Follow up
Finegoldia,Creatine_129,0.194215795328142,0.31,0.840905897114178,Follow up
Finegoldia,Creatinephosphate_130,0.10789766407119,0.558,0.898085583714167,Follow up
Finegoldia,Unknown_131,-0.12880978865406,0.495,0.883574738755111,Follow up
Finegoldia,Asparagine_133,-0.280978865406007,0.153,0.781682741116751,Follow up
Finegoldia,N.N.dimethylglycine_134,-0.182202447163515,0.333,0.840905897114178,Follow up
Finegoldia,Aspartate_136,-0.157730812013348,0.389,0.851404519774011,Follow up
Finegoldia,Methionine_138,0.218687430478309,0.284,0.834128885519333,Follow up
Finegoldia,Unknown_139,0.228476084538376,0.229,0.812749387755102,Follow up
Finegoldia,Methionine_140,0.0834260289210234,0.654,0.918806602081091,Follow up
Finegoldia,Unknown_142,0.0282536151279199,0.886,0.973720283687943,Follow up
Finegoldia,Riboflavin_143,0.0344827586206897,0.83,0.963566077314953,Follow up
Finegoldia,Unknown_145,-0.0424916573971079,0.823,0.962383157894737,Follow up
Finegoldia,Unknown_146,-0.0978974307982425,0.622,0.91101247637051,Follow up
Finegoldia,Unknown_148,-0.0416017797552836,0.816,0.962383157894737,Follow up
Finegoldia,Unknown_153,0.170189098998888,0.343,0.840905897114178,Follow up
Finegoldia,Glutamine_154,0.118576195773081,0.549,0.895628415300546,Follow up
Finegoldia,Glutamine.unknown_155,-0.125695216907675,0.517,0.889763660595291,Follow up
Finegoldia,Succinate_156,-0.169744160177976,0.346,0.840905897114178,Follow up
Finegoldia,Saccharopine.unknown_157,-0.0331479421579533,0.863,0.966827288428325,Follow up
Finegoldia,Glutamate.unknown_158,-0.173748609566185,0.334,0.840905897114178,Follow up
Finegoldia,Unknown_159,-0.180867630700779,0.332,0.840905897114178,Follow up
Finegoldia,Glutamate.unknown_161,-0.0989988876529477,0.588,0.90573041749503,Follow up
Finegoldia,Unknown_162,-0.0669632925472747,0.729,0.938878324468085,Follow up
Finegoldia,Valine.unknown_168,-0.406451612903226,0.027,0.717407407407407,Follow up
Finegoldia,Unknown_169,-0.0367074527252503,0.858,0.966827288428325,Follow up
Finegoldia,Glutarate_171,0.0593993325917686,0.76,0.946700964630225,Follow up
Finegoldia,Glutamine.unknown_172,-0.163515016685206,0.381,0.85012166003411,Follow up
Finegoldia,Glutamine.glutamate_173,-0.0549499443826474,0.766,0.947775151708719,Follow up
Finegoldia,Methionine.glutamate.glutamine_177,-0.0331479421579533,0.858,0.966827288428325,Follow up
Finegoldia,Unknown_182,-0.142841251301072,0.436,0.868548042704626,Follow up
Finegoldia,Unknown_185,-0.0647385984427141,0.724,0.937738548980274,Follow up
Finegoldia,Glutamate_187,-0.021579532814238,0.925,0.983472742066721,Follow up
Finegoldia,Glutamate.unknown_189,-0.131034482758621,0.508,0.885286549707602,Follow up
Finegoldia,Unknown_190,-0.116796440489433,0.55,0.895628415300546,Follow up
Finegoldia,Unknown_191,-0.153281423804227,0.393,0.856289088863892,Follow up
Finegoldia,Unknown_192,-0.132814238042269,0.483,0.879296052631579,Follow up
Finegoldia,Unknown_193,-0.155506117908788,0.4,0.859938155715075,Follow up
Finegoldia,Isoleucine.unknown_194,-0.171968854282536,0.371,0.85012166003411,Follow up
Finegoldia,Unknown_195,-0.13503893214683,0.494,0.883574738755111,Follow up
Finegoldia,Unknown_196,-0.140823136818687,0.483,0.879296052631579,Follow up
Finegoldia,Acetate_197,0.111012235817575,0.562,0.898665842604038,Follow up
Finegoldia,Lysine.unknown_198,-0.237819799777531,0.218,0.810491362763916,Follow up
Finegoldia,Lysine.unknown_199,-0.1706340378198,0.355,0.844760442260442,Follow up
Finegoldia,Lysine.unknown_200,-0.191991101223582,0.329,0.840905897114178,Follow up
Finegoldia,Unknown_201,-0.151056729699666,0.424,0.8660722513089,Follow up
Finegoldia,Unknown_202,-0.0264738598442714,0.89,0.976169117647059,Follow up
Finegoldia,Leucine.lysine_205,-0.345494994438265,0.058,0.724889570552147,Follow up
Finegoldia,Leucine.unknown_209,-0.27119021134594,0.142,0.781682741116751,Follow up
Finegoldia,Leucine.unknown_211,-0.385094549499444,0.035,0.717407407407407,Follow up
Finegoldia,Alanine_212,0.0972191323692992,0.633,0.914333333333333,Follow up
Finegoldia,Unknown_214,-0.10789766407119,0.549,0.895628415300546,Follow up
Finegoldia,Unknown_215,-0.0874304783092325,0.651,0.918082999635967,Follow up
Finegoldia,Isoleucine.unknown_218,-0.071412680756396,0.72,0.935686011405569,Follow up
Finegoldia,Unknown_219,-0.0878754171301446,0.665,0.921061851984269,Follow up
Finegoldia,Unknown_220,-0.237819799777531,0.203,0.800837067209776,Follow up
Finegoldia,Propylene_glycol_221,0.148387096774194,0.419,0.8660722513089,Follow up
Finegoldia,Isoleucine_225,-0.288097886540601,0.108,0.769205776173285,Follow up
Finegoldia,Valine_227,-0.302780867630701,0.106,0.769205776173285,Follow up
Finegoldia,Leucine_229,-0.361512791991101,0.047,0.724889570552147,Follow up
Finegoldia,Leucine.isoleucine_230,-0.326362625139043,0.088,0.763186295503212,Follow up
Corynebacterium,NAD._2,0.139488320355951,0.449,0.869713,Follow up
Corynebacterium,Unknown_3,0.0189098998887653,0.914,0.979755395683453,Follow up
Corynebacterium,Formate_5,0.00244716351501669,0.988,0.995969815248504,Follow up
Corynebacterium,Unknown_7,0.105228031145717,0.547,0.895628415300546,Follow up
Corynebacterium,Unknown_8,0.0553948832035595,0.762,0.947060635226179,Follow up
Corynebacterium,Hypoxanthine_10,-0.257842046718576,0.166,0.784134939759036,Follow up
Corynebacterium,NAD._11,0.254282536151279,0.191,0.79648439181916,Follow up
Corynebacterium,Tryptophan_14,0.154171301446051,0.43,0.866711758584808,Follow up
Corynebacterium,Unknown_15,-0.0798665183537264,0.684,0.923924686192469,Follow up
Corynebacterium,Phenylalanine_19,0.0625139043381535,0.73,0.939229491863168,Follow up
Corynebacterium,Tyrosine_20,0.141713014460512,0.472,0.877132075471698,Follow up
Corynebacterium,Unknown_22,-0.0865406006674082,0.658,0.918806602081091,Follow up
Corynebacterium,Unknown_23,-0.0416017797552836,0.813,0.962383157894737,Follow up
Corynebacterium,Unknown_24,-0.0166852057842047,0.923,0.983472742066721,Follow up
Corynebacterium,Unknown_25,-0.064293659621802,0.736,0.940192446633826,Follow up
Corynebacterium,Unknown_26,-0.0371523915461624,0.866,0.966827288428325,Follow up
Corynebacterium,Unknown_28,-0.100333704115684,0.604,0.908882694541231,Follow up
Corynebacterium,Uridine_29,0.0140155728587319,0.947,0.985390931043735,Follow up
Corynebacterium,Uracil_30,-0.232035595105673,0.218,0.810491362763916,Follow up
Corynebacterium,Unknown_31,-0.0936596218020022,0.615,0.909970353477765,Follow up
Corynebacterium,Maltose.Glucose_32,0.173748609566185,0.355,0.844760442260442,Follow up
Corynebacterium,Unknown_33,0.119021134593993,0.488,0.883416822429906,Follow up
Corynebacterium,Unknown_34,0.233815350389321,0.222,0.811347169811321,Follow up
Corynebacterium,Maltose.unknown_37,0.193325917686318,0.315,0.840905897114178,Follow up
Corynebacterium,Maltose.glucose.unknown_38,0.0945494994438265,0.617,0.909970353477765,Follow up
Corynebacterium,Ascorbate_40,-0.292992213570634,0.106,0.769205776173285,Follow up
Corynebacterium,Unknown_41,0.0442714126807564,0.821,0.962383157894737,Follow up
Corynebacterium,Threonine_42,-0.000444988321810193,0.999,1,Follow up
Corynebacterium,Unknown_43,0.162625139043382,0.398,0.859938155715075,Follow up
Corynebacterium,Unknown_44,0.174638487208009,0.348,0.842595,Follow up
Corynebacterium,Unknown_45,0.106117908787542,0.59,0.906746138613861,Follow up
Corynebacterium,Unknown_46,0.057174638487208,0.76,0.946700964630225,Follow up
Corynebacterium,Unknown_47,0.103003337041157,0.594,0.907753846153846,Follow up
Corynebacterium,Lactate_48,0.307230255839822,0.103,0.769205776173285,Follow up
Corynebacterium,Unknown_49,0.218242491657397,0.255,0.812749387755102,Follow up
Corynebacterium,Unknown_50,0.1706340378198,0.379,0.85012166003411,Follow up
Corynebacterium,Unknown_51,0.186651835372636,0.312,0.840905897114178,Follow up
Corynebacterium,Unknown_52,0.179532814238042,0.319,0.840905897114178,Follow up
Corynebacterium,Unknown_53,0.136373748609566,0.448,0.869713,Follow up
Corynebacterium,Unknown_54,0.160845383759733,0.369,0.85012166003411,Follow up
Corynebacterium,Unknown_55,0.107007786429366,0.582,0.904762439807384,Follow up
Corynebacterium,Unknown_56,0.115461624026696,0.556,0.898085583714167,Follow up
Corynebacterium,Maltose.unknown_67,0.154616240266963,0.386,0.85012166003411,Follow up
Corynebacterium,Maltose.unknown_68,0.129046613324956,0.499,0.883574738755111,Follow up
Corynebacterium,Maltose.unknown_69,0.141713014460512,0.443,0.869713,Follow up
Corynebacterium,Maltose.unknown_70,0.117241379310345,0.52,0.891634920634921,Follow up
Corynebacterium,Maltose.unknown_71,0.178642936596218,0.35,0.844055865921788,Follow up
Corynebacterium,Maltose_72,0.194215795328142,0.272,0.827751767478398,Follow up
Corynebacterium,Maltose_73,0.212458286985539,0.252,0.812749387755102,Follow up
Corynebacterium,Maltose.unknown_74,0.208008898776418,0.297,0.838902158273381,Follow up
Corynebacterium,Maltose_75,0.212903225806452,0.245,0.812749387755102,Follow up
Corynebacterium,Maltose.unknown_76,0.185761957730812,0.327,0.840905897114178,Follow up
Corynebacterium,Maltose.unknown_77,0.118131256952169,0.544,0.895628415300546,Follow up
Corynebacterium,Unknown_79,0.224471635150167,0.22,0.811347169811321,Follow up
Corynebacterium,Unknown_81,0.182202447163515,0.337,0.840905897114178,Follow up
Corynebacterium,Maltose.unknown_87,0.17686318131257,0.348,0.842595,Follow up
Corynebacterium,Maltose.unknown_88,0.202669632925473,0.297,0.838902158273381,Follow up
Corynebacterium,Unknown_89,0.217352614015573,0.241,0.812749387755102,Follow up
Corynebacterium,Unknown_90,0.188876529477197,0.324,0.840905897114178,Follow up
Corynebacterium,Unknown_91,0.167519466073415,0.368,0.85012166003411,Follow up
Corynebacterium,Unknown_92,0.183537263626251,0.344,0.840905897114178,Follow up
Corynebacterium,Uknown_93,0.143047830923248,0.438,0.868548042704626,Follow up
Corynebacterium,Unknown_94,0.177308120133482,0.333,0.840905897114178,Follow up
Corynebacterium,Uknown_95,0.188876529477197,0.292,0.838553002223869,Follow up
Corynebacterium,Unknown_96,0.160400444938821,0.417,0.8660722513089,Follow up
Corynebacterium,Unknown_97,0.13503893214683,0.488,0.883416822429906,Follow up
Corynebacterium,Glycine_99,0.0611790878754171,0.735,0.940192446633826,Follow up
Corynebacterium,Glucose_100,0.162625139043382,0.389,0.851404519774011,Follow up
Corynebacterium,Glucose_101,0.254282536151279,0.171,0.787621749408983,Follow up
Corynebacterium,Glucose_102,0.157285873192436,0.426,0.8660722513089,Follow up
Corynebacterium,Glucose_103,0.136818687430478,0.443,0.869713,Follow up
Corynebacterium,Glucose_104,0.0580645161290323,0.747,0.943245762711864,Follow up
Corynebacterium,Maltose.taurine.glucose_107,0.0763070077864294,0.704,0.931453551912568,Follow up
Corynebacterium,Glucose_108,0.0593993325917686,0.745,0.942255958210904,Follow up
Corynebacterium,Unknown_109,0.0660734149054505,0.742,0.941535538814281,Follow up
Corynebacterium,Glucose_110,0.118131256952169,0.494,0.883574738755111,Follow up
Corynebacterium,Maltose.taurine_113,0.0981090100111235,0.625,0.911272111403839,Follow up
Corynebacterium,Glucose_116,-0.00734149054505006,0.972,0.992233992094862,Follow up
Corynebacterium,Glucose_117,-0.0745272525027809,0.705,0.931821903787103,Follow up
Corynebacterium,Unknown_118,-0.271635150166852,0.155,0.781682741116751,Follow up
Corynebacterium,Carnitine_119,-0.212458286985539,0.259,0.814420454545455,Follow up
Corynebacterium,O_phosphocholine_120,-0.139933259176863,0.477,0.877132075471698,Follow up
Corynebacterium,Unknown_121,0.0949944382647386,0.631,0.912805825242718,Follow up
Corynebacterium,Unknown_122,-0.305450500556174,0.085,0.763186295503212,Follow up
Corynebacterium,Unknown_123,0.0206896551724138,0.918,0.981598675131107,Follow up
Corynebacterium,Unknown_124,0.131494049094912,0.462,0.877132075471698,Follow up
Corynebacterium,Unknown_125,0.255172413793103,0.163,0.784134939759036,Follow up
Corynebacterium,Unknown_126,0.142602892102336,0.466,0.877132075471698,Follow up
Corynebacterium,Unknown_128,-0.127919911012236,0.474,0.877132075471698,Follow up
Corynebacterium,Creatine_129,-0.0740823136818687,0.71,0.934921821889871,Follow up
Corynebacterium,Creatinephosphate_130,-0.167074527252503,0.389,0.851404519774011,Follow up
Corynebacterium,Unknown_131,-0.0972191323692992,0.607,0.90915838150289,Follow up
Corynebacterium,Asparagine_133,-0.0949944382647386,0.628,0.912555138784696,Follow up
Corynebacterium,N.N.dimethylglycine_134,0.210678531701891,0.251,0.812749387755102,Follow up
Corynebacterium,Aspartate_136,-0.17285873192436,0.381,0.85012166003411,Follow up
Corynebacterium,Methionine_138,-0.27119021134594,0.136,0.781682741116751,Follow up
Corynebacterium,Unknown_139,-0.389543937708565,0.029,0.717407407407407,Follow up
Corynebacterium,Methionine_140,-0.254282536151279,0.177,0.789801822323462,Follow up
Corynebacterium,Unknown_142,-0.11412680756396,0.575,0.901585454545455,Follow up
Corynebacterium,Riboflavin_143,-0.0731924360400445,0.701,0.929706949674769,Follow up
Corynebacterium,Unknown_145,-0.0580645161290323,0.776,0.953751269035533,Follow up
Corynebacterium,Unknown_146,-0.0424963847328734,0.826,0.962383157894737,Follow up
Corynebacterium,Unknown_148,0.0300333704115684,0.872,0.967390607101947,Follow up
Corynebacterium,Unknown_153,-0.000222469410456062,1,1,Follow up
Corynebacterium,Glutamine_154,-0.0763070077864294,0.7,0.929016786570743,Follow up
Corynebacterium,Glutamine.unknown_155,0.0162402669632925,0.925,0.983472742066721,Follow up
Corynebacterium,Succinate_156,-0.180422691879867,0.36,0.847656419529837,Follow up
Corynebacterium,Saccharopine.unknown_157,-0.221357063403782,0.275,0.831654957064793,Follow up
Corynebacterium,Glutamate.unknown_158,-0.0901001112347052,0.642,0.916628760088041,Follow up
Corynebacterium,Unknown_159,-0.118131256952169,0.554,0.897732776617954,Follow up
Corynebacterium,Glutamate.unknown_161,-0.133259176863181,0.475,0.877132075471698,Follow up
Corynebacterium,Unknown_162,-0.100778642936596,0.573,0.900528194726166,Follow up
Corynebacterium,Valine.unknown_168,0.0175750834260289,0.932,0.983472742066721,Follow up
Corynebacterium,Unknown_169,-0.0589543937708565,0.754,0.94628239095315,Follow up
Corynebacterium,Glutarate_171,-0.174638487208009,0.343,0.840905897114178,Follow up
Corynebacterium,Glutamine.unknown_172,0.172413793103448,0.344,0.840905897114178,Follow up
Corynebacterium,Glutamine.glutamate_173,-0.102113459399333,0.583,0.905227254509018,Follow up
Corynebacterium,Methionine.glutamate.glutamine_177,-0.256952169076752,0.156,0.781682741116751,Follow up
Corynebacterium,Unknown_182,-0.0845477811439367,0.656,0.918806602081091,Follow up
Corynebacterium,Unknown_185,-0.150166852057842,0.431,0.868275611024441,Follow up
Corynebacterium,Glutamate_187,-0.232925472747497,0.198,0.799334014300306,Follow up
Corynebacterium,Glutamate.unknown_189,-0.189321468298109,0.336,0.840905897114178,Follow up
Corynebacterium,Unknown_190,-0.208898776418243,0.262,0.817220611916264,Follow up
Corynebacterium,Unknown_191,-0.2440489432703,0.206,0.804479838709677,Follow up
Corynebacterium,Unknown_192,-0.292992213570634,0.104,0.769205776173285,Follow up
Corynebacterium,Unknown_193,-0.232480533926585,0.244,0.812749387755102,Follow up
Corynebacterium,Isoleucine.unknown_194,-0.133704115684093,0.478,0.877132075471698,Follow up
Corynebacterium,Unknown_195,-0.00467185761957731,0.986,0.995767466110532,Follow up
Corynebacterium,Unknown_196,0.050055617352614,0.808,0.961664927891991,Follow up
Corynebacterium,Acetate_197,-0.267630700778643,0.139,0.781682741116751,Follow up
Corynebacterium,Lysine.unknown_198,-0.126585094549499,0.522,0.891634920634921,Follow up
Corynebacterium,Lysine.unknown_199,-0.13503893214683,0.489,0.883574738755111,Follow up
Corynebacterium,Lysine.unknown_200,-0.147052280311457,0.419,0.8660722513089,Follow up
Corynebacterium,Unknown_201,-0.169744160177976,0.368,0.85012166003411,Follow up
Corynebacterium,Unknown_202,-0.222246941045606,0.255,0.812749387755102,Follow up
Corynebacterium,Leucine.lysine_205,-0.110567296996663,0.567,0.899716734693877,Follow up
Corynebacterium,Leucine.unknown_209,-0.115906562847608,0.558,0.898085583714167,Follow up
Corynebacterium,Leucine.unknown_211,-0.102113459399333,0.603,0.908882694541231,Follow up
Corynebacterium,Alanine_212,-0.405116796440489,0.024,0.717407407407407,Follow up
Corynebacterium,Unknown_214,-0.0171301446051168,0.907,0.978206570155902,Follow up
Corynebacterium,Unknown_215,0.025139043381535,0.896,0.976675295441756,Follow up
Corynebacterium,Isoleucine.unknown_218,0.186651835372636,0.313,0.840905897114178,Follow up
Corynebacterium,Unknown_219,0.125250278086763,0.492,0.883574738755111,Follow up
Corynebacterium,Unknown_220,0.224026696329255,0.241,0.812749387755102,Follow up
Corynebacterium,Propylene_glycol_221,-0.0878754171301446,0.653,0.91856281771968,Follow up
Corynebacterium,Isoleucine_225,-0.116351501668521,0.534,0.893613822894169,Follow up
Corynebacterium,Valine_227,-0.177753058954394,0.335,0.840905897114178,Follow up
Corynebacterium,Leucine_229,-0.0269187986651835,0.884,0.973455372370665,Follow up
Corynebacterium,Leucine.isoleucine_230,-0.0531701890989989,0.796,0.958565122785204,Follow up
Actinomycetaceae_unclassified,NAD._2,0.391768631813126,0.028,0.717407407407407,Follow up
Actinomycetaceae_unclassified,Unknown_3,0.181312569521691,0.348,0.842595,Follow up
Actinomycetaceae_unclassified,Formate_5,0.0838709677419355,0.629,0.912722513089005,Follow up
Actinomycetaceae_unclassified,Unknown_7,0.350389321468298,0.059,0.724889570552147,Follow up
Actinomycetaceae_unclassified,Unknown_8,0.14972191323693,0.443,0.869713,Follow up
Actinomycetaceae_unclassified,Hypoxanthine_10,-0.161735261401557,0.389,0.851404519774011,Follow up
Actinomycetaceae_unclassified,NAD._11,0.325027808676307,0.095,0.769205776173285,Follow up
Actinomycetaceae_unclassified,Tryptophan_14,0.155061179087875,0.402,0.859938155715075,Follow up
Actinomycetaceae_unclassified,Unknown_15,0.228476084538376,0.243,0.812749387755102,Follow up
Actinomycetaceae_unclassified,Phenylalanine_19,-0.219132369299221,0.212,0.808354330708661,Follow up
Actinomycetaceae_unclassified,Tyrosine_20,-0.220467185761958,0.245,0.812749387755102,Follow up
Actinomycetaceae_unclassified,Unknown_22,0.408676307007786,0.027,0.717407407407407,Follow up
Actinomycetaceae_unclassified,Unknown_23,0.202669632925473,0.268,0.825757527733756,Follow up
Actinomycetaceae_unclassified,Unknown_24,0.579532814238042,0.001,0.168434782608696,Follow up
Actinomycetaceae_unclassified,Unknown_25,0.385094549499444,0.034,0.717407407407407,Follow up
Actinomycetaceae_unclassified,Unknown_26,0.373971078976641,0.047,0.724889570552147,Follow up
Actinomycetaceae_unclassified,Unknown_28,0.335706340378198,0.078,0.757323308270677,Follow up
Actinomycetaceae_unclassified,Uridine_29,0.196440489432703,0.296,0.838902158273381,Follow up
Actinomycetaceae_unclassified,Uracil_30,-0.0126807563959956,0.961,0.989587891662241,Follow up
Actinomycetaceae_unclassified,Unknown_31,0.119021134593993,0.53,0.893223621363439,Follow up
Actinomycetaceae_unclassified,Maltose.Glucose_32,-0.0598442714126808,0.764,0.947722062119757,Follow up
Actinomycetaceae_unclassified,Unknown_33,-0.0335928809788654,0.837,0.965632918886915,Follow up
Actinomycetaceae_unclassified,Unknown_34,0.181757508342603,0.337,0.840905897114178,Follow up
Actinomycetaceae_unclassified,Maltose.unknown_37,0.0184649610678532,0.928,0.983472742066721,Follow up
Actinomycetaceae_unclassified,Maltose.glucose.unknown_38,0.0389321468298109,0.809,0.961664927891991,Follow up
Actinomycetaceae_unclassified,Ascorbate_40,0.0398220244716352,0.832,0.964442848593657,Follow up
Actinomycetaceae_unclassified,Unknown_41,0.367741935483871,0.048,0.724889570552147,Follow up
Actinomycetaceae_unclassified,Threonine_42,0.175325398793216,0.373,0.85012166003411,Follow up
Actinomycetaceae_unclassified,Unknown_43,0.373081201334816,0.043,0.724889570552147,Follow up
Actinomycetaceae_unclassified,Unknown_44,0.309899888765295,0.086,0.763186295503212,Follow up
Actinomycetaceae_unclassified,Unknown_45,0.203114571746385,0.298,0.838902158273381,Follow up
Actinomycetaceae_unclassified,Unknown_46,0.139488320355951,0.464,0.877132075471698,Follow up
Actinomycetaceae_unclassified,Unknown_47,0.0473859844271413,0.823,0.962383157894737,Follow up
Actinomycetaceae_unclassified,Lactate_48,-0.0478309232480534,0.794,0.958540355250857,Follow up
Actinomycetaceae_unclassified,Unknown_49,-0.0104560622914349,0.952,0.986900722504683,Follow up
Actinomycetaceae_unclassified,Unknown_50,0.0625139043381535,0.743,0.941570821066405,Follow up
Actinomycetaceae_unclassified,Unknown_51,0.0812013348164627,0.64,0.916628760088041,Follow up
Actinomycetaceae_unclassified,Unknown_52,0.115016685205784,0.54,0.895628415300546,Follow up
Actinomycetaceae_unclassified,Unknown_53,-0.014460511679644,0.946,0.985390931043735,Follow up
Actinomycetaceae_unclassified,Unknown_54,-0.132814238042269,0.486,0.882683544303797,Follow up
Actinomycetaceae_unclassified,Unknown_55,0.119911012235818,0.508,0.885286549707602,Follow up
Actinomycetaceae_unclassified,Unknown_56,0.0447163515016685,0.8,0.960396653238302,Follow up
Actinomycetaceae_unclassified,Maltose.unknown_67,0.0718576195773081,0.745,0.942255958210904,Follow up
Actinomycetaceae_unclassified,Maltose.unknown_68,0.109689621326213,0.568,0.899716734693877,Follow up
Actinomycetaceae_unclassified,Maltose.unknown_69,0.0896551724137931,0.645,0.916628760088041,Follow up
Actinomycetaceae_unclassified,Maltose.unknown_70,0.0967741935483871,0.636,0.915594202898551,Follow up
Actinomycetaceae_unclassified,Maltose.unknown_71,0.0255839822024472,0.9,0.977166666666667,Follow up
Actinomycetaceae_unclassified,Maltose_72,0.0438264738598443,0.821,0.962383157894737,Follow up
Actinomycetaceae_unclassified,Maltose_73,-0.00867630700778643,0.972,0.992233992094862,Follow up
Actinomycetaceae_unclassified,Maltose.unknown_74,0.0389321468298109,0.87,0.967390607101947,Follow up
Actinomycetaceae_unclassified,Maltose_75,-0.0932146829810901,0.627,0.911786036036036,Follow up
Actinomycetaceae_unclassified,Maltose.unknown_76,-0.00600667408231368,0.976,0.9931250327654,Follow up
Actinomycetaceae_unclassified,Maltose.unknown_77,-0.0447163515016685,0.799,0.959493490390577,Follow up
Actinomycetaceae_unclassified,Unknown_79,-0.0416017797552836,0.815,0.962383157894737,Follow up
Actinomycetaceae_unclassified,Unknown_81,0.0189098998887653,0.909,0.97898916967509,Follow up
Actinomycetaceae_unclassified,Maltose.unknown_87,-0.131034482758621,0.481,0.878545025931164,Follow up
Actinomycetaceae_unclassified,Maltose.unknown_88,0.0238042269187987,0.914,0.979755395683453,Follow up
Actinomycetaceae_unclassified,Unknown_89,-0.0798665183537264,0.688,0.926098679638638,Follow up
Actinomycetaceae_unclassified,Unknown_90,-0.0598442714126808,0.738,0.940192446633826,Follow up
Actinomycetaceae_unclassified,Unknown_91,0.0451612903225806,0.807,0.961664927891991,Follow up
Actinomycetaceae_unclassified,Unknown_92,0.0202447163515017,0.9,0.977166666666667,Follow up
Actinomycetaceae_unclassified,Uknown_93,0.113236929922136,0.557,0.898085583714167,Follow up
Actinomycetaceae_unclassified,Unknown_94,0.0362625139043382,0.833,0.964736023916293,Follow up
Actinomycetaceae_unclassified,Uknown_95,-0.0375973303670745,0.839,0.965632918886915,Follow up
Actinomycetaceae_unclassified,Unknown_96,-0.0674082313681869,0.743,0.941570821066405,Follow up
Actinomycetaceae_unclassified,Unknown_97,-0.135928809788654,0.472,0.877132075471698,Follow up
Actinomycetaceae_unclassified,Glycine_99,-0.289877641824249,0.115,0.772247116968698,Follow up
Actinomycetaceae_unclassified,Glucose_100,-0.306340378197998,0.119,0.772247116968698,Follow up
Actinomycetaceae_unclassified,Glucose_101,-0.244938820912125,0.179,0.789801822323462,Follow up
Actinomycetaceae_unclassified,Glucose_102,-0.331256952169077,0.071,0.73939247311828,Follow up
Actinomycetaceae_unclassified,Glucose_103,-0.317463848720801,0.081,0.761947867298578,Follow up
Actinomycetaceae_unclassified,Glucose_104,-0.301001112347052,0.101,0.769205776173285,Follow up
Actinomycetaceae_unclassified,Maltose.taurine.glucose_107,-0.199555061179088,0.311,0.840905897114178,Follow up
Actinomycetaceae_unclassified,Glucose_108,-0.366852057842047,0.05,0.724889570552147,Follow up
Actinomycetaceae_unclassified,Unknown_109,-0.342825361512792,0.06,0.724889570552147,Follow up
Actinomycetaceae_unclassified,Glucose_110,-0.314349276974416,0.107,0.769205776173285,Follow up
Actinomycetaceae_unclassified,Maltose.taurine_113,0.160400444938821,0.401,0.859938155715075,Follow up
Actinomycetaceae_unclassified,Glucose_116,-0.287652947719689,0.135,0.781682741116751,Follow up
Actinomycetaceae_unclassified,Glucose_117,-0.38420467185762,0.04,0.724889570552147,Follow up
Actinomycetaceae_unclassified,Unknown_118,-0.160845383759733,0.401,0.859938155715075,Follow up
Actinomycetaceae_unclassified,Carnitine_119,0.122135706340378,0.533,0.893613822894169,Follow up
Actinomycetaceae_unclassified,O_phosphocholine_120,0.371301446051168,0.038,0.724889570552147,Follow up
Actinomycetaceae_unclassified,Unknown_121,0.234705228031146,0.202,0.799334014300306,Follow up
Actinomycetaceae_unclassified,Unknown_122,-0.0745272525027809,0.672,0.92185835694051,Follow up
Actinomycetaceae_unclassified,Unknown_123,-0.318798665183537,0.098,0.769205776173285,Follow up
Actinomycetaceae_unclassified,Unknown_124,-0.282790078510378,0.127,0.776022082018928,Follow up
Actinomycetaceae_unclassified,Unknown_125,-0.200889877641824,0.281,0.834128885519333,Follow up
Actinomycetaceae_unclassified,Unknown_126,-0.17686318131257,0.355,0.844760442260442,Follow up
Actinomycetaceae_unclassified,Unknown_128,-0.381979977753059,0.038,0.724889570552147,Follow up
Actinomycetaceae_unclassified,Creatine_129,0.134149054505006,0.452,0.870734957732471,Follow up
Actinomycetaceae_unclassified,Creatinephosphate_130,0.196885428253615,0.3,0.838902158273381,Follow up
Actinomycetaceae_unclassified,Unknown_131,0.216907675194661,0.245,0.812749387755102,Follow up
Actinomycetaceae_unclassified,Asparagine_133,-0.0598442714126808,0.764,0.947722062119757,Follow up
Actinomycetaceae_unclassified,N.N.dimethylglycine_134,0.428698553948832,0.015,0.667931034482759,Follow up
Actinomycetaceae_unclassified,Aspartate_136,-0.204894327030033,0.3,0.838902158273381,Follow up
Actinomycetaceae_unclassified,Methionine_138,0.188431590656285,0.328,0.840905897114178,Follow up
Actinomycetaceae_unclassified,Unknown_139,0.0353726362625139,0.858,0.966827288428325,Follow up
Actinomycetaceae_unclassified,Methionine_140,-0.106562847608454,0.577,0.902057304277643,Follow up
Actinomycetaceae_unclassified,Unknown_142,0.0295884315906563,0.89,0.976169117647059,Follow up
Actinomycetaceae_unclassified,Riboflavin_143,-0.100778642936596,0.599,0.908882694541231,Follow up
Actinomycetaceae_unclassified,Unknown_145,-0.145272525027809,0.425,0.8660722513089,Follow up
Actinomycetaceae_unclassified,Unknown_146,-0.168873068126968,0.361,0.847656419529837,Follow up
Actinomycetaceae_unclassified,Unknown_148,-0.0558398220244716,0.776,0.953751269035533,Follow up
Actinomycetaceae_unclassified,Unknown_153,0.109232480533927,0.544,0.895628415300546,Follow up
Actinomycetaceae_unclassified,Glutamine_154,0.00600667408231368,0.974,0.992967368421053,Follow up
Actinomycetaceae_unclassified,Glutamine.unknown_155,0.0197997775305895,0.92,0.982110774317994,Follow up
Actinomycetaceae_unclassified,Succinate_156,-0.161290322580645,0.363,0.847656419529837,Follow up
Actinomycetaceae_unclassified,Saccharopine.unknown_157,-0.0335928809788654,0.863,0.966827288428325,Follow up
Actinomycetaceae_unclassified,Glutamate.unknown_158,0.337041156840934,0.06,0.724889570552147,Follow up
Actinomycetaceae_unclassified,Unknown_159,0.24182424916574,0.212,0.808354330708661,Follow up
Actinomycetaceae_unclassified,Glutamate.unknown_161,-0.12880978865406,0.503,0.884282608695652,Follow up
Actinomycetaceae_unclassified,Unknown_162,0.115461624026696,0.544,0.895628415300546,Follow up
Actinomycetaceae_unclassified,Valine.unknown_168,0.1559510567297,0.377,0.85012166003411,Follow up
Actinomycetaceae_unclassified,Unknown_169,0.0166852057842047,0.933,0.983472742066721,Follow up
Actinomycetaceae_unclassified,Glutarate_171,0.245828698553949,0.193,0.799334014300306,Follow up
Actinomycetaceae_unclassified,Glutamine.unknown_172,0.2146829810901,0.279,0.833758647194466,Follow up
Actinomycetaceae_unclassified,Glutamine.glutamate_173,0.092769744160178,0.641,0.916628760088041,Follow up
Actinomycetaceae_unclassified,Methionine.glutamate.glutamine_177,-0.0558398220244716,0.759,0.946672891178365,Follow up
Actinomycetaceae_unclassified,Unknown_182,0.0629658475361423,0.769,0.948759872611465,Follow up
Actinomycetaceae_unclassified,Unknown_185,-0.050055617352614,0.784,0.955716530483972,Follow up
Actinomycetaceae_unclassified,Glutamate_187,-0.0807563959955506,0.675,0.92303212142605,Follow up
Actinomycetaceae_unclassified,Glutamate.unknown_189,0.141713014460512,0.459,0.875265225933202,Follow up
Actinomycetaceae_unclassified,Unknown_190,0.139488320355951,0.469,0.877132075471698,Follow up
Actinomycetaceae_unclassified,Unknown_191,0.113236929922136,0.563,0.898665842604038,Follow up
Actinomycetaceae_unclassified,Unknown_192,0.0246941045606229,0.9,0.977166666666667,Follow up
Actinomycetaceae_unclassified,Unknown_193,0.0531701890989989,0.77,0.949388924252069,Follow up
Actinomycetaceae_unclassified,Isoleucine.unknown_194,0.0335928809788654,0.848,0.966827288428325,Follow up
Actinomycetaceae_unclassified,Unknown_195,-0.0616240266963292,0.729,0.938878324468085,Follow up
Actinomycetaceae_unclassified,Unknown_196,-0.116351501668521,0.508,0.885286549707602,Follow up
Actinomycetaceae_unclassified,Acetate_197,0.192880978865406,0.324,0.840905897114178,Follow up
Actinomycetaceae_unclassified,Lysine.unknown_198,-0.216907675194661,0.233,0.812749387755102,Follow up
Actinomycetaceae_unclassified,Lysine.unknown_199,-0.185761957730812,0.314,0.840905897114178,Follow up
Actinomycetaceae_unclassified,Lysine.unknown_200,-0.22091212458287,0.227,0.812749387755102,Follow up
Actinomycetaceae_unclassified,Unknown_201,-0.212458286985539,0.274,0.831226311667972,Follow up
Actinomycetaceae_unclassified,Unknown_202,-0.107452725250278,0.576,0.901585454545455,Follow up
Actinomycetaceae_unclassified,Leucine.lysine_205,-0.283203559510567,0.139,0.781682741116751,Follow up
Actinomycetaceae_unclassified,Leucine.unknown_209,0.00511679644048943,0.981,0.993774008350731,Follow up
Actinomycetaceae_unclassified,Leucine.unknown_211,-0.0291434927697442,0.884,0.973455372370665,Follow up
Actinomycetaceae_unclassified,Alanine_212,0.000222469410456062,1,1,Follow up
Actinomycetaceae_unclassified,Unknown_214,-0.0598442714126808,0.717,0.935686011405569,Follow up
Actinomycetaceae_unclassified,Unknown_215,-0.0473859844271413,0.798,0.959184610611232,Follow up
Actinomycetaceae_unclassified,Isoleucine.unknown_218,0.357508342602892,0.049,0.724889570552147,Follow up
Actinomycetaceae_unclassified,Unknown_219,0.216462736373749,0.258,0.813256305939788,Follow up
Actinomycetaceae_unclassified,Unknown_220,0.131034482758621,0.475,0.877132075471698,Follow up
Actinomycetaceae_unclassified,Propylene_glycol_221,0.22714126807564,0.231,0.812749387755102,Follow up
Actinomycetaceae_unclassified,Isoleucine_225,-0.170189098998888,0.361,0.847656419529837,Follow up
Actinomycetaceae_unclassified,Valine_227,-0.2146829810901,0.25,0.812749387755102,Follow up
Actinomycetaceae_unclassified,Leucine_229,-0.184872080088988,0.301,0.838902158273381,Follow up
Actinomycetaceae_unclassified,Leucine.isoleucine_230,-0.139043381535039,0.473,0.877132075471698,Follow up
Anaerococcus,NAD._2,0.140378197997775,0.44,0.868548042704626,Follow up
Anaerococcus,Unknown_3,0.12880978865406,0.517,0.889763660595291,Follow up
Anaerococcus,Formate_5,0.0567296996662959,0.751,0.944908736602793,Follow up
Anaerococcus,Unknown_7,0.167964404894327,0.375,0.85012166003411,Follow up
Anaerococcus,Unknown_8,0.194215795328142,0.275,0.831654957064793,Follow up
Anaerococcus,Hypoxanthine_10,0.157285873192436,0.419,0.8660722513089,Follow up
Anaerococcus,NAD._11,-0.153281423804227,0.399,0.859938155715075,Follow up
Anaerococcus,Tryptophan_14,-0.122135706340378,0.514,0.889341670388566,Follow up
Anaerococcus,Unknown_15,0.0411568409343715,0.822,0.962383157894737,Follow up
Anaerococcus,Phenylalanine_19,-0.254727474972191,0.156,0.781682741116751,Follow up
Anaerococcus,Tyrosine_20,-0.232925472747497,0.221,0.811347169811321,Follow up
Anaerococcus,Unknown_22,-0.0135706340378198,0.947,0.985390931043735,Follow up
Anaerococcus,Unknown_23,0.151946607341491,0.411,0.8660722513089,Follow up
Anaerococcus,Unknown_24,-0.0260289210233593,0.912,0.979755395683453,Follow up
Anaerococcus,Unknown_25,-0.0407119021134594,0.842,0.965632918886915,Follow up
Anaerococcus,Unknown_26,-0.181312569521691,0.333,0.840905897114178,Follow up
Anaerococcus,Unknown_28,-0.0989988876529477,0.6,0.908882694541231,Follow up
Anaerococcus,Uridine_29,0.183982202447164,0.321,0.840905897114178,Follow up
Anaerococcus,Uracil_30,-0.0825361512791991,0.652,0.918490181818182,Follow up
Anaerococcus,Unknown_31,0.136818687430478,0.463,0.877132075471698,Follow up
Anaerococcus,Maltose.Glucose_32,0.267630700778643,0.126,0.776022082018928,Follow up
Anaerococcus,Unknown_33,0.273414905450501,0.145,0.781682741116751,Follow up
Anaerococcus,Unknown_34,0.0549499443826474,0.782,0.955668138801262,Follow up
Anaerococcus,Maltose.unknown_37,0.20845383759733,0.278,0.833758647194466,Follow up
Anaerococcus,Maltose.glucose.unknown_38,0.345494994438265,0.059,0.724889570552147,Follow up
Anaerococcus,Ascorbate_40,0.116351501668521,0.546,0.895628415300546,Follow up
Anaerococcus,Unknown_41,-0.182647385984427,0.333,0.840905897114178,Follow up
Anaerococcus,Threonine_42,-0.469685173670659,0.005,0.440227272727273,Follow up
Anaerococcus,Unknown_43,-0.0660734149054505,0.715,0.935686011405569,Follow up
Anaerococcus,Unknown_44,-0.0371523915461624,0.833,0.964736023916293,Follow up
Anaerococcus,Unknown_45,-0.119021134593993,0.528,0.893223621363439,Follow up
Anaerococcus,Unknown_46,-0.0193548387096774,0.934,0.983472742066721,Follow up
Anaerococcus,Unknown_47,-0.0433815350389321,0.82,0.962383157894737,Follow up
Anaerococcus,Lactate_48,-0.13726362625139,0.473,0.877132075471698,Follow up
Anaerococcus,Unknown_49,0.198665183537264,0.309,0.840905897114178,Follow up
Anaerococcus,Unknown_50,0.19377085650723,0.309,0.840905897114178,Follow up
Anaerococcus,Unknown_51,0.196885428253615,0.3,0.838902158273381,Follow up
Anaerococcus,Unknown_52,0.152391546162403,0.41,0.8660722513089,Follow up
Anaerococcus,Unknown_53,0.346829810901001,0.051,0.724889570552147,Follow up
Anaerococcus,Unknown_54,0.283648498331479,0.111,0.770634408602151,Follow up
Anaerococcus,Unknown_55,0.253837597330367,0.172,0.787621749408983,Follow up
Anaerococcus,Unknown_56,0.315684093437152,0.088,0.763186295503212,Follow up
Anaerococcus,Maltose.unknown_67,0.19154616240267,0.324,0.840905897114178,Follow up
Anaerococcus,Maltose.unknown_68,0.262543109868014,0.176,0.789801822323462,Follow up
Anaerococcus,Maltose.unknown_69,0.2440489432703,0.202,0.799334014300306,Follow up
Anaerococcus,Maltose.unknown_70,0.226251390433815,0.228,0.812749387755102,Follow up
Anaerococcus,Maltose.unknown_71,0.236484983314794,0.209,0.805637810945274,Follow up
Anaerococcus,Maltose_72,0.220022246941046,0.23,0.812749387755102,Follow up
Anaerococcus,Maltose_73,0.25027808676307,0.192,0.799334014300306,Follow up
Anaerococcus,Maltose.unknown_74,0.237819799777531,0.203,0.800837067209776,Follow up
Anaerococcus,Maltose_75,0.295216907675195,0.105,0.769205776173285,Follow up
Anaerococcus,Maltose.unknown_76,0.192436040044494,0.297,0.838902158273381,Follow up
Anaerococcus,Maltose.unknown_77,0.298776418242492,0.092,0.763186295503212,Follow up
Anaerococcus,Unknown_79,0.273414905450501,0.127,0.776022082018928,Follow up
Anaerococcus,Unknown_81,0.295661846496107,0.114,0.772247116968698,Follow up
Anaerococcus,Maltose.unknown_87,0.259621802002225,0.153,0.781682741116751,Follow up
Anaerococcus,Maltose.unknown_88,0.171078976640712,0.366,0.85012166003411,Follow up
Anaerococcus,Unknown_89,0.19154616240267,0.328,0.840905897114178,Follow up
Anaerococcus,Unknown_90,0.251612903225806,0.18,0.791509648127128,Follow up
Anaerococcus,Unknown_91,0.224916573971079,0.239,0.812749387755102,Follow up
Anaerococcus,Unknown_92,0.26496106785317,0.149,0.781682741116751,Follow up
Anaerococcus,Uknown_93,0.220467185761958,0.23,0.812749387755102,Follow up
Anaerococcus,Unknown_94,0.236929922135706,0.197,0.799334014300306,Follow up
Anaerococcus,Uknown_95,0.2146829810901,0.257,0.812749387755102,Follow up
Anaerococcus,Unknown_96,0.170189098998888,0.377,0.85012166003411,Follow up
Anaerococcus,Unknown_97,0.221357063403782,0.244,0.812749387755102,Follow up
Anaerococcus,Glycine_99,-0.209788654060067,0.258,0.813256305939788,Follow up
Anaerococcus,Glucose_100,0.299221357063404,0.12,0.772247116968698,Follow up
Anaerococcus,Glucose_101,0.171968854282536,0.354,0.844760442260442,Follow up
Anaerococcus,Glucose_102,0.149276974416018,0.43,0.866711758584808,Follow up
Anaerococcus,Glucose_103,0.183092324805339,0.323,0.840905897114178,Follow up
Anaerococcus,Glucose_104,0.265850945494994,0.154,0.781682741116751,Follow up
Anaerococcus,Maltose.taurine.glucose_107,0.341935483870968,0.074,0.748501305483029,Follow up
Anaerococcus,Glucose_108,0.270745272525028,0.138,0.781682741116751,Follow up
Anaerococcus,Unknown_109,0.296996662958843,0.103,0.769205776173285,Follow up
Anaerococcus,Glucose_110,0.32146829810901,0.083,0.761947867298578,Follow up
Anaerococcus,Maltose.taurine_113,0.288097886540601,0.119,0.772247116968698,Follow up
Anaerococcus,Glucose_116,0.175973303670745,0.353,0.844149382716049,Follow up
Anaerococcus,Glucose_117,0.092769744160178,0.624,0.911272111403839,Follow up
Anaerococcus,Unknown_118,-0.427363737486096,0.02,0.710825688073395,Follow up
Anaerococcus,Carnitine_119,-0.0411568409343715,0.823,0.962383157894737,Follow up
Anaerococcus,O_phosphocholine_120,0.200444938820912,0.278,0.833758647194466,Follow up
Anaerococcus,Unknown_121,0.184872080088988,0.301,0.838902158273381,Follow up
Anaerococcus,Unknown_122,0.0972191323692992,0.613,0.909970353477765,Follow up
Anaerococcus,Unknown_123,0.0869855394883204,0.64,0.916628760088041,Follow up
Anaerococcus,Unknown_124,-0.0807653804085501,0.655,0.918806602081091,Follow up
Anaerococcus,Unknown_125,0.0082313681868743,0.97,0.992022175290391,Follow up
Anaerococcus,Unknown_126,0.0638487208008899,0.735,0.940192446633826,Follow up
Anaerococcus,Unknown_128,-0.089210233592881,0.637,0.915672727272727,Follow up
Anaerococcus,Creatine_129,0.0958843159065629,0.586,0.90573041749503,Follow up
Anaerococcus,Creatinephosphate_130,-0.0758620689655172,0.686,0.925013574660634,Follow up
Anaerococcus,Unknown_131,-0.0522803114571746,0.767,0.94870945083014,Follow up
Anaerococcus,Asparagine_133,-0.213348164627364,0.25,0.812749387755102,Follow up
Anaerococcus,N.N.dimethylglycine_134,0.139933259176863,0.449,0.869713,Follow up
Anaerococcus,Aspartate_136,-0.266295884315907,0.156,0.781682741116751,Follow up
Anaerococcus,Methionine_138,0.110122358175751,0.551,0.896503149937001,Follow up
Anaerococcus,Unknown_139,0.0362625139043382,0.856,0.966827288428325,Follow up
Anaerococcus,Methionine_140,-0.234260289210234,0.19,0.79648439181916,Follow up
Anaerococcus,Unknown_142,0.143047830923248,0.477,0.877132075471698,Follow up
Anaerococcus,Riboflavin_143,0.103893214682981,0.594,0.907753846153846,Follow up
Anaerococcus,Unknown_145,-0.0549499443826474,0.782,0.955668138801262,Follow up
Anaerococcus,Unknown_146,0.0865502285920826,0.65,0.918009478672986,Follow up
Anaerococcus,Unknown_148,-0.0923248053392658,0.635,0.915174851190476,Follow up
Anaerococcus,Unknown_153,0.0482758620689655,0.791,0.957916952856697,Follow up
Anaerococcus,Glutamine_154,-0.0442714126807564,0.805,0.961038520801233,Follow up
Anaerococcus,Glutamine.unknown_155,-0.30055617352614,0.108,0.769205776173285,Follow up
Anaerococcus,Succinate_156,-0.141713014460512,0.424,0.8660722513089,Follow up
Anaerococcus,Saccharopine.unknown_157,0.0456062291434928,0.826,0.962383157894737,Follow up
Anaerococcus,Glutamate.unknown_158,-0.33615127919911,0.071,0.73939247311828,Follow up
Anaerococcus,Unknown_159,-0.2587319243604,0.171,0.787621749408983,Follow up
Anaerococcus,Glutamate.unknown_161,-0.0941045606229143,0.627,0.911786036036036,Follow up
Anaerococcus,Unknown_162,0.0438264738598443,0.81,0.96168166513621,Follow up
Anaerococcus,Valine.unknown_168,-0.0909899888765295,0.625,0.911272111403839,Follow up
Anaerococcus,Unknown_169,-0.249833147942158,0.159,0.781682741116751,Follow up
Anaerococcus,Glutarate_171,-0.0233592880978865,0.886,0.973720283687943,Follow up
Anaerococcus,Glutamine.unknown_172,-0.0327030033370412,0.859,0.966827288428325,Follow up
Anaerococcus,Glutamine.glutamate_173,-0.166184649610679,0.397,0.859938155715075,Follow up
Anaerococcus,Methionine.glutamate.glutamine_177,-0.354393770856507,0.051,0.724889570552147,Follow up
Anaerococcus,Unknown_182,-0.285904996763049,0.133,0.781682741116751,Follow up
Anaerococcus,Unknown_185,-0.232035595105673,0.222,0.811347169811321,Follow up
Anaerococcus,Glutamate_187,-0.186651835372636,0.316,0.840905897114178,Follow up
Anaerococcus,Glutamate.unknown_189,-0.25027808676307,0.23,0.812749387755102,Follow up
Anaerococcus,Unknown_190,-0.256952169076752,0.159,0.781682741116751,Follow up
Anaerococcus,Unknown_191,-0.348164627363737,0.075,0.748840206185567,Follow up
Anaerococcus,Unknown_192,-0.354393770856507,0.055,0.724889570552147,Follow up
Anaerococcus,Unknown_193,-0.337486095661847,0.07,0.73939247311828,Follow up
Anaerococcus,Isoleucine.unknown_194,-0.258286985539488,0.179,0.789801822323462,Follow up
Anaerococcus,Unknown_195,-0.335706340378198,0.068,0.737904761904762,Follow up
Anaerococcus,Unknown_196,-0.360177975528365,0.038,0.724889570552147,Follow up
Anaerococcus,Acetate_197,0.0153503893214683,0.942,0.983640970350404,Follow up
Anaerococcus,Lysine.unknown_198,-0.140378197997775,0.439,0.868548042704626,Follow up
Anaerococcus,Lysine.unknown_199,-0.0763070077864294,0.673,0.9219243281471,Follow up
Anaerococcus,Lysine.unknown_200,-0.149276974416018,0.426,0.8660722513089,Follow up
Anaerococcus,Unknown_201,-0.16440489432703,0.375,0.85012166003411,Follow up
Anaerococcus,Unknown_202,-0.216462736373749,0.256,0.812749387755102,Follow up
Anaerococcus,Leucine.lysine_205,-0.346384872080089,0.066,0.732618911174785,Follow up
Anaerococcus,Leucine.unknown_209,-0.173303670745273,0.364,0.849479518072289,Follow up
Anaerococcus,Leucine.unknown_211,-0.186206896551724,0.331,0.840905897114178,Follow up
Anaerococcus,Alanine_212,-0.281868743047831,0.134,0.781682741116751,Follow up
Anaerococcus,Unknown_214,-0.127919911012236,0.504,0.884282608695652,Follow up
Anaerococcus,Unknown_215,-0.0923248053392658,0.599,0.908882694541231,Follow up
Anaerococcus,Isoleucine.unknown_218,-0.186651835372636,0.32,0.840905897114178,Follow up
Anaerococcus,Unknown_219,-0.171968854282536,0.36,0.847656419529837,Follow up
Anaerococcus,Unknown_220,-0.243159065628476,0.213,0.810396871945259,Follow up
Anaerococcus,Propylene_glycol_221,-0.0527252502780868,0.799,0.959493490390577,Follow up
Anaerococcus,Isoleucine_225,-0.314794215795328,0.074,0.748501305483029,Follow up
Anaerococcus,Valine_227,-0.401557285873192,0.028,0.717407407407407,Follow up
Anaerococcus,Leucine_229,-0.310344827586207,0.1,0.769205776173285,Follow up
Anaerococcus,Leucine.isoleucine_230,-0.26273637374861,0.159,0.781682741116751,Follow up
Prevotellaceae_unclassified,NAD._2,-0.0660734149054505,0.738,0.940192446633826,Follow up
Prevotellaceae_unclassified,Unknown_3,0.301446051167964,0.114,0.772247116968698,Follow up
Prevotellaceae_unclassified,Formate_5,0.0309232480533927,0.872,0.967390607101947,Follow up
Prevotellaceae_unclassified,Unknown_7,0.331701890989989,0.076,0.751081632653061,Follow up
Prevotellaceae_unclassified,Unknown_8,0.423359288097887,0.028,0.717407407407407,Follow up
Prevotellaceae_unclassified,Hypoxanthine_10,-0.0082313681868743,0.957,0.9886448,Follow up
Prevotellaceae_unclassified,NAD._11,-0.423804226918799,0.029,0.717407407407407,Follow up
Prevotellaceae_unclassified,Tryptophan_14,0.200889877641824,0.297,0.838902158273381,Follow up
Prevotellaceae_unclassified,Unknown_15,-0.0825361512791991,0.695,0.92650722642808,Follow up
Prevotellaceae_unclassified,Phenylalanine_19,-0.216462736373749,0.229,0.812749387755102,Follow up
Prevotellaceae_unclassified,Tyrosine_20,0.0135706340378198,0.942,0.983640970350404,Follow up
Prevotellaceae_unclassified,Unknown_22,-0.1412680756396,0.45,0.870734957732471,Follow up
Prevotellaceae_unclassified,Unknown_23,0.329032258064516,0.082,0.761947867298578,Follow up
Prevotellaceae_unclassified,Unknown_24,0.165294771968854,0.369,0.85012166003411,Follow up
Prevotellaceae_unclassified,Unknown_25,0.199110122358176,0.286,0.834938960060286,Follow up
Prevotellaceae_unclassified,Unknown_26,-0.0184649610678532,0.901,0.977166666666667,Follow up
Prevotellaceae_unclassified,Unknown_28,0.125250278086763,0.536,0.894641964670401,Follow up
Prevotellaceae_unclassified,Uridine_29,0.162180200222469,0.378,0.85012166003411,Follow up
Prevotellaceae_unclassified,Uracil_30,0.203114571746385,0.281,0.834128885519333,Follow up
Prevotellaceae_unclassified,Unknown_31,0.233370411568409,0.227,0.812749387755102,Follow up
Prevotellaceae_unclassified,Maltose.Glucose_32,-0.196440489432703,0.279,0.833758647194466,Follow up
Prevotellaceae_unclassified,Unknown_33,-0.146607341490545,0.439,0.868548042704626,Follow up
Prevotellaceae_unclassified,Unknown_34,-0.214238042269188,0.263,0.819020900321543,Follow up
Prevotellaceae_unclassified,Maltose.unknown_37,-0.295216907675195,0.121,0.772247116968698,Follow up
Prevotellaceae_unclassified,Maltose.glucose.unknown_38,-0.126585094549499,0.512,0.887466666666667,Follow up
Prevotellaceae_unclassified,Ascorbate_40,0.323248053392658,0.084,0.762098360655738,Follow up
Prevotellaceae_unclassified,Unknown_41,-0.0949944382647386,0.612,0.909970353477765,Follow up
Prevotellaceae_unclassified,Threonine_42,0.00600734234443761,0.979,0.993359350445259,Follow up
Prevotellaceae_unclassified,Unknown_43,0.123915461624027,0.508,0.885286549707602,Follow up
Prevotellaceae_unclassified,Unknown_44,-0.0122358175750834,0.957,0.9886448,Follow up
Prevotellaceae_unclassified,Unknown_45,-0.0936596218020022,0.607,0.90915838150289,Follow up
Prevotellaceae_unclassified,Unknown_46,0.0211345939933259,0.926,0.983472742066721,Follow up
Prevotellaceae_unclassified,Unknown_47,0.000667408231368187,0.999,1,Follow up
Prevotellaceae_unclassified,Lactate_48,-0.262291434927697,0.17,0.786833930704898,Follow up
Prevotellaceae_unclassified,Unknown_49,-0.167074527252503,0.368,0.85012166003411,Follow up
Prevotellaceae_unclassified,Unknown_50,-0.233370411568409,0.222,0.811347169811321,Follow up
Prevotellaceae_unclassified,Unknown_51,-0.26496106785317,0.168,0.784134939759036,Follow up
Prevotellaceae_unclassified,Unknown_52,-0.249388209121246,0.178,0.789801822323462,Follow up
Prevotellaceae_unclassified,Unknown_53,-0.0371523915461624,0.835,0.965632918886915,Follow up
Prevotellaceae_unclassified,Unknown_54,-0.179977753058954,0.324,0.840905897114178,Follow up
Prevotellaceae_unclassified,Unknown_55,-0.296996662958843,0.117,0.772247116968698,Follow up
Prevotellaceae_unclassified,Unknown_56,-0.206674082313682,0.244,0.812749387755102,Follow up
Prevotellaceae_unclassified,Maltose.unknown_67,-0.157285873192436,0.405,0.863494771601541,Follow up
Prevotellaceae_unclassified,Maltose.unknown_68,-0.0180220270333128,0.933,0.983472742066721,Follow up
Prevotellaceae_unclassified,Maltose.unknown_69,-0.144827586206897,0.436,0.868548042704626,Follow up
Prevotellaceae_unclassified,Maltose.unknown_70,-0.230700778642937,0.217,0.810491362763916,Follow up
Prevotellaceae_unclassified,Maltose.unknown_71,-0.1706340378198,0.376,0.85012166003411,Follow up
Prevotellaceae_unclassified,Maltose_72,-0.251167964404894,0.183,0.796442458100559,Follow up
Prevotellaceae_unclassified,Maltose_73,-0.249833147942158,0.163,0.784134939759036,Follow up
Prevotellaceae_unclassified,Maltose.unknown_74,-0.288097886540601,0.124,0.776022082018928,Follow up
Prevotellaceae_unclassified,Maltose_75,-0.228921023359288,0.248,0.812749387755102,Follow up
Prevotellaceae_unclassified,Maltose.unknown_76,-0.282758620689655,0.129,0.779634945397816,Follow up
Prevotellaceae_unclassified,Maltose.unknown_77,-0.201779755283648,0.272,0.827751767478398,Follow up
Prevotellaceae_unclassified,Unknown_79,-0.303225806451613,0.097,0.769205776173285,Follow up
Prevotellaceae_unclassified,Unknown_81,-0.220022246941046,0.249,0.812749387755102,Follow up
Prevotellaceae_unclassified,Maltose.unknown_87,-0.225806451612903,0.237,0.812749387755102,Follow up
Prevotellaceae_unclassified,Maltose.unknown_88,-0.323692992213571,0.071,0.73939247311828,Follow up
Prevotellaceae_unclassified,Unknown_89,-0.308565072302558,0.086,0.763186295503212,Follow up
Prevotellaceae_unclassified,Unknown_90,-0.257397107897664,0.168,0.784134939759036,Follow up
Prevotellaceae_unclassified,Unknown_91,-0.229810901001112,0.197,0.799334014300306,Follow up
Prevotellaceae_unclassified,Unknown_92,-0.255172413793103,0.15,0.781682741116751,Follow up
Prevotellaceae_unclassified,Uknown_93,-0.258286985539488,0.179,0.789801822323462,Follow up
Prevotellaceae_unclassified,Unknown_94,-0.268075639599555,0.146,0.781682741116751,Follow up
Prevotellaceae_unclassified,Uknown_95,-0.290322580645161,0.132,0.781682741116751,Follow up
Prevotellaceae_unclassified,Unknown_96,-0.25650723025584,0.201,0.799334014300306,Follow up
Prevotellaceae_unclassified,Unknown_97,-0.215127919911012,0.252,0.812749387755102,Follow up
Prevotellaceae_unclassified,Glycine_99,0.0674082313681869,0.723,0.937738548980274,Follow up
Prevotellaceae_unclassified,Glucose_100,0.0816462736373749,0.673,0.9219243281471,Follow up
Prevotellaceae_unclassified,Glucose_101,0.0478309232480534,0.818,0.962383157894737,Follow up
Prevotellaceae_unclassified,Glucose_102,0.137708565072303,0.451,0.870734957732471,Follow up
Prevotellaceae_unclassified,Glucose_103,0.143937708565072,0.436,0.868548042704626,Follow up
Prevotellaceae_unclassified,Glucose_104,0.225806451612903,0.24,0.812749387755102,Follow up
Prevotellaceae_unclassified,Maltose.taurine.glucose_107,0.00155728587319244,0.992,0.997894163424125,Follow up
Prevotellaceae_unclassified,Glucose_108,0.181312569521691,0.337,0.840905897114178,Follow up
Prevotellaceae_unclassified,Unknown_109,0.156395995550612,0.381,0.85012166003411,Follow up
Prevotellaceae_unclassified,Glucose_110,0.204449388209121,0.266,0.8243872,Follow up
Prevotellaceae_unclassified,Maltose.taurine_113,-0.182647385984427,0.344,0.840905897114178,Follow up
Prevotellaceae_unclassified,Glucose_116,0.315684093437152,0.083,0.761947867298578,Follow up
Prevotellaceae_unclassified,Glucose_117,0.28587319243604,0.109,0.769205776173285,Follow up
Prevotellaceae_unclassified,Unknown_118,-0.297441601779755,0.131,0.781682741116751,Follow up
Prevotellaceae_unclassified,Carnitine_119,0.0981090100111235,0.592,0.90720253164557,Follow up
Prevotellaceae_unclassified,O_phosphocholine_120,0.331256952169077,0.08,0.761947867298578,Follow up
Prevotellaceae_unclassified,Unknown_121,0.454949944382647,0.015,0.667931034482759,Follow up
Prevotellaceae_unclassified,Unknown_122,0.417575083426029,0.024,0.717407407407407,Follow up
Prevotellaceae_unclassified,Unknown_123,0.356618464961068,0.057,0.724889570552147,Follow up
Prevotellaceae_unclassified,Unknown_124,-0.109022138843497,0.555,0.897732776617954,Follow up
Prevotellaceae_unclassified,Unknown_125,-0.130589543937709,0.495,0.883574738755111,Follow up
Prevotellaceae_unclassified,Unknown_126,-0.145272525027809,0.463,0.877132075471698,Follow up
Prevotellaceae_unclassified,Unknown_128,-0.0945494994438265,0.634,0.915095380029806,Follow up
Prevotellaceae_unclassified,Creatine_129,-0.268520578420467,0.166,0.784134939759036,Follow up
Prevotellaceae_unclassified,Creatinephosphate_130,0.107007786429366,0.565,0.899264585045193,Follow up
Prevotellaceae_unclassified,Unknown_131,-0.00734149054505006,0.982,0.993774008350731,Follow up
Prevotellaceae_unclassified,Asparagine_133,0.190656284760845,0.306,0.838955414012739,Follow up
Prevotellaceae_unclassified,N.N.dimethylglycine_134,0.0184649610678532,0.933,0.983472742066721,Follow up
Prevotellaceae_unclassified,Aspartate_136,0.00912124582869855,0.958,0.988865051903114,Follow up
Prevotellaceae_unclassified,Methionine_138,0.252947719688543,0.179,0.789801822323462,Follow up
Prevotellaceae_unclassified,Unknown_139,0.177753058954394,0.362,0.847656419529837,Follow up
Prevotellaceae_unclassified,Methionine_140,0.0442714126807564,0.818,0.962383157894737,Follow up
Prevotellaceae_unclassified,Unknown_142,0.147942157953281,0.463,0.877132075471698,Follow up
Prevotellaceae_unclassified,Riboflavin_143,0.174193548387097,0.336,0.840905897114178,Follow up
Prevotellaceae_unclassified,Unknown_145,0.261846496106785,0.159,0.781682741116751,Follow up
Prevotellaceae_unclassified,Unknown_146,0.259428191615343,0.186,0.79648439181916,Follow up
Prevotellaceae_unclassified,Unknown_148,0.33392658509455,0.075,0.748840206185567,Follow up
Prevotellaceae_unclassified,Unknown_153,0.347274749721913,0.06,0.724889570552147,Follow up
Prevotellaceae_unclassified,Glutamine_154,0.424694104560623,0.022,0.717407407407407,Follow up
Prevotellaceae_unclassified,Glutamine.unknown_155,0.212013348164627,0.276,0.833378020265004,Follow up
Prevotellaceae_unclassified,Succinate_156,-0.171968854282536,0.347,0.842279448621554,Follow up
Prevotellaceae_unclassified,Saccharopine.unknown_157,-0.0131256952169077,0.945,0.985390931043735,Follow up
Prevotellaceae_unclassified,Glutamate.unknown_158,-0.356173526140156,0.055,0.724889570552147,Follow up
Prevotellaceae_unclassified,Unknown_159,-0.04293659621802,0.824,0.962383157894737,Follow up
Prevotellaceae_unclassified,Glutamate.unknown_161,0.224026696329255,0.231,0.812749387755102,Follow up
Prevotellaceae_unclassified,Unknown_162,0.183537263626251,0.333,0.840905897114178,Follow up
Prevotellaceae_unclassified,Valine.unknown_168,0.0718576195773081,0.712,0.935686011405569,Follow up
Prevotellaceae_unclassified,Unknown_169,0.110122358175751,0.569,0.899716734693877,Follow up
Prevotellaceae_unclassified,Glutarate_171,0.209343715239155,0.287,0.835340345604808,Follow up
Prevotellaceae_unclassified,Glutamine.unknown_172,0.274749721913237,0.13,0.781682741116751,Follow up
Prevotellaceae_unclassified,Glutamine.glutamate_173,0.393103448275862,0.035,0.717407407407407,Follow up
Prevotellaceae_unclassified,Methionine.glutamate.glutamine_177,0.119911012235818,0.507,0.885136547994592,Follow up
Prevotellaceae_unclassified,Unknown_182,0.0814328628912654,0.671,0.92185835694051,Follow up
Prevotellaceae_unclassified,Unknown_185,0.287208008898776,0.127,0.776022082018928,Follow up
Prevotellaceae_unclassified,Glutamate_187,0.280533926585095,0.116,0.772247116968698,Follow up
Prevotellaceae_unclassified,Glutamate.unknown_189,0.233370411568409,0.215,0.810491362763916,Follow up
Prevotellaceae_unclassified,Unknown_190,0.277864293659622,0.137,0.781682741116751,Follow up
Prevotellaceae_unclassified,Unknown_191,0.205784204671858,0.272,0.827751767478398,Follow up
Prevotellaceae_unclassified,Unknown_192,0.191991101223582,0.317,0.840905897114178,Follow up
Prevotellaceae_unclassified,Unknown_193,0.197775305895439,0.265,0.822604166666667,Follow up
Prevotellaceae_unclassified,Isoleucine.unknown_194,-0.0327030033370412,0.868,0.966829212190914,Follow up
Prevotellaceae_unclassified,Unknown_195,-0.0438264738598443,0.809,0.961664927891991,Follow up
Prevotellaceae_unclassified,Unknown_196,-0.0273637374860957,0.864,0.966827288428325,Follow up
Prevotellaceae_unclassified,Acetate_197,0.374416017797553,0.047,0.724889570552147,Follow up
Prevotellaceae_unclassified,Lysine.unknown_198,0.358398220244716,0.051,0.724889570552147,Follow up
Prevotellaceae_unclassified,Lysine.unknown_199,0.293882091212458,0.113,0.772247116968698,Follow up
Prevotellaceae_unclassified,Lysine.unknown_200,0.240489432703003,0.193,0.799334014300306,Follow up
Prevotellaceae_unclassified,Unknown_201,0.205784204671858,0.277,0.833758647194466,Follow up
Prevotellaceae_unclassified,Unknown_202,0.137708565072303,0.475,0.877132075471698,Follow up
Prevotellaceae_unclassified,Leucine.lysine_205,0.0469410456062291,0.801,0.960406685236769,Follow up
Prevotellaceae_unclassified,Leucine.unknown_209,-0.0478309232480534,0.784,0.955716530483972,Follow up
Prevotellaceae_unclassified,Leucine.unknown_211,-0.0518353726362625,0.803,0.96042667489966,Follow up
Prevotellaceae_unclassified,Alanine_212,0.191101223581757,0.301,0.838902158273381,Follow up
Prevotellaceae_unclassified,Unknown_214,-0.150166852057842,0.421,0.8660722513089,Follow up
Prevotellaceae_unclassified,Unknown_215,-0.156395995550612,0.409,0.8660722513089,Follow up
Prevotellaceae_unclassified,Isoleucine.unknown_218,0.17285873192436,0.355,0.844760442260442,Follow up
Prevotellaceae_unclassified,Unknown_219,-0.144827586206897,0.44,0.868548042704626,Follow up
Prevotellaceae_unclassified,Unknown_220,-0.295216907675195,0.12,0.772247116968698,Follow up
Prevotellaceae_unclassified,Propylene_glycol_221,0.0763070077864294,0.696,0.92720220082531,Follow up
Prevotellaceae_unclassified,Isoleucine_225,-0.0540600667408231,0.802,0.960416692426584,Follow up
Prevotellaceae_unclassified,Valine_227,0.0162402669632925,0.944,0.98466774367259,Follow up
Prevotellaceae_unclassified,Leucine_229,-0.115906562847608,0.557,0.898085583714167,Follow up
Prevotellaceae_unclassified,Leucine.isoleucine_230,-0.0985539488320356,0.606,0.908882694541231,Follow up
Peptoniphilus,NAD._2,0.147497219132369,0.437,0.868548042704626,Follow up
Peptoniphilus,Unknown_3,0.0625139043381535,0.75,0.944263893402665,Follow up
Peptoniphilus,Formate_5,0.0375973303670745,0.823,0.962383157894737,Follow up
Peptoniphilus,Unknown_7,0.147497219132369,0.436,0.868548042704626,Follow up
Peptoniphilus,Unknown_8,0.0825361512791991,0.653,0.91856281771968,Follow up
Peptoniphilus,Hypoxanthine_10,0.34460511679644,0.064,0.732005813953488,Follow up
Peptoniphilus,NAD._11,-0.274749721913237,0.139,0.781682741116751,Follow up
Peptoniphilus,Tryptophan_14,-0.198665183537264,0.294,0.838902158273381,Follow up
Peptoniphilus,Unknown_15,0.00867630700778643,0.962,0.989587891662241,Follow up
Peptoniphilus,Phenylalanine_19,-0.288542825361513,0.125,0.776022082018928,Follow up
Peptoniphilus,Tyrosine_20,-0.236484983314794,0.205,0.804479838709677,Follow up
Peptoniphilus,Unknown_22,-0.100333704115684,0.591,0.906746138613861,Follow up
Peptoniphilus,Unknown_23,0.163515016685206,0.377,0.85012166003411,Follow up
Peptoniphilus,Unknown_24,-0.0616240266963292,0.775,0.953751269035533,Follow up
Peptoniphilus,Unknown_25,-0.057174638487208,0.763,0.947391666666667,Follow up
Peptoniphilus,Unknown_26,-0.112791991101224,0.563,0.898665842604038,Follow up
Peptoniphilus,Unknown_28,-0.071412680756396,0.679,0.923924686192469,Follow up
Peptoniphilus,Uridine_29,-0.00778642936596218,0.967,0.992022175290391,Follow up
Peptoniphilus,Uracil_30,0.118131256952169,0.526,0.893223621363439,Follow up
Peptoniphilus,Unknown_31,0.1412680756396,0.475,0.877132075471698,Follow up
Peptoniphilus,Maltose.Glucose_32,0.0954393770856507,0.619,0.910147783251231,Follow up
Peptoniphilus,Unknown_33,0.074972191323693,0.69,0.92650722642808,Follow up
Peptoniphilus,Unknown_34,-0.236484983314794,0.207,0.805138554216867,Follow up
Peptoniphilus,Maltose.unknown_37,0.0740823136818687,0.698,0.928270511500171,Follow up
Peptoniphilus,Maltose.glucose.unknown_38,0.143937708565072,0.447,0.869713,Follow up
Peptoniphilus,Ascorbate_40,0.276974416017798,0.138,0.781682741116751,Follow up
Peptoniphilus,Unknown_41,-0.204449388209121,0.267,0.82550518754988,Follow up
Peptoniphilus,Threonine_42,-0.377127602734139,0.039,0.724889570552147,Follow up
Peptoniphilus,Unknown_43,-0.217797552836485,0.229,0.812749387755102,Follow up
Peptoniphilus,Unknown_44,-0.190656284760845,0.309,0.840905897114178,Follow up
Peptoniphilus,Unknown_45,-0.217797552836485,0.249,0.812749387755102,Follow up
Peptoniphilus,Unknown_46,-0.096329254727475,0.605,0.908882694541231,Follow up
Peptoniphilus,Unknown_47,-0.148387096774194,0.436,0.868548042704626,Follow up
Peptoniphilus,Lactate_48,-0.291212458286986,0.124,0.776022082018928,Follow up
Peptoniphilus,Unknown_49,0.0149054505005562,0.935,0.983472742066721,Follow up
Peptoniphilus,Unknown_50,0.0660734149054505,0.73,0.939229491863168,Follow up
Peptoniphilus,Unknown_51,0.0705228031145717,0.682,0.923924686192469,Follow up
Peptoniphilus,Unknown_52,0.0665183537263626,0.725,0.937779632721202,Follow up
Peptoniphilus,Unknown_53,0.252057842046719,0.178,0.789801822323462,Follow up
Peptoniphilus,Unknown_54,0.127474972191324,0.499,0.883574738755111,Follow up
Peptoniphilus,Unknown_55,0.0304783092324805,0.868,0.966829212190914,Follow up
Peptoniphilus,Unknown_56,0.0718576195773081,0.695,0.92650722642808,Follow up
Peptoniphilus,Maltose.unknown_67,0.159955506117909,0.406,0.864902907295666,Follow up
Peptoniphilus,Maltose.unknown_68,0.218044277686995,0.231,0.812749387755102,Follow up
Peptoniphilus,Maltose.unknown_69,0.215572858731924,0.265,0.822604166666667,Follow up
Peptoniphilus,Maltose.unknown_70,0.175973303670745,0.339,0.840905897114178,Follow up
Peptoniphilus,Maltose.unknown_71,0.197330367074527,0.3,0.838902158273381,Follow up
Peptoniphilus,Maltose_72,0.0896551724137931,0.625,0.911272111403839,Follow up
Peptoniphilus,Maltose_73,0.0469410456062291,0.802,0.960416692426584,Follow up
Peptoniphilus,Maltose.unknown_74,0.0407119021134594,0.831,0.963860479041916,Follow up
Peptoniphilus,Maltose_75,0.089210233592881,0.611,0.909970353477765,Follow up
Peptoniphilus,Maltose.unknown_76,0.0171301446051168,0.923,0.983472742066721,Follow up
Peptoniphilus,Maltose.unknown_77,0.111902113459399,0.55,0.895628415300546,Follow up
Peptoniphilus,Unknown_79,0.0469410456062291,0.792,0.957916952856697,Follow up
Peptoniphilus,Unknown_81,0.115016685205784,0.548,0.895628415300546,Follow up
Peptoniphilus,Maltose.unknown_87,0.10166852057842,0.568,0.899716734693877,Follow up
Peptoniphilus,Maltose.unknown_88,0.0402669632925473,0.828,0.962397839783978,Follow up
Peptoniphilus,Unknown_89,0.0531701890989989,0.792,0.957916952856697,Follow up
Peptoniphilus,Unknown_90,0.116351501668521,0.55,0.895628415300546,Follow up
Peptoniphilus,Unknown_91,0.100333704115684,0.598,0.908490980392157,Follow up
Peptoniphilus,Unknown_92,0.0852057842046719,0.659,0.918806602081091,Follow up
Peptoniphilus,Uknown_93,0.107452725250278,0.588,0.90573041749503,Follow up
Peptoniphilus,Unknown_94,0.0736373748609566,0.704,0.931453551912568,Follow up
Peptoniphilus,Uknown_95,0.0883203559510567,0.643,0.916628760088041,Follow up
Peptoniphilus,Unknown_96,0.111902113459399,0.569,0.899716734693877,Follow up
Peptoniphilus,Unknown_97,0.169299221357063,0.369,0.85012166003411,Follow up
Peptoniphilus,Glycine_99,-0.288987764182425,0.123,0.776022082018928,Follow up
Peptoniphilus,Glucose_100,0.0989988876529477,0.609,0.90915838150289,Follow up
Peptoniphilus,Glucose_101,-0.0505005561735261,0.798,0.959184610611232,Follow up
Peptoniphilus,Glucose_102,0.0371523915461624,0.846,0.966827288428325,Follow up
Peptoniphilus,Glucose_103,0.0803114571746385,0.691,0.92650722642808,Follow up
Peptoniphilus,Glucose_104,0.180867630700779,0.334,0.840905897114178,Follow up
Peptoniphilus,Maltose.taurine.glucose_107,0.239154616240267,0.206,0.804479838709677,Follow up
Peptoniphilus,Glucose_108,0.218687430478309,0.258,0.813256305939788,Follow up
Peptoniphilus,Unknown_109,0.205339265850946,0.25,0.812749387755102,Follow up
Peptoniphilus,Glucose_110,0.203114571746385,0.286,0.834938960060286,Follow up
Peptoniphilus,Maltose.taurine_113,0.17285873192436,0.345,0.840905897114178,Follow up
Peptoniphilus,Glucose_116,0.0843159065628476,0.663,0.919606874328679,Follow up
Peptoniphilus,Glucose_117,0.0789766407119021,0.681,0.923924686192469,Follow up
Peptoniphilus,Unknown_118,-0.0246941045606229,0.891,0.976169117647059,Follow up
Peptoniphilus,Carnitine_119,0.166629588431591,0.399,0.859938155715075,Follow up
Peptoniphilus,O_phosphocholine_120,0.341935483870968,0.05,0.724889570552147,Follow up
Peptoniphilus,Unknown_121,0.256952169076752,0.165,0.784134939759036,Follow up
Peptoniphilus,Unknown_122,0.281423804226919,0.145,0.781682741116751,Follow up
Peptoniphilus,Unknown_123,0.157730812013348,0.405,0.863494771601541,Follow up
Peptoniphilus,Unknown_124,-0.127266660037715,0.497,0.883574738755111,Follow up
Peptoniphilus,Unknown_125,-0.12035595105673,0.541,0.895628415300546,Follow up
Peptoniphilus,Unknown_126,-0.0344827586206897,0.848,0.966827288428325,Follow up
Peptoniphilus,Unknown_128,0.0545050055617353,0.738,0.940192446633826,Follow up
Peptoniphilus,Creatine_129,0.141713014460512,0.469,0.877132075471698,Follow up
Peptoniphilus,Creatinephosphate_130,0.082091212458287,0.671,0.92185835694051,Follow up
Peptoniphilus,Unknown_131,-0.0389321468298109,0.826,0.962383157894737,Follow up
Peptoniphilus,Asparagine_133,-0.108342602892102,0.58,0.904557165861514,Follow up
Peptoniphilus,N.N.dimethylglycine_134,-0.116351501668521,0.547,0.895628415300546,Follow up
Peptoniphilus,Aspartate_136,-0.151946607341491,0.423,0.8660722513089,Follow up
Peptoniphilus,Methionine_138,0.233815350389321,0.207,0.805138554216867,Follow up
Peptoniphilus,Unknown_139,0.297886540600667,0.106,0.769205776173285,Follow up
Peptoniphilus,Methionine_140,0.000222469410456062,1,1,Follow up
Peptoniphilus,Unknown_142,0.225806451612903,0.21,0.807884806355511,Follow up
Peptoniphilus,Riboflavin_143,0.196440489432703,0.296,0.838902158273381,Follow up
Peptoniphilus,Unknown_145,0.1412680756396,0.453,0.871122337790986,Follow up
Peptoniphilus,Unknown_146,0.185337636033945,0.323,0.840905897114178,Follow up
Peptoniphilus,Unknown_148,0.203559510567297,0.275,0.831654957064793,Follow up
Peptoniphilus,Unknown_153,0.228921023359288,0.242,0.812749387755102,Follow up
Peptoniphilus,Glutamine_154,0.22091212458287,0.237,0.812749387755102,Follow up
Peptoniphilus,Glutamine.unknown_155,-0.0505005561735261,0.791,0.957916952856697,Follow up
Peptoniphilus,Succinate_156,-0.155061179087875,0.427,0.8660722513089,Follow up
Peptoniphilus,Saccharopine.unknown_157,0.035817575083426,0.844,0.96649600945906,Follow up
Peptoniphilus,Glutamate.unknown_158,-0.27964404894327,0.148,0.781682741116751,Follow up
Peptoniphilus,Unknown_159,-0.119911012235818,0.526,0.893223621363439,Follow up
Peptoniphilus,Glutamate.unknown_161,-0.00333704115684093,0.982,0.993774008350731,Follow up
Peptoniphilus,Unknown_162,0.140378197997775,0.45,0.870734957732471,Follow up
Peptoniphilus,Valine.unknown_168,-0.123915461624027,0.507,0.885136547994592,Follow up
Peptoniphilus,Unknown_169,-0.0126807563959956,0.955,0.988159722222222,Follow up
Peptoniphilus,Glutarate_171,0.147497219132369,0.418,0.8660722513089,Follow up
Peptoniphilus,Glutamine.unknown_172,0.00511679644048943,0.977,0.9931250327654,Follow up
Peptoniphilus,Glutamine.glutamate_173,0.099888765294772,0.598,0.908490980392157,Follow up
Peptoniphilus,Methionine.glutamate.glutamine_177,-0.103893214682981,0.587,0.90573041749503,Follow up
Peptoniphilus,Unknown_182,-0.0787629329604042,0.681,0.923924686192469,Follow up
Peptoniphilus,Unknown_185,-0.039377085650723,0.829,0.962982308845577,Follow up
Peptoniphilus,Glutamate_187,-0.0269187986651835,0.868,0.966829212190914,Follow up
Peptoniphilus,Glutamate.unknown_189,-0.136373748609566,0.454,0.871122337790986,Follow up
Peptoniphilus,Unknown_190,-0.0184649610678532,0.933,0.983472742066721,Follow up
Peptoniphilus,Unknown_191,-0.0843159065628476,0.684,0.923924686192469,Follow up
Peptoniphilus,Unknown_192,-0.0740823136818687,0.678,0.923924686192469,Follow up
Peptoniphilus,Unknown_193,-0.0829810901001112,0.668,0.92185835694051,Follow up
Peptoniphilus,Isoleucine.unknown_194,-0.102558398220245,0.572,0.900051990251828,Follow up
Peptoniphilus,Unknown_195,-0.137708565072303,0.469,0.877132075471698,Follow up
Peptoniphilus,Unknown_196,-0.137708565072303,0.48,0.877132075471698,Follow up
Peptoniphilus,Acetate_197,0.168409343715239,0.359,0.846995127892814,Follow up
Peptoniphilus,Lysine.unknown_198,-0.0469410456062291,0.821,0.962383157894737,Follow up
Peptoniphilus,Lysine.unknown_199,-0.074972191323693,0.692,0.92650722642808,Follow up
Peptoniphilus,Lysine.unknown_200,-0.0589543937708565,0.756,0.94628239095315,Follow up
Peptoniphilus,Unknown_201,-0.0353726362625139,0.865,0.966827288428325,Follow up
Peptoniphilus,Unknown_202,-0.0189098998887653,0.917,0.981341988950276,Follow up
Peptoniphilus,Leucine.lysine_205,-0.23559510567297,0.209,0.805637810945274,Follow up
Peptoniphilus,Leucine.unknown_209,-0.145272525027809,0.465,0.877132075471698,Follow up
Peptoniphilus,Leucine.unknown_211,-0.204894327030033,0.286,0.834938960060286,Follow up
Peptoniphilus,Alanine_212,-0.0398220244716352,0.835,0.965632918886915,Follow up
Peptoniphilus,Unknown_214,-0.116351501668521,0.523,0.892949316879683,Follow up
Peptoniphilus,Unknown_215,-0.100778642936596,0.58,0.904557165861514,Follow up
Peptoniphilus,Isoleucine.unknown_218,-0.152836484983315,0.412,0.8660722513089,Follow up
Peptoniphilus,Unknown_219,-0.240934371523915,0.189,0.79648439181916,Follow up
Peptoniphilus,Unknown_220,-0.395773081201335,0.028,0.717407407407407,Follow up
Peptoniphilus,Propylene_glycol_221,0.018020022246941,0.92,0.982110774317994,Follow up
Peptoniphilus,Isoleucine_225,-0.228031145717464,0.221,0.811347169811321,Follow up
Peptoniphilus,Valine_227,-0.258286985539488,0.15,0.781682741116751,Follow up
Peptoniphilus,Leucine_229,-0.290767519466073,0.117,0.772247116968698,Follow up
Peptoniphilus,Leucine.isoleucine_230,-0.251167964404894,0.189,0.79648439181916,Follow up
Howardella,NAD._2,0.0567296996662959,0.777,0.953769961977186,Follow up
Howardella,Unknown_3,0.0175750834260289,0.925,0.983472742066721,Follow up
Howardella,Formate_5,-0.0282536151279199,0.879,0.970706150341686,Follow up
Howardella,Unknown_7,-0.0349276974416018,0.849,0.966827288428325,Follow up
Howardella,Unknown_8,-0.0852057842046719,0.639,0.916628760088041,Follow up
Howardella,Hypoxanthine_10,0.157730812013348,0.392,0.855072072072072,Follow up
Howardella,NAD._11,0.369966629588432,0.039,0.724889570552147,Follow up
Howardella,Tryptophan_14,-0.221357063403782,0.214,0.810396871945259,Follow up
Howardella,Unknown_15,0.255617352614016,0.166,0.784134939759036,Follow up
Howardella,Phenylalanine_19,0.218242491657397,0.244,0.812749387755102,Follow up
Howardella,Tyrosine_20,-0.102558398220245,0.602,0.908882694541231,Follow up
Howardella,Unknown_22,0.424249165739711,0.017,0.672020408163265,Follow up
Howardella,Unknown_23,0.0460511679644049,0.812,0.961984097859327,Follow up
Howardella,Unknown_24,0.0585094549499444,0.765,0.947748640869843,Follow up
Howardella,Unknown_25,0.256952169076752,0.184,0.796442458100559,Follow up
Howardella,Unknown_26,0.275194660734149,0.139,0.781682741116751,Follow up
Howardella,Unknown_28,0.286318131256952,0.118,0.772247116968698,Follow up
Howardella,Uridine_29,0.17908787541713,0.346,0.840905897114178,Follow up
Howardella,Uracil_30,0.27119021134594,0.146,0.781682741116751,Follow up
Howardella,Unknown_31,0.271635150166852,0.137,0.781682741116751,Follow up
Howardella,Maltose.Glucose_32,-0.283648498331479,0.136,0.781682741116751,Follow up
Howardella,Unknown_33,-0.27119021134594,0.157,0.781682741116751,Follow up
Howardella,Unknown_34,-0.165294771968854,0.369,0.85012166003411,Follow up
Howardella,Maltose.unknown_37,-0.159510567296997,0.394,0.856540965207632,Follow up
Howardella,Maltose.glucose.unknown_38,-0.213348164627364,0.251,0.812749387755102,Follow up
Howardella,Ascorbate_40,0.200889877641824,0.298,0.838902158273381,Follow up
Howardella,Unknown_41,0.411345939933259,0.029,0.717407407407407,Follow up
Howardella,Threonine_42,0.359995552344446,0.049,0.724889570552147,Follow up
Howardella,Unknown_43,0.349944382647386,0.049,0.724889570552147,Follow up
Howardella,Unknown_44,0.414460511679644,0.023,0.717407407407407,Follow up
Howardella,Unknown_45,0.40734149054505,0.026,0.717407407407407,Follow up
Howardella,Unknown_46,0.284983314794216,0.129,0.779634945397816,Follow up
Howardella,Unknown_47,0.27119021134594,0.159,0.781682741116751,Follow up
Howardella,Lactate_48,-0.131924360400445,0.51,0.886777378815081,Follow up
Howardella,Unknown_49,-0.255172413793103,0.179,0.789801822323462,Follow up
Howardella,Unknown_50,-0.202669632925473,0.277,0.833758647194466,Follow up
Howardella,Unknown_51,-0.188876529477197,0.3,0.838902158273381,Follow up
Howardella,Unknown_52,-0.13726362625139,0.504,0.884282608695652,Follow up
Howardella,Unknown_53,-0.22714126807564,0.226,0.812749387755102,Follow up
Howardella,Unknown_54,-0.284983314794216,0.118,0.772247116968698,Follow up
Howardella,Unknown_55,-0.150166852057842,0.43,0.866711758584808,Follow up
Howardella,Unknown_56,-0.210233592880979,0.256,0.812749387755102,Follow up
Howardella,Maltose.unknown_67,-0.161290322580645,0.37,0.85012166003411,Follow up
Howardella,Maltose.unknown_68,-0.250750919340044,0.18,0.791509648127128,Follow up
Howardella,Maltose.unknown_69,-0.206674082313682,0.285,0.834938960060286,Follow up
Howardella,Maltose.unknown_70,-0.0754171301446051,0.683,0.923924686192469,Follow up
Howardella,Maltose.unknown_71,-0.116796440489433,0.556,0.898085583714167,Follow up
Howardella,Maltose_72,-0.187096774193548,0.318,0.840905897114178,Follow up
Howardella,Maltose_73,-0.226251390433815,0.236,0.812749387755102,Follow up
Howardella,Maltose.unknown_74,-0.203559510567297,0.281,0.834128885519333,Follow up
Howardella,Maltose_75,-0.266295884315907,0.156,0.781682741116751,Follow up
Howardella,Maltose.unknown_76,-0.255617352614016,0.168,0.784134939759036,Follow up
Howardella,Maltose.unknown_77,-0.260066740823137,0.173,0.78847294117647,Follow up
Howardella,Unknown_79,-0.161290322580645,0.405,0.863494771601541,Follow up
Howardella,Unknown_81,-0.233815350389321,0.226,0.812749387755102,Follow up
Howardella,Maltose.unknown_87,-0.256062291434928,0.179,0.789801822323462,Follow up
Howardella,Maltose.unknown_88,-0.160400444938821,0.382,0.85012166003411,Follow up
Howardella,Unknown_89,-0.225361512791991,0.232,0.812749387755102,Follow up
Howardella,Unknown_90,-0.216907675194661,0.227,0.812749387755102,Follow up
Howardella,Unknown_91,-0.205339265850946,0.284,0.834128885519333,Follow up
Howardella,Unknown_92,-0.227586206896552,0.243,0.812749387755102,Follow up
Howardella,Uknown_93,-0.119911012235818,0.544,0.895628415300546,Follow up
Howardella,Unknown_94,-0.220467185761958,0.252,0.812749387755102,Follow up
Howardella,Uknown_95,-0.191101223581757,0.284,0.834128885519333,Follow up
Howardella,Unknown_96,-0.191101223581757,0.287,0.835340345604808,Follow up
Howardella,Unknown_97,-0.192880978865406,0.312,0.840905897114178,Follow up
Howardella,Glycine_99,-0.00422691879866518,0.977,0.9931250327654,Follow up
Howardella,Glucose_100,-0.448720800889878,0.008,0.543719298245614,Follow up
Howardella,Glucose_101,-0.459399332591769,0.01,0.596,Follow up
Howardella,Glucose_102,-0.435372636262514,0.013,0.637493670886076,Follow up
Howardella,Glucose_103,-0.422469410456062,0.025,0.717407407407407,Follow up
Howardella,Glucose_104,-0.411345939933259,0.029,0.717407407407407,Follow up
Howardella,Maltose.taurine.glucose_107,-0.296996662958843,0.109,0.769205776173285,Follow up
Howardella,Glucose_108,-0.369966629588432,0.034,0.717407407407407,Follow up
Howardella,Unknown_109,-0.400667408231368,0.034,0.717407407407407,Follow up
Howardella,Glucose_110,-0.38020022246941,0.042,0.724889570552147,Follow up
Howardella,Maltose.taurine_113,-0.0901001112347052,0.606,0.908882694541231,Follow up
Howardella,Glucose_116,-0.417575083426029,0.023,0.717407407407407,Follow up
Howardella,Glucose_117,-0.367741935483871,0.049,0.724889570552147,Follow up
Howardella,Unknown_118,0.243604004449388,0.189,0.79648439181916,Follow up
Howardella,Carnitine_119,0.146162402669633,0.427,0.8660722513089,Follow up
Howardella,O_phosphocholine_120,0.127030033370412,0.492,0.883574738755111,Follow up
Howardella,Unknown_121,-0.0932146829810901,0.629,0.912722513089005,Follow up
Howardella,Unknown_122,0.148832035595106,0.436,0.868548042704626,Follow up
Howardella,Unknown_123,-0.228921023359288,0.217,0.810491362763916,Follow up
Howardella,Unknown_124,-0.187340083482091,0.323,0.840905897114178,Follow up
Howardella,Unknown_125,-0.0545050055617353,0.778,0.953788607594937,Follow up
Howardella,Unknown_126,0.0545050055617353,0.758,0.946339671285853,Follow up
Howardella,Unknown_128,0.369966629588432,0.059,0.724889570552147,Follow up
Howardella,Creatine_129,0.0807563959955506,0.649,0.917935742971888,Follow up
Howardella,Creatinephosphate_130,0.171968854282536,0.372,0.85012166003411,Follow up
Howardella,Unknown_131,0.423359288097887,0.025,0.717407407407407,Follow up
Howardella,Asparagine_133,0.260066740823137,0.174,0.789316159250585,Follow up
Howardella,N.N.dimethylglycine_134,-0.0763070077864294,0.682,0.923924686192469,Follow up
Howardella,Aspartate_136,0.170189098998888,0.378,0.85012166003411,Follow up
Howardella,Methionine_138,0.360622914349277,0.06,0.724889570552147,Follow up
Howardella,Unknown_139,0.394438264738598,0.033,0.717407407407407,Follow up
Howardella,Methionine_140,0.38642936596218,0.043,0.724889570552147,Follow up
Howardella,Unknown_142,0.0754171301446051,0.717,0.935686011405569,Follow up
Howardella,Riboflavin_143,0.0162402669632925,0.939,0.983640970350404,Follow up
Howardella,Unknown_145,0.000667408231368187,0.997,0.999580227743271,Follow up
Howardella,Unknown_146,-0.0638558241797627,0.735,0.940192446633826,Follow up
Howardella,Unknown_148,-0.0384872080088988,0.823,0.962383157894737,Follow up
Howardella,Unknown_153,-0.0140155728587319,0.948,0.985390931043735,Follow up
Howardella,Glutamine_154,0.0202447163515017,0.907,0.978206570155902,Follow up
Howardella,Glutamine.unknown_155,0.108342602892102,0.573,0.900528194726166,Follow up
Howardella,Succinate_156,-0.0451612903225806,0.819,0.962383157894737,Follow up
Howardella,Saccharopine.unknown_157,0.000667408231368187,0.997,0.999580227743271,Follow up
Howardella,Glutamate.unknown_158,0.482536151279199,0.01,0.596,Follow up
Howardella,Unknown_159,0.351279199110122,0.051,0.724889570552147,Follow up
Howardella,Glutamate.unknown_161,0.156840934371524,0.394,0.856540965207632,Follow up
Howardella,Unknown_162,0.194660734149054,0.279,0.833758647194466,Follow up
Howardella,Valine.unknown_168,0.284983314794216,0.12,0.772247116968698,Follow up
Howardella,Unknown_169,0.132369299221357,0.465,0.877132075471698,Follow up
Howardella,Glutarate_171,0.287652947719689,0.118,0.772247116968698,Follow up
Howardella,Glutamine.unknown_172,-0.1412680756396,0.456,0.873661721068249,Follow up
Howardella,Glutamine.glutamate_173,0.152391546162403,0.43,0.866711758584808,Follow up
Howardella,Methionine.glutamate.glutamine_177,0.288097886540601,0.118,0.772247116968698,Follow up
Howardella,Unknown_182,0.359328069861731,0.06,0.724889570552147,Follow up
Howardella,Unknown_185,0.231145717463849,0.215,0.810491362763916,Follow up
Howardella,Glutamate_187,0.256952169076752,0.157,0.781682741116751,Follow up
Howardella,Glutamate.unknown_189,0.340600667408231,0.059,0.724889570552147,Follow up
Howardella,Unknown_190,0.293437152391546,0.12,0.772247116968698,Follow up
Howardella,Unknown_191,0.324137931034483,0.091,0.763186295503212,Follow up
Howardella,Unknown_192,0.327252502780868,0.087,0.763186295503212,Follow up
Howardella,Unknown_193,0.290767519466073,0.119,0.772247116968698,Follow up
Howardella,Isoleucine.unknown_194,0.189766407119021,0.319,0.840905897114178,Follow up
Howardella,Unknown_195,0.110122358175751,0.544,0.895628415300546,Follow up
Howardella,Unknown_196,0.00378197997775306,0.988,0.995969815248504,Follow up
Howardella,Acetate_197,0.0705228031145717,0.693,0.92650722642808,Follow up
Howardella,Lysine.unknown_198,-0.139043381535039,0.458,0.875265225933202,Follow up
Howardella,Lysine.unknown_199,-0.0456062291434928,0.809,0.961664927891991,Follow up
Howardella,Lysine.unknown_200,0.0131256952169077,0.959,0.988865051903114,Follow up
Howardella,Unknown_201,0.0447163515016685,0.819,0.962383157894737,Follow up
Howardella,Unknown_202,0.242269187986652,0.194,0.799334014300306,Follow up
Howardella,Leucine.lysine_205,0.130589543937709,0.468,0.877132075471698,Follow up
Howardella,Leucine.unknown_209,0.319243604004449,0.067,0.733214689265537,Follow up
Howardella,Leucine.unknown_211,0.265406006674082,0.164,0.784134939759036,Follow up
Howardella,Alanine_212,0.188431590656285,0.313,0.840905897114178,Follow up
Howardella,Unknown_214,0.110567296996663,0.571,0.900051990251828,Follow up
Howardella,Unknown_215,0.0829810901001112,0.655,0.918806602081091,Follow up
Howardella,Isoleucine.unknown_218,0.0874304783092325,0.644,0.916628760088041,Follow up
Howardella,Unknown_219,0.0954393770856507,0.62,0.910147783251231,Follow up
Howardella,Unknown_220,0.092769744160178,0.615,0.909970353477765,Follow up
Howardella,Propylene_glycol_221,0.139043381535039,0.436,0.868548042704626,Follow up
Howardella,Isoleucine_225,0.195105672969967,0.292,0.838553002223869,Follow up
Howardella,Valine_227,0.162625139043382,0.357,0.846181818181818,Follow up
Howardella,Leucine_229,0.204004449388209,0.287,0.835340345604808,Follow up
Howardella,Leucine.isoleucine_230,0.208898776418243,0.269,0.825757527733756,Follow up
Staphylococcus,NAD._2,-0.149276974416018,0.46,0.875265225933202,Follow up
Staphylococcus,Unknown_3,-0.324582869855395,0.08,0.761947867298578,Follow up
Staphylococcus,Formate_5,-0.288987764182425,0.124,0.776022082018928,Follow up
Staphylococcus,Unknown_7,-0.223581757508343,0.223,0.812749387755102,Follow up
Staphylococcus,Unknown_8,-0.274749721913237,0.137,0.781682741116751,Follow up
Staphylococcus,Hypoxanthine_10,-0.232925472747497,0.227,0.812749387755102,Follow up
Staphylococcus,NAD._11,-0.018020022246941,0.936,0.983472742066721,Follow up
Staphylococcus,Tryptophan_14,-0.0126807563959956,0.941,0.983640970350404,Follow up
Staphylococcus,Unknown_15,-0.188876529477197,0.346,0.840905897114178,Follow up
Staphylococcus,Phenylalanine_19,0.1412680756396,0.47,0.877132075471698,Follow up
Staphylococcus,Tyrosine_20,0.111012235817575,0.552,0.897376416281997,Follow up
Staphylococcus,Unknown_22,0.266295884315907,0.167,0.784134939759036,Follow up
Staphylococcus,Unknown_23,-0.335261401557286,0.068,0.737904761904762,Follow up
Staphylococcus,Unknown_24,-0.0776418242491657,0.677,0.923485211267606,Follow up
Staphylococcus,Unknown_25,-0.0843159065628476,0.673,0.9219243281471,Follow up
Staphylococcus,Unknown_26,-0.0505005561735261,0.786,0.956332914572864,Follow up
Staphylococcus,Unknown_28,-0.0874304783092325,0.643,0.916628760088041,Follow up
Staphylococcus,Uridine_29,0.0505005561735261,0.797,0.959184610611232,Follow up
Staphylococcus,Uracil_30,-0.308565072302558,0.095,0.769205776173285,Follow up
Staphylococcus,Unknown_31,-0.153726362625139,0.436,0.868548042704626,Follow up
Staphylococcus,Maltose.Glucose_32,-0.113236929922136,0.545,0.895628415300546,Follow up
Staphylococcus,Unknown_33,-0.168409343715239,0.371,0.85012166003411,Follow up
Staphylococcus,Unknown_34,0.358398220244716,0.047,0.724889570552147,Follow up
Staphylococcus,Maltose.unknown_37,-0.0540600667408231,0.785,0.955716530483972,Follow up
Staphylococcus,Maltose.glucose.unknown_38,-0.057174638487208,0.745,0.942255958210904,Follow up
Staphylococcus,Ascorbate_40,-0.201334816462736,0.311,0.840905897114178,Follow up
Staphylococcus,Unknown_41,0.26273637374861,0.154,0.781682741116751,Follow up
Staphylococcus,Threonine_42,0.389809769905729,0.044,0.724889570552147,Follow up
Staphylococcus,Unknown_43,0.205339265850946,0.302,0.838955414012739,Follow up
Staphylococcus,Unknown_44,0.153281423804227,0.434,0.868548042704626,Follow up
Staphylococcus,Unknown_45,0.180422691879867,0.328,0.840905897114178,Follow up
Staphylococcus,Unknown_46,0.23559510567297,0.209,0.805637810945274,Follow up
Staphylococcus,Unknown_47,0.265850945494994,0.15,0.781682741116751,Follow up
Staphylococcus,Lactate_48,0.106562847608454,0.568,0.899716734693877,Follow up
Staphylococcus,Unknown_49,-0.0220244716351502,0.906,0.978206570155902,Follow up
Staphylococcus,Unknown_50,0.0589543937708565,0.743,0.941570821066405,Follow up
Staphylococcus,Unknown_51,0.0656284760845384,0.718,0.935686011405569,Follow up
Staphylococcus,Unknown_52,0.117241379310345,0.536,0.894641964670401,Follow up
Staphylococcus,Unknown_53,-0.322358175750834,0.091,0.763186295503212,Follow up
Staphylococcus,Unknown_54,-0.195995550611791,0.301,0.838902158273381,Follow up
Staphylococcus,Unknown_55,-0.0184649610678532,0.928,0.983472742066721,Follow up
Staphylococcus,Unknown_56,-0.0812013348164627,0.661,0.918806602081091,Follow up
Staphylococcus,Maltose.unknown_67,0.0798665183537264,0.684,0.923924686192469,Follow up
Staphylococcus,Maltose.unknown_68,0.0431638672155887,0.827,0.962397839783978,Follow up
Staphylococcus,Maltose.unknown_69,0.0327030033370412,0.867,0.966827288428325,Follow up
Staphylococcus,Maltose.unknown_70,0.00778642936596218,0.972,0.992233992094862,Follow up
Staphylococcus,Maltose.unknown_71,-0.053615127919911,0.774,0.953751269035533,Follow up
Staphylococcus,Maltose_72,-0.018020022246941,0.93,0.983472742066721,Follow up
Staphylococcus,Maltose_73,-0.0723025583982203,0.712,0.935686011405569,Follow up
Staphylococcus,Maltose.unknown_74,-0.0416017797552836,0.827,0.962397839783978,Follow up
Staphylococcus,Maltose_75,-0.136373748609566,0.449,0.869713,Follow up
Staphylococcus,Maltose.unknown_76,0.0344827586206897,0.866,0.966827288428325,Follow up
Staphylococcus,Maltose.unknown_77,-0.0745272525027809,0.696,0.92720220082531,Follow up
Staphylococcus,Unknown_79,-0.200889877641824,0.297,0.838902158273381,Follow up
Staphylococcus,Unknown_81,-0.0616240266963292,0.738,0.940192446633826,Follow up
Staphylococcus,Maltose.unknown_87,-0.162180200222469,0.408,0.865129720853859,Follow up
Staphylococcus,Maltose.unknown_88,0.0660734149054505,0.765,0.947748640869843,Follow up
Staphylococcus,Unknown_89,-0.0335928809788654,0.867,0.966827288428325,Follow up
Staphylococcus,Unknown_90,-0.121690767519466,0.528,0.893223621363439,Follow up
Staphylococcus,Unknown_91,0.028698553948832,0.896,0.976675295441756,Follow up
Staphylococcus,Unknown_92,-0.0540600667408231,0.766,0.947775151708719,Follow up
Staphylococcus,Uknown_93,0.0593993325917686,0.755,0.94628239095315,Follow up
Staphylococcus,Unknown_94,-0.0135706340378198,0.938,0.983640970350404,Follow up
Staphylococcus,Uknown_95,-0.0335928809788654,0.853,0.966827288428325,Follow up
Staphylococcus,Unknown_96,0.00200222469410456,0.994,0.998640041493776,Follow up
Staphylococcus,Unknown_97,-0.00155728587319244,0.998,1,Follow up
Staphylococcus,Glycine_99,-0.00244716351501669,0.99,0.997466840052015,Follow up
Staphylococcus,Glucose_100,-0.0540600667408231,0.782,0.955668138801262,Follow up
Staphylococcus,Glucose_101,-0.0531701890989989,0.777,0.953769961977186,Follow up
Staphylococcus,Glucose_102,-0.163959955506118,0.41,0.8660722513089,Follow up
Staphylococcus,Glucose_103,-0.166629588431591,0.388,0.851404519774011,Follow up
Staphylococcus,Glucose_104,-0.212903225806452,0.268,0.825757527733756,Follow up
Staphylococcus,Maltose.taurine.glucose_107,-0.197775305895439,0.28,0.833758647194466,Follow up
Staphylococcus,Glucose_108,-0.210233592880979,0.251,0.812749387755102,Follow up
Staphylococcus,Unknown_109,-0.167074527252503,0.368,0.85012166003411,Follow up
Staphylococcus,Glucose_110,-0.159065628476085,0.385,0.85012166003411,Follow up
Staphylococcus,Maltose.taurine_113,-0.13503893214683,0.507,0.885136547994592,Follow up
Staphylococcus,Glucose_116,-0.183982202447164,0.347,0.842279448621554,Follow up
Staphylococcus,Glucose_117,-0.064293659621802,0.734,0.940192446633826,Follow up
Staphylococcus,Unknown_118,0.282758620689655,0.125,0.776022082018928,Follow up
Staphylococcus,Carnitine_119,0.154616240266963,0.401,0.859938155715075,Follow up
Staphylococcus,O_phosphocholine_120,-0.102558398220245,0.57,0.899828850855746,Follow up
Staphylococcus,Unknown_121,0.0985539488320356,0.625,0.911272111403839,Follow up
Staphylococcus,Unknown_122,-0.301890989988877,0.09,0.763186295503212,Follow up
Staphylococcus,Unknown_123,-0.071412680756396,0.69,0.92650722642808,Follow up
Staphylococcus,Unknown_124,0.167315609000633,0.353,0.844149382716049,Follow up
Staphylococcus,Unknown_125,0.197330367074527,0.302,0.838955414012739,Follow up
Staphylococcus,Unknown_126,0.124805339265851,0.521,0.891634920634921,Follow up
Staphylococcus,Unknown_128,0.102113459399333,0.597,0.908490980392157,Follow up
Staphylococcus,Creatine_129,-0.197775305895439,0.286,0.834938960060286,Follow up
Staphylococcus,Creatinephosphate_130,-0.224916573971079,0.229,0.812749387755102,Follow up
Staphylococcus,Unknown_131,0.1559510567297,0.399,0.859938155715075,Follow up
Staphylococcus,Asparagine_133,0.0491657397107898,0.796,0.958565122785204,Follow up
Staphylococcus,N.N.dimethylglycine_134,-0.082091212458287,0.656,0.918806602081091,Follow up
Staphylococcus,Aspartate_136,0.310789766407119,0.11,0.769205776173285,Follow up
Staphylococcus,Methionine_138,-0.113236929922136,0.521,0.891634920634921,Follow up
Staphylococcus,Unknown_139,-0.0505005561735261,0.795,0.958565122785204,Follow up
Staphylococcus,Methionine_140,0.245383759733037,0.194,0.799334014300306,Follow up
Staphylococcus,Unknown_142,-0.165739710789766,0.394,0.856540965207632,Follow up
Staphylococcus,Riboflavin_143,-0.110122358175751,0.563,0.898665842604038,Follow up
Staphylococcus,Unknown_145,-0.0794215795328142,0.667,0.92185444166964,Follow up
Staphylococcus,Unknown_146,-0.10434976146449,0.598,0.908490980392157,Follow up
Staphylococcus,Unknown_148,-0.060734149054505,0.734,0.940192446633826,Follow up
Staphylococcus,Unknown_153,-0.0682981090100111,0.708,0.933557522123894,Follow up
Staphylococcus,Glutamine_154,-0.0972191323692992,0.591,0.906746138613861,Follow up
Staphylococcus,Glutamine.unknown_155,0.053615127919911,0.76,0.946700964630225,Follow up
Staphylococcus,Succinate_156,0.184427141268076,0.338,0.840905897114178,Follow up
Staphylococcus,Saccharopine.unknown_157,0.202224694104561,0.284,0.834128885519333,Follow up
Staphylococcus,Glutamate.unknown_158,0.284983314794216,0.127,0.776022082018928,Follow up
Staphylococcus,Unknown_159,0.346384872080089,0.057,0.724889570552147,Follow up
Staphylococcus,Glutamate.unknown_161,0.278754171301446,0.136,0.781682741116751,Follow up
Staphylococcus,Unknown_162,0.292547274749722,0.11,0.769205776173285,Follow up
Staphylococcus,Valine.unknown_168,0.0923248053392658,0.613,0.909970353477765,Follow up
Staphylococcus,Unknown_169,-0.0331479421579533,0.863,0.966827288428325,Follow up
Staphylococcus,Glutarate_171,0.140823136818687,0.454,0.871122337790986,Follow up
Staphylococcus,Glutamine.unknown_172,-0.129699666295884,0.504,0.884282608695652,Follow up
Staphylococcus,Glutamine.glutamate_173,-0.0918798665183537,0.628,0.912555138784696,Follow up
Staphylococcus,Methionine.glutamate.glutamine_177,0.244493882091212,0.19,0.79648439181916,Follow up
Staphylococcus,Unknown_182,0.308376907014464,0.097,0.769205776173285,Follow up
Staphylococcus,Unknown_185,0.234260289210234,0.19,0.79648439181916,Follow up
Staphylococcus,Glutamate_187,0.212013348164627,0.253,0.812749387755102,Follow up
Staphylococcus,Glutamate.unknown_189,0.0660734149054505,0.727,0.9384865044985,Follow up
Staphylococcus,Unknown_190,0.118131256952169,0.53,0.893223621363439,Follow up
Staphylococcus,Unknown_191,0.276084538375973,0.135,0.781682741116751,Follow up
Staphylococcus,Unknown_192,0.284093437152392,0.123,0.776022082018928,Follow up
Staphylococcus,Unknown_193,0.325472747497219,0.073,0.746179419525066,Follow up
Staphylococcus,Isoleucine.unknown_194,0.414905450500556,0.024,0.717407407407407,Follow up
Staphylococcus,Unknown_195,0.356173526140156,0.062,0.725643504531722,Follow up
Staphylococcus,Unknown_196,0.302335928809789,0.11,0.769205776173285,Follow up
Staphylococcus,Acetate_197,-0.213793103448276,0.222,0.811347169811321,Follow up
Staphylococcus,Lysine.unknown_198,-0.00422691879866518,0.984,0.994525436994521,Follow up
Staphylococcus,Lysine.unknown_199,0.0985539488320356,0.618,0.909970353477765,Follow up
Staphylococcus,Lysine.unknown_200,0.207119021134594,0.275,0.831654957064793,Follow up
Staphylococcus,Unknown_201,0.242714126807564,0.19,0.79648439181916,Follow up
Staphylococcus,Unknown_202,0.321913236929922,0.07,0.73939247311828,Follow up
Staphylococcus,Leucine.lysine_205,0.255172413793103,0.163,0.784134939759036,Follow up
Staphylococcus,Leucine.unknown_209,0.352169076751947,0.045,0.724889570552147,Follow up
Staphylococcus,Leucine.unknown_211,0.335706340378198,0.066,0.732618911174785,Follow up
Staphylococcus,Alanine_212,0.0576195773081201,0.765,0.947748640869843,Follow up
Staphylococcus,Unknown_214,0.226251390433815,0.236,0.812749387755102,Follow up
Staphylococcus,Unknown_215,0.214238042269188,0.247,0.812749387755102,Follow up
Staphylococcus,Isoleucine.unknown_218,0.0656284760845384,0.733,0.93996756041046,Follow up
Staphylococcus,Unknown_219,0.134149054505006,0.477,0.877132075471698,Follow up
Staphylococcus,Unknown_220,0.10567296996663,0.58,0.904557165861514,Follow up
Staphylococcus,Propylene_glycol_221,-0.414905450500556,0.026,0.717407407407407,Follow up
Staphylococcus,Isoleucine_225,0.353948832035595,0.052,0.724889570552147,Follow up
Staphylococcus,Valine_227,0.291657397107898,0.119,0.772247116968698,Follow up
Staphylococcus,Leucine_229,0.303670745272525,0.1,0.769205776173285,Follow up
Staphylococcus,Leucine.isoleucine_230,0.36329254727475,0.042,0.724889570552147,Follow up
Corynebacteriaceae_unclassified,NAD._2,0.145272525027809,0.441,0.868548042704626,Follow up
Corynebacteriaceae_unclassified,Unknown_3,0.152836484983315,0.423,0.8660722513089,Follow up
Corynebacteriaceae_unclassified,Formate_5,0.0131256952169077,0.944,0.98466774367259,Follow up
Corynebacteriaceae_unclassified,Unknown_7,0.232035595105673,0.225,0.812749387755102,Follow up
Corynebacteriaceae_unclassified,Unknown_8,0.133259176863181,0.454,0.871122337790986,Follow up
Corynebacteriaceae_unclassified,Hypoxanthine_10,-0.287208008898776,0.111,0.770634408602151,Follow up
Corynebacteriaceae_unclassified,NAD._11,0.251612903225806,0.184,0.796442458100559,Follow up
Corynebacteriaceae_unclassified,Tryptophan_14,0.268520578420467,0.148,0.781682741116751,Follow up
Corynebacteriaceae_unclassified,Unknown_15,-0.00645161290322581,0.967,0.992022175290391,Follow up
Corynebacteriaceae_unclassified,Phenylalanine_19,0.0794215795328142,0.665,0.921061851984269,Follow up
Corynebacteriaceae_unclassified,Tyrosine_20,0.184427141268076,0.319,0.840905897114178,Follow up
Corynebacteriaceae_unclassified,Unknown_22,0.0273637374860957,0.885,0.973720283687943,Follow up
Corynebacteriaceae_unclassified,Unknown_23,0.115906562847608,0.522,0.891634920634921,Follow up
Corynebacteriaceae_unclassified,Unknown_24,0.163070077864294,0.381,0.85012166003411,Follow up
Corynebacteriaceae_unclassified,Unknown_25,0.04293659621802,0.83,0.963566077314953,Follow up
Corynebacteriaceae_unclassified,Unknown_26,0.0896551724137931,0.648,0.917191085129704,Follow up
Corynebacteriaceae_unclassified,Unknown_28,0.123470522803115,0.521,0.891634920634921,Follow up
Corynebacteriaceae_unclassified,Uridine_29,-0.0375973303670745,0.846,0.966827288428325,Follow up
Corynebacteriaceae_unclassified,Uracil_30,-0.148832035595106,0.467,0.877132075471698,Follow up
Corynebacteriaceae_unclassified,Unknown_31,-0.123470522803115,0.526,0.893223621363439,Follow up
Corynebacteriaceae_unclassified,Maltose.Glucose_32,-0.0122358175750834,0.946,0.985390931043735,Follow up
Corynebacteriaceae_unclassified,Unknown_33,-0.000222469410456062,1,1,Follow up
Corynebacteriaceae_unclassified,Unknown_34,0.0981090100111235,0.61,0.909599692070824,Follow up
Corynebacteriaceae_unclassified,Maltose.unknown_37,0.0447163515016685,0.805,0.961038520801233,Follow up
Corynebacteriaceae_unclassified,Maltose.glucose.unknown_38,-0.0798665183537264,0.657,0.918806602081091,Follow up
Corynebacteriaceae_unclassified,Ascorbate_40,-0.151946607341491,0.408,0.865129720853859,Follow up
Corynebacteriaceae_unclassified,Unknown_41,0.114571746384872,0.522,0.891634920634921,Follow up
Corynebacteriaceae_unclassified,Threonine_42,0.0175770387115026,0.921,0.982636739190306,Follow up
Corynebacteriaceae_unclassified,Unknown_43,0.22714126807564,0.227,0.812749387755102,Follow up
Corynebacteriaceae_unclassified,Unknown_44,0.236929922135706,0.206,0.804479838709677,Follow up
Corynebacteriaceae_unclassified,Unknown_45,0.2293659621802,0.216,0.810491362763916,Follow up
Corynebacteriaceae_unclassified,Unknown_46,0.171078976640712,0.35,0.844055865921788,Follow up
Corynebacteriaceae_unclassified,Unknown_47,0.155061179087875,0.415,0.8660722513089,Follow up
Corynebacteriaceae_unclassified,Lactate_48,0.369521690767519,0.044,0.724889570552147,Follow up
Corynebacteriaceae_unclassified,Unknown_49,0.0829810901001112,0.682,0.923924686192469,Follow up
Corynebacteriaceae_unclassified,Unknown_50,0.0705228031145717,0.715,0.935686011405569,Follow up
Corynebacteriaceae_unclassified,Unknown_51,0.0424916573971079,0.828,0.962397839783978,Follow up
Corynebacteriaceae_unclassified,Unknown_52,0.0736373748609566,0.693,0.92650722642808,Follow up
Corynebacteriaceae_unclassified,Unknown_53,0.119021134593993,0.515,0.889763660595291,Follow up
Corynebacteriaceae_unclassified,Unknown_54,0.111902113459399,0.558,0.898085583714167,Follow up
Corynebacteriaceae_unclassified,Unknown_55,-0.0616240266963292,0.759,0.946672891178365,Follow up
Corynebacteriaceae_unclassified,Unknown_56,-0.0567296996662959,0.763,0.947391666666667,Follow up
Corynebacteriaceae_unclassified,Maltose.unknown_67,0.0549499443826474,0.782,0.955668138801262,Follow up
Corynebacteriaceae_unclassified,Maltose.unknown_68,0.0233618868950351,0.898,0.977166666666667,Follow up
Corynebacteriaceae_unclassified,Maltose.unknown_69,-0.00600667408231368,0.97,0.992022175290391,Follow up
Corynebacteriaceae_unclassified,Maltose.unknown_70,0.00645161290322581,0.97,0.992022175290391,Follow up
Corynebacteriaceae_unclassified,Maltose.unknown_71,0.0754171301446051,0.694,0.92650722642808,Follow up
Corynebacteriaceae_unclassified,Maltose_72,0.0473859844271413,0.811,0.96168166513621,Follow up
Corynebacteriaceae_unclassified,Maltose_73,0.0656284760845384,0.716,0.935686011405569,Follow up
Corynebacteriaceae_unclassified,Maltose.unknown_74,0.0562847608453838,0.776,0.953751269035533,Follow up
Corynebacteriaceae_unclassified,Maltose_75,0.0803114571746385,0.652,0.918490181818182,Follow up
Corynebacteriaceae_unclassified,Maltose.unknown_76,0.0273637374860957,0.893,0.976675295441756,Follow up
Corynebacteriaceae_unclassified,Maltose.unknown_77,-0.00155728587319244,0.995,0.998867582275201,Follow up
Corynebacteriaceae_unclassified,Unknown_79,0.111902113459399,0.547,0.895628415300546,Follow up
Corynebacteriaceae_unclassified,Unknown_81,0.0113459399332592,0.95,0.986146838156484,Follow up
Corynebacteriaceae_unclassified,Maltose.unknown_87,0.0505005561735261,0.795,0.958565122785204,Follow up
Corynebacteriaceae_unclassified,Maltose.unknown_88,0.0972191323692992,0.617,0.909970353477765,Follow up
Corynebacteriaceae_unclassified,Unknown_89,0.112347052280311,0.53,0.893223621363439,Follow up
Corynebacteriaceae_unclassified,Unknown_90,0.117686318131257,0.537,0.895539388721481,Follow up
Corynebacteriaceae_unclassified,Unknown_91,0.0126807563959956,0.944,0.98466774367259,Follow up
Corynebacteriaceae_unclassified,Unknown_92,0.0371523915461624,0.84,0.965632918886915,Follow up
Corynebacteriaceae_unclassified,Uknown_93,0.0157953281423804,0.939,0.983640970350404,Follow up
Corynebacteriaceae_unclassified,Unknown_94,0.028698553948832,0.88,0.970706150341686,Follow up
Corynebacteriaceae_unclassified,Uknown_95,0.099888765294772,0.614,0.909970353477765,Follow up
Corynebacteriaceae_unclassified,Unknown_96,0.10789766407119,0.56,0.89831884057971,Follow up
Corynebacteriaceae_unclassified,Unknown_97,0.0629588431590656,0.766,0.947775151708719,Follow up
Corynebacteriaceae_unclassified,Glycine_99,0.178197997775306,0.33,0.840905897114178,Follow up
Corynebacteriaceae_unclassified,Glucose_100,-0.032258064516129,0.872,0.967390607101947,Follow up
Corynebacteriaceae_unclassified,Glucose_101,0.0340378197997775,0.859,0.966827288428325,Follow up
Corynebacteriaceae_unclassified,Glucose_102,-0.0335928809788654,0.858,0.966827288428325,Follow up
Corynebacteriaceae_unclassified,Glucose_103,-0.0616240266963292,0.78,0.954729857819905,Follow up
Corynebacteriaceae_unclassified,Glucose_104,-0.0994438264738598,0.594,0.907753846153846,Follow up
Corynebacteriaceae_unclassified,Maltose.taurine.glucose_107,-0.0638487208008899,0.749,0.943925178919974,Follow up
Corynebacteriaceae_unclassified,Glucose_108,-0.112347052280311,0.548,0.895628415300546,Follow up
Corynebacteriaceae_unclassified,Unknown_109,-0.0878754171301446,0.641,0.916628760088041,Follow up
Corynebacteriaceae_unclassified,Glucose_110,-0.0313681868743048,0.862,0.966827288428325,Follow up
Corynebacteriaceae_unclassified,Maltose.taurine_113,-0.0166852057842047,0.928,0.983472742066721,Follow up
Corynebacteriaceae_unclassified,Glucose_116,-0.0487208008898776,0.805,0.961038520801233,Follow up
Corynebacteriaceae_unclassified,Glucose_117,-0.173748609566185,0.359,0.846995127892814,Follow up
Corynebacteriaceae_unclassified,Unknown_118,-0.423359288097887,0.014,0.661414634146341,Follow up
Corynebacteriaceae_unclassified,Carnitine_119,-0.295216907675195,0.117,0.772247116968698,Follow up
Corynebacteriaceae_unclassified,O_phosphocholine_120,-0.18754171301446,0.336,0.840905897114178,Follow up
Corynebacteriaceae_unclassified,Unknown_121,0.0740823136818687,0.679,0.923924686192469,Follow up
Corynebacteriaceae_unclassified,Unknown_122,-0.166184649610679,0.361,0.847656419529837,Follow up
Corynebacteriaceae_unclassified,Unknown_123,0.0691879866518354,0.716,0.935686011405569,Follow up
Corynebacteriaceae_unclassified,Unknown_124,0.134608967347583,0.479,0.877132075471698,Follow up
Corynebacteriaceae_unclassified,Unknown_125,0.1412680756396,0.445,0.869713,Follow up
Corynebacteriaceae_unclassified,Unknown_126,0.0834260289210234,0.644,0.916628760088041,Follow up
Corynebacteriaceae_unclassified,Unknown_128,-0.240044493882091,0.181,0.793205882352941,Follow up
Corynebacteriaceae_unclassified,Creatine_129,0.0206896551724138,0.913,0.979755395683453,Follow up
Corynebacteriaceae_unclassified,Creatinephosphate_130,-0.114571746384872,0.56,0.89831884057971,Follow up
Corynebacteriaceae_unclassified,Unknown_131,-0.0731924360400445,0.681,0.923924686192469,Follow up
Corynebacteriaceae_unclassified,Asparagine_133,-0.122135706340378,0.542,0.895628415300546,Follow up
Corynebacteriaceae_unclassified,N.N.dimethylglycine_134,0.162180200222469,0.384,0.85012166003411,Follow up
Corynebacteriaceae_unclassified,Aspartate_136,-0.0660734149054505,0.729,0.938878324468085,Follow up
Corynebacteriaceae_unclassified,Methionine_138,-0.194215795328142,0.308,0.840905897114178,Follow up
Corynebacteriaceae_unclassified,Unknown_139,-0.43670745272525,0.017,0.672020408163265,Follow up
Corynebacteriaceae_unclassified,Methionine_140,-0.276974416017798,0.14,0.781682741116751,Follow up
Corynebacteriaceae_unclassified,Unknown_142,-0.225361512791991,0.232,0.812749387755102,Follow up
Corynebacteriaceae_unclassified,Riboflavin_143,-0.247608453837597,0.203,0.800837067209776,Follow up
Corynebacteriaceae_unclassified,Unknown_145,-0.155061179087875,0.412,0.8660722513089,Follow up
Corynebacteriaceae_unclassified,Unknown_146,-0.200912227297302,0.289,0.837386686611817,Follow up
Corynebacteriaceae_unclassified,Unknown_148,-0.115016685205784,0.563,0.898665842604038,Follow up
Corynebacteriaceae_unclassified,Unknown_153,-0.0665183537263626,0.753,0.94628239095315,Follow up
Corynebacteriaceae_unclassified,Glutamine_154,-0.096329254727475,0.633,0.914333333333333,Follow up
Corynebacteriaceae_unclassified,Glutamine.unknown_155,0.0309232480533927,0.866,0.966827288428325,Follow up
Corynebacteriaceae_unclassified,Succinate_156,-0.0460511679644049,0.82,0.962383157894737,Follow up
Corynebacteriaceae_unclassified,Saccharopine.unknown_157,-0.138598442714127,0.459,0.875265225933202,Follow up
Corynebacteriaceae_unclassified,Glutamate.unknown_158,0.0242491657397108,0.899,0.977166666666667,Follow up
Corynebacteriaceae_unclassified,Unknown_159,0.0126807563959956,0.954,0.987916599839615,Follow up
Corynebacteriaceae_unclassified,Glutamate.unknown_161,-0.0758620689655172,0.7,0.929016786570743,Follow up
Corynebacteriaceae_unclassified,Unknown_162,-0.0972191323692992,0.588,0.90573041749503,Follow up
Corynebacteriaceae_unclassified,Valine.unknown_168,0.0153503893214683,0.95,0.986146838156484,Follow up
Corynebacteriaceae_unclassified,Unknown_169,-0.071412680756396,0.716,0.935686011405569,Follow up
Corynebacteriaceae_unclassified,Glutarate_171,-0.135928809788654,0.469,0.877132075471698,Follow up
Corynebacteriaceae_unclassified,Glutamine.unknown_172,0.275194660734149,0.157,0.781682741116751,Follow up
Corynebacteriaceae_unclassified,Glutamine.glutamate_173,0.0313681868743048,0.86,0.966827288428325,Follow up
Corynebacteriaceae_unclassified,Methionine.glutamate.glutamine_177,-0.138598442714127,0.487,0.883257490636704,Follow up
Corynebacteriaceae_unclassified,Unknown_182,-0.0683057073978647,0.694,0.92650722642808,Follow up
Corynebacteriaceae_unclassified,Unknown_185,-0.00689655172413793,0.963,0.99009076433121,Follow up
Corynebacteriaceae_unclassified,Glutamate_187,-0.0460511679644049,0.794,0.958540355250857,Follow up
Corynebacteriaceae_unclassified,Glutamate.unknown_189,0.0340378197997775,0.872,0.967390607101947,Follow up
Corynebacteriaceae_unclassified,Unknown_190,-0.050055617352614,0.794,0.958540355250857,Follow up
Corynebacteriaceae_unclassified,Unknown_191,-0.109677419354839,0.554,0.897732776617954,Follow up
Corynebacteriaceae_unclassified,Unknown_192,-0.154171301446051,0.423,0.8660722513089,Follow up
Corynebacteriaceae_unclassified,Unknown_193,-0.133259176863181,0.487,0.883257490636704,Follow up
Corynebacteriaceae_unclassified,Isoleucine.unknown_194,-0.10567296996663,0.581,0.904762439807384,Follow up
Corynebacteriaceae_unclassified,Unknown_195,-0.0335928809788654,0.867,0.966827288428325,Follow up
Corynebacteriaceae_unclassified,Unknown_196,0.0104560622914349,0.969,0.992022175290391,Follow up
Corynebacteriaceae_unclassified,Acetate_197,-0.096329254727475,0.62,0.910147783251231,Follow up
Corynebacteriaceae_unclassified,Lysine.unknown_198,0.0344827586206897,0.854,0.966827288428325,Follow up
Corynebacteriaceae_unclassified,Lysine.unknown_199,-0.035817575083426,0.837,0.965632918886915,Follow up
Corynebacteriaceae_unclassified,Lysine.unknown_200,-0.107007786429366,0.598,0.908490980392157,Follow up
Corynebacteriaceae_unclassified,Unknown_201,-0.142602892102336,0.437,0.868548042704626,Follow up
Corynebacteriaceae_unclassified,Unknown_202,-0.234260289210234,0.211,0.808354330708661,Follow up
Corynebacteriaceae_unclassified,Leucine.lysine_205,-0.0402669632925473,0.823,0.962383157894737,Follow up
Corynebacteriaceae_unclassified,Leucine.unknown_209,-0.10789766407119,0.589,0.906189833200953,Follow up
Corynebacteriaceae_unclassified,Leucine.unknown_211,-0.0798665183537264,0.676,0.923096228410293,Follow up
Corynebacteriaceae_unclassified,Alanine_212,-0.16440489432703,0.373,0.85012166003411,Follow up
Corynebacteriaceae_unclassified,Unknown_214,0.0407119021134594,0.849,0.966827288428325,Follow up
Corynebacteriaceae_unclassified,Unknown_215,0.0763070077864294,0.683,0.923924686192469,Follow up
Corynebacteriaceae_unclassified,Isoleucine.unknown_218,0.360622914349277,0.042,0.724889570552147,Follow up
Corynebacteriaceae_unclassified,Unknown_219,0.29210233592881,0.127,0.776022082018928,Follow up
Corynebacteriaceae_unclassified,Unknown_220,0.358398220244716,0.051,0.724889570552147,Follow up
Corynebacteriaceae_unclassified,Propylene_glycol_221,0.115461624026696,0.55,0.895628415300546,Follow up
Corynebacteriaceae_unclassified,Isoleucine_225,-0.0718576195773081,0.701,0.929706949674769,Follow up
Corynebacteriaceae_unclassified,Valine_227,-0.0972191323692992,0.606,0.908882694541231,Follow up
Corynebacteriaceae_unclassified,Leucine_229,0.0100111234705228,0.956,0.988402455297571,Follow up
Corynebacteriaceae_unclassified,Leucine.isoleucine_230,-0.0380422691879867,0.813,0.962383157894737,Follow up
Caulobacter,NAD._2,-0.134149054505006,0.445,0.869713,Follow up
Caulobacter,Unknown_3,0.0117908787541713,0.938,0.983640970350404,Follow up
Caulobacter,Formate_5,-0.169744160177976,0.361,0.847656419529837,Follow up
Caulobacter,Unknown_7,-0.148387096774194,0.422,0.8660722513089,Follow up
Caulobacter,Unknown_8,-0.0131256952169077,0.936,0.983472742066721,Follow up
Caulobacter,Hypoxanthine_10,-0.0736373748609566,0.719,0.935686011405569,Follow up
Caulobacter,NAD._11,-0.150611790878754,0.425,0.8660722513089,Follow up
Caulobacter,Tryptophan_14,0.157285873192436,0.365,0.849765625,Follow up
Caulobacter,Unknown_15,-0.0171301446051168,0.952,0.986900722504683,Follow up
Caulobacter,Phenylalanine_19,0.376640711902113,0.032,0.717407407407407,Follow up
Caulobacter,Tyrosine_20,0.341045606229143,0.055,0.724889570552147,Follow up
Caulobacter,Unknown_22,0.141713014460512,0.472,0.877132075471698,Follow up
Caulobacter,Unknown_23,-0.157730812013348,0.385,0.85012166003411,Follow up
Caulobacter,Unknown_24,-0.282758620689655,0.129,0.779634945397816,Follow up
Caulobacter,Unknown_25,-0.18754171301446,0.328,0.840905897114178,Follow up
Caulobacter,Unknown_26,-0.26496106785317,0.176,0.789801822323462,Follow up
Caulobacter,Unknown_28,-0.312569521690768,0.086,0.763186295503212,Follow up
Caulobacter,Uridine_29,-0.195550611790879,0.277,0.833758647194466,Follow up
Caulobacter,Uracil_30,-0.138153503893215,0.477,0.877132075471698,Follow up
Caulobacter,Unknown_31,-0.147497219132369,0.429,0.866711758584808,Follow up
Caulobacter,Maltose.Glucose_32,0.0331479421579533,0.84,0.965632918886915,Follow up
Caulobacter,Unknown_33,0.0731924360400445,0.7,0.929016786570743,Follow up
Caulobacter,Unknown_34,-0.0189098998887653,0.919,0.981854936569222,Follow up
Caulobacter,Maltose.unknown_37,-0.0469410456062291,0.809,0.961664927891991,Follow up
Caulobacter,Maltose.glucose.unknown_38,-0.0335928809788654,0.863,0.966827288428325,Follow up
Caulobacter,Ascorbate_40,-0.178197997775306,0.362,0.847656419529837,Follow up
Caulobacter,Unknown_41,0.105228031145717,0.573,0.900528194726166,Follow up
Caulobacter,Threonine_42,0.102347314016344,0.583,0.905227254509018,Follow up
Caulobacter,Unknown_43,0.0941045606229143,0.616,0.909970353477765,Follow up
Caulobacter,Unknown_44,0.201779755283648,0.306,0.838955414012739,Follow up
Caulobacter,Unknown_45,0.155061179087875,0.413,0.8660722513089,Follow up
Caulobacter,Unknown_46,0.00645161290322581,0.975,0.9931250327654,Follow up
Caulobacter,Unknown_47,-0.0109010011123471,0.947,0.985390931043735,Follow up
Caulobacter,Lactate_48,0.334816462736374,0.052,0.724889570552147,Follow up
Caulobacter,Unknown_49,0.0313681868743048,0.853,0.966827288428325,Follow up
Caulobacter,Unknown_50,-0.0327030033370412,0.861,0.966827288428325,Follow up
Caulobacter,Unknown_51,-0.101223581757508,0.604,0.908882694541231,Follow up
Caulobacter,Unknown_52,-0.131034482758621,0.501,0.883574738755111,Follow up
Caulobacter,Unknown_53,0.0282536151279199,0.88,0.970706150341686,Follow up
Caulobacter,Unknown_54,0.187986651835373,0.313,0.840905897114178,Follow up
Caulobacter,Unknown_55,-0.0700778642936596,0.721,0.936357358364063,Follow up
Caulobacter,Unknown_56,-0.0242491657397108,0.887,0.974266515452226,Follow up
Caulobacter,Maltose.unknown_67,-0.132369299221357,0.494,0.883574738755111,Follow up
Caulobacter,Maltose.unknown_68,-0.1833351885858,0.316,0.840905897114178,Follow up
Caulobacter,Maltose.unknown_69,-0.16440489432703,0.372,0.85012166003411,Follow up
Caulobacter,Maltose.unknown_70,-0.143047830923248,0.471,0.877132075471698,Follow up
Caulobacter,Maltose.unknown_71,-0.126140155728587,0.504,0.884282608695652,Follow up
Caulobacter,Maltose_72,-0.109677419354839,0.571,0.900051990251828,Follow up
Caulobacter,Maltose_73,-0.0100111234705228,0.957,0.9886448,Follow up
Caulobacter,Maltose.unknown_74,-0.0442714126807564,0.826,0.962383157894737,Follow up
Caulobacter,Maltose_75,0.112791991101224,0.548,0.895628415300546,Follow up
Caulobacter,Maltose.unknown_76,-0.00778642936596218,0.958,0.988865051903114,Follow up
Caulobacter,Maltose.unknown_77,0.0117908787541713,0.952,0.986900722504683,Follow up
Caulobacter,Unknown_79,0.0954393770856507,0.631,0.912805825242718,Follow up
Caulobacter,Unknown_81,-0.0140155728587319,0.938,0.983640970350404,Follow up
Caulobacter,Maltose.unknown_87,0.151501668520578,0.388,0.851404519774011,Follow up
Caulobacter,Maltose.unknown_88,-0.0593993325917686,0.756,0.94628239095315,Follow up
Caulobacter,Unknown_89,0.0313681868743048,0.844,0.96649600945906,Follow up
Caulobacter,Unknown_90,-0.0327030033370412,0.864,0.966827288428325,Follow up
Caulobacter,Unknown_91,-0.117241379310345,0.543,0.895628415300546,Follow up
Caulobacter,Unknown_92,-0.0407119021134594,0.809,0.961664927891991,Follow up
Caulobacter,Uknown_93,-0.186206896551724,0.343,0.840905897114178,Follow up
Caulobacter,Unknown_94,-0.0353726362625139,0.847,0.966827288428325,Follow up
Caulobacter,Uknown_95,-0.00111234705228031,0.993,0.997894163424125,Follow up
Caulobacter,Unknown_96,0.0224694104560623,0.913,0.979755395683453,Follow up
Caulobacter,Unknown_97,0.0763070077864294,0.669,0.92185835694051,Follow up
Caulobacter,Glycine_99,0.0131256952169077,0.935,0.983472742066721,Follow up
Caulobacter,Glucose_100,0.116796440489433,0.555,0.897732776617954,Follow up
Caulobacter,Glucose_101,0.179532814238042,0.344,0.840905897114178,Follow up
Caulobacter,Glucose_102,0.137708565072303,0.471,0.877132075471698,Follow up
Caulobacter,Glucose_103,0.111012235817575,0.563,0.898665842604038,Follow up
Caulobacter,Glucose_104,0.0282536151279199,0.896,0.976675295441756,Follow up
Caulobacter,Maltose.taurine.glucose_107,0.115906562847608,0.544,0.895628415300546,Follow up
Caulobacter,Glucose_108,0.137708565072303,0.461,0.87673735886107,Follow up
Caulobacter,Unknown_109,0.165739710789766,0.407,0.864902907295666,Follow up
Caulobacter,Glucose_110,0.180422691879867,0.324,0.840905897114178,Follow up
Caulobacter,Maltose.taurine_113,-0.159955506117909,0.402,0.859938155715075,Follow up
Caulobacter,Glucose_116,0.103448275862069,0.605,0.908882694541231,Follow up
Caulobacter,Glucose_117,0.124360400444939,0.497,0.883574738755111,Follow up
Caulobacter,Unknown_118,0.148832035595106,0.426,0.8660722513089,Follow up
Caulobacter,Carnitine_119,-0.099888765294772,0.609,0.90915838150289,Follow up
Caulobacter,O_phosphocholine_120,-0.276084538375973,0.131,0.781682741116751,Follow up
Caulobacter,Unknown_121,0.160400444938821,0.379,0.85012166003411,Follow up
Caulobacter,Unknown_122,0.0278086763070078,0.884,0.973455372370665,Follow up
Caulobacter,Unknown_123,0.291212458286986,0.099,0.769205776173285,Follow up
Caulobacter,Unknown_124,0.366225388849789,0.053,0.724889570552147,Follow up
Caulobacter,Unknown_125,0.231590656284761,0.253,0.812749387755102,Follow up
Caulobacter,Unknown_126,0.205339265850946,0.262,0.817220611916264,Follow up
Caulobacter,Unknown_128,0.150611790878754,0.426,0.8660722513089,Follow up
Caulobacter,Creatine_129,-0.214238042269188,0.252,0.812749387755102,Follow up
Caulobacter,Creatinephosphate_130,-0.334371523915462,0.066,0.732618911174785,Follow up
Caulobacter,Unknown_131,0.060734149054505,0.754,0.94628239095315,Follow up
Caulobacter,Asparagine_133,0.0420467185761958,0.815,0.962383157894737,Follow up
Caulobacter,N.N.dimethylglycine_134,-0.0291434927697442,0.874,0.967946255002859,Follow up
Caulobacter,Aspartate_136,-0.0278086763070078,0.893,0.976675295441756,Follow up
Caulobacter,Methionine_138,-0.432703003337041,0.024,0.717407407407407,Follow up
Caulobacter,Unknown_139,-0.385984427141268,0.035,0.717407407407407,Follow up
Caulobacter,Methionine_140,-0.234260289210234,0.23,0.812749387755102,Follow up
Caulobacter,Unknown_142,-0.278754171301446,0.142,0.781682741116751,Follow up
Caulobacter,Riboflavin_143,-0.228031145717464,0.257,0.812749387755102,Follow up
Caulobacter,Unknown_145,-0.216462736373749,0.241,0.812749387755102,Follow up
Caulobacter,Unknown_146,-0.137723885600255,0.46,0.875265225933202,Follow up
Caulobacter,Unknown_148,-0.211123470522803,0.25,0.812749387755102,Follow up
Caulobacter,Unknown_153,-0.225806451612903,0.253,0.812749387755102,Follow up
Caulobacter,Glutamine_154,-0.252947719688543,0.175,0.789801822323462,Follow up
Caulobacter,Glutamine.unknown_155,-0.166629588431591,0.356,0.846100613496932,Follow up
Caulobacter,Succinate_156,0.00556173526140156,0.977,0.9931250327654,Follow up
Caulobacter,Saccharopine.unknown_157,-0.0865406006674082,0.641,0.916628760088041,Follow up
Caulobacter,Glutamate.unknown_158,-0.207119021134594,0.288,0.836365817091454,Follow up
Caulobacter,Unknown_159,-0.0531701890989989,0.779,0.954410499683744,Follow up
Caulobacter,Glutamate.unknown_161,-0.103003337041157,0.606,0.908882694541231,Follow up
Caulobacter,Unknown_162,0.0442714126807564,0.818,0.962383157894737,Follow up
Caulobacter,Valine.unknown_168,0.0860956618464961,0.644,0.916628760088041,Follow up
Caulobacter,Unknown_169,-0.0371523915461624,0.856,0.966827288428325,Follow up
Caulobacter,Glutarate_171,-0.249833147942158,0.184,0.796442458100559,Follow up
Caulobacter,Glutamine.unknown_172,-0.138598442714127,0.454,0.871122337790986,Follow up
Caulobacter,Glutamine.glutamate_173,-0.307230255839822,0.091,0.763186295503212,Follow up
Caulobacter,Methionine.glutamate.glutamine_177,-0.229810901001112,0.204,0.80151724137931,Follow up
Caulobacter,Unknown_182,0.0226944044123199,0.912,0.979755395683453,Follow up
Caulobacter,Unknown_185,-0.0723025583982203,0.695,0.92650722642808,Follow up
Caulobacter,Glutamate_187,-0.202669632925473,0.258,0.813256305939788,Follow up
Caulobacter,Glutamate.unknown_189,-0.173748609566185,0.335,0.840905897114178,Follow up
Caulobacter,Unknown_190,-0.0869855394883204,0.662,0.919207168458781,Follow up
Caulobacter,Unknown_191,-0.0709677419354839,0.686,0.925013574660634,Follow up
Caulobacter,Unknown_192,-0.0745272525027809,0.714,0.935686011405569,Follow up
Caulobacter,Unknown_193,-0.0723025583982203,0.71,0.934921821889871,Follow up
Caulobacter,Isoleucine.unknown_194,0.102113459399333,0.608,0.90915838150289,Follow up
Caulobacter,Unknown_195,0.115906562847608,0.543,0.895628415300546,Follow up
Caulobacter,Unknown_196,0.161290322580645,0.401,0.859938155715075,Follow up
Caulobacter,Acetate_197,-0.179977753058954,0.353,0.844149382716049,Follow up
Caulobacter,Lysine.unknown_198,0.331256952169077,0.082,0.761947867298578,Follow up
Caulobacter,Lysine.unknown_199,0.228476084538376,0.231,0.812749387755102,Follow up
Caulobacter,Lysine.unknown_200,0.294771968854283,0.109,0.769205776173285,Follow up
Caulobacter,Unknown_201,0.319243604004449,0.104,0.769205776173285,Follow up
Caulobacter,Unknown_202,0.108787541713014,0.587,0.90573041749503,Follow up
Caulobacter,Leucine.lysine_205,0.204449388209121,0.29,0.837777777777778,Follow up
Caulobacter,Leucine.unknown_209,0.170189098998888,0.38,0.85012166003411,Follow up
Caulobacter,Leucine.unknown_211,0.250723025583982,0.185,0.79648439181916,Follow up
Caulobacter,Alanine_212,-0.411790878754171,0.022,0.717407407407407,Follow up
Caulobacter,Unknown_214,0.137708565072303,0.469,0.877132075471698,Follow up
Caulobacter,Unknown_215,0.145272525027809,0.433,0.868548042704626,Follow up
Caulobacter,Isoleucine.unknown_218,-0.0184649610678532,0.91,0.97898916967509,Follow up
Caulobacter,Unknown_219,0.0865406006674082,0.636,0.915594202898551,Follow up
Caulobacter,Unknown_220,0.212013348164627,0.257,0.812749387755102,Follow up
Caulobacter,Propylene_glycol_221,-0.0460511679644049,0.803,0.96042667489966,Follow up
Caulobacter,Isoleucine_225,0.110122358175751,0.579,0.904454032258064,Follow up
Caulobacter,Valine_227,0.0456062291434928,0.82,0.962383157894737,Follow up
Caulobacter,Leucine_229,0.189321468298109,0.336,0.840905897114178,Follow up
Caulobacter,Leucine.isoleucine_230,0.179532814238042,0.336,0.840905897114178,Follow up
Alkalibacterium,NAD._2,-0.018020022246941,0.923,0.983472742066721,Follow up
Alkalibacterium,Unknown_3,0.0255839822024472,0.878,0.970157444381061,Follow up
Alkalibacterium,Formate_5,-0.0865406006674082,0.63,0.912722513089005,Follow up
Alkalibacterium,Unknown_7,-0.0295884315906563,0.887,0.974266515452226,Follow up
Alkalibacterium,Unknown_8,0.192436040044494,0.303,0.838955414012739,Follow up
Alkalibacterium,Hypoxanthine_10,-0.272080088987764,0.158,0.781682741116751,Follow up
Alkalibacterium,NAD._11,0.0442714126807564,0.811,0.96168166513621,Follow up
Alkalibacterium,Tryptophan_14,0.264516129032258,0.148,0.781682741116751,Follow up
Alkalibacterium,Unknown_15,-0.328587319243604,0.058,0.724889570552147,Follow up
Alkalibacterium,Phenylalanine_19,0.107452725250278,0.572,0.900051990251828,Follow up
Alkalibacterium,Tyrosine_20,0.384649610678532,0.044,0.724889570552147,Follow up
Alkalibacterium,Unknown_22,-0.0905450500556174,0.632,0.913911160880926,Follow up
Alkalibacterium,Unknown_23,-0.123025583982202,0.501,0.883574738755111,Follow up
Alkalibacterium,Unknown_24,-0.0803114571746385,0.656,0.918806602081091,Follow up
Alkalibacterium,Unknown_25,-0.232035595105673,0.202,0.799334014300306,Follow up
Alkalibacterium,Unknown_26,-0.331701890989989,0.078,0.757323308270677,Follow up
Alkalibacterium,Unknown_28,-0.348164627363737,0.053,0.724889570552147,Follow up
Alkalibacterium,Uridine_29,-0.254727474972191,0.171,0.787621749408983,Follow up
Alkalibacterium,Uracil_30,-0.179977753058954,0.357,0.846181818181818,Follow up
Alkalibacterium,Unknown_31,-0.2146829810901,0.269,0.825757527733756,Follow up
Alkalibacterium,Maltose.Glucose_32,0.0723025583982203,0.725,0.937779632721202,Follow up
Alkalibacterium,Unknown_33,0.171523915461624,0.377,0.85012166003411,Follow up
Alkalibacterium,Unknown_34,0.191101223581757,0.322,0.840905897114178,Follow up
Alkalibacterium,Maltose.unknown_37,0.0674082313681869,0.726,0.938133422281521,Follow up
Alkalibacterium,Maltose.glucose.unknown_38,0.0344827586206897,0.845,0.96649837614408,Follow up
Alkalibacterium,Ascorbate_40,-0.430923248053393,0.01,0.596,Follow up
Alkalibacterium,Unknown_41,-0.0918798665183537,0.63,0.912722513089005,Follow up
Alkalibacterium,Threonine_42,-0.0186895095160281,0.917,0.981341988950276,Follow up
Alkalibacterium,Unknown_43,-0.113236929922136,0.53,0.893223621363439,Follow up
Alkalibacterium,Unknown_44,-0.018020022246941,0.936,0.983472742066721,Follow up
Alkalibacterium,Unknown_45,-0.0593993325917686,0.757,0.94631106808648,Follow up
Alkalibacterium,Unknown_46,-0.0705228031145717,0.718,0.935686011405569,Follow up
Alkalibacterium,Unknown_47,-0.0233592880978865,0.902,0.977166666666667,Follow up
Alkalibacterium,Lactate_48,0.261401557285873,0.167,0.784134939759036,Follow up
Alkalibacterium,Unknown_49,0.17285873192436,0.344,0.840905897114178,Follow up
Alkalibacterium,Unknown_50,0.157285873192436,0.416,0.8660722513089,Follow up
Alkalibacterium,Unknown_51,0.12258064516129,0.51,0.886777378815081,Follow up
Alkalibacterium,Unknown_52,0.113236929922136,0.533,0.893613822894169,Follow up
Alkalibacterium,Unknown_53,-0.159510567296997,0.423,0.8660722513089,Follow up
Alkalibacterium,Unknown_54,-0.0367074527252503,0.841,0.965632918886915,Follow up
Alkalibacterium,Unknown_55,-0.0295884315906563,0.894,0.976675295441756,Follow up
Alkalibacterium,Unknown_56,-0.00378197997775306,0.98,0.993593300183198,Follow up
Alkalibacterium,Maltose.unknown_67,0.0847608453837597,0.684,0.923924686192469,Follow up
Alkalibacterium,Maltose.unknown_68,0.0402714431238225,0.841,0.965632918886915,Follow up
Alkalibacterium,Maltose.unknown_69,0.0335928809788654,0.877,0.969605593607306,Follow up
Alkalibacterium,Maltose.unknown_70,-0.0171301446051168,0.929,0.983472742066721,Follow up
Alkalibacterium,Maltose.unknown_71,-0.0122358175750834,0.954,0.987916599839615,Follow up
Alkalibacterium,Maltose_72,0.0834260289210234,0.624,0.911272111403839,Follow up
Alkalibacterium,Maltose_73,0.0909899888765295,0.634,0.915095380029806,Follow up
Alkalibacterium,Maltose.unknown_74,0.0967741935483871,0.606,0.908882694541231,Follow up
Alkalibacterium,Maltose_75,0.0634037819799778,0.72,0.935686011405569,Follow up
Alkalibacterium,Maltose.unknown_76,0.144382647385984,0.449,0.869713,Follow up
Alkalibacterium,Maltose.unknown_77,0.0469410456062291,0.818,0.962383157894737,Follow up
Alkalibacterium,Unknown_79,0.0598442714126808,0.713,0.935686011405569,Follow up
Alkalibacterium,Unknown_81,0.0825361512791991,0.66,0.918806602081091,Follow up
Alkalibacterium,Maltose.unknown_87,0.0487208008898776,0.811,0.96168166513621,Follow up
Alkalibacterium,Maltose.unknown_88,0.117241379310345,0.519,0.891634920634921,Follow up
Alkalibacterium,Unknown_89,0.0754171301446051,0.705,0.931821903787103,Follow up
Alkalibacterium,Unknown_90,0.0598442714126808,0.747,0.943245762711864,Follow up
Alkalibacterium,Unknown_91,0.104338153503893,0.544,0.895628415300546,Follow up
Alkalibacterium,Unknown_92,0.0794215795328142,0.659,0.918806602081091,Follow up
Alkalibacterium,Uknown_93,0.0812013348164627,0.652,0.918490181818182,Follow up
Alkalibacterium,Unknown_94,0.10567296996663,0.56,0.89831884057971,Follow up
Alkalibacterium,Uknown_95,0.107007786429366,0.594,0.907753846153846,Follow up
Alkalibacterium,Unknown_96,0.0567296996662959,0.789,0.957577067669173,Follow up
Alkalibacterium,Unknown_97,0.00511679644048943,0.973,0.992470247498683,Follow up
Alkalibacterium,Glycine_99,0.111902113459399,0.581,0.904762439807384,Follow up
Alkalibacterium,Glucose_100,-0.109232480533927,0.544,0.895628415300546,Follow up
Alkalibacterium,Glucose_101,0.118131256952169,0.534,0.893613822894169,Follow up
Alkalibacterium,Glucose_102,0.0189098998887653,0.934,0.983472742066721,Follow up
Alkalibacterium,Glucose_103,-0.00467185761957731,0.983,0.993774008350731,Follow up
Alkalibacterium,Glucose_104,-0.0985539488320356,0.567,0.899716734693877,Follow up
Alkalibacterium,Maltose.taurine.glucose_107,-0.132814238042269,0.48,0.877132075471698,Follow up
Alkalibacterium,Glucose_108,-0.107007786429366,0.578,0.903256151674062,Follow up
Alkalibacterium,Unknown_109,-0.158620689655172,0.408,0.865129720853859,Follow up
Alkalibacterium,Glucose_110,-0.168409343715239,0.412,0.8660722513089,Follow up
Alkalibacterium,Maltose.taurine_113,0.0140155728587319,0.932,0.983472742066721,Follow up
Alkalibacterium,Glucose_116,0.0420467185761958,0.821,0.962383157894737,Follow up
Alkalibacterium,Glucose_117,-0.00155728587319244,0.992,0.997894163424125,Follow up
Alkalibacterium,Unknown_118,-0.206674082313682,0.281,0.834128885519333,Follow up
Alkalibacterium,Carnitine_119,-0.368186874304783,0.033,0.717407407407407,Follow up
Alkalibacterium,O_phosphocholine_120,-0.140378197997775,0.452,0.870734957732471,Follow up
Alkalibacterium,Unknown_121,-0.089210233592881,0.636,0.915594202898551,Follow up
Alkalibacterium,Unknown_122,-0.29432703003337,0.115,0.772247116968698,Follow up
Alkalibacterium,Unknown_123,0.0682981090100111,0.72,0.935686011405569,Follow up
Alkalibacterium,Unknown_124,0.220714207617856,0.239,0.812749387755102,Follow up
Alkalibacterium,Unknown_125,0.050055617352614,0.801,0.960406685236769,Follow up
Alkalibacterium,Unknown_126,-0.0976640711902113,0.613,0.909970353477765,Follow up
Alkalibacterium,Unknown_128,-0.218242491657397,0.209,0.805637810945274,Follow up
Alkalibacterium,Creatine_129,-0.1559510567297,0.39,0.853111236589497,Follow up
Alkalibacterium,Creatinephosphate_130,-0.109232480533927,0.544,0.895628415300546,Follow up
Alkalibacterium,Unknown_131,-0.0798665183537264,0.66,0.918806602081091,Follow up
Alkalibacterium,Asparagine_133,-0.0460511679644049,0.776,0.953751269035533,Follow up
Alkalibacterium,N.N.dimethylglycine_134,0.238709677419355,0.197,0.799334014300306,Follow up
Alkalibacterium,Aspartate_136,0.0309232480533927,0.881,0.971532593225164,Follow up
Alkalibacterium,Methionine_138,-0.379310344827586,0.043,0.724889570552147,Follow up
Alkalibacterium,Unknown_139,-0.366407119021135,0.06,0.724889570552147,Follow up
Alkalibacterium,Methionine_140,-0.251612903225806,0.197,0.799334014300306,Follow up
Alkalibacterium,Unknown_142,-0.186651835372636,0.322,0.840905897114178,Follow up
Alkalibacterium,Riboflavin_143,-0.113681868743048,0.541,0.895628415300546,Follow up
Alkalibacterium,Unknown_145,-0.130589543937709,0.513,0.888802325581395,Follow up
Alkalibacterium,Unknown_146,-0.0329291358139543,0.866,0.966827288428325,Follow up
Alkalibacterium,Unknown_148,-0.0420467185761958,0.84,0.965632918886915,Follow up
Alkalibacterium,Unknown_153,-0.199555061179088,0.252,0.812749387755102,Follow up
Alkalibacterium,Glutamine_154,-0.115461624026696,0.531,0.893223621363439,Follow up
Alkalibacterium,Glutamine.unknown_155,-0.0669632925472747,0.726,0.938133422281521,Follow up
Alkalibacterium,Succinate_156,-0.155061179087875,0.399,0.859938155715075,Follow up
Alkalibacterium,Saccharopine.unknown_157,-0.266740823136819,0.143,0.781682741116751,Follow up
Alkalibacterium,Glutamate.unknown_158,-0.0131256952169077,0.953,0.987408932869751,Follow up
Alkalibacterium,Unknown_159,-0.162180200222469,0.384,0.85012166003411,Follow up
Alkalibacterium,Glutamate.unknown_161,-0.0367074527252503,0.847,0.966827288428325,Follow up
Alkalibacterium,Unknown_162,-0.148832035595106,0.401,0.859938155715075,Follow up
Alkalibacterium,Valine.unknown_168,0.0246941045606229,0.913,0.979755395683453,Follow up
Alkalibacterium,Unknown_169,-0.281423804226919,0.118,0.772247116968698,Follow up
Alkalibacterium,Glutarate_171,-0.317908787541713,0.084,0.762098360655738,Follow up
Alkalibacterium,Glutamine.unknown_172,0.04293659621802,0.825,0.962383157894737,Follow up
Alkalibacterium,Glutamine.glutamate_173,-0.0909899888765295,0.595,0.908207249802994,Follow up
Alkalibacterium,Methionine.glutamate.glutamine_177,-0.212903225806452,0.247,0.812749387755102,Follow up
Alkalibacterium,Unknown_182,-0.0289242409176626,0.867,0.966827288428325,Follow up
Alkalibacterium,Unknown_185,-0.0349276974416018,0.86,0.966827288428325,Follow up
Alkalibacterium,Glutamate_187,-0.116351501668521,0.553,0.897732776617954,Follow up
Alkalibacterium,Glutamate.unknown_189,-0.0331479421579533,0.849,0.966827288428325,Follow up
Alkalibacterium,Unknown_190,-0.0660734149054505,0.743,0.941570821066405,Follow up
Alkalibacterium,Unknown_191,-0.0789766407119021,0.686,0.925013574660634,Follow up
Alkalibacterium,Unknown_192,-0.114571746384872,0.524,0.893223621363439,Follow up
Alkalibacterium,Unknown_193,-0.0082313681868743,0.959,0.988865051903114,Follow up
Alkalibacterium,Isoleucine.unknown_194,0.0229143492769744,0.899,0.977166666666667,Follow up
Alkalibacterium,Unknown_195,0.147497219132369,0.437,0.868548042704626,Follow up
Alkalibacterium,Unknown_196,0.208898776418243,0.262,0.817220611916264,Follow up
Alkalibacterium,Acetate_197,-0.0420467185761958,0.802,0.960416692426584,Follow up
Alkalibacterium,Lysine.unknown_198,0.196885428253615,0.328,0.840905897114178,Follow up
Alkalibacterium,Lysine.unknown_199,0.188431590656285,0.305,0.838955414012739,Follow up
Alkalibacterium,Lysine.unknown_200,0.144382647385984,0.419,0.8660722513089,Follow up
Alkalibacterium,Unknown_201,0.0994438264738598,0.584,0.90569095276221,Follow up
Alkalibacterium,Unknown_202,-0.0402669632925473,0.835,0.965632918886915,Follow up
Alkalibacterium,Leucine.lysine_205,0.157730812013348,0.415,0.8660722513089,Follow up
Alkalibacterium,Leucine.unknown_209,0.00645161290322581,0.966,0.992022175290391,Follow up
Alkalibacterium,Leucine.unknown_211,0.0206896551724138,0.898,0.977166666666667,Follow up
Alkalibacterium,Alanine_212,-0.237374860956618,0.202,0.799334014300306,Follow up
Alkalibacterium,Unknown_214,0.0932146829810901,0.613,0.909970353477765,Follow up
Alkalibacterium,Unknown_215,0.104783092324805,0.576,0.901585454545455,Follow up
Alkalibacterium,Isoleucine.unknown_218,-0.0126807563959956,0.941,0.983640970350404,Follow up
Alkalibacterium,Unknown_219,0.0807563959955506,0.662,0.919207168458781,Follow up
Alkalibacterium,Unknown_220,0.234260289210234,0.219,0.811095602294455,Follow up
Alkalibacterium,Propylene_glycol_221,-0.152391546162403,0.43,0.866711758584808,Follow up
Alkalibacterium,Isoleucine_225,0.0593993325917686,0.757,0.94631106808648,Follow up
Alkalibacterium,Valine_227,0.132814238042269,0.482,0.879296052631579,Follow up
Alkalibacterium,Leucine_229,0.114571746384872,0.548,0.895628415300546,Follow up
Alkalibacterium,Leucine.isoleucine_230,0.096329254727475,0.598,0.908490980392157,Follow up
Enterococcus,NAD._2,0.232925472747497,0.204,0.80151724137931,Follow up
Enterococcus,Unknown_3,-0.189766407119021,0.303,0.838955414012739,Follow up
Enterococcus,Formate_5,-0.096329254727475,0.635,0.915174851190476,Follow up
Enterococcus,Unknown_7,-0.212458286985539,0.27,0.826208530805687,Follow up
Enterococcus,Unknown_8,-0.263626251390434,0.152,0.781682741116751,Follow up
Enterococcus,Hypoxanthine_10,-0.239599555061179,0.199,0.799334014300306,Follow up
Enterococcus,NAD._11,0.256062291434928,0.166,0.784134939759036,Follow up
Enterococcus,Tryptophan_14,0.0705228031145717,0.715,0.935686011405569,Follow up
Enterococcus,Unknown_15,-0.345050055617353,0.074,0.748501305483029,Follow up
Enterococcus,Phenylalanine_19,0.151501668520578,0.414,0.8660722513089,Follow up
Enterococcus,Tyrosine_20,0.222691879866518,0.263,0.819020900321543,Follow up
Enterococcus,Unknown_22,-0.0567296996662959,0.736,0.940192446633826,Follow up
Enterococcus,Unknown_23,-0.133704115684093,0.495,0.883574738755111,Follow up
Enterococcus,Unknown_24,-0.0460511679644049,0.783,0.955716530483972,Follow up
Enterococcus,Unknown_25,-0.0967741935483871,0.618,0.909970353477765,Follow up
Enterococcus,Unknown_26,-0.0763070077864294,0.666,0.921787781350482,Follow up
Enterococcus,Unknown_28,-0.123025583982202,0.557,0.898085583714167,Follow up
Enterococcus,Uridine_29,-0.270300333704116,0.152,0.781682741116751,Follow up
Enterococcus,Uracil_30,-0.328587319243604,0.081,0.761947867298578,Follow up
Enterococcus,Unknown_31,-0.273859844271413,0.136,0.781682741116751,Follow up
Enterococcus,Maltose.Glucose_32,-0.0585094549499444,0.768,0.948759872611465,Follow up
Enterococcus,Unknown_33,-0.114571746384872,0.541,0.895628415300546,Follow up
Enterococcus,Unknown_34,0.205784204671858,0.269,0.825757527733756,Follow up
Enterococcus,Maltose.unknown_37,0.0531701890989989,0.788,0.957263091878332,Follow up
Enterococcus,Maltose.glucose.unknown_38,-0.12035595105673,0.499,0.883574738755111,Follow up
Enterococcus,Ascorbate_40,-0.281868743047831,0.135,0.781682741116751,Follow up
Enterococcus,Unknown_41,-0.102558398220245,0.602,0.908882694541231,Follow up
Enterococcus,Threonine_42,-0.0869952169138928,0.688,0.926098679638638,Follow up
Enterococcus,Unknown_43,-0.227586206896552,0.219,0.811095602294455,Follow up
Enterococcus,Unknown_44,-0.021579532814238,0.92,0.982110774317994,Follow up
Enterococcus,Unknown_45,0.0941045606229143,0.63,0.912722513089005,Follow up
Enterococcus,Unknown_46,0.138598442714127,0.444,0.869713,Follow up
Enterococcus,Unknown_47,0.183092324805339,0.357,0.846181818181818,Follow up
Enterococcus,Lactate_48,0.303225806451613,0.102,0.769205776173285,Follow up
Enterococcus,Unknown_49,-0.0878754171301446,0.626,0.911786036036036,Follow up
Enterococcus,Unknown_50,-0.0300333704115684,0.877,0.969605593607306,Follow up
Enterococcus,Unknown_51,0.0513904338153504,0.785,0.955716530483972,Follow up
Enterococcus,Unknown_52,0.0945494994438265,0.642,0.916628760088041,Follow up
Enterococcus,Unknown_53,-0.189321468298109,0.343,0.840905897114178,Follow up
Enterococcus,Unknown_54,-0.0736373748609566,0.703,0.930766233766234,Follow up
Enterococcus,Unknown_55,-0.096329254727475,0.605,0.908882694541231,Follow up
Enterococcus,Unknown_56,-0.123470522803115,0.524,0.893223621363439,Follow up
Enterococcus,Maltose.unknown_67,0.0580645161290323,0.739,0.940192446633826,Follow up
Enterococcus,Maltose.unknown_68,-0.0703081548460105,0.708,0.933557522123894,Follow up
Enterococcus,Maltose.unknown_69,0.0522803114571746,0.798,0.959184610611232,Follow up
Enterococcus,Maltose.unknown_70,0.0224694104560623,0.919,0.981854936569222,Follow up
Enterococcus,Maltose.unknown_71,0.0362625139043382,0.85,0.966827288428325,Follow up
Enterococcus,Maltose_72,0.131479421579533,0.496,0.883574738755111,Follow up
Enterococcus,Maltose_73,0.104783092324805,0.555,0.897732776617954,Follow up
Enterococcus,Maltose.unknown_74,0.0638487208008899,0.739,0.940192446633826,Follow up
Enterococcus,Maltose_75,0.021579532814238,0.906,0.978206570155902,Follow up
Enterococcus,Maltose.unknown_76,0.0945494994438265,0.642,0.916628760088041,Follow up
Enterococcus,Maltose.unknown_77,-0.0255839822024472,0.892,0.976675295441756,Follow up
Enterococcus,Unknown_79,0.0193548387096774,0.939,0.983640970350404,Follow up
Enterococcus,Unknown_81,-0.00422691879866518,0.988,0.995969815248504,Follow up
Enterococcus,Maltose.unknown_87,-0.0865406006674082,0.646,0.916704761904762,Follow up
Enterococcus,Maltose.unknown_88,0.131034482758621,0.483,0.879296052631579,Follow up
Enterococcus,Unknown_89,0.0954393770856507,0.625,0.911272111403839,Follow up
Enterococcus,Unknown_90,0.0887652947719689,0.627,0.911786036036036,Follow up
Enterococcus,Unknown_91,0.0923248053392658,0.659,0.918806602081091,Follow up
Enterococcus,Unknown_92,0.074972191323693,0.682,0.923924686192469,Follow up
Enterococcus,Uknown_93,0.1412680756396,0.473,0.877132075471698,Follow up
Enterococcus,Unknown_94,0.0803114571746385,0.671,0.92185835694051,Follow up
Enterococcus,Uknown_95,0.104783092324805,0.585,0.90573041749503,Follow up
Enterococcus,Unknown_96,0.0918798665183537,0.633,0.914333333333333,Follow up
Enterococcus,Unknown_97,0.039377085650723,0.82,0.962383157894737,Follow up
Enterococcus,Glycine_99,0.174193548387097,0.373,0.85012166003411,Follow up
Enterococcus,Glucose_100,-0.0718576195773081,0.718,0.935686011405569,Follow up
Enterococcus,Glucose_101,-0.0674082313681869,0.733,0.93996756041046,Follow up
Enterococcus,Glucose_102,-0.166629588431591,0.37,0.85012166003411,Follow up
Enterococcus,Glucose_103,-0.200444938820912,0.291,0.838553002223869,Follow up
Enterococcus,Glucose_104,-0.237819799777531,0.188,0.79648439181916,Follow up
Enterococcus,Maltose.taurine.glucose_107,-0.280088987764182,0.122,0.776022082018928,Follow up
Enterococcus,Glucose_108,-0.312124582869855,0.101,0.769205776173285,Follow up
Enterococcus,Unknown_109,-0.249388209121246,0.173,0.78847294117647,Follow up
Enterococcus,Glucose_110,-0.259176863181313,0.165,0.784134939759036,Follow up
Enterococcus,Maltose.taurine_113,-0.0353726362625139,0.872,0.967390607101947,Follow up
Enterococcus,Glucose_116,-0.143047830923248,0.444,0.869713,Follow up
Enterococcus,Glucose_117,-0.173748609566185,0.342,0.840905897114178,Follow up
Enterococcus,Unknown_118,-0.163515016685206,0.388,0.851404519774011,Follow up
Enterococcus,Carnitine_119,-0.463403781979978,0.011,0.608771428571429,Follow up
Enterococcus,O_phosphocholine_120,-0.448275862068965,0.017,0.672020408163265,Follow up
Enterococcus,Unknown_121,-0.389543937708565,0.044,0.724889570552147,Follow up
Enterococcus,Unknown_122,-0.345050055617353,0.071,0.73939247311828,Follow up
Enterococcus,Unknown_123,-0.156395995550612,0.425,0.8660722513089,Follow up
Enterococcus,Unknown_124,0.1964623440792,0.323,0.840905897114178,Follow up
Enterococcus,Unknown_125,0.104783092324805,0.588,0.90573041749503,Follow up
Enterococcus,Unknown_126,-0.0416017797552836,0.848,0.966827288428325,Follow up
Enterococcus,Unknown_128,-0.113681868743048,0.582,0.904762439807384,Follow up
Enterococcus,Creatine_129,-0.104783092324805,0.56,0.89831884057971,Follow up
Enterococcus,Creatinephosphate_130,-0.0682981090100111,0.707,0.933509884117246,Follow up
Enterococcus,Unknown_131,-0.251167964404894,0.183,0.796442458100559,Follow up
Enterococcus,Asparagine_133,-0.118131256952169,0.528,0.893223621363439,Follow up
Enterococcus,N.N.dimethylglycine_134,0.251612903225806,0.174,0.789316159250585,Follow up
Enterococcus,Aspartate_136,0.159065628476085,0.387,0.850872871736663,Follow up
Enterococcus,Methionine_138,-0.25650723025584,0.19,0.79648439181916,Follow up
Enterococcus,Unknown_139,-0.233370411568409,0.187,0.79648439181916,Follow up
Enterococcus,Methionine_140,-0.0402669632925473,0.838,0.965632918886915,Follow up
Enterococcus,Unknown_142,-0.124805339265851,0.534,0.893613822894169,Follow up
Enterococcus,Riboflavin_143,-0.082091212458287,0.662,0.919207168458781,Follow up
Enterococcus,Unknown_145,-0.0206896551724138,0.909,0.97898916967509,Follow up
Enterococcus,Unknown_146,-0.0429413730546836,0.811,0.96168166513621,Follow up
Enterococcus,Unknown_148,0.0082313681868743,0.971,0.992233992094862,Follow up
Enterococcus,Unknown_153,-0.171968854282536,0.343,0.840905897114178,Follow up
Enterococcus,Glutamine_154,-0.101223581757508,0.597,0.908490980392157,Follow up
Enterococcus,Glutamine.unknown_155,0.143047830923248,0.46,0.875265225933202,Follow up
Enterococcus,Succinate_156,0.252057842046719,0.166,0.784134939759036,Follow up
Enterococcus,Saccharopine.unknown_157,0.0135706340378198,0.95,0.986146838156484,Follow up
Enterococcus,Glutamate.unknown_158,0.118576195773081,0.522,0.891634920634921,Follow up
Enterococcus,Unknown_159,0.021579532814238,0.907,0.978206570155902,Follow up
Enterococcus,Glutamate.unknown_161,0.0153503893214683,0.929,0.983472742066721,Follow up
Enterococcus,Unknown_162,-0.233815350389321,0.211,0.808354330708661,Follow up
Enterococcus,Valine.unknown_168,-0.0558398220244716,0.746,0.943212793733681,Follow up
Enterococcus,Unknown_169,-0.213793103448276,0.249,0.812749387755102,Follow up
Enterococcus,Glutarate_171,-0.305450500556174,0.093,0.768191897654584,Follow up
Enterococcus,Glutamine.unknown_172,0.208008898776418,0.254,0.812749387755102,Follow up
Enterococcus,Glutamine.glutamate_173,0.0344827586206897,0.866,0.966827288428325,Follow up
Enterococcus,Methionine.glutamate.glutamine_177,0.0674082313681869,0.731,0.9395799601858,Follow up
Enterococcus,Unknown_182,-0.0776504621558787,0.689,0.926157529493407,Follow up
Enterococcus,Unknown_185,-0.085650723025584,0.65,0.918009478672986,Follow up
Enterococcus,Glutamate_187,-0.0233592880978865,0.901,0.977166666666667,Follow up
Enterococcus,Glutamate.unknown_189,-0.177308120133482,0.344,0.840905897114178,Follow up
Enterococcus,Unknown_190,-0.31523915461624,0.075,0.748840206185567,Follow up
Enterococcus,Unknown_191,-0.167964404894327,0.374,0.85012166003411,Follow up
Enterococcus,Unknown_192,-0.168854282536151,0.355,0.844760442260442,Follow up
Enterococcus,Unknown_193,-0.121690767519466,0.526,0.893223621363439,Follow up
Enterococcus,Isoleucine.unknown_194,-0.0126807563959956,0.948,0.985390931043735,Follow up
Enterococcus,Unknown_195,0.131479421579533,0.489,0.883574738755111,Follow up
Enterococcus,Unknown_196,0.147942157953281,0.428,0.866711758584808,Follow up
Enterococcus,Acetate_197,-0.100778642936596,0.576,0.901585454545455,Follow up
Enterococcus,Lysine.unknown_198,0.0860956618464961,0.648,0.917191085129704,Follow up
Enterococcus,Lysine.unknown_199,0.108342602892102,0.581,0.904762439807384,Follow up
Enterococcus,Lysine.unknown_200,0.00378197997775306,0.989,0.996718522372529,Follow up
Enterococcus,Unknown_201,-0.067853170189099,0.72,0.935686011405569,Follow up
Enterococcus,Unknown_202,-0.22091212458287,0.242,0.812749387755102,Follow up
Enterococcus,Leucine.lysine_205,0.0936596218020022,0.606,0.908882694541231,Follow up
Enterococcus,Leucine.unknown_209,-0.0269187986651835,0.892,0.976675295441756,Follow up
Enterococcus,Leucine.unknown_211,0.0278086763070078,0.894,0.976675295441756,Follow up
Enterococcus,Alanine_212,0.0812013348164627,0.67,0.92185835694051,Follow up
Enterococcus,Unknown_214,0.0958843159065629,0.622,0.91101247637051,Follow up
Enterococcus,Unknown_215,0.0611790878754171,0.738,0.940192446633826,Follow up
Enterococcus,Isoleucine.unknown_218,0.135483870967742,0.469,0.877132075471698,Follow up
Enterococcus,Unknown_219,0.233370411568409,0.212,0.808354330708661,Follow up
Enterococcus,Unknown_220,0.292992213570634,0.11,0.769205776173285,Follow up
Enterococcus,Propylene_glycol_221,-0.00467185761957731,0.98,0.993593300183198,Follow up
Enterococcus,Isoleucine_225,0.150611790878754,0.418,0.8660722513089,Follow up
Enterococcus,Valine_227,0.145717463848721,0.447,0.869713,Follow up
Enterococcus,Leucine_229,0.184427141268076,0.34,0.840905897114178,Follow up
Enterococcus,Leucine.isoleucine_230,0.129254727474972,0.494,0.883574738755111,Follow up
Paracoccus,NAD._2,0.110567296996663,0.575,0.901585454545455,Follow up
Paracoccus,Unknown_3,0.0647385984427141,0.719,0.935686011405569,Follow up
Paracoccus,Formate_5,-0.131479421579533,0.477,0.877132075471698,Follow up
Paracoccus,Unknown_7,0.0647385984427141,0.719,0.935686011405569,Follow up
Paracoccus,Unknown_8,0.260511679644049,0.133,0.781682741116751,Follow up
Paracoccus,Hypoxanthine_10,-0.233815350389321,0.204,0.80151724137931,Follow up
Paracoccus,NAD._11,0.0331479421579533,0.861,0.966827288428325,Follow up
Paracoccus,Tryptophan_14,0.284983314794216,0.125,0.776022082018928,Follow up
Paracoccus,Unknown_15,-0.124360400444939,0.503,0.884282608695652,Follow up
Paracoccus,Phenylalanine_19,0.168409343715239,0.374,0.85012166003411,Follow up
Paracoccus,Tyrosine_20,0.378420467185762,0.041,0.724889570552147,Follow up
Paracoccus,Unknown_22,0.167519466073415,0.386,0.85012166003411,Follow up
Paracoccus,Unknown_23,-0.00511679644048943,0.978,0.9931250327654,Follow up
Paracoccus,Unknown_24,0.150611790878754,0.417,0.8660722513089,Follow up
Paracoccus,Unknown_25,-0.0505005561735261,0.769,0.948759872611465,Follow up
Paracoccus,Unknown_26,-0.10166852057842,0.604,0.908882694541231,Follow up
Paracoccus,Unknown_28,-0.0932146829810901,0.643,0.916628760088041,Follow up
Paracoccus,Uridine_29,-0.156840934371524,0.395,0.85823331463825,Follow up
Paracoccus,Uracil_30,-0.092769744160178,0.62,0.910147783251231,Follow up
Paracoccus,Unknown_31,-0.0384872080088988,0.856,0.966827288428325,Follow up
Paracoccus,Maltose.Glucose_32,-0.113236929922136,0.531,0.893223621363439,Follow up
Paracoccus,Unknown_33,-0.0451612903225806,0.799,0.959493490390577,Follow up
Paracoccus,Unknown_34,0.281423804226919,0.156,0.781682741116751,Follow up
Paracoccus,Maltose.unknown_37,-0.12035595105673,0.554,0.897732776617954,Follow up
Paracoccus,Maltose.glucose.unknown_38,-0.050055617352614,0.78,0.954729857819905,Follow up
Paracoccus,Ascorbate_40,-0.25650723025584,0.152,0.781682741116751,Follow up
Paracoccus,Unknown_41,0.195995550611791,0.296,0.838902158273381,Follow up
Paracoccus,Threonine_42,0.272110358786933,0.126,0.776022082018928,Follow up
Paracoccus,Unknown_43,0.107452725250278,0.545,0.895628415300546,Follow up
Paracoccus,Unknown_44,0.246718576195773,0.191,0.79648439181916,Follow up
Paracoccus,Unknown_45,0.179532814238042,0.336,0.840905897114178,Follow up
Paracoccus,Unknown_46,0.0852057842046719,0.646,0.916704761904762,Follow up
Paracoccus,Unknown_47,0.0656284760845384,0.738,0.940192446633826,Follow up
Paracoccus,Lactate_48,0.252502780867631,0.177,0.789801822323462,Follow up
Paracoccus,Unknown_49,0.0691879866518354,0.706,0.932825375170532,Follow up
Paracoccus,Unknown_50,0.13726362625139,0.471,0.877132075471698,Follow up
Paracoccus,Unknown_51,-0.00244716351501669,0.992,0.997894163424125,Follow up
Paracoccus,Unknown_52,-0.00511679644048943,0.979,0.993359350445259,Follow up
Paracoccus,Unknown_53,-0.26496106785317,0.135,0.781682741116751,Follow up
Paracoccus,Unknown_54,-0.156840934371524,0.414,0.8660722513089,Follow up
Paracoccus,Unknown_55,-0.126140155728587,0.498,0.883574738755111,Follow up
Paracoccus,Unknown_56,-0.159510567296997,0.384,0.85012166003411,Follow up
Paracoccus,Maltose.unknown_67,-0.0344827586206897,0.856,0.966827288428325,Follow up
Paracoccus,Maltose.unknown_68,0.00222494160905097,0.995,0.998867582275201,Follow up
Paracoccus,Maltose.unknown_69,-0.13503893214683,0.475,0.877132075471698,Follow up
Paracoccus,Maltose.unknown_70,-0.159955506117909,0.415,0.8660722513089,Follow up
Paracoccus,Maltose.unknown_71,-0.169299221357063,0.371,0.85012166003411,Follow up
Paracoccus,Maltose_72,-0.126585094549499,0.494,0.883574738755111,Follow up
Paracoccus,Maltose_73,-0.152391546162403,0.4,0.859938155715075,Follow up
Paracoccus,Maltose.unknown_74,-0.126585094549499,0.501,0.883574738755111,Follow up
Paracoccus,Maltose_75,-0.128364849833148,0.527,0.893223621363439,Follow up
Paracoccus,Maltose.unknown_76,-0.0531701890989989,0.784,0.955716530483972,Follow up
Paracoccus,Maltose.unknown_77,-0.0847608453837597,0.67,0.92185835694051,Follow up
Paracoccus,Unknown_79,-0.111902113459399,0.541,0.895628415300546,Follow up
Paracoccus,Unknown_81,-0.123915461624027,0.531,0.893223621363439,Follow up
Paracoccus,Maltose.unknown_87,-0.12258064516129,0.526,0.893223621363439,Follow up
Paracoccus,Maltose.unknown_88,-0.0496106785317019,0.812,0.961984097859327,Follow up
Paracoccus,Unknown_89,-0.10166852057842,0.61,0.909599692070824,Follow up
Paracoccus,Unknown_90,-0.173748609566185,0.342,0.840905897114178,Follow up
Paracoccus,Unknown_91,-0.112347052280311,0.554,0.897732776617954,Follow up
Paracoccus,Unknown_92,-0.163070077864294,0.409,0.8660722513089,Follow up
Paracoccus,Uknown_93,-0.100333704115684,0.604,0.908882694541231,Follow up
Paracoccus,Unknown_94,-0.135928809788654,0.49,0.883574738755111,Follow up
Paracoccus,Uknown_95,-0.10567296996663,0.558,0.898085583714167,Follow up
Paracoccus,Unknown_96,-0.0727474972191324,0.694,0.92650722642808,Follow up
Paracoccus,Unknown_97,-0.085650723025584,0.645,0.916628760088041,Follow up
Paracoccus,Glycine_99,-0.10166852057842,0.602,0.908882694541231,Follow up
Paracoccus,Glucose_100,-0.224026696329255,0.248,0.812749387755102,Follow up
Paracoccus,Glucose_101,0.0157953281423804,0.936,0.983472742066721,Follow up
Paracoccus,Glucose_102,-0.0972191323692992,0.6,0.908882694541231,Follow up
Paracoccus,Glucose_103,-0.116796440489433,0.531,0.893223621363439,Follow up
Paracoccus,Glucose_104,-0.272525027808676,0.141,0.781682741116751,Follow up
Paracoccus,Maltose.taurine.glucose_107,-0.260511679644049,0.163,0.784134939759036,Follow up
Paracoccus,Glucose_108,-0.26273637374861,0.126,0.776022082018928,Follow up
Paracoccus,Unknown_109,-0.309454949944383,0.099,0.769205776173285,Follow up
Paracoccus,Glucose_110,-0.287652947719689,0.131,0.781682741116751,Follow up
Paracoccus,Maltose.taurine_113,-0.115016685205784,0.567,0.899716734693877,Follow up
Paracoccus,Glucose_116,-0.0665183537263626,0.72,0.935686011405569,Follow up
Paracoccus,Glucose_117,-0.108342602892102,0.572,0.900051990251828,Follow up
Paracoccus,Unknown_118,0.0384872080088988,0.842,0.965632918886915,Follow up
Paracoccus,Carnitine_119,-0.226696329254727,0.24,0.812749387755102,Follow up
Paracoccus,O_phosphocholine_120,0.000667408231368187,0.999,1,Follow up
Paracoccus,Unknown_121,0.0598442714126808,0.742,0.941535538814281,Follow up
Paracoccus,Unknown_122,-0.190656284760845,0.337,0.840905897114178,Follow up
Paracoccus,Unknown_123,-0.025139043381535,0.9,0.977166666666667,Follow up
Paracoccus,Unknown_124,0.168205585644253,0.352,0.844149382716049,Follow up
Paracoccus,Unknown_125,0.00689655172413793,0.978,0.9931250327654,Follow up
Paracoccus,Unknown_126,-0.111457174638487,0.549,0.895628415300546,Follow up
Paracoccus,Unknown_128,-0.0985539488320356,0.621,0.910925407042787,Follow up
Paracoccus,Creatine_129,0.0082313681868743,0.97,0.992022175290391,Follow up
Paracoccus,Creatinephosphate_130,-0.0549499443826474,0.778,0.953788607594937,Follow up
Paracoccus,Unknown_131,0.0344827586206897,0.861,0.966827288428325,Follow up
Paracoccus,Asparagine_133,0.0135706340378198,0.941,0.983640970350404,Follow up
Paracoccus,N.N.dimethylglycine_134,0.152391546162403,0.432,0.868548042704626,Follow up
Paracoccus,Aspartate_136,0.111012235817575,0.559,0.89831884057971,Follow up
Paracoccus,Methionine_138,-0.281423804226919,0.136,0.781682741116751,Follow up
Paracoccus,Unknown_139,-0.372191323692992,0.051,0.724889570552147,Follow up
Paracoccus,Methionine_140,-0.195550611790879,0.301,0.838902158273381,Follow up
Paracoccus,Unknown_142,-0.264071190211346,0.159,0.781682741116751,Follow up
Paracoccus,Riboflavin_143,-0.349944382647386,0.065,0.732005813953488,Follow up
Paracoccus,Unknown_145,-0.256952169076752,0.181,0.793205882352941,Follow up
Paracoccus,Unknown_146,-0.292579821590202,0.117,0.772247116968698,Follow up
Paracoccus,Unknown_148,-0.273414905450501,0.136,0.781682741116751,Follow up
Paracoccus,Unknown_153,-0.22313681868743,0.236,0.812749387755102,Follow up
Paracoccus,Glutamine_154,-0.24182424916574,0.204,0.80151724137931,Follow up
Paracoccus,Glutamine.unknown_155,-0.201334816462736,0.292,0.838553002223869,Follow up
Paracoccus,Succinate_156,-0.1559510567297,0.399,0.859938155715075,Follow up
Paracoccus,Saccharopine.unknown_157,-0.236929922135706,0.191,0.79648439181916,Follow up
Paracoccus,Glutamate.unknown_158,0.27741935483871,0.141,0.781682741116751,Follow up
Paracoccus,Unknown_159,0.128364849833148,0.506,0.884986004514673,Follow up
Paracoccus,Glutamate.unknown_161,0.0402669632925473,0.832,0.964442848593657,Follow up
Paracoccus,Unknown_162,0.0246941045606229,0.896,0.976675295441756,Follow up
Paracoccus,Valine.unknown_168,0.163515016685206,0.379,0.85012166003411,Follow up
Paracoccus,Unknown_169,-0.168854282536151,0.371,0.85012166003411,Follow up
Paracoccus,Glutarate_171,-0.14972191323693,0.437,0.868548042704626,Follow up
Paracoccus,Glutamine.unknown_172,0.101223581757508,0.598,0.908490980392157,Follow up
Paracoccus,Glutamine.glutamate_173,-0.118131256952169,0.493,0.883574738755111,Follow up
Paracoccus,Methionine.glutamate.glutamine_177,-0.129699666295884,0.498,0.883574738755111,Follow up
Paracoccus,Unknown_182,0.154410947668137,0.391,0.853852311161218,Follow up
Paracoccus,Unknown_185,0.13726362625139,0.468,0.877132075471698,Follow up
Paracoccus,Glutamate_187,0.0309232480533927,0.885,0.973720283687943,Follow up
Paracoccus,Glutamate.unknown_189,0.1412680756396,0.435,0.868548042704626,Follow up
Paracoccus,Unknown_190,0.133259176863181,0.445,0.869713,Follow up
Paracoccus,Unknown_191,0.110567296996663,0.559,0.89831884057971,Follow up
Paracoccus,Unknown_192,0.0838709677419355,0.63,0.912722513089005,Follow up
Paracoccus,Unknown_193,0.180422691879867,0.343,0.840905897114178,Follow up
Paracoccus,Isoleucine.unknown_194,0.260511679644049,0.156,0.781682741116751,Follow up
Paracoccus,Unknown_195,0.272080088987764,0.136,0.781682741116751,Follow up
Paracoccus,Unknown_196,0.299221357063404,0.103,0.769205776173285,Follow up
Paracoccus,Acetate_197,0.060734149054505,0.754,0.94628239095315,Follow up
Paracoccus,Lysine.unknown_198,0.279199110122358,0.149,0.781682741116751,Follow up
Paracoccus,Lysine.unknown_199,0.224916573971079,0.238,0.812749387755102,Follow up
Paracoccus,Lysine.unknown_200,0.26496106785317,0.175,0.789801822323462,Follow up
Paracoccus,Unknown_201,0.264071190211346,0.142,0.781682741116751,Follow up
Paracoccus,Unknown_202,0.122135706340378,0.504,0.884282608695652,Follow up
Paracoccus,Leucine.lysine_205,0.233815350389321,0.213,0.810396871945259,Follow up
Paracoccus,Leucine.unknown_209,0.138153503893215,0.489,0.883574738755111,Follow up
Paracoccus,Leucine.unknown_211,0.162180200222469,0.413,0.8660722513089,Follow up
Paracoccus,Alanine_212,-0.282758620689655,0.112,0.772042704626335,Follow up
Paracoccus,Unknown_214,0.19154616240267,0.318,0.840905897114178,Follow up
Paracoccus,Unknown_215,0.198220244716351,0.314,0.840905897114178,Follow up
Paracoccus,Isoleucine.unknown_218,0.125250278086763,0.502,0.883574738755111,Follow up
Paracoccus,Unknown_219,0.213348164627364,0.257,0.812749387755102,Follow up
Paracoccus,Unknown_220,0.341045606229143,0.068,0.737904761904762,Follow up
Paracoccus,Propylene_glycol_221,-0.071412680756396,0.708,0.933557522123894,Follow up
Paracoccus,Isoleucine_225,0.221357063403782,0.244,0.812749387755102,Follow up
Paracoccus,Valine_227,0.253837597330367,0.184,0.796442458100559,Follow up
Paracoccus,Leucine_229,0.219132369299221,0.243,0.812749387755102,Follow up
Paracoccus,Leucine.isoleucine_230,0.216017797552837,0.261,0.81673182552504,Follow up
Stenotrophomonas,NAD._2,-0.181312569521691,0.345,0.840905897114178,Follow up
Stenotrophomonas,Unknown_3,-0.0941045606229143,0.621,0.910925407042787,Follow up
Stenotrophomonas,Formate_5,-0.2146829810901,0.257,0.812749387755102,Follow up
Stenotrophomonas,Unknown_7,-0.234260289210234,0.197,0.799334014300306,Follow up
Stenotrophomonas,Unknown_8,0.123470522803115,0.531,0.893223621363439,Follow up
Stenotrophomonas,Hypoxanthine_10,-0.0638487208008899,0.742,0.941535538814281,Follow up
Stenotrophomonas,NAD._11,-0.0202447163515017,0.929,0.983472742066721,Follow up
Stenotrophomonas,Tryptophan_14,0.169744160177976,0.342,0.840905897114178,Follow up
Stenotrophomonas,Unknown_15,-0.00556173526140156,0.976,0.9931250327654,Follow up
Stenotrophomonas,Phenylalanine_19,0.455839822024472,0.011,0.608771428571429,Follow up
Stenotrophomonas,Tyrosine_20,0.393548387096774,0.034,0.717407407407407,Follow up
Stenotrophomonas,Unknown_22,0.246273637374861,0.202,0.799334014300306,Follow up
Stenotrophomonas,Unknown_23,-0.173748609566185,0.367,0.85012166003411,Follow up
Stenotrophomonas,Unknown_24,-0.101223581757508,0.588,0.90573041749503,Follow up
Stenotrophomonas,Unknown_25,-0.0852057842046719,0.659,0.918806602081091,Follow up
Stenotrophomonas,Unknown_26,-0.053615127919911,0.755,0.94628239095315,Follow up
Stenotrophomonas,Unknown_28,-0.0531701890989989,0.788,0.957263091878332,Follow up
Stenotrophomonas,Uridine_29,-0.212013348164627,0.243,0.812749387755102,Follow up
Stenotrophomonas,Uracil_30,0.050055617352614,0.79,0.957916952856697,Follow up
Stenotrophomonas,Unknown_31,-0.154171301446051,0.391,0.853852311161218,Follow up
Stenotrophomonas,Maltose.Glucose_32,-0.195550611790879,0.301,0.838902158273381,Follow up
Stenotrophomonas,Unknown_33,-0.153281423804227,0.387,0.850872871736663,Follow up
Stenotrophomonas,Unknown_34,-0.0278086763070078,0.888,0.97508843537415,Follow up
Stenotrophomonas,Maltose.unknown_37,-0.232925472747497,0.216,0.810491362763916,Follow up
Stenotrophomonas,Maltose.glucose.unknown_38,-0.344160177975528,0.064,0.732005813953488,Follow up
Stenotrophomonas,Ascorbate_40,-0.181312569521691,0.337,0.840905897114178,Follow up
Stenotrophomonas,Unknown_41,0.25650723025584,0.17,0.786833930704898,Follow up
Stenotrophomonas,Threonine_42,0.329736346461353,0.076,0.751081632653061,Follow up
Stenotrophomonas,Unknown_43,0.204004449388209,0.28,0.833758647194466,Follow up
Stenotrophomonas,Unknown_44,0.292992213570634,0.115,0.772247116968698,Follow up
Stenotrophomonas,Unknown_45,0.319243604004449,0.092,0.763186295503212,Follow up
Stenotrophomonas,Unknown_46,0.191991101223582,0.302,0.838955414012739,Follow up
Stenotrophomonas,Unknown_47,0.239154616240267,0.201,0.799334014300306,Follow up
Stenotrophomonas,Lactate_48,0.265406006674082,0.152,0.781682741116751,Follow up
Stenotrophomonas,Unknown_49,-0.2293659621802,0.235,0.812749387755102,Follow up
Stenotrophomonas,Unknown_50,-0.267185761957731,0.156,0.781682741116751,Follow up
Stenotrophomonas,Unknown_51,-0.302780867630701,0.106,0.769205776173285,Follow up
Stenotrophomonas,Unknown_52,-0.317908787541713,0.085,0.763186295503212,Follow up
Stenotrophomonas,Unknown_53,-0.229810901001112,0.206,0.804479838709677,Follow up
Stenotrophomonas,Unknown_54,-0.119021134593993,0.546,0.895628415300546,Follow up
Stenotrophomonas,Unknown_55,-0.150166852057842,0.416,0.8660722513089,Follow up
Stenotrophomonas,Unknown_56,-0.19377085650723,0.298,0.838902158273381,Follow up
Stenotrophomonas,Maltose.unknown_67,-0.349944382647386,0.054,0.724889570552147,Follow up
Stenotrophomonas,Maltose.unknown_68,-0.456335524016353,0.013,0.637493670886076,Follow up
Stenotrophomonas,Maltose.unknown_69,-0.347719688542825,0.05,0.724889570552147,Follow up
Stenotrophomonas,Maltose.unknown_70,-0.296996662958843,0.107,0.769205776173285,Follow up
Stenotrophomonas,Maltose.unknown_71,-0.280978865406007,0.14,0.781682741116751,Follow up
Stenotrophomonas,Maltose_72,-0.299666295884316,0.107,0.769205776173285,Follow up
Stenotrophomonas,Maltose_73,-0.225806451612903,0.241,0.812749387755102,Follow up
Stenotrophomonas,Maltose.unknown_74,-0.265850945494994,0.15,0.781682741116751,Follow up
Stenotrophomonas,Maltose_75,-0.1412680756396,0.48,0.877132075471698,Follow up
Stenotrophomonas,Maltose.unknown_76,-0.2293659621802,0.218,0.810491362763916,Follow up
Stenotrophomonas,Maltose.unknown_77,-0.204004449388209,0.273,0.829491764705882,Follow up
Stenotrophomonas,Unknown_79,-0.10567296996663,0.548,0.895628415300546,Follow up
Stenotrophomonas,Unknown_81,-0.276529477196885,0.123,0.776022082018928,Follow up
Stenotrophomonas,Maltose.unknown_87,-0.0829810901001112,0.665,0.921061851984269,Follow up
Stenotrophomonas,Maltose.unknown_88,-0.207563959955506,0.254,0.812749387755102,Follow up
Stenotrophomonas,Unknown_89,-0.195550611790879,0.342,0.840905897114178,Follow up
Stenotrophomonas,Unknown_90,-0.255617352614016,0.172,0.787621749408983,Follow up
Stenotrophomonas,Unknown_91,-0.325472747497219,0.073,0.746179419525066,Follow up
Stenotrophomonas,Unknown_92,-0.282313681868743,0.145,0.781682741116751,Follow up
Stenotrophomonas,Uknown_93,-0.380645161290323,0.04,0.724889570552147,Follow up
Stenotrophomonas,Unknown_94,-0.270300333704116,0.15,0.781682741116751,Follow up
Stenotrophomonas,Uknown_95,-0.188431590656285,0.323,0.840905897114178,Follow up
Stenotrophomonas,Unknown_96,-0.182202447163515,0.363,0.847656419529837,Follow up
Stenotrophomonas,Unknown_97,-0.140378197997775,0.479,0.877132075471698,Follow up
Stenotrophomonas,Glycine_99,0.0789766407119021,0.687,0.925717565217391,Follow up
Stenotrophomonas,Glucose_100,-0.0682981090100111,0.719,0.935686011405569,Follow up
Stenotrophomonas,Glucose_101,0.00645161290322581,0.967,0.992022175290391,Follow up
Stenotrophomonas,Glucose_102,-0.101223581757508,0.602,0.908882694541231,Follow up
Stenotrophomonas,Glucose_103,-0.139043381535039,0.452,0.870734957732471,Follow up
Stenotrophomonas,Glucose_104,-0.186206896551724,0.313,0.840905897114178,Follow up
Stenotrophomonas,Maltose.taurine.glucose_107,-0.127474972191324,0.485,0.882522310944105,Follow up
Stenotrophomonas,Glucose_108,-0.0976640711902113,0.603,0.908882694541231,Follow up
Stenotrophomonas,Unknown_109,-0.126585094549499,0.515,0.889763660595291,Follow up
Stenotrophomonas,Glucose_110,-0.0812013348164627,0.661,0.918806602081091,Follow up
Stenotrophomonas,Maltose.taurine_113,-0.376195773081201,0.049,0.724889570552147,Follow up
Stenotrophomonas,Glucose_116,-0.140823136818687,0.443,0.869713,Follow up
Stenotrophomonas,Glucose_117,-0.116796440489433,0.516,0.889763660595291,Follow up
Stenotrophomonas,Unknown_118,0.288987764182425,0.143,0.781682741116751,Follow up
Stenotrophomonas,Carnitine_119,0.00600667408231368,0.97,0.992022175290391,Follow up
Stenotrophomonas,O_phosphocholine_120,-0.102113459399333,0.562,0.898665842604038,Follow up
Stenotrophomonas,Unknown_121,0.179532814238042,0.342,0.840905897114178,Follow up
Stenotrophomonas,Unknown_122,0.0126807563959956,0.936,0.983472742066721,Follow up
Stenotrophomonas,Unknown_123,0.280088987764182,0.128,0.779634945397816,Follow up
Stenotrophomonas,Unknown_124,0.379575038504095,0.044,0.724889570552147,Follow up
Stenotrophomonas,Unknown_125,0.32992213570634,0.078,0.757323308270677,Follow up
Stenotrophomonas,Unknown_126,0.256062291434928,0.177,0.789801822323462,Follow up
Stenotrophomonas,Unknown_128,0.285428253615128,0.122,0.776022082018928,Follow up
Stenotrophomonas,Creatine_129,-0.0860956618464961,0.648,0.917191085129704,Follow up
Stenotrophomonas,Creatinephosphate_130,-0.168854282536151,0.373,0.85012166003411,Follow up
Stenotrophomonas,Unknown_131,0.234705228031146,0.21,0.807884806355511,Follow up
Stenotrophomonas,Asparagine_133,0.222246941045606,0.237,0.812749387755102,Follow up
Stenotrophomonas,N.N.dimethylglycine_134,0.0433815350389321,0.818,0.962383157894737,Follow up
Stenotrophomonas,Aspartate_136,0.159510567296997,0.391,0.853852311161218,Follow up
Stenotrophomonas,Methionine_138,-0.145272525027809,0.427,0.8660722513089,Follow up
Stenotrophomonas,Unknown_139,0.0509454949944383,0.803,0.96042667489966,Follow up
Stenotrophomonas,Methionine_140,0.046496106785317,0.801,0.960406685236769,Follow up
Stenotrophomonas,Unknown_142,-0.0989988876529477,0.583,0.905227254509018,Follow up
Stenotrophomonas,Riboflavin_143,-0.089210233592881,0.613,0.909970353477765,Follow up
Stenotrophomonas,Unknown_145,-0.0825361512791991,0.673,0.9219243281471,Follow up
Stenotrophomonas,Unknown_146,-0.0440538438592091,0.828,0.962397839783978,Follow up
Stenotrophomonas,Unknown_148,-0.113681868743048,0.554,0.897732776617954,Follow up
Stenotrophomonas,Unknown_153,-0.261401557285873,0.159,0.781682741116751,Follow up
Stenotrophomonas,Glutamine_154,-0.1853170189099,0.335,0.840905897114178,Follow up
Stenotrophomonas,Glutamine.unknown_155,0.0593993325917686,0.749,0.943925178919974,Follow up
Stenotrophomonas,Succinate_156,-0.0723025583982203,0.69,0.92650722642808,Follow up
Stenotrophomonas,Saccharopine.unknown_157,-0.211123470522803,0.255,0.812749387755102,Follow up
Stenotrophomonas,Glutamate.unknown_158,0.0634037819799778,0.739,0.940192446633826,Follow up
Stenotrophomonas,Unknown_159,0.0687430478309232,0.713,0.935686011405569,Follow up
Stenotrophomonas,Glutamate.unknown_161,-0.0113459399332592,0.956,0.988402455297571,Follow up
Stenotrophomonas,Unknown_162,0.0149054505005562,0.94,0.983640970350404,Follow up
Stenotrophomonas,Valine.unknown_168,0.372191323692992,0.036,0.724889570552147,Follow up
Stenotrophomonas,Unknown_169,0.174638487208009,0.342,0.840905897114178,Follow up
Stenotrophomonas,Glutarate_171,0.0549499443826474,0.783,0.955716530483972,Follow up
Stenotrophomonas,Glutamine.unknown_172,-0.0353726362625139,0.863,0.966827288428325,Follow up
Stenotrophomonas,Glutamine.glutamate_173,-0.108787541713014,0.599,0.908882694541231,Follow up
Stenotrophomonas,Methionine.glutamate.glutamine_177,0.111012235817575,0.532,0.893613822894169,Follow up
Stenotrophomonas,Unknown_182,0.317054179289763,0.082,0.761947867298578,Follow up
Stenotrophomonas,Unknown_185,0.129699666295884,0.502,0.883574738755111,Follow up
Stenotrophomonas,Glutamate_187,0.00645161290322581,0.971,0.992233992094862,Follow up
Stenotrophomonas,Glutamate.unknown_189,0.148832035595106,0.407,0.864902907295666,Follow up
Stenotrophomonas,Unknown_190,0.1853170189099,0.311,0.840905897114178,Follow up
Stenotrophomonas,Unknown_191,0.202669632925473,0.266,0.8243872,Follow up
Stenotrophomonas,Unknown_192,0.212013348164627,0.283,0.834128885519333,Follow up
Stenotrophomonas,Unknown_193,0.208008898776418,0.271,0.827308116627266,Follow up
Stenotrophomonas,Isoleucine.unknown_194,0.299221357063404,0.101,0.769205776173285,Follow up
Stenotrophomonas,Unknown_195,0.30901001112347,0.103,0.769205776173285,Follow up
Stenotrophomonas,Unknown_196,0.357508342602892,0.056,0.724889570552147,Follow up
Stenotrophomonas,Acetate_197,-0.0634037819799778,0.723,0.937738548980274,Follow up
Stenotrophomonas,Lysine.unknown_198,0.373081201334816,0.049,0.724889570552147,Follow up
Stenotrophomonas,Lysine.unknown_199,0.305005561735261,0.105,0.769205776173285,Follow up
Stenotrophomonas,Lysine.unknown_200,0.381535038932147,0.038,0.724889570552147,Follow up
Stenotrophomonas,Unknown_201,0.394438264738598,0.031,0.717407407407407,Follow up
Stenotrophomonas,Unknown_202,0.29833147942158,0.113,0.772247116968698,Follow up
Stenotrophomonas,Leucine.lysine_205,0.379755283648498,0.034,0.717407407407407,Follow up
Stenotrophomonas,Leucine.unknown_209,0.373526140155729,0.038,0.724889570552147,Follow up
Stenotrophomonas,Leucine.unknown_211,0.446941045606229,0.017,0.672020408163265,Follow up
Stenotrophomonas,Alanine_212,-0.13726362625139,0.467,0.877132075471698,Follow up
Stenotrophomonas,Unknown_214,0.240044493882091,0.207,0.805138554216867,Follow up
Stenotrophomonas,Unknown_215,0.218242491657397,0.224,0.812749387755102,Follow up
Stenotrophomonas,Isoleucine.unknown_218,0.159510567296997,0.408,0.865129720853859,Follow up
Stenotrophomonas,Unknown_219,0.19154616240267,0.305,0.838955414012739,Follow up
Stenotrophomonas,Unknown_220,0.343715239154616,0.061,0.724889570552147,Follow up
Stenotrophomonas,Propylene_glycol_221,0.0985539488320356,0.587,0.90573041749503,Follow up
Stenotrophomonas,Isoleucine_225,0.290322580645161,0.126,0.776022082018928,Follow up
Stenotrophomonas,Valine_227,0.277864293659622,0.147,0.781682741116751,Follow up
Stenotrophomonas,Leucine_229,0.377530589543938,0.032,0.717407407407407,Follow up
Stenotrophomonas,Leucine.isoleucine_230,0.335261401557286,0.069,0.73939247311828,Follow up
Uruburuella,NAD._2,0.146162402669633,0.439,0.868548042704626,Follow up
Uruburuella,Unknown_3,0.131479421579533,0.497,0.883574738755111,Follow up
Uruburuella,Formate_5,-0.0460511679644049,0.801,0.960406685236769,Follow up
Uruburuella,Unknown_7,-0.0162402669632925,0.937,0.983640970350404,Follow up
Uruburuella,Unknown_8,0.195995550611791,0.328,0.840905897114178,Follow up
Uruburuella,Hypoxanthine_10,-0.236040044493882,0.218,0.810491362763916,Follow up
Uruburuella,NAD._11,0.171968854282536,0.329,0.840905897114178,Follow up
Uruburuella,Tryptophan_14,0.425583982202447,0.018,0.683647058823529,Follow up
Uruburuella,Unknown_15,-0.123025583982202,0.534,0.893613822894169,Follow up
Uruburuella,Phenylalanine_19,0.224026696329255,0.254,0.812749387755102,Follow up
Uruburuella,Tyrosine_20,0.395328142380423,0.032,0.717407407407407,Follow up
Uruburuella,Unknown_22,-0.0300333704115684,0.872,0.967390607101947,Follow up
Uruburuella,Unknown_23,-0.0184649610678532,0.913,0.979755395683453,Follow up
Uruburuella,Unknown_24,0.028698553948832,0.878,0.970157444381061,Follow up
Uruburuella,Unknown_25,-0.0660734149054505,0.699,0.928962607204117,Follow up
Uruburuella,Unknown_26,-0.164849833147942,0.376,0.85012166003411,Follow up
Uruburuella,Unknown_28,-0.205784204671858,0.28,0.833758647194466,Follow up
Uruburuella,Uridine_29,-0.265850945494994,0.186,0.79648439181916,Follow up
Uruburuella,Uracil_30,-0.0491657397107898,0.796,0.958565122785204,Follow up
Uruburuella,Unknown_31,-0.146162402669633,0.441,0.868548042704626,Follow up
Uruburuella,Maltose.Glucose_32,-0.0295884315906563,0.858,0.966827288428325,Follow up
Uruburuella,Unknown_33,0.0246941045606229,0.88,0.970706150341686,Follow up
Uruburuella,Unknown_34,0.111457174638487,0.548,0.895628415300546,Follow up
Uruburuella,Maltose.unknown_37,-0.046496106785317,0.811,0.96168166513621,Follow up
Uruburuella,Maltose.glucose.unknown_38,-0.110122358175751,0.576,0.901585454545455,Follow up
Uruburuella,Ascorbate_40,-0.321913236929922,0.073,0.746179419525066,Follow up
Uruburuella,Unknown_41,-0.0184649610678532,0.918,0.981598675131107,Follow up
Uruburuella,Threonine_42,0.124596730106854,0.511,0.88732138054684,Follow up
Uruburuella,Unknown_43,-0.0291434927697442,0.876,0.969329905741217,Follow up
Uruburuella,Unknown_44,0.117686318131257,0.534,0.893613822894169,Follow up
Uruburuella,Unknown_45,0.0976640711902113,0.597,0.908490980392157,Follow up
Uruburuella,Unknown_46,0.0082313681868743,0.973,0.992470247498683,Follow up
Uruburuella,Unknown_47,0.0229143492769744,0.901,0.977166666666667,Follow up
Uruburuella,Lactate_48,0.341490545050056,0.065,0.732005813953488,Follow up
Uruburuella,Unknown_49,-0.0273637374860957,0.885,0.973720283687943,Follow up
Uruburuella,Unknown_50,-0.0807563959955506,0.656,0.918806602081091,Follow up
Uruburuella,Unknown_51,-0.096329254727475,0.594,0.907753846153846,Follow up
Uruburuella,Unknown_52,-0.139933259176863,0.452,0.870734957732471,Follow up
Uruburuella,Unknown_53,-0.125250278086763,0.501,0.883574738755111,Follow up
Uruburuella,Unknown_54,-0.0384872080088988,0.852,0.966827288428325,Follow up
Uruburuella,Unknown_55,-0.129254727474972,0.493,0.883574738755111,Follow up
Uruburuella,Unknown_56,-0.124360400444939,0.497,0.883574738755111,Follow up
Uruburuella,Maltose.unknown_67,-0.162180200222469,0.385,0.85012166003411,Follow up
Uruburuella,Maltose.unknown_68,-0.18511514187304,0.325,0.840905897114178,Follow up
Uruburuella,Maltose.unknown_69,-0.188431590656285,0.306,0.838955414012739,Follow up
Uruburuella,Maltose.unknown_70,-0.175973303670745,0.372,0.85012166003411,Follow up
Uruburuella,Maltose.unknown_71,-0.171078976640712,0.387,0.850872871736663,Follow up
Uruburuella,Maltose_72,-0.104783092324805,0.601,0.908882694541231,Follow up
Uruburuella,Maltose_73,-0.0807563959955506,0.681,0.923924686192469,Follow up
Uruburuella,Maltose.unknown_74,-0.0838709677419355,0.65,0.918009478672986,Follow up
Uruburuella,Maltose_75,-0.0229143492769744,0.916,0.981084876969865,Follow up
Uruburuella,Maltose.unknown_76,-0.0509454949944383,0.802,0.960416692426584,Follow up
Uruburuella,Maltose.unknown_77,-0.0829810901001112,0.657,0.918806602081091,Follow up
Uruburuella,Unknown_79,0.025139043381535,0.897,0.976940680348608,Follow up
Uruburuella,Unknown_81,-0.0932146829810901,0.616,0.909970353477765,Follow up
Uruburuella,Maltose.unknown_87,0.00200222469410456,0.993,0.997894163424125,Follow up
Uruburuella,Maltose.unknown_88,-0.082091212458287,0.661,0.918806602081091,Follow up
Uruburuella,Unknown_89,-0.0496106785317019,0.798,0.959184610611232,Follow up
Uruburuella,Unknown_90,-0.102113459399333,0.616,0.909970353477765,Follow up
Uruburuella,Unknown_91,-0.134593993325918,0.486,0.882683544303797,Follow up
Uruburuella,Unknown_92,-0.110122358175751,0.565,0.899264585045193,Follow up
Uruburuella,Uknown_93,-0.179532814238042,0.34,0.840905897114178,Follow up
Uruburuella,Unknown_94,-0.0909899888765295,0.661,0.918806602081091,Follow up
Uruburuella,Uknown_95,-0.0825361512791991,0.675,0.92303212142605,Follow up
Uruburuella,Unknown_96,-0.0825361512791991,0.661,0.918806602081091,Follow up
Uruburuella,Unknown_97,-0.0994438264738598,0.58,0.904557165861514,Follow up
Uruburuella,Glycine_99,0.00956618464961068,0.962,0.989587891662241,Follow up
Uruburuella,Glucose_100,-0.0344827586206897,0.836,0.965632918886915,Follow up
Uruburuella,Glucose_101,0.169744160177976,0.349,0.843961298377029,Follow up
Uruburuella,Glucose_102,0.116351501668521,0.545,0.895628415300546,Follow up
Uruburuella,Glucose_103,0.074972191323693,0.689,0.926157529493407,Follow up
Uruburuella,Glucose_104,-0.0407119021134594,0.862,0.966827288428325,Follow up
Uruburuella,Maltose.taurine.glucose_107,-0.129254727474972,0.48,0.877132075471698,Follow up
Uruburuella,Glucose_108,-0.0442714126807564,0.79,0.957916952856697,Follow up
Uruburuella,Unknown_109,-0.0909899888765295,0.627,0.911786036036036,Follow up
Uruburuella,Glucose_110,-0.0691879866518354,0.716,0.935686011405569,Follow up
Uruburuella,Maltose.taurine_113,-0.136818687430478,0.466,0.877132075471698,Follow up
Uruburuella,Glucose_116,0.0723025583982203,0.693,0.92650722642808,Follow up
Uruburuella,Glucose_117,0.0313681868743048,0.859,0.966827288428325,Follow up
Uruburuella,Unknown_118,-0.0189098998887653,0.928,0.983472742066721,Follow up
Uruburuella,Carnitine_119,-0.365072302558398,0.053,0.724889570552147,Follow up
Uruburuella,O_phosphocholine_120,-0.201334816462736,0.267,0.82550518754988,Follow up
Uruburuella,Unknown_121,-0.0718576195773081,0.719,0.935686011405569,Follow up
Uruburuella,Unknown_122,-0.0812013348164627,0.675,0.92303212142605,Follow up
Uruburuella,Unknown_123,0.116796440489433,0.537,0.895539388721481,Follow up
Uruburuella,Unknown_124,0.246968518604657,0.196,0.799334014300306,Follow up
Uruburuella,Unknown_125,0.074972191323693,0.707,0.933509884117246,Follow up
Uruburuella,Unknown_126,-0.0771968854282536,0.682,0.923924686192469,Follow up
Uruburuella,Unknown_128,-0.0758620689655172,0.692,0.92650722642808,Follow up
Uruburuella,Creatine_129,-0.111457174638487,0.572,0.900051990251828,Follow up
Uruburuella,Creatinephosphate_130,-0.0585094549499444,0.769,0.948759872611465,Follow up
Uruburuella,Unknown_131,-0.115016685205784,0.558,0.898085583714167,Follow up
Uruburuella,Asparagine_133,0.0616240266963292,0.747,0.943245762711864,Follow up
Uruburuella,N.N.dimethylglycine_134,0.247608453837597,0.189,0.79648439181916,Follow up
Uruburuella,Aspartate_136,-0.0246941045606229,0.889,0.975909889487107,Follow up
Uruburuella,Methionine_138,-0.238709677419355,0.2,0.799334014300306,Follow up
Uruburuella,Unknown_139,-0.29833147942158,0.112,0.772042704626335,Follow up
Uruburuella,Methionine_140,-0.216017797552837,0.246,0.812749387755102,Follow up
Uruburuella,Unknown_142,-0.231145717463849,0.222,0.811347169811321,Follow up
Uruburuella,Riboflavin_143,-0.205339265850946,0.271,0.827308116627266,Follow up
Uruburuella,Unknown_145,-0.166629588431591,0.369,0.85012166003411,Follow up
Uruburuella,Unknown_146,-0.143508733783787,0.424,0.8660722513089,Follow up
Uruburuella,Unknown_148,-0.122135706340378,0.521,0.891634920634921,Follow up
Uruburuella,Unknown_153,-0.24182424916574,0.217,0.810491362763916,Follow up
Uruburuella,Glutamine_154,-0.181757508342603,0.323,0.840905897114178,Follow up
Uruburuella,Glutamine.unknown_155,-0.0255839822024472,0.877,0.969605593607306,Follow up
Uruburuella,Succinate_156,-0.208008898776418,0.268,0.825757527733756,Follow up
Uruburuella,Saccharopine.unknown_157,-0.373971078976641,0.048,0.724889570552147,Follow up
Uruburuella,Glutamate.unknown_158,0.0149054505005562,0.948,0.985390931043735,Follow up
Uruburuella,Unknown_159,-0.150166852057842,0.425,0.8660722513089,Follow up
Uruburuella,Glutamate.unknown_161,-0.108787541713014,0.551,0.896503149937001,Follow up
Uruburuella,Unknown_162,-0.178642936596218,0.349,0.843961298377029,Follow up
Uruburuella,Valine.unknown_168,0.153281423804227,0.432,0.868548042704626,Follow up
Uruburuella,Unknown_169,-0.00956618464961068,0.967,0.992022175290391,Follow up
Uruburuella,Glutarate_171,-0.284983314794216,0.142,0.781682741116751,Follow up
Uruburuella,Glutamine.unknown_172,0.0567296996662959,0.792,0.957916952856697,Follow up
Uruburuella,Glutamine.glutamate_173,-0.126140155728587,0.5,0.883574738755111,Follow up
Uruburuella,Methionine.glutamate.glutamine_177,-0.136818687430478,0.46,0.875265225933202,Follow up
Uruburuella,Unknown_182,0.00355990657448155,0.988,0.995969815248504,Follow up
Uruburuella,Unknown_185,-0.0847608453837597,0.656,0.918806602081091,Follow up
Uruburuella,Glutamate_187,-0.151501668520578,0.42,0.8660722513089,Follow up
Uruburuella,Glutamate.unknown_189,-0.00912124582869855,0.969,0.992022175290391,Follow up
Uruburuella,Unknown_190,-0.064293659621802,0.713,0.935686011405569,Follow up
Uruburuella,Unknown_191,-0.0700778642936596,0.716,0.935686011405569,Follow up
Uruburuella,Unknown_192,-0.11412680756396,0.538,0.895628415300546,Follow up
Uruburuella,Unknown_193,-0.0527252502780868,0.792,0.957916952856697,Follow up
Uruburuella,Isoleucine.unknown_194,0.0206896551724138,0.902,0.977166666666667,Follow up
Uruburuella,Unknown_195,0.130589543937709,0.499,0.883574738755111,Follow up
Uruburuella,Unknown_196,0.183092324805339,0.325,0.840905897114178,Follow up
Uruburuella,Acetate_197,-0.0456062291434928,0.822,0.962383157894737,Follow up
Uruburuella,Lysine.unknown_198,0.223581757508343,0.244,0.812749387755102,Follow up
Uruburuella,Lysine.unknown_199,0.136373748609566,0.475,0.877132075471698,Follow up
Uruburuella,Lysine.unknown_200,0.10166852057842,0.587,0.90573041749503,Follow up
Uruburuella,Unknown_201,0.0736373748609566,0.714,0.935686011405569,Follow up
Uruburuella,Unknown_202,-0.0740823136818687,0.697,0.927258928571428,Follow up
Uruburuella,Leucine.lysine_205,0.171523915461624,0.397,0.859938155715075,Follow up
Uruburuella,Leucine.unknown_209,0.0527252502780868,0.785,0.955716530483972,Follow up
Uruburuella,Leucine.unknown_211,0.0803114571746385,0.676,0.923096228410293,Follow up
Uruburuella,Alanine_212,-0.249833147942158,0.186,0.79648439181916,Follow up
Uruburuella,Unknown_214,0.127919911012236,0.486,0.882683544303797,Follow up
Uruburuella,Unknown_215,0.113236929922136,0.553,0.897732776617954,Follow up
Uruburuella,Isoleucine.unknown_218,0.147942157953281,0.44,0.868548042704626,Follow up
Uruburuella,Unknown_219,0.247163515016685,0.168,0.784134939759036,Follow up
Uruburuella,Unknown_220,0.390878754171301,0.029,0.717407407407407,Follow up
Uruburuella,Propylene_glycol_221,0.172413793103448,0.358,0.846181818181818,Follow up
Uruburuella,Isoleucine_225,0.118131256952169,0.526,0.893223621363439,Follow up
Uruburuella,Valine_227,0.168409343715239,0.366,0.85012166003411,Follow up
Uruburuella,Leucine_229,0.17285873192436,0.353,0.844149382716049,Follow up
Uruburuella,Leucine.isoleucine_230,0.139488320355951,0.449,0.869713,Follow up
