Metabolite,Model,Formula,Patient.IDVariance,ResidualVariance,Patient_ICC,DIVA_estimate,DIVA_se,DIVA_pvalue,NGAT_estimate,NGAT_se,NGAT_pvalue,Group_estimate,Group_se,Group_pvalue,BMI_estimate,BMI_se,BMI_pvalue,Age_estimate,Age_se,Age_pvalue,Singular,DIVA_adjP,NGAT_adjP,Age_adjP,Group_adjP
NAD._2,Full,~ DIVA + NGAT + Group + BMI + Age + (1|Patient.ID),0.0594233088381814,1.94322630598181,0.0296723442775199,-0.0115015596890458,0.00878432217994717,0.196231201345154,0.0598723939898015,0.0568613440060729,0.295889386291322,0.242404600760371,0.352357271635895,0.494219173633392,0.0296655658572063,0.0224945068677967,0.195036367312222,-0.0252700787388804,0.0211188711186904,0.237130091278882,FALSE,0.98748369946644,0.459244984972989,0.740169116479054,0.743038470175266
Unknown_3,Full,~ DIVA + NGAT + Group + BMI + Age + (1|Patient.ID),0.411544316525702,1.30043018216878,0.240391616136535,-0.0153928852075546,0.00855148014532076,0.0770277510488933,0.0983327067762919,0.0526549571877756,0.0656128911962835,-0.165884274441369,0.301069949736737,0.583682938646054,-0.0127594702249626,0.0227567990791398,0.578231637575592,0.00750432334481002,0.0207236922731991,0.718730764601909,FALSE,0.98748369946644,0.181042977560115,0.870657592891743,0.753839970179962
Formate_5,Full,~ DIVA + NGAT + Group + BMI + Age + (1|Patient.ID),0.524203007166614,0.562754840560971,0.482266178272251,-0.012845247272421,0.0068875336078051,0.066449773343303,0.150557156079267,0.0393451490929233,0.000267553287567665,-0.685825071441941,0.210603558563702,0.00185762472299166,0.0395570670588585,0.019740220793608,0.0522850895707722,0.0328614205307955,0.0172090309760439,0.0617140998998999,FALSE,0.98748369946644,0.0073607467031713,0.383141703545212,0.0994370357877883
Unknown_7,Full,~ DIVA + NGAT + Group + BMI + Age + (1|Patient.ID),0.417339759924258,0.528260207616815,0.441349169046085,-0.00365279981689064,0.00644272632375409,0.572621614005493,0.132086125201622,0.0373380472510126,0.000690885932456557,-0.134396475341443,0.201708900304142,0.507728607225899,0.0135963388319605,0.0181697373601347,0.458719959388341,0.0167985090925185,0.0159700404812022,0.297585381373471,FALSE,0.98748369946644,0.00935836399418427,0.740169116479054,0.743038470175266
Unknown_8,Full,~ DIVA + NGAT + Group + BMI + Age + (1|Patient.ID),0.293783481673005,0.327024085778944,0.473227932576295,-0.00308740481503497,0.00520958693635504,0.555374066056913,0.0909375838043575,0.0298567792817824,0.00319892274548248,-0.0984274821159099,0.160128986050104,0.541076792902933,-0.012788232679476,0.0148754232807578,0.395302426191754,-0.0110866689468263,0.0129918903378065,0.397339585375715,FALSE,0.98748369946644,0.0216654313216768,0.740169116479054,0.743038470175266
Hypoxanthine_10,Full,~ DIVA + NGAT + Group + BMI + Age + (1|Patient.ID),0.129106146311501,0.232020324332358,0.357509506520847,-0.000344888344863274,0.00397880923058009,0.93119792836509,0.00148383974852247,0.0236933917134082,0.950224359018144,-0.147213322513422,0.130763686708466,0.26465383635268,0.00709886637275332,0.0109131975771813,0.519162654719446,0.00217244102576283,0.00974361960771861,0.824419978276176,FALSE,0.98748369946644,0.976437444784162,0.916705796739927,0.636022929299184
NAD._11,Full,~ DIVA + NGAT + Group + BMI + Age + (1|Patient.ID),0.0748472508390757,0.469589277370899,0.137476541269488,0.00700651155616372,0.00472238990639583,0.143638504537531,-0.00398156621692625,0.0298388877238773,0.894204592378656,-0.185585176077231,0.176950012172073,0.298526457890973,0.008320283465217,0.0123085268560119,0.503088191083114,7.81503655799888e-05,0.0113853372640604,0.994550004738168,FALSE,0.98748369946644,0.93828510045366,0.998552979915214,0.673946094329621
Tryptophan_14,Full,~ DIVA + NGAT + Group + BMI + Age + (1|Patient.ID),0.0980273963847135,0.107783491612734,0.476298398683015,-0.00484417090564648,0.00299874868019677,0.110785560577714,0.0157821191652557,0.0171672995605769,0.360870413286584,0.092463781080889,0.0920105008586092,0.318899608251144,-0.0104407188742506,0.00857338372663477,0.230563794324295,-0.00900240237456346,0.00748315721114561,0.234283672357586,FALSE,0.98748369946644,0.532373183957436,0.740169116479054,0.682698271560718
Unknown_15,Full,~ DIVA + NGAT + Group + BMI + Age + (1|Patient.ID),0.233897121860842,0.258483087587265,0.475033556127306,-0.00499415785569209,0.00463880267582936,0.285411019820229,0.0681338426007537,0.0265683673214081,0.0123257733715647,-0.0422062633659687,0.142436123562007,0.767995374731329,0.0315737486452623,0.01325538971848,0.0221783735739399,0.0146749623095411,0.0115727510206141,0.210299250739308,FALSE,0.98748369946644,0.0592432333020366,0.726485726565145,0.835265042591008
Phenylalanine_19,Full,~ DIVA + NGAT + Group + BMI + Age + (1|Patient.ID),0.135744416981717,0.225363599675451,0.375910837533667,0.00258950374711464,0.00398201563910218,0.517817038220773,-0.0520032002541965,0.0235775108745084,0.0303697045408933,-0.0500248622020763,0.129478041441437,0.70057265809694,-0.0284597451309733,0.0109831629120463,0.0133514350264887,-0.0150625030514948,0.00977353641901258,0.129197607462181,FALSE,0.98748369946644,0.110367950648612,0.506799632361139,0.802964046588031
Tyrosine_20,Full,~ DIVA + NGAT + Group + BMI + Age + (1|Patient.ID),0.156360530879565,0.25874934186637,0.376672638126496,-0.00124877025884305,0.00426950456263329,0.770856758004261,-0.0417838873856409,0.0252736855612404,0.102319443685469,0.0235853302895727,0.138764615569238,0.865597406007822,-0.0220264034321042,0.0117789035708528,0.0689371224104279,-0.0170583669009071,0.0104801814292156,0.109489709283901,FALSE,0.98748369946644,0.241993604906902,0.506799632361139,0.887456944141682
Unknown_22,Full,~ DIVA + NGAT + Group + BMI + Age + (1|Patient.ID),0.0243475596233384,0.123017187687241,0.165219701914357,-0.00104427675911149,0.00247281814952771,0.674422913927859,-0.0252076516522874,0.0155207693458261,0.108482372936982,-0.037267225110868,0.0910939857371125,0.683920068489721,-0.00601074663283954,0.00647863743256104,0.359216641010704,-0.01331561458429,0.00596840747844213,0.030036565954657,FALSE,0.98748369946644,0.246465039486863,0.29762011193472,0.796125704726316
Unknown_23,Full,~ DIVA + NGAT + Group + BMI + Age + (1|Patient.ID),0.548978010891669,0.789477848746415,0.41015772536579,-0.0113690715058878,0.00767055861309367,0.143087985974113,0.203508913252453,0.0449208949201484,2.11851314364716e-05,0.195530773350215,0.244516129325178,0.427019288048762,0.0258312074865748,0.0213938637605499,0.234590631254534,0.0296139568150131,0.018916954732365,0.123439691255663,FALSE,0.98748369946644,0.00315658458403427,0.506799632361139,0.739835743247274
Unknown_24,Full,~ DIVA + NGAT + Group + BMI + Age + (1|Patient.ID),0.424444745129508,1.3621539088188,0.237571400936356,-0.00226855926006533,0.00873183603190917,0.795930067101023,0.201351574565837,0.0538057701907017,0.000348240001966913,0.371467553492531,0.307936740906971,0.232405467756051,0.0345644086476595,0.0232220719287318,0.144683927483825,0.0112518302988489,0.0211568867259103,0.59709841748364,FALSE,0.98748369946644,0.0073607467031713,0.848084062672306,0.59827606432766
Unknown_25,Full,~ DIVA + NGAT + Group + BMI + Age + (1|Patient.ID),0.202184105898767,0.532223470414318,0.275302314981258,-0.00173833560804713,0.00562992713516411,0.75858613701286,0.126988189073242,0.0343386886694508,0.000402666294819535,0.168395192467873,0.194150912021056,0.389220474599227,0.0138368810101965,0.0151048812323564,0.365425982652825,0.0115859294802585,0.0136778189389444,0.400874611520331,FALSE,0.98748369946644,0.0073607467031713,0.740169116479054,0.71554293220061
Unknown_26,Full,~ DIVA + NGAT + Group + BMI + Age + (1|Patient.ID),0.0803857272360239,0.518756906129482,0.134167930571859,-0.00298437972073364,0.00494995943428455,0.549083911754212,0.088765712290864,0.0313013043226422,0.0058681212740672,0.0995573150595737,0.185856281117191,0.594203349164671,0.00898955481693584,0.0128939524132415,0.489911337394464,0.00959210252865392,0.0119325537571422,0.425234517566738,FALSE,0.98748369946644,0.0336288488398467,0.763372808643903,0.753839970179962
Unknown_28,Full,~ DIVA + NGAT + Group + BMI + Age + (1|Patient.ID),0,0.732295511993517,0,-0.00180979159009594,0.00525937951822674,0.731691453933032,0.106623048559531,0.0342556005741422,0.00259231853205819,0.206788510101008,0.215100592167432,0.339343379179263,0.0210885480855877,0.0134104222222329,0.119871076039343,0.0106962595182706,0.0126388809050443,0.399975478919224,TRUE,0.98748369946644,0.0203292348040353,0.740169116479054,0.692974315257833
Uridine_29,Full,~ DIVA + NGAT + Group + BMI + Age + (1|Patient.ID),0.30975265804013,0.49469254285026,0.3850512846584,-0.00275759872467609,0.00594501647644939,0.644327816937622,0.0511344610363338,0.035098996824748,0.14919672006553,0.0424780747562037,0.192284695172117,0.825905627557034,0.0113278969477967,0.0164447028599938,0.495078309117667,0.0068744814461134,0.0146090763042176,0.639908031386646,FALSE,0.98748369946644,0.308754323468943,0.851863883111501,0.860559010531455
Uracil_30,Full,~ DIVA + NGAT + Group + BMI + Age + (1|Patient.ID),0.456822495527111,0.412103111171697,0.525732573658009,-0.00928985450836595,0.00612203030265298,0.133565507931151,0.0677643545552136,0.0344090360823499,0.0526940357129489,0.0946015364500599,0.182556733279769,0.606201638613709,0.00641475510191962,0.0178917604313829,0.721876377434074,0.0348990786471777,0.0154561817509525,0.0280949433701164,FALSE,0.98748369946644,0.163468808142461,0.29762011193472,0.753839970179962
Unknown_31,Full,~ DIVA + NGAT + Group + BMI + Age + (1|Patient.ID),0.733986628221392,0.877269157648681,0.455537000802788,-0.00518511474486052,0.00840382594744371,0.539304723599432,0.173268942826949,0.0484652053140426,0.000613206778371959,0.397156260032134,0.260961523014449,0.133220918843671,0.0399797093047049,0.0238282264515937,0.101415432873023,-0.00853241660684263,0.0208850283162933,0.68452364739393,FALSE,0.98748369946644,0.0091367809977422,0.851863883111501,0.473982895759333
Maltose.Glucose_32,Full,~ DIVA + NGAT + Group + BMI + Age + (1|Patient.ID),0.320129179099224,0.409012136857173,0.439049567064127,-0.00355513318508854,0.00565799945000088,0.531911323417814,0.0144452895987476,0.0328160288654476,0.661042832193429,0.356120213337649,0.177375969480083,0.0490951732308066,0.0214784878827607,0.0159430779653883,0.185620360136028,-0.01202776587143,0.0140192427829738,0.394755190004781,FALSE,0.98748369946644,0.763530092998612,0.740169116479054,0.293975559076293
Unknown_33,Full,~ DIVA + NGAT + Group + BMI + Age + (1|Patient.ID),0.840184607521275,1.02156263316544,0.45128822493185,-0.00218091707598546,0.00903573986283856,0.80999985537478,-0.000383150190368745,0.052186550753023,0.994161267895887,0.401753483054879,0.281272905345512,0.158281324313985,0.029364130187529,0.0255781338564889,0.257893011743457,-0.0161816544268699,0.0224376684897479,0.473942964148826,FALSE,0.98748369946644,0.994161267895887,0.80247160975199,0.501785474952844
Unknown_34,Full,~ DIVA + NGAT + Group + BMI + Age + (1|Patient.ID),0.750342703375267,0.98146735200352,0.433270785698926,-0.0160756916928987,0.00872162180077882,0.0697326524497552,0.0670146354175666,0.0506842638564608,0.190041849320292,0.942648392645907,0.274333021402786,0.00106710378057575,0.0150115621870778,0.0245238174228313,0.543995347072975,-0.0529408725297515,0.0215887951684043,0.0175088753526357,FALSE,0.98748369946644,0.343247198550527,0.237165675231156,0.0994370357877883
Maltose.unknown_37,Full,~ DIVA + NGAT + Group + BMI + Age + (1|Patient.ID),0.390411937602098,0.654954329417912,0.373469041348572,0.00195056182915127,0.00677453922585594,0.774335631212737,-0.0681077377684109,0.0401427470833324,0.0937718838686104,0.220838943864497,0.220591182170596,0.320730731605706,0.0212297030149787,0.0186713493887651,0.262481978306217,-0.0181299352016883,0.016622380343197,0.280348619065483,FALSE,0.98748369946644,0.229049355679065,0.740169116479054,0.682698271560718
Maltose.glucose.unknown_38,Full,~ DIVA + NGAT + Group + BMI + Age + (1|Patient.ID),0.261266423116886,0.419169502734229,0.383969177979667,-0.00599454703009089,0.00546746832683337,0.276971530668119,0.044164648461978,0.0322906710053386,0.175352861327646,0.417013269374243,0.176949883326426,0.0216574157533758,0.0279494552140838,0.015118540656046,0.0720293595108924,-0.0143122919373582,0.0134336211848005,0.291492600186382,FALSE,0.98748369946644,0.332517112761477,0.740169116479054,0.218419082144688
Ascorbate_40,Full,~ DIVA + NGAT + Group + BMI + Age + (1|Patient.ID),0.144233114768514,0.220714556038624,0.395215879716455,0.000966666116035612,0.0040050379982488,0.810036054529942,0.0395506301560496,0.023568773036704,0.0973678675560494,-0.146818884421183,0.128777936986599,0.258720236466203,0.00573375512894018,0.0111148541408586,0.60888004898314,0.0191413710957645,0.00985560262733405,0.0574545574631651,FALSE,0.98748369946644,0.233996972029861,0.377702919166097,0.63573450756202
Unknown_41,Full,~ DIVA + NGAT + Group + BMI + Age + (1|Patient.ID),0.00591094832873867,0.057584067810554,0.093093106957741,0.00119282927434184,0.00159420365024401,0.457608092312983,0.0017515608429648,0.0101771621022298,0.863822811230537,-0.021212402752677,0.0614091455544743,0.731003941250387,-0.00225993445703639,0.00412323613612172,0.586782227946891,-0.00324113835042031,0.00383804968793383,0.40237381499868,FALSE,0.98748369946644,0.912834034562767,0.740169116479054,0.823027315952312
Threonine_42,Full,~ DIVA + NGAT + Group + BMI + Age + (1|Patient.ID),0.0186828781529538,0.0315814353254991,0.371692695275003,-0.000115888539093388,0.00148540664476534,0.938059268138315,0.00648451868587271,0.00880671216353809,0.463757873091416,-0.028563975747731,0.0484173951933205,0.557422330442782,-0.00465681741160015,0.00409169845050435,0.262146875489826,-0.000642546544330184,0.00364385737355463,0.86070965178348,FALSE,0.98748369946644,0.61865433538812,0.93610027821707,0.748251596720491
Unknown_43,Full,~ DIVA + NGAT + Group + BMI + Age + (1|Patient.ID),0.03168518442099,0.0412140709911908,0.434643457492649,0.000533651436268904,0.0017893239164219,0.766442170226,0.00974216198834671,0.0103935257787729,0.351539896507863,-0.0138239518032332,0.0562374462774601,0.806650351346466,-0.00180355576731588,0.00503380742389934,0.722049579872688,-0.0027957203336638,0.00443017925113673,0.530697989270873,FALSE,0.98748369946644,0.523794445796716,0.81951968571971,0.84641480528608
Unknown_44,Full,~ DIVA + NGAT + Group + BMI + Age + (1|Patient.ID),0.0301294759694778,0.0349987675142874,0.462617665667404,0.000102620966429589,0.00168878548007256,0.951722726166628,0.00258620780608345,0.00971514877048407,0.79080629178526,-0.0324591329815311,0.0522275506365811,0.536586243466358,-0.00127876957195992,0.00480165931606476,0.791386075967307,-0.00721833242664179,0.00420263590674336,0.0916739223873508,FALSE,0.98748369946644,0.866398069676499,0.455313814523842,0.743038470175266
Unknown_45,Full,~ DIVA + NGAT + Group + BMI + Age + (1|Patient.ID),0.0256138163813679,0.0400979306539737,0.389790525088186,-0.000110068187703048,0.00169931137412278,0.94855460934407,-0.00534946150704537,0.0100174896451613,0.594863561368634,-0.0147943686045665,0.0548115623756998,0.788136196959563,-0.0019174708771746,0.00470766090045823,0.685993640965804,-0.00889482695118016,0.00417851448285215,0.037921194651273,FALSE,0.98748369946644,0.711727942488071,0.303154731202627,0.84641480528608
Unknown_46,Full,~ DIVA + NGAT + Group + BMI + Age + (1|Patient.ID),0.0395273559310485,0.0712384284577715,0.356855288383063,0.000134465733991622,0.00220348749627828,0.951531934690375,-0.0140205184270349,0.0131241680953387,0.288689549986909,-0.0459369241697034,0.0724452356881218,0.528386257842972,-0.00291866529932581,0.00604262078098121,0.6317614892811,-0.0117712659798303,0.0053956587857028,0.0335716506461403,FALSE,0.98748369946644,0.452786767874204,0.29762011193472,0.743038470175266
Unknown_47,Full,~ DIVA + NGAT + Group + BMI + Age + (1|Patient.ID),0.0472612374224477,0.0681369888492783,0.409549080166645,-0.000514851474061376,0.00225229560718845,0.819896144406173,-0.0117554255737548,0.0131926947611622,0.375673234570336,-0.0493210784512599,0.071822207765144,0.494856968812084,-0.00371117570261211,0.00628055043045942,0.557959908325444,-0.0115312750551891,0.00555404856920146,0.0427008493070425,FALSE,0.98748369946644,0.548777568146864,0.303154731202627,0.743038470175266
Lactate_48,Full,~ DIVA + NGAT + Group + BMI + Age + (1|Patient.ID),0.150762952345817,0.128951570118081,0.538988648203904,-0.00251241674911811,0.00346497610743935,0.470754601121823,-0.0713193887879586,0.0193748019908591,0.00044460886126538,-0.160543137537313,0.102535252024041,0.122697196069913,-0.0108100073671264,0.0101926111065187,0.295608599204094,-0.0226620285068481,0.0087798900228089,0.0127184887439681,FALSE,0.98748369946644,0.0073607467031713,0.189505482285125,0.457047055360427
Unknown_49,Full,~ DIVA + NGAT + Group + BMI + Age + (1|Patient.ID),0.12375016274358,0.233985226636981,0.345926532339616,0.000601002749407135,0.00395729679244915,0.879773853760253,0.000314554868347106,0.0236485134991388,0.989421459225899,0.19835178716425,0.13093621792389,0.134963398325681,0.0180759883639646,0.0108175265843297,0.10266789349338,-0.00949467245694219,0.0096781262817334,0.331014389693206,FALSE,0.98748369946644,0.994161267895887,0.740169116479054,0.473982895759333
Unknown_50,Full,~ DIVA + NGAT + Group + BMI + Age + (1|Patient.ID),0.0822333920602762,0.228895225138251,0.264306744910591,0.0014982785746382,0.00365887008711256,0.683650694831494,-0.0124569591675275,0.0223842699132166,0.579463221717893,0.128796625289762,0.127000794626613,0.314549176713382,0.0148323166969799,0.00979072587808671,0.137834051861538,-0.00808547427809747,0.00888172117618404,0.366795474991032,FALSE,0.98748369946644,0.711219715171721,0.740169116479054,0.682698271560718
Unknown_51,Full,~ DIVA + NGAT + Group + BMI + Age + (1|Patient.ID),0.228390975968002,0.491502271495783,0.317256727678213,0.00149419773984229,0.00560074007575229,0.790525891726289,-0.0290389480023151,0.0337556483144862,0.392277220466448,0.165163195756124,0.188440684618998,0.384221048099012,0.0234379213441225,0.0151884691743187,0.130854019707787,-0.0171569760132705,0.0136567623460119,0.214532697777627,FALSE,0.98748369946644,0.556660055709531,0.726485726565145,0.71554293220061
Unknown_52,Full,~ DIVA + NGAT + Group + BMI + Age + (1|Patient.ID),0.256336522537898,0.47867894473867,0.348749834459531,0.00190244950419302,0.00567343282840251,0.738496945847316,-0.0467926761176369,0.0338750540133041,0.171128099231396,0.0897117542955072,0.187410171867307,0.633874409025171,0.0225421493320475,0.0155213512318422,0.154424337455763,-0.0154802183470221,0.013879558845789,0.269758449736045,FALSE,0.98748369946644,0.331143984226988,0.740169116479054,0.767469381578306
Unknown_53,Full,~ DIVA + NGAT + Group + BMI + Age + (1|Patient.ID),0.117301880045114,0.238388826345001,0.329786182033274,0.00197330564588192,0.00394121583367785,0.618364223780474,-0.0289119791248889,0.0236664023677593,0.225522091515759,0.0937836697063491,0.131637255941703,0.478914931469433,0.0141147541096928,0.0107246063076226,0.195807884135689,0.009298875349639,0.00962219861899443,0.338243740887013,FALSE,0.98748369946644,0.385727380903179,0.740169116479054,0.743038470175266
Unknown_54,Full,~ DIVA + NGAT + Group + BMI + Age + (1|Patient.ID),0.094632573146911,0.242116965846768,0.28101767690523,0.00229749563400649,0.00381514624829444,0.549318067886658,-0.0546855970623001,0.0232328119458255,0.021103454169316,0.139672691843472,0.13112439577227,0.29103424763339,0.00632494090098816,0.0102502209795483,0.540822988448987,-1.68980622792522e-05,0.00927304944009386,0.998552979915214,FALSE,0.98748369946644,0.0850210699947174,0.998552979915214,0.673946094329621
Unknown_55,Full,~ DIVA + NGAT + Group + BMI + Age + (1|Patient.ID),0.0658528461083541,0.079426527369956,0.453284210495207,0.000797399165290925,0.00252380431042649,0.753015189820564,0.00689503172298794,0.0145663077642625,0.63731940355643,0.146947222131159,0.0784728902536569,0.0659664191604713,0.0158628717818811,0.00714978606417672,0.0325123470863388,0.00303347794103972,0.00626946402355038,0.630505800473902,FALSE,0.98748369946644,0.747721189999276,0.851863883111501,0.338930912238283
Unknown_56,Full,~ DIVA + NGAT + Group + BMI + Age + (1|Patient.ID),0.0791385865672177,0.0870151193366858,0.476297450825372,0.000156941654148708,0.00269439305477997,0.953720247095353,0.00595672804691908,0.0154249233196703,0.700457756671561,0.18997509079975,0.0826720130602874,0.0250263459560082,0.0174260348768313,0.00770323192218071,0.0293699298690363,0.000857125710138231,0.00672365876113049,0.899044886231211,FALSE,0.98748369946644,0.802832351877404,0.96504577934079,0.219486020572382
Maltose.unknown_67,Full,~ DIVA + NGAT + Group + BMI + Age + (1|Patient.ID),0.20267604989475,0.299841145567724,0.403321621080498,-0.00140561251519182,0.00470001348408098,0.765837729908167,-0.00995663532785626,0.0275861129005213,0.719138594345622,0.146222962335526,0.150416922454835,0.334826243956928,0.0232428434089891,0.0130785599900426,0.083303680382019,-0.0130702868286819,0.0115792731194192,0.264059137887583,FALSE,0.98748369946644,0.81622577541329,0.740169116479054,0.692974315257833
Maltose.unknown_68,Full,~ DIVA + NGAT + Group + BMI + Age + (1|Patient.ID),0.124647125843912,0.286332777308929,0.303292508679083,-0.00374189367889866,0.00422578894030672,0.379368454118136,0.0363407114338443,0.0255718543366926,0.159267565637296,0.229389354186634,0.143347668351423,0.11472932646693,0.0232768696756739,0.0114176297724314,0.0482730650606662,-0.0114528484309562,0.0102906868943232,0.270774646063406,FALSE,0.98748369946644,0.320687395675097,0.740169116479054,0.449859727462435
Maltose.unknown_69,Full,~ DIVA + NGAT + Group + BMI + Age + (1|Patient.ID),0.16245138809232,0.216893358708918,0.428242092350466,-0.000322276230326345,0.00408251148742393,0.937316157996672,-0.00845144085050419,0.0237651197321947,0.723099344661438,0.0967945524763726,0.12878623250384,0.455179170367093,0.0192871002548287,0.0114585879222311,0.100259528741879,-0.00879865482262615,0.0100970284798993,0.387432749268724,FALSE,0.98748369946644,0.81622577541329,0.740169116479054,0.743038470175266
Maltose.unknown_70,Full,~ DIVA + NGAT + Group + BMI + Age + (1|Patient.ID),0.154776158537654,0.271046761553061,0.363475405468267,0.00279607482180127,0.00432187320287966,0.519992375380583,-0.0445055694445796,0.0256890911628547,0.0871558158732339,0.0353643292244217,0.141546864801324,0.80355128637623,0.0178842255833564,0.0118753059506203,0.140142036065997,-0.00642127515422716,0.0105912679846094,0.546922525323643,FALSE,0.98748369946644,0.216436942751864,0.831545472175742,0.84641480528608
Maltose.unknown_71,Full,~ DIVA + NGAT + Group + BMI + Age + (1|Patient.ID),0.105725594039209,0.264022105648681,0.285939829046817,0.00319754131919722,0.00400017476733833,0.427242258183963,-0.0459443226355013,0.0243260293694012,0.0626541176040887,-0.0133786325694463,0.13708555138909,0.922578433681575,0.0166155562153782,0.0107604552505186,0.130705187391699,-0.00398260845844611,0.00972668558519358,0.683880574894554,FALSE,0.98748369946644,0.181042977560115,0.851863883111501,0.928812071746991
Maltose_72,Full,~ DIVA + NGAT + Group + BMI + Age + (1|Patient.ID),0.224718996146959,0.329678385569915,0.405339208946194,-0.00149421539739828,0.00493670421614564,0.763102022510961,-0.0209173762433493,0.0289563046635658,0.472248187327732,0.22800296666115,0.157807570636164,0.153660615482918,0.0343948945961465,0.0137464816319251,0.0167098830552512,-0.0142222418366892,0.0121660124011486,0.24766679673549,FALSE,0.98748369946644,0.62269893727285,0.740169116479054,0.497726776238148
Maltose_73,Full,~ DIVA + NGAT + Group + BMI + Age + (1|Patient.ID),0.238968658841222,0.468258679408645,0.337895109417834,0.000121915145115259,0.00556097046233571,0.982579184574216,-0.0368278728951218,0.0333122872965227,0.272329336147524,0.227727649602955,0.184860592763026,0.222738546820026,0.0377236808174432,0.0151665118144301,0.0172728433436935,-0.0151470908347106,0.013588246408561,0.270024545640167,FALSE,0.989218233118636,0.431670968999798,0.740169116479054,0.59827606432766
Maltose.unknown_74,Full,~ DIVA + NGAT + Group + BMI + Age + (1|Patient.ID),0.225266335695243,0.271296827833696,0.453650919440613,-0.000268106717419759,0.00466585853750839,0.954346662571593,-0.0225636411558991,0.0269258838659004,0.404666158704537,0.174770717981361,0.145045293266293,0.232885984771841,0.030355908228852,0.0132199613435097,0.0271173001373451,-0.0115388547085083,0.0115914029394525,0.324022467594271,FALSE,0.98748369946644,0.566994228153906,0.740169116479054,0.59827606432766
Maltose_75,Full,~ DIVA + NGAT + Group + BMI + Age + (1|Patient.ID),0.14858743684533,0.202351311739284,0.423399916494273,-0.000521242654592519,0.00392711721905245,0.894808681489412,-0.0301941839393258,0.022897662567927,0.191204815299958,0.207194400503289,0.124231178136553,0.100465009301731,0.019338994258583,0.0110034787249965,0.0866112914586813,-0.00735086711403095,0.00970502889451755,0.452124751284542,FALSE,0.98748369946644,0.343247198550527,0.788243430766539,0.405916137992996
Maltose.unknown_76,Full,~ DIVA + NGAT + Group + BMI + Age + (1|Patient.ID),0.214827667924291,0.216560962279885,0.497991029162296,-0.000113059052466641,0.00433134885999477,0.979249722637642,-0.0290512272945761,0.024600868164283,0.241401740525021,0.167512959427581,0.131245416519531,0.206681196001444,0.0221459048052185,0.01249806328048,0.0841683710831248,-0.012772288500137,0.0108602160508726,0.244803212046749,FALSE,0.989218233118636,0.397233583747895,0.740169116479054,0.581047135928588
Maltose.unknown_77,Full,~ DIVA + NGAT + Group + BMI + Age + (1|Patient.ID),0.163074366095774,0.140272650715929,0.537583549723845,-0.00230424288442198,0.00360937384469479,0.52523014220593,-0.0315520004545577,0.0201933515272578,0.122509554665486,0.225163242403192,0.106895125206993,0.0392993601901792,0.0155392750097871,0.0106099033829226,0.150938363353093,-0.00524303950062964,0.0091421421598034,0.568715951282897,FALSE,0.98748369946644,0.257097516128977,0.848084062672306,0.27530408160105
Unknown_79,Full,~ DIVA + NGAT + Group + BMI + Age + (1|Patient.ID),0.121766013110581,0.394700101130404,0.235767671398021,-0.000288017427371404,0.00469335283840253,0.951277355335989,-0.0521440957522985,0.0289343670672521,0.0754122679399991,0.0412813569271175,0.165693783614787,0.804098744207201,0.0213177855093916,0.0124768206595269,0.0955200375806345,-0.00346203081480466,0.0113704868885812,0.761979396357232,FALSE,0.98748369946644,0.191729343479532,0.897904051373233,0.84641480528608
Unknown_81,Full,~ DIVA + NGAT + Group + BMI + Age + (1|Patient.ID),0.17253733089749,0.357564360187795,0.325479683990919,-0.00166275842456781,0.00480966767376244,0.730732701976494,-0.0206593686265439,0.0289180817463353,0.477106719354121,0.10360641700773,0.16104828394792,0.522432196748284,0.0276911917055542,0.0130722859275076,0.040572497665063,-0.00621678849261765,0.0117373268320994,0.598567573896,FALSE,0.98748369946644,0.623586852489158,0.848084062672306,0.743038470175266
Maltose.unknown_87,Full,~ DIVA + NGAT + Group + BMI + Age + (1|Patient.ID),0.300851078919989,0.329263576812672,0.477454501625861,0.00159036443409238,0.00524649605910582,0.762703921508836,-0.0549432439597198,0.0300227762828228,0.0712078395518038,0.27488888051147,0.160870717055935,0.0925935732263086,0.0206416567292267,0.0150068137635889,0.176833047788752,-0.00437865570792159,0.0130954084159451,0.739421778454433,FALSE,0.98748369946644,0.191729343479532,0.88849874991702,0.394184068877714
Maltose.unknown_88,Full,~ DIVA + NGAT + Group + BMI + Age + (1|Patient.ID),0.187348365498347,0.275635305523928,0.404654369525989,0.00187060436771678,0.00451137172598121,0.679767897611362,-0.0593566726205399,0.0264674191266276,0.0277933680307596,0.0576137748065741,0.144268454623629,0.691040044398412,0.0191037052748973,0.0125592358585198,0.136433143756817,-0.00732554478583981,0.0111166990668709,0.512795010248807,FALSE,0.98748369946644,0.10353029591458,0.81951968571971,0.798178035778011
Unknown_89,Full,~ DIVA + NGAT + Group + BMI + Age + (1|Patient.ID),0.192032993919252,0.319197882765087,0.37562870843152,0.00187970080875551,0.00473792940898967,0.692882655892627,-0.069397846608855,0.0280557595027057,0.0155619763317619,0.101782356719865,0.15408232436132,0.511378812399025,0.0159996228716527,0.0130669727574219,0.228144311820059,-0.00536546015485732,0.011628445008325,0.646395654880308,FALSE,0.98748369946644,0.070264681013107,0.851863883111501,0.743038470175266
Unknown_90,Full,~ DIVA + NGAT + Group + BMI + Age + (1|Patient.ID),0.24408535424145,0.65386214144782,0.271825864444433,0.00148024029991045,0.00622238417707744,0.81278372734727,-0.0615602405835131,0.0379887824061577,0.109172433598208,0.111807957838564,0.215023116488165,0.60497642857837,0.0344607963548467,0.0166803715579418,0.0455538847356077,-0.0160506945256697,0.015113102754701,0.293093307276539,FALSE,0.98748369946644,0.246465039486863,0.740169116479054,0.753839970179962
Unknown_91,Full,~ DIVA + NGAT + Group + BMI + Age + (1|Patient.ID),0.284845058705287,0.740936211665805,0.277685961844712,0.000743648879848637,0.00665576550562957,0.911415470096992,-0.0453467669753046,0.0405687476413117,0.267099011467455,0.0595965524993076,0.229204804112953,0.795744064795719,0.0433940197654955,0.017867547516423,0.0199900460491986,-0.0154172599165082,0.0161731155118936,0.344891696254117,FALSE,0.98748369946644,0.427932824824202,0.740169116479054,0.84641480528608
Unknown_92,Full,~ DIVA + NGAT + Group + BMI + Age + (1|Patient.ID),0.236403234159405,0.752512925790345,0.239052857798802,0.00125530007081139,0.00649796737879689,0.847491038510501,-0.046875425038033,0.040024881590452,0.245124468120628,0.108048057125965,0.228954940468536,0.638699351112147,0.0441747317704404,0.0172868911605697,0.0146923209285693,-0.0157134012480292,0.0157458246873802,0.32295484536903,FALSE,0.98748369946644,0.397233583747895,0.740169116479054,0.767469381578306
Uknown_93,Full,~ DIVA + NGAT + Group + BMI + Age + (1|Patient.ID),0.341051838781794,0.694424331792877,0.329367153463817,-4.46791642435355e-06,0.00672432872603839,0.99947201118849,-0.026089839530097,0.0403835820689684,0.520143546236283,0.100911384045049,0.224648641978559,0.654906707703553,0.0487998699983321,0.0182957307124758,0.0111818843878467,-0.0208140318473219,0.0164162657580848,0.210498221895659,FALSE,0.99947201118849,0.65679142702717,0.726485726565145,0.774453170220868
Unknown_94,Full,~ DIVA + NGAT + Group + BMI + Age + (1|Patient.ID),0.309068844312305,0.530276847978452,0.368225925445318,0.00122775865999777,0.00606908287731523,0.840329634040344,-0.0371010448561071,0.0360213922454053,0.306219017789959,0.155072757891995,0.198222565651721,0.437063101822472,0.0353380989311993,0.0167001579744771,0.0407971980990654,-0.0188143054393553,0.0148816567881041,0.211680516164351,FALSE,0.98748369946644,0.465577894394937,0.726485726565145,0.743038470175266
Uknown_95,Full,~ DIVA + NGAT + Group + BMI + Age + (1|Patient.ID),0.201084151141845,0.45414527521485,0.306891209480537,0.00140739685924227,0.00533777113165308,0.792924703711348,-0.0515530169157326,0.0322675030180956,0.114158775906828,0.060385503513313,0.180686651885736,0.739381023934574,0.0266261328687945,0.0144356206211525,0.0727344087883677,-0.0116956033559907,0.0130028516550453,0.372501073267597,FALSE,0.98748369946644,0.2536798047335,0.740169116479054,0.823027315952312
Unknown_96,Full,~ DIVA + NGAT + Group + BMI + Age + (1|Patient.ID),0.153022308313017,0.42516959236021,0.264656609915917,0.00304745727189473,0.00498809393092566,0.543564420894437,-0.0501347757743894,0.030513286628878,0.104409641340435,0.0285409068982519,0.17310281801204,0.86958868352138,0.0191883619013971,0.0133486876127729,0.158542349374206,-0.00818998324156016,0.0121086587057196,0.501769940828907,FALSE,0.98748369946644,0.2430786962457,0.81951968571971,0.887456944141682
Unknown_97,Full,~ DIVA + NGAT + Group + BMI + Age + (1|Patient.ID),0.156109398256448,0.34106726122623,0.313991808100732,0.00316505499796614,0.00465297061388077,0.498926136881275,-0.0666742281911586,0.0280701014192429,0.0199917041047116,-0.0155597203399316,0.156851820086041,0.921306457863229,0.0129543289542082,0.0126072364832407,0.310522443043885,-0.00460995437936585,0.0113421883471217,0.686064872304564,FALSE,0.98748369946644,0.0850210699947174,0.851863883111501,0.928812071746991
Glycine_99,Full,~ DIVA + NGAT + Group + BMI + Age + (1|Patient.ID),0,0.597535960360075,0,0.00209761979047043,0.00475087219943638,0.660055936594781,-0.0271316506520857,0.0309435704114313,0.383282039973186,0.0952136910562226,0.194303419228264,0.625491143336043,0.0153296043595332,0.0121138248147932,0.209472347776714,-0.00604510343943098,0.0114168805874666,0.59797066638951,TRUE,0.98748369946644,0.551653927893539,0.848084062672306,0.763919511123528
Glucose_100,Full,~ DIVA + NGAT + Group + BMI + Age + (1|Patient.ID),0.089834885995346,0.480584971471,0.157489057962268,-0.00431340250711194,0.00485664165107152,0.378292374356078,0.0758753126998924,0.0305403495128764,0.0151783181647117,0.427516999895493,0.179756778585398,0.0206100852059048,0.0103685576424472,0.0127054112891217,0.419427550934725,-0.00351631731497293,0.0117181724417163,0.765327614257722,FALSE,0.98748369946644,0.070264681013107,0.897904051373233,0.218419082144688
Glucose_101,Full,~ DIVA + NGAT + Group + BMI + Age + (1|Patient.ID),0.0944831348588284,0.62824450159577,0.130731315772458,-0.00971846131709076,0.00543193764992753,0.0791263783524519,0.110648807097683,0.0343769583036811,0.00190125594340173,0.609799512741294,0.204386780270426,0.00412770676583755,0.00996724904140661,0.0141407069221762,0.485092669650325,-0.01071870722555,0.0130928242538117,0.416759112585451,FALSE,0.98748369946644,0.0166639491509916,0.757281802136979,0.0996803155657046
Glucose_102,Full,~ DIVA + NGAT + Group + BMI + Age + (1|Patient.ID),0.179802044027772,0.867097826450383,0.171747126060537,-0.0090939836049924,0.00660041604361227,0.173743330097506,0.129683837850269,0.0413615873458781,0.00243747009928182,0.740395772509966,0.2421815308551,0.0033368132814694,0.00916272933921294,0.0173145046135396,0.599673125568068,-0.00852749556530684,0.0159354001701177,0.594853563550488,FALSE,0.98748369946644,0.0201768358218328,0.848084062672306,0.0994370357877883
Glucose_103,Full,~ DIVA + NGAT + Group + BMI + Age + (1|Patient.ID),0.217218550443665,0.902623618217974,0.193972469087559,-0.00782167197520345,0.00685823086479507,0.258870447574644,0.131849329813307,0.0427398281583021,0.00283027268713193,0.723647997773858,0.248272455441417,0.00499595222758205,0.00904661929675379,0.0180705057878442,0.619446199308165,-0.0086657168314998,0.0165755262772094,0.603334970760164,FALSE,0.98748369946644,0.0204794166205514,0.848084062672306,0.0996803155657046
Glucose_104,Full,~ DIVA + NGAT + Group + BMI + Age + (1|Patient.ID),0.153056423900909,0.810622741807319,0.158825083437831,-0.00811908407941478,0.00631447371437074,0.203841464977193,0.113100745222839,0.0396948736579309,0.00563657947627407,0.675033839396933,0.233523921420361,0.00535196325184991,0.00921125910633749,0.0165234039038393,0.580396897762485,-0.00667927589137566,0.0152364975318154,0.662944780295425,FALSE,0.98748369946644,0.0336288488398467,0.851863883111501,0.0996803155657046
Maltose.taurine.glucose_107,Full,~ DIVA + NGAT + Group + BMI + Age + (1|Patient.ID),0.201187161174987,0.280317622733397,0.417830035959241,-0.00242791680495377,0.0046004243402434,0.599434503902252,0.00657865743923126,0.0268732483590493,0.807261191055377,0.229248267574029,0.145999819858901,0.121542900005968,0.012744129431445,0.0128649023895444,0.327971407768885,0.00125425054519962,0.0113588888752102,0.912492122403393,FALSE,0.98748369946644,0.877970200490884,0.96504577934079,0.457047055360427
Glucose_108,Full,~ DIVA + NGAT + Group + BMI + Age + (1|Patient.ID),0.272534708562487,0.902780452983336,0.23188223676451,-0.00541473587423065,0.00707548043493519,0.447201237385575,0.0910444436817337,0.0436648757889142,0.0403593507348872,0.617276471394544,0.250372070976326,0.0165488582964532,0.0109935550823947,0.0187932869820418,0.56194183406556,-0.0064097837011793,0.0171374015836973,0.709902785359636,FALSE,0.98748369946644,0.136671437715868,0.867012418185129,0.20548165718096
Unknown_109,Full,~ DIVA + NGAT + Group + BMI + Age + (1|Patient.ID),0.229521943632846,0.850717651372727,0.212473181592332,-0.00533186793243202,0.00675993300550825,0.433515954299641,0.0544739261556412,0.0419290103377086,0.197749661487077,0.569122683170601,0.242002317047559,0.0219884982024854,0.00918414798556344,0.0178800129261912,0.610414318182554,0.00173686084623901,0.0163542090072175,0.915831574869631,FALSE,0.98748369946644,0.350770232875886,0.96504577934079,0.218419082144688
Glucose_110,Full,~ DIVA + NGAT + Group + BMI + Age + (1|Patient.ID),0.264183305483305,1.27077191176297,0.172111409189678,-0.00380290648196783,0.00799283709472099,0.636084571475494,0.066418416374829,0.0500827194890592,0.188740715956556,0.576153969953248,0.293207020367765,0.0540831745689162,0.00440915750733837,0.0209686503385532,0.834562038255409,0.000203406112730845,0.0192974427488654,0.99163084375036,FALSE,0.98748369946644,0.343247198550527,0.998552979915214,0.293975559076293
Maltose.taurine_113,Full,~ DIVA + NGAT + Group + BMI + Age + (1|Patient.ID),0.179498472165281,0.138957650898447,0.563652130279059,-0.00117464033112123,0.00367703744459738,0.750290668904153,-0.00941199659603307,0.0203586165894606,0.645264328924871,0.0655276728567643,0.107266911732925,0.543565055363114,0.019048389443611,0.0109570291161065,0.0899684540175582,-0.00598191326992562,0.00938702163513622,0.526707309676982,FALSE,0.98748369946644,0.751128007889107,0.81951968571971,0.743038470175266
Glucose_116,Full,~ DIVA + NGAT + Group + BMI + Age + (1|Patient.ID),0.0116470674161139,0.653929588250054,0.0174992126255637,-0.0095497581341934,0.00504393403981692,0.0639276226870218,0.106322745596581,0.0327333769295614,0.00177018805553769,0.538571930416344,0.203932607118519,0.0105925977834876,-0.00544695133410787,0.012893257258577,0.675011316010494,-0.0088674440600977,0.0121240567421075,0.46794127770623,FALSE,0.98748369946644,0.0164848762671947,0.801416671014118,0.165631200652274
Glucose_117,Full,~ DIVA + NGAT + Group + BMI + Age + (1|Patient.ID),0,0.473988592884235,0,-0.00715713561704585,0.00423131414190835,0.0947392768881935,0.0753766050129587,0.0275595641361515,0.00771755783941805,0.364501402524069,0.173054287947219,0.0383956016871314,-0.0106405222585199,0.0107890501153695,0.327068020401835,-0.00423250436752934,0.0101683241009845,0.678374550654681,TRUE,0.98748369946644,0.0405564187254991,0.851863883111501,0.27530408160105
Unknown_118,Full,~ DIVA + NGAT + Group + BMI + Age + (1|Patient.ID),0.046903107769809,0.116801893835587,0.286509925230428,-0.000157662657171401,0.00266187524799198,0.95296501272901,-0.033051140430872,0.0161849152900266,0.0445248164118549,-0.190756849807074,0.0911915537566906,0.0406489248001551,-0.00500235159034333,0.00716145245995802,0.489000590849422,0.022837445050492,0.00647282854182712,0.000877622211610405,FALSE,0.98748369946644,0.144221687942747,0.13076570952995,0.27530408160105
Carnitine_119,Full,~ DIVA + NGAT + Group + BMI + Age + (1|Patient.ID),0.0846221854046448,0.0764156476555704,0.525480154548546,0.00219457799520053,0.00263564544951608,0.40781334685488,0.027731586916987,0.0148151567916378,0.0652208235823646,-0.175807332379887,0.0786054638626045,0.028995909651871,-0.000857960395012034,0.0077017946418698,0.911869545728909,0.0204236353073953,0.00665372136896101,0.00337441890874829,FALSE,0.98748369946644,0.181042977560115,0.189505482285125,0.24002169656271
O_phosphocholine_120,Full,~ DIVA + NGAT + Group + BMI + Age + (1|Patient.ID),0.301711670977165,0.171531652017353,0.637540259560429,0.00235364344126352,0.00437246309830841,0.591940221020809,0.0986372026690955,0.0234484243344717,7.85591204258886e-05,-0.0631541752103713,0.122173072638166,0.60711943907111,0.00348979181462515,0.0136481178113039,0.79951271688978,0.0222452979405378,0.0114916859164134,0.0583031351732901,FALSE,0.98748369946644,0.0058526544717287,0.377702919166097,0.753839970179962
Unknown_121,Full,~ DIVA + NGAT + Group + BMI + Age + (1|Patient.ID),0.0836960515718164,0.0593968765448552,0.58490697390422,0.00160742888683761,0.0024506949051727,0.513907449637597,0.0242293038456304,0.0134497590065015,0.0759196729214256,-0.0498928929869724,0.0706146831455619,0.482568155789329,-0.00532335463369064,0.00739132672813596,0.475658877739035,0.00648901511885878,0.0063017426237211,0.307841220863542,FALSE,0.98748369946644,0.191729343479532,0.740169116479054,0.743038470175266
Unknown_122,Full,~ DIVA + NGAT + Group + BMI + Age + (1|Patient.ID),0.119135692729969,0.363085239817799,0.247056244739371,-0.00469974548521994,0.00454337145306764,0.305177838246812,0.0525722425049583,0.0279256449102188,0.0635053069241273,-0.135450597659649,0.159324266845004,0.398591029346649,0.000523935620845204,0.0121088699637989,0.965707584614639,-0.00430378229636747,0.0110153179450337,0.697595655190669,FALSE,0.98748369946644,0.181042977560115,0.859022748953799,0.71554293220061
Unknown_123,Full,~ DIVA + NGAT + Group + BMI + Age + (1|Patient.ID),0.0245601853264094,0.117801838328197,0.172519220336432,-0.000664028783339871,0.0024343813142748,0.786047551136807,-0.0080961639422902,0.0152521802972117,0.597087200073885,-0.108008489696463,0.0892800059448674,0.231186355405855,-0.0099345699248782,0.00638693625002571,0.128162325630394,-0.003329435329844,0.0058775375565141,0.573573556297829,FALSE,0.98748369946644,0.711727942488071,0.848084062672306,0.59827606432766
Unknown_124,Full,~ DIVA + NGAT + Group + BMI + Age + (1|Patient.ID),0.0737074018538311,0.107937852470223,0.405776644857111,0.000322086014162146,0.00282578360258372,0.909601018356838,-0.054304810170507,0.0165723065617012,0.00157499003911255,-0.112835735434246,0.0903066524333542,0.216256999954679,-0.0164315056630925,0.00786968270298946,0.043344004932722,-0.00635383038440224,0.00696431124983142,0.365700356784035,FALSE,0.98748369946644,0.0164848762671947,0.740169116479054,0.596709129504578
Unknown_125,Full,~ DIVA + NGAT + Group + BMI + Age + (1|Patient.ID),0.0526030100501639,0.114849049837749,0.314137730436847,0.00201201378708242,0.0027003893182179,0.459075920639174,-0.0544500261956083,0.0162900210797162,0.00127700908017416,-0.151680861165468,0.0910224513647813,0.100797967152623,-0.0095422504952886,0.00731699648502572,0.199898365461021,0.00433926481004517,0.00658262248701825,0.512649784494491,FALSE,0.98748369946644,0.01463648868815,0.81951968571971,0.405916137992996
Unknown_126,Full,~ DIVA + NGAT + Group + BMI + Age + (1|Patient.ID),0.0566287242052659,0.154965405304145,0.267628994890179,0.00391027675326551,0.00301878499686367,0.200218365664929,-0.0540045567897534,0.0184515395410672,0.00448755247143744,-0.20637350001136,0.104577426459283,0.0530220055206507,-0.00990695601429576,0.00808432037443241,0.227762933791379,0.00686988787437881,0.0073297667737535,0.352921988907226,FALSE,0.98748369946644,0.0290715355758339,0.740169116479054,0.293975559076293
Unknown_128,Full,~ DIVA + NGAT + Group + BMI + Age + (1|Patient.ID),0.0910907860316469,0.113250346250099,0.445778023320585,0.00456622887116417,0.00299437507762975,0.131939526693388,-0.0230981521071952,0.0173271834272498,0.186484763059402,-0.206003053398357,0.0935085680233501,0.0313644543803933,-0.0168545735123358,0.00845870839149173,0.0532589816491156,0.00189991833653634,0.00742821488707158,0.799109074227031,FALSE,0.98748369946644,0.343247198550527,0.902024636816876,0.245963352772558
Creatine_129,Full,~ DIVA + NGAT + Group + BMI + Age + (1|Patient.ID),0.414911362806504,0.492631070845913,0.457181226377138,-0.00293253654017014,0.00630642700034266,0.643409049691525,0.0317572030922766,0.0363485407951811,0.38504703691898,-0.117477737366088,0.19564591281269,0.550418550694187,0.0277455668156128,0.0178926632394373,0.128989532285798,0.00363907853282324,0.0156774863167464,0.81733126549117,FALSE,0.98748369946644,0.551653927893539,0.915656831264544,0.745566945940308
Creatinephosphate_130,Full,~ DIVA + NGAT + Group + BMI + Age + (1|Patient.ID),0.107995070714356,0.111544478273088,0.491916245671672,0.000714924693043152,0.00309216059934203,0.817835916566307,0.057243205208786,0.0176019904636828,0.00172271473608952,-0.059346005245757,0.0940255068728037,0.530322500432619,0.0108134597905656,0.0088988178091419,0.23179661848601,0.0139611679142,0.00774239245568652,0.0771298331345251,FALSE,0.98748369946644,0.0164848762671947,0.435089632778642,0.743038470175266
Unknown_131,Full,~ DIVA + NGAT + Group + BMI + Age + (1|Patient.ID),0.0156951810109922,0.0592394428275613,0.209451655416426,0.00208996216934711,0.00177942124503944,0.245049209530981,-0.0060232868487154,0.0110455789411447,0.587114261517595,-0.0732516397122955,0.0638181642926795,0.255593630043066,-0.00646354325419567,0.00470356805708923,0.17725875810213,-0.00439117403006188,0.00430419933472558,0.312357499222157,FALSE,0.98748369946644,0.711219715171721,0.740169116479054,0.63573450756202
Asparagine_133,Full,~ DIVA + NGAT + Group + BMI + Age + (1|Patient.ID),0.110707090979965,0.0860964109187418,0.562526021701307,0.00464664971198118,0.00289140993341905,0.112347163937953,0.000568800622948605,0.0160161855761159,0.97176902006643,-0.265572571366204,0.0844036201392304,0.00257020858356666,-0.0164085472813796,0.0086106863973638,0.064144868021157,0.0135191128746224,0.007378743441461,0.0726049421422411,FALSE,0.98748369946644,0.991736876643138,0.432725455167757,0.0994370357877883
N.N.dimethylglycine_134,Full,~ DIVA + NGAT + Group + BMI + Age + (1|Patient.ID),0.189758487993471,1.35651063644504,0.122720220558227,-0.0128970936859037,0.00792929650200018,0.109685123362685,0.187959322193327,0.0502762117178377,0.00035967194627013,0.53885636892798,0.299838938733486,0.0774466715510969,0.0371643642812982,0.0206126129635849,0.0793044299487987,-0.0236947043268652,0.0191070470980269,0.220668273766791,FALSE,0.98748369946644,0.0073607467031713,0.730657173138931,0.372243679390756
Aspartate_136,Full,~ DIVA + NGAT + Group + BMI + Age + (1|Patient.ID),0.202834960947983,0.251018710724098,0.446917087176361,0.00164706456964808,0.00446233173610967,0.713203886375735,-0.0595831923912046,0.0258114973854057,0.0236924985798135,-0.243372608309973,0.139258450448766,0.0855493652808615,-0.0164601710484808,0.012610899941247,0.199404325879906,-0.00706411767486216,0.0110720806704708,0.526194937942519,FALSE,0.98748369946644,0.0905174945741593,0.81951968571971,0.378037901099921
Methionine_138,Full,~ DIVA + NGAT + Group + BMI + Age + (1|Patient.ID),0.171384387793936,0.125125234699075,0.57800615829247,0.0012424694095369,0.00353474156914921,0.726209014830908,0.00413010886153199,0.0194553237333057,0.832493913308136,-0.0320288094946432,0.102260042721692,0.755198667265578,-0.00992487507319587,0.0106180825052539,0.355616422784969,0.00431323100067176,0.00906715152878974,0.636243614775822,FALSE,0.98748369946644,0.89238556174757,0.851863883111501,0.827386775165965
Unknown_139,Full,~ DIVA + NGAT + Group + BMI + Age + (1|Patient.ID),0.126490835287116,0.139368763449064,0.475780584520614,0.00369751508996073,0.00340841559230321,0.281772100732426,-0.00927386853155458,0.0195161960590532,0.636028751329606,-0.190330986584351,0.1046115443068,0.0737434247881004,-0.00569440043234919,0.00974254179151963,0.562217606154933,0.0176544674884349,0.00850453457310759,0.0427265057399676,FALSE,0.98748369946644,0.747721189999276,0.303154731202627,0.366259009780899
Methionine_140,Full,~ DIVA + NGAT + Group + BMI + Age + (1|Patient.ID),0.247926802236433,0.217536820166011,0.53264485193662,0.00271679961326299,0.00447518750154955,0.545709144586679,-0.077354477789632,0.0250856688275473,0.00288636073175556,-0.269491221574418,0.132916208429313,0.0469926529826448,-0.0306208784480785,0.0131228385117888,0.0248131292506675,0.00477017122374209,0.0113195671118308,0.675151624562843,FALSE,0.98748369946644,0.0204794166205514,0.851863883111501,0.293975559076293
Unknown_142,Full,~ DIVA + NGAT + Group + BMI + Age + (1|Patient.ID),0.0443595280872043,0.21324014735596,0.172203353947904,0.0044784704449621,0.00327442034610669,0.176851990081576,0.0373516076488184,0.0205168904521334,0.072599556159937,-0.107595106981906,0.120111206035837,0.373946346250914,0.0105566345759638,0.00859036689654083,0.226468090684915,0.017220903853411,0.0079056035859131,0.0339566570663775,FALSE,0.98748369946644,0.191729343479532,0.29762011193472,0.705291210017548
Riboflavin_143,Full,~ DIVA + NGAT + Group + BMI + Age + (1|Patient.ID),0.0369524228735674,0.169513159095447,0.178976188288434,0.0049245024618717,0.00293573108993174,0.0989887137597896,0.0257886959693817,0.0183639610977927,0.16427599562229,-0.121883082184798,0.10724502799911,0.260267147391163,0.00274591090134572,0.00771204773604721,0.723712532836271,0.0163138446823734,0.00709010032692232,0.0254416414319817,FALSE,0.98748369946644,0.324781700944031,0.291600351797328,0.63573450756202
Unknown_145,Full,~ DIVA + NGAT + Group + BMI + Age + (1|Patient.ID),0.0406254856994424,0.135248486499588,0.230992029073341,0.00411935932208866,0.00273661581743139,0.1376868820302,0.0160257798438804,0.016892421897935,0.3457283645113,-0.0897254660229461,0.096889037316512,0.35811424345539,0.00243337882475025,0.0072673390192009,0.739553774117409,0.0187610043720642,0.00662794207861383,0.00658994076859234,FALSE,0.98748369946644,0.520338649618017,0.189505482285125,0.692974315257833
Unknown_146,Full,~ DIVA + NGAT + Group + BMI + Age + (1|Patient.ID),0.0250785023844643,0.171328299430977,0.127686526905672,0.00376353529613549,0.00282953769373223,0.189033736108474,0.0211373707062617,0.0179200337753136,0.24190589383785,-0.147434750030334,0.106667434778974,0.172098356001339,0.00252024183933527,0.00736200013650624,0.733954618452228,0.0176645114824685,0.00681942658660734,0.0124647342097547,FALSE,0.98748369946644,0.397233583747895,0.189505482285125,0.534221980087489
Unknown_148,Full,~ DIVA + NGAT + Group + BMI + Age + (1|Patient.ID),0.048159449168408,0.125848028349075,0.27676654966491,0.00248125477327533,0.0027409569780237,0.368963663193536,0.0228044713803057,0.0167111653886551,0.17630101951783,-0.0810836535242049,0.094441644043064,0.393969716745036,0.00220262883165298,0.00735650672795359,0.766216751660888,0.0177329523492419,0.00665987847027758,0.0102673051348317,FALSE,0.98748369946644,0.332517112761477,0.189505482285125,0.71554293220061
Unknown_153,Full,~ DIVA + NGAT + Group + BMI + Age + (1|Patient.ID),0.0688198571970722,0.0884831663617309,0.437498629334012,-9.34646217599773e-05,0.00262815878296847,0.971737054198249,0.0579108493291768,0.0152512081364179,0.000291832013637859,0.0274731110098389,0.0824655054332759,0.740172217030939,0.00812603389392469,0.0074013832642893,0.279046408101654,0.0177915432073559,0.00651023306045698,0.00852474952488204,FALSE,0.989218233118636,0.0073607467031713,0.189505482285125,0.823027315952312
Glutamine_154,Full,~ DIVA + NGAT + Group + BMI + Age + (1|Patient.ID),0.0748331160419953,0.0660626376021872,0.531123998463279,0.000669129880562281,0.00246285289651471,0.786642990117374,0.0518628616609905,0.0138136907006433,0.000346741806349214,-0.00343761593816281,0.0732128214077765,0.962705220346165,0.00258624152883932,0.0072165755530606,0.722013651481758,0.012939374359921,0.00622695911100419,0.0426126180468396,FALSE,0.98748369946644,0.0073607467031713,0.303154731202627,0.962705220346165
Glutamine.unknown_155,Full,~ DIVA + NGAT + Group + BMI + Age + (1|Patient.ID),0.0516084951796136,0.261917925901163,0.164606526626084,0.00384039865193527,0.00360639391715003,0.291516658396043,-0.0326171335807015,0.0226391060550398,0.153758850757872,-0.200436425249675,0.132902517289549,0.136787010185579,-0.0112069122615669,0.00944742867630498,0.242725876444341,0.0150964209464027,0.00870418097229505,0.0888205280743298,FALSE,0.98748369946644,0.313836558396204,0.455313814523842,0.473982895759333
Succinate_156,Full,~ DIVA + NGAT + Group + BMI + Age + (1|Patient.ID),1.17303148590457,1.09283763116916,0.517696047430793,-0.00299499859655159,0.00989914289571362,0.763117114047097,-0.0697847253039442,0.0558099482730156,0.215120052268168,-0.379620507322509,0.296562960157157,0.205410861469041,0.00448472007268341,0.0288203923738556,0.877149432332047,0.0140328115327986,0.0249399170704661,0.576048803890128,FALSE,0.98748369946644,0.377092797505376,0.848084062672306,0.581047135928588
Saccharopine.unknown_157,Full,~ DIVA + NGAT + Group + BMI + Age + (1|Patient.ID),0.190239438407052,0.40675116546447,0.318664041231699,-0.000879308134619256,0.00510096766068434,0.863706403979471,-0.0178091835061221,0.0307308966499549,0.563908227347162,-0.160442350995761,0.171484241799913,0.353194566063257,0.00280870930148615,0.0138383860126735,0.840228756371668,0.00384997320894426,0.0124398203887494,0.75817754319964,FALSE,0.98748369946644,0.701581830226213,0.897904051373233,0.692974315257833
Glutamate.unknown_158,Full,~ DIVA + NGAT + Group + BMI + Age + (1|Patient.ID),0.160795906103208,0.170529086577099,0.485311732152844,-0.00231965866200671,0.00380144441862097,0.543716542087921,-0.0254032323136939,0.0216918305647266,0.245271742985278,-0.22677539053983,0.116034582970768,0.0552437292223907,0.0127012711350489,0.0109092185143863,0.251337302588095,-0.00193071890832756,0.00950445340941765,0.839800466441194,FALSE,0.98748369946644,0.397233583747895,0.920075511027485,0.293975559076293
Unknown_159,Full,~ DIVA + NGAT + Group + BMI + Age + (1|Patient.ID),0.051052718345443,0.0472084603972309,0.519561428009527,-0.000264019632676457,0.00206082866578211,0.898420106944897,-0.0182388902841795,0.0116103943630323,0.120494633818378,-0.107535274368282,0.061672724781916,0.0862636821301833,-0.00180289924087396,0.00600515970997703,0.765582612984665,0.00146817253756017,0.00519454047537665,0.77854898737517,FALSE,0.98748369946644,0.256481434841976,0.902024636816876,0.378037901099921
Glutamate.unknown_161,Full,~ DIVA + NGAT + Group + BMI + Age + (1|Patient.ID),0.0586739474429522,0.0389888275197837,0.60078108025642,-5.7082405250894e-05,0.00201456722408236,0.977470326489353,-0.00086215379643677,0.0109816426464334,0.937649979870444,-0.0351666202790476,0.0575138307364425,0.543219899917809,-0.00531000346369914,0.00613479987979726,0.392037996793915,-0.00139548339197283,0.00521120203024815,0.789917605382828,FALSE,0.989218233118636,0.970207270838167,0.902024636816876,0.743038470175266
Unknown_162,Full,~ DIVA + NGAT + Group + BMI + Age + (1|Patient.ID),0.030257405078299,0.0408843318320495,0.42531158771719,0.000683605174703322,0.00176808473714524,0.700267583841706,0.00666904074735154,0.0103025017284333,0.519357367634229,-0.0502708001863315,0.055870198087653,0.371802478750953,-0.000429573957910189,0.00495739061395571,0.931397120819231,-0.000224853221634051,0.00437079644809936,0.95916627449931,FALSE,0.98748369946644,0.65679142702717,0.987875974394764,0.705291210017548
Valine.unknown_168,Full,~ DIVA + NGAT + Group + BMI + Age + (1|Patient.ID),0.0427176039880699,0.0547319033119004,0.438356284927906,0.000127312694501208,0.00206851497400932,0.951107061261467,-0.000184793320603134,0.0120000885788016,0.987753798042466,-0.0954890378287879,0.0648730570474943,0.146228722090993,-0.00582310408227166,0.00582716017560923,0.323929879631288,-0.00434143794619559,0.00512469522755976,0.400756463850112,FALSE,0.98748369946644,0.994161267895887,0.740169116479054,0.490020362193044
Unknown_169,Full,~ DIVA + NGAT + Group + BMI + Age + (1|Patient.ID),0.032731422514305,0.221389622950276,0.128802486446826,-0.000544397625384269,0.00321942951562207,0.866348720484469,0.0149687219385454,0.0203839579617351,0.465028762170936,-0.127789501720534,0.12128168861583,0.296327554897984,0.00386948496271754,0.00837810107710515,0.646788254180755,0.00881282042092066,0.00775939966936364,0.261380454466945,FALSE,0.98748369946644,0.61865433538812,0.740169116479054,0.673946094329621
Glutarate_171,Full,~ DIVA + NGAT + Group + BMI + Age + (1|Patient.ID),0.0693102388298189,0.0522756394091844,0.570051718453476,0.00118589592864952,0.0022683512014722,0.602681247441006,-0.0101267445790503,0.0125262740297128,0.421535198693328,-0.16885957899036,0.0659272795329835,0.0129420532194074,-0.00372547626054637,0.00678329470762259,0.585971737996553,0.00580129907430304,0.00580296420851295,0.322004787637445,FALSE,0.98748369946644,0.581562450049128,0.740169116479054,0.175305993608337
Glutamine.unknown_172,Full,~ DIVA + NGAT + Group + BMI + Age + (1|Patient.ID),0.0739819648896725,0.25381859035094,0.225692006028996,0.000357973018332257,0.0037326802353767,0.923928720689255,0.0638326115154583,0.0230729304435332,0.00708370560979518,-0.0944089442843631,0.132573676787123,0.479132412423273,0.00076999895847326,0.00990098450947753,0.938407935149148,0.0161103791758952,0.00903741235198297,0.0804551098217178,FALSE,0.98748369946644,0.0390915605873882,0.435089632778642,0.743038470175266
Glutamine.glutamate_173,Full,~ DIVA + NGAT + Group + BMI + Age + (1|Patient.ID),0.0521515334456347,0.143355581259592,0.266750054207825,0.00220556354106623,0.00290140435516095,0.450164602827549,0.0417507766198032,0.0177383603975566,0.0211126146966748,-0.0536229085193183,0.100563367920436,0.595835455536872,-0.00429478187798861,0.00776834457298995,0.583535517260393,0.0112314396837438,0.00704429487407435,0.116874906272212,FALSE,0.98748369946644,0.0850210699947174,0.506799632361139,0.753839970179962
Methionine.glutamate.glutamine_177,Full,~ DIVA + NGAT + Group + BMI + Age + (1|Patient.ID),0.120897099052834,0.1810944148365,0.400332769274892,0.00128829029625383,0.00364345109242652,0.724784217510842,-0.0508836537865209,0.0214055167676559,0.0199237592310705,-0.0879360958695744,0.116805035632815,0.454433159679345,-0.0266501224583876,0.0101284204958693,0.012097700814213,0.000908724565078109,0.00897235380316661,0.919708058163706,FALSE,0.98748369946644,0.0850210699947174,0.96504577934079,0.743038470175266
Unknown_182,Full,~ DIVA + NGAT + Group + BMI + Age + (1|Patient.ID),0.0280776850490993,0.0540505657077083,0.341876087586973,0.00160606600738168,0.001895584225352,0.400091992961307,-0.00317336977979074,0.0113417085285277,0.780375158683306,-0.0257406896149195,0.062867909716278,0.683661319407277,-0.00973424394353942,0.00517569336026038,0.0675745827095829,-0.00293104009557099,0.00463385386286654,0.52978848991849,FALSE,0.98748369946644,0.86414094423,0.81951968571971,0.796125704726316
Unknown_185,Full,~ DIVA + NGAT + Group + BMI + Age + (1|Patient.ID),0.0425728900897054,0.0475911114516507,0.472171702252791,-0.000921382668440615,0.00198555025752817,0.64408527263874,-0.00860081770304606,0.0113837257637076,0.452284378861132,-0.0496069766485333,0.0610677889085425,0.419779973293761,-0.010902046676906,0.00566709135071167,0.0617586243477513,0.000401078756443079,0.00495057944750268,0.935734892598465,FALSE,0.98748369946644,0.61263974954826,0.974996496483715,0.735849600244358
Glutamate_187,Full,~ DIVA + NGAT + Group + BMI + Age + (1|Patient.ID),0.0694626284436541,0.048606749085291,0.58832044258576,0.000371777722054439,0.00222385425476646,0.867683702250616,-0.00266935692808717,0.0121872454785877,0.827265621754387,-0.0325685173333815,0.063951319050487,0.612431337603162,-0.00941743927174308,0.00672076726331236,0.169069853502123,-0.00065880176580452,0.00572552681096331,0.908834194517298,FALSE,0.98748369946644,0.89238556174757,0.96504577934079,0.754150985974141
Glutamate.unknown_189,Full,~ DIVA + NGAT + Group + BMI + Age + (1|Patient.ID),0.0471821924267165,0.0504418862207661,0.483304867819443,0.00133705151430658,0.00206390744504321,0.519245949412188,0.0187536747334189,0.0117856690190683,0.115773333703879,-0.0134244506749137,0.063071319228355,0.832163769486112,-0.00730519238510911,0.00591790218388294,0.224540050058358,0.000251110192233933,0.0051579829621608,0.961355814008327,FALSE,0.98748369946644,0.2536798047335,0.987875974394764,0.861058344815491
Unknown_190,Full,~ DIVA + NGAT + Group + BMI + Age + (1|Patient.ID),0.0441024136860295,0.04886300206478,0.47439591734032,0.00151269801337139,0.00201577002274414,0.455567193814097,0.0208985287475904,0.0115477974460067,0.074335674599284,-0.0330088426811752,0.0619177257623335,0.595921562121391,-0.00773387859894002,0.00575856380549283,0.1872216116148,0.00225084879739166,0.00502822200084076,0.656261677654866,FALSE,0.98748369946644,0.191729343479532,0.851863883111501,0.753839970179962
Unknown_191,Full,~ DIVA + NGAT + Group + BMI + Age + (1|Patient.ID),0.0345731823008484,0.0515369572118568,0.401499550418767,0.000929543587080915,0.00194556796678958,0.634422364064442,0.0118709376377697,0.0114260174756614,0.302078481719514,-0.0362324217543535,0.0623306739302434,0.563213569937034,-0.00747618423399262,0.0054105751487382,0.175135574395049,0.00217783875578976,0.00479196032557535,0.651373720317439,FALSE,0.98748369946644,0.464017461610387,0.851863883111501,0.749275195719803
Unknown_192,Full,~ DIVA + NGAT + Group + BMI + Age + (1|Patient.ID),0.0372104015926979,0.052111506696853,0.416587624528515,0.000303796504096803,0.00198145000041289,0.878618088018875,0.00212620289145216,0.0115793488546684,0.85479519615825,-0.0636610419348419,0.0629287895593995,0.315764053090184,-0.00913000601474503,0.00553865662811966,0.10754559183669,0.00384843603501601,0.00489143846566755,0.434983085273061,FALSE,0.98748369946644,0.90974631591128,0.771577139353405,0.682698271560718
Unknown_193,Full,~ DIVA + NGAT + Group + BMI + Age + (1|Patient.ID),0.0470035411324818,0.067929409787682,0.408964885667401,0.00016582424843353,0.00224775381749483,0.941416812603401,-0.00364040493707574,0.0131686130641119,0.782946493094296,-0.0541273160590814,0.0717015944249662,0.453245873826677,-0.0103860776709402,0.00626664218611062,0.105648677575017,0.00141962782653154,0.00554236079251475,0.798845965514501,FALSE,0.98748369946644,0.86414094423,0.902024636816876,0.743038470175266
Isoleucine.unknown_194,Full,~ DIVA + NGAT + Group + BMI + Age + (1|Patient.ID),0.083077053352183,0.0707405859487567,0.540100951553711,-0.000294723824045469,0.00256891795577768,0.908980274567954,-0.0297098456487674,0.0143581110625462,0.0420913624242123,-0.0979196596913463,0.0759702686709287,0.202333164894406,-0.010920938019905,0.00756098580835666,0.156623904233018,-0.00314251628398792,0.00651143441439091,0.631363257233477,FALSE,0.98748369946644,0.139369177804614,0.851863883111501,0.581047135928588
Unknown_195,Full,~ DIVA + NGAT + Group + BMI + Age + (1|Patient.ID),0.0639765394117478,0.111677222391188,0.364219580355601,0.0016589881464964,0.00277588722300863,0.552200009056505,-0.0359701945787517,0.0164959999277766,0.0322423211426024,-0.0674948076213673,0.0908745561003813,0.460498728111914,-0.0161393879937658,0.00762907643659766,0.040801655642353,-0.0059702934799603,0.00680325723761328,0.384134593940835,FALSE,0.98748369946644,0.114383472624947,0.740169116479054,0.743038470175266
Unknown_196,Full,~ DIVA + NGAT + Group + BMI + Age + (1|Patient.ID),0.0563827206229785,0.134012375985245,0.296135360770332,0.00251674255978866,0.00287395787180548,0.384641164444441,-0.0349881678050075,0.0174269748801321,0.0481391311308202,-0.065288297478495,0.0979012823245225,0.507373605097608,-0.0173033815590765,0.00775083750300372,0.0313776340481772,-0.0045400098320702,0.00699426003396128,0.519085331362668,FALSE,0.98748369946644,0.152611288053026,0.81951968571971,0.743038470175266
Acetate_197,Full,~ DIVA + NGAT + Group + BMI + Age + (1|Patient.ID),0.232699972647563,0.379608259263364,0.380037308858872,-0.00583422208656034,0.0051859550385651,0.264883627948177,0.0820141324569016,0.0306661842174066,0.00912785509868252,-0.216822736623714,0.16822192737735,0.202462544658287,0.00389490362275965,0.0143223128288887,0.787205836824759,0.0226171173560843,0.0127353197853338,0.0817618101865904,FALSE,0.98748369946644,0.0453350136567898,0.435089632778642,0.581047135928588
Lysine.unknown_198,Full,~ DIVA + NGAT + Group + BMI + Age + (1|Patient.ID),0.0796698054972992,0.180567191910739,0.306143270521913,-0.00278841142811448,0.00336367287125173,0.410400324544135,0.0154422729270803,0.0203382061662078,0.44997729038828,-0.0593682051547424,0.113912227820908,0.604172166467855,-0.0143607515423449,0.00909503372100985,0.122725618971706,0.00616854384160743,0.00819337194634616,0.454959295610217,FALSE,0.98748369946644,0.61263974954826,0.788243430766539,0.753839970179962
Lysine.unknown_199,Full,~ DIVA + NGAT + Group + BMI + Age + (1|Patient.ID),0.0335534567511014,0.201112077942229,0.142984170193336,-0.00365262308349911,0.00310449054349169,0.244457701616096,-0.00610649920083585,0.0195903606770292,0.756120310620994,-0.0725460187410716,0.115932560558525,0.533872872047639,-0.0108078083322241,0.00809973585448085,0.189926023399437,0.00319122942655159,0.0074862417817607,0.671695352216573,FALSE,0.98748369946644,0.847082152500212,0.851863883111501,0.743038470175266
Lysine.unknown_200,Full,~ DIVA + NGAT + Group + BMI + Age + (1|Patient.ID),0.029497712589027,0.128847165686487,0.186287759416519,-0.00175389873354043,0.00257488550171905,0.498568793477801,-0.00884924314949283,0.0160774434068407,0.583637952213049,-0.0649827499679352,0.0936468418571423,0.49042852546159,-0.0114728216875586,0.00677395701419416,0.0983921119834167,0.00172565052759282,0.00622080048131952,0.782583482593654,FALSE,0.98748369946644,0.711219715171721,0.902024636816876,0.743038470175266
Unknown_201,Full,~ DIVA + NGAT + Group + BMI + Age + (1|Patient.ID),0.0270505772553478,0.106143274740444,0.203091785769529,-0.00100295920832913,0.00236948462466495,0.673687404044788,-0.00851351416099296,0.0147322882552465,0.56503234649091,-0.0530664421257163,0.0853063501593377,0.536259223951321,-0.0105780786810413,0.00625497762136245,0.098867852215685,0.00119688604813607,0.00572949802649204,0.835348490648049,FALSE,0.98748369946644,0.701581830226213,0.920075511027485,0.743038470175266
Unknown_202,Full,~ DIVA + NGAT + Group + BMI + Age + (1|Patient.ID),0.0311361281855575,0.0843351210375229,0.269643988395806,-0.000347819557332068,0.00223068698555866,0.876623989950742,-0.00910137951046998,0.0136269421474837,0.506176017571663,-0.0714929035990898,0.0771839441691773,0.35801501255246,-0.00979962429908533,0.00597667345418429,0.109268926676395,-0.000187190448654553,0.00541705066909395,0.972566581670424,FALSE,0.98748369946644,0.655828057549373,0.992550826499268,0.692974315257833
Leucine.lysine_205,Full,~ DIVA + NGAT + Group + BMI + Age + (1|Patient.ID),0.156661950470557,0.203949180650673,0.434434594360566,0.000675196399526123,0.00397969738883791,0.865788268234474,-0.0499690326188475,0.0231182382497033,0.0337885414924127,-0.165569233732688,0.125094739734632,0.190573660150575,-0.0327054293276842,0.0111950139009871,0.00574129229443255,-0.0061750146348222,0.009852965089527,0.53351281553565,FALSE,0.98748369946644,0.117081225171384,0.81951968571971,0.579499497192565
Leucine.unknown_209,Full,~ DIVA + NGAT + Group + BMI + Age + (1|Patient.ID),0.0709194758462951,0.134035792481381,0.346024166272765,-0.000521565737826861,0.00299536698481999,0.862326877558975,-0.0250488058618846,0.0178995638893904,0.165660464911049,-0.227669803276818,0.0991029344412049,0.0250420291928221,-0.0113163896437835,0.00818825946516616,0.174764184626446,-0.00952994276482634,0.00732567098433461,0.19890260339999,FALSE,0.98748369946644,0.324781700944031,0.726485726565145,0.219486020572382
Leucine.unknown_211,Full,~ DIVA + NGAT + Group + BMI + Age + (1|Patient.ID),0.0698511879065472,0.180052602542864,0.279512318644432,-0.00182649999454173,0.0032859436928708,0.580375837496371,-0.0166833652630979,0.0200185671572738,0.40717035176153,-0.22325206833806,0.113036299656254,0.0528140177446139,-0.00808725935328607,0.00882513528420663,0.36506969697771,-0.00731390178975766,0.0079858101476693,0.36391010648481,FALSE,0.98748369946644,0.566994228153906,0.740169116479054,0.293975559076293
Alanine_212,Full,~ DIVA + NGAT + Group + BMI + Age + (1|Patient.ID),0.132555946611387,0.139095917896707,0.48796258715698,0.000677252128944495,0.00344115817005424,0.844551621424381,-0.0127895657108238,0.0196170095722176,0.516425190494592,-0.326778687121983,0.104876728968867,0.00280122592270621,-0.00853651749391258,0.00988640589342858,0.39319245594026,0.0138699565764146,0.00860865688727048,0.113099677137255,FALSE,0.98748369946644,0.65679142702717,0.506799632361139,0.0994370357877883
Unknown_214,Full,~ DIVA + NGAT + Group + BMI + Age + (1|Patient.ID),0.0630422374873249,0.10534904919181,0.37437945116157,0.00174768073702785,0.00271906851120907,0.522681512100691,-0.0195804924636131,0.0161073349698584,0.227812144426039,-0.129660881751595,0.0884910060909234,0.147992726836825,-0.0112798853777584,0.00749615120170108,0.140429581072817,-0.0157465852916166,0.00667242762060312,0.0219880489586765,FALSE,0.98748369946644,0.385727380903179,0.273018274570234,0.490020362193044
Unknown_215,Full,~ DIVA + NGAT + Group + BMI + Age + (1|Patient.ID),0.0429005531779509,0.0795289246856704,0.350410325409861,0.000199193625205475,0.00231572025185962,0.931724631645788,-0.031996264632684,0.0138197845494404,0.0232341173108127,-0.13515710968073,0.0764211530767058,0.0819603746126273,-0.0117892240883914,0.00633839400015273,0.0703978224401247,-0.0156436739427696,0.00566627103317701,0.0078970424550141,FALSE,0.98748369946644,0.0905174945741593,0.189505482285125,0.378037901099921
Isoleucine.unknown_218,Full,~ DIVA + NGAT + Group + BMI + Age + (1|Patient.ID),0.0247599106299872,0.161807114560129,0.132713219845556,-0.00168866091973302,0.00276120219871477,0.543370006578321,0.0276065803042777,0.0174665894882964,0.118179454155472,0.0998732298690146,0.103768159739789,0.339731917491709,-6.65326944282992e-05,0.00719066300628658,0.992665357184169,-0.0087569936827384,0.00665590803848924,0.194173428989926,FALSE,0.98748369946644,0.255199111147324,0.726485726565145,0.692974315257833
Unknown_219,Full,~ DIVA + NGAT + Group + BMI + Age + (1|Patient.ID),0.0291591694131945,0.0995543492300479,0.226543176820576,-0.00294604230496968,0.0023393352854031,0.212936548918767,-0.01770537005437,0.0144569842266267,0.224408222348734,-0.0296601025299852,0.0830439325748358,0.72221476028476,-0.00663437981077222,0.00620626928294564,0.291612885207603,-0.0146899198367841,0.00566419570650033,0.0122893070051071,FALSE,0.98748369946644,0.385727380903179,0.189505482285125,0.82145037620175
Unknown_220,Full,~ DIVA + NGAT + Group + BMI + Age + (1|Patient.ID),0.0381378454888104,0.100779431670657,0.274536373506881,-0.00305702331738611,0.00244831916631079,0.216659730815009,-0.0292518956714112,0.0149362345259154,0.0537581986508764,-0.0273994421831369,0.084469726039467,0.746772554555686,-0.0073807362567588,0.00656752544264018,0.267918471610132,-0.017115380802662,0.0059477964302869,0.00577359766156798,FALSE,0.98748369946644,0.163468808142461,0.189505482285125,0.824215634287387
Propylene_glycol_221,Full,~ DIVA + NGAT + Group + BMI + Age + (1|Patient.ID),0.080685047369055,0.3107712805891,0.20611506726666,-0.00233732286609911,0.00406448112498518,0.567510277262956,0.00258619434925462,0.0252514408235848,0.918691470309476,0.382710828360217,0.146063643382794,0.0111161879632399,-0.00127397454329931,0.0107361902003714,0.906155805989592,0.0151534434689854,0.0098296687988465,0.129250912951163,FALSE,0.98748369946644,0.957237965567216,0.506799632361139,0.165631200652274
Isoleucine_225,Full,~ DIVA + NGAT + Group + BMI + Age + (1|Patient.ID),0.360889213519377,0.441274646696845,0.449894630533592,-0.00343827014855232,0.00593154984739827,0.564066331818792,-0.0973269269880678,0.034274630281774,0.00579064468149191,-0.0840929961221346,0.18479134373227,0.650668642537723,-0.0303503205277195,0.0167819527251236,0.0781556359829296,-0.0138419896651452,0.0147255284085617,0.351444291923452,FALSE,0.98748369946644,0.0336288488398467,0.740169116479054,0.774453170220868
Valine_227,Full,~ DIVA + NGAT + Group + BMI + Age + (1|Patient.ID),0.14775273254088,0.197397941586598,0.428081830969592,-0.000961144820426527,0.00389418454132455,0.805808992063221,-0.0434415900556033,0.0226700519908098,0.0590613007078724,-0.101295068997734,0.12285667291203,0.412858715219324,-0.0291956946603522,0.0109293745876719,0.010931457772775,-0.00936098663781925,0.00963099609922368,0.33544938566276,FALSE,0.98748369946644,0.17600267610946,0.740169116479054,0.732332721043801
Leucine_229,Full,~ DIVA + NGAT + Group + BMI + Age + (1|Patient.ID),0.216986149232727,0.250862341194884,0.463795766519206,0.000471061125267854,0.00452590409706435,0.917409242451956,-0.0885084307270075,0.0260255505911783,0.00107574380643134,-0.130179578532035,0.139873463296299,0.355670418602407,-0.0367167715149304,0.0128743308594424,0.00688623571601297,-0.0173742208942193,0.0112655564443986,0.128916798651414,FALSE,0.98748369946644,0.0133571522631891,0.506799632361139,0.692974315257833
Leucine.isoleucine_230,Full,~ DIVA + NGAT + Group + BMI + Age + (1|Patient.ID),0.155331323289596,0.205687080995137,0.430258738740331,0.000275883282866474,0.00398245939764354,0.944977807404952,-0.0632042655130743,0.0231669632052062,0.00789353116133876,-0.134220943855007,0.125483773983084,0.288983462725988,-0.0288759472936355,0.0111858598181411,0.013664031803004,-0.0165990949079031,0.00985287181583144,0.0978738314545914,FALSE,0.98748369946644,0.0405564187254991,0.470425835055939,0.673946094329621
NAD._2,Reduced,~ DIVA + NGAT + Group + (1|Patient.ID),0.103350302018633,1.92831812524782,0.0508696697904034,-0.0111098010596924,0.00887326614218975,0.215935259592599,0.00506592132061763,0.0440512201564847,0.908825155279533,0.107899431996378,0.341874412863267,0.753445651077571,NA,NA,NA,NA,NA,NA,FALSE,0.995811254164542,0.93721092408335,NA,0.880798462691571
Unknown_3,Reduced,~ DIVA + NGAT + Group + (1|Patient.ID),0.363142644782956,1.30531067645614,0.217652265220859,-0.0154546962751554,0.00838368479763849,0.070242812682136,0.115452231229407,0.0411365067203275,0.00654351083304459,-0.123078206813502,0.290609990420113,0.673434882156309,NA,NA,NA,NA,NA,NA,FALSE,0.995811254164542,0.0167952260073359,NA,0.877252037200617
Formate_5,Reduced,~ DIVA + NGAT + Group + (1|Patient.ID),0.617853636282636,0.572241158155054,0.519163380236922,-0.0143147275634323,0.00716042802068225,0.0493151376399392,0.174400235353611,0.034068244874125,2.10659740818434e-06,-0.644290195189803,0.208297923159573,0.00297721093588572,NA,NA,NA,NA,NA,NA,FALSE,0.995811254164542,5.23138356365779e-05,NA,0.137676180208035
Unknown_7,Reduced,~ DIVA + NGAT + Group + (1|Patient.ID),0.410821540602708,0.528512910363815,0.437353852166282,-0.00418003934750954,0.00640933568174958,0.516436420867123,0.148756974531358,0.030801787161024,6.84479468982241e-06,-0.0988172759135374,0.195268596208719,0.614592463998024,NA,NA,NA,NA,NA,NA,FALSE,0.995811254164542,0.000127484301097942,NA,0.85987949175523
Unknown_8,Reduced,~ DIVA + NGAT + Group + (1|Patient.ID),0.29360282637276,0.323775572143336,0.475563814798915,-0.00273441473301652,0.00518441784883007,0.599535251289556,0.0815604693802876,0.0248035178646331,0.00151386672844181,-0.117702712790845,0.15456301623601,0.449214605015014,NA,NA,NA,NA,NA,NA,FALSE,0.995811254164542,0.00550161323263,NA,0.77829042031671
Hypoxanthine_10,Reduced,~ DIVA + NGAT + Group + (1|Patient.ID),0.121355695538817,0.230939808926852,0.344471314565535,-0.000498344645369994,0.00391711150557388,0.89915640600033,0.00181007431924262,0.0190085823812807,0.924397749499815,-0.148388094177973,0.125899616551219,0.243061783252741,NA,NA,NA,NA,NA,NA,FALSE,0.995811254164542,0.943392223804606,NA,0.682316742755144
NAD._11,Reduced,~ DIVA + NGAT + Group + (1|Patient.ID),0.066471097453021,0.46641847771886,0.124737094794134,0.00689752211201489,0.00464116914476769,0.142798481078957,-0.0071416793204766,0.0229296869645871,0.756471325207692,-0.195060588146698,0.17045768275636,0.257138919699376,NA,NA,NA,NA,NA,NA,FALSE,0.995811254164542,0.841150951163776,NA,0.69608942722526
Tryptophan_14,Reduced,~ DIVA + NGAT + Group + (1|Patient.ID),0.10085662405636,0.108062887726914,0.482753492938397,-0.00456220161495157,0.00301389634446246,0.134492325884841,0.0083276316995512,0.0144065182792892,0.564893563211444,0.077158328265682,0.0894891730251603,0.39185944252199,NA,NA,NA,NA,NA,NA,FALSE,0.995811254164542,0.678783394504074,NA,0.769837272745528
Unknown_15,Reduced,~ DIVA + NGAT + Group + (1|Patient.ID),0.284506802735312,0.256751243756916,0.525639858066105,-0.00587475038325555,0.00482385767200475,0.227151198174602,0.0754490479850927,0.0229314118489143,0.0014951256871979,-0.035080509116161,0.139818124864567,0.802708382419291,NA,NA,NA,NA,NA,NA,FALSE,0.995811254164542,0.00550161323263,NA,0.899274804364469
Phenylalanine_19,Reduced,~ DIVA + NGAT + Group + (1|Patient.ID),0.18120319992126,0.224532325843091,0.446604224709921,0.00334363565673996,0.00421082535466163,0.429844908701956,-0.0615936424278047,0.0202148540392393,0.00316491283052753,-0.064600073968547,0.127614716269282,0.614480866096283,NA,NA,NA,NA,NA,NA,FALSE,0.995811254164542,0.00982441691142921,NA,0.85987949175523
Tyrosine_20,Reduced,~ DIVA + NGAT + Group + (1|Patient.ID),0.186728106577566,0.258304061888544,0.419583391513383,-0.000662258146222605,0.00441332811795255,0.881158323723713,-0.0563646887416646,0.0212515513089078,0.00972663212313426,-0.00589444578818692,0.13582823839069,0.965523833233254,NA,NA,NA,NA,NA,NA,FALSE,0.995811254164542,0.0222964336361078,NA,0.979896211827176
Unknown_22,Reduced,~ DIVA + NGAT + Group + (1|Patient.ID),0.0323718764687637,0.123412435240737,0.207799335591181,-0.000595134974772219,0.00255698077288647,0.816756472366999,-0.0430262709049487,0.012556116959055,0.00104829189988447,-0.0767913541687875,0.0891698512822269,0.392570064958872,NA,NA,NA,NA,NA,NA,FALSE,0.995811254164542,0.00460440167550979,NA,0.769837272745528
Unknown_23,Reduced,~ DIVA + NGAT + Group + (1|Patient.ID),0.59178447851902,0.790530794237695,0.428111075803163,-0.0125178996644134,0.00777705641266599,0.112071523269448,0.232348575521736,0.0374136147446892,2.559576535244e-08,0.253986421059329,0.238189858213191,0.290407298110159,NA,NA,NA,NA,NA,NA,FALSE,0.995811254164542,3.81376903751357e-06,NA,0.727854988053864
Unknown_24,Reduced,~ DIVA + NGAT + Group + (1|Patient.ID),0.449488402683672,1.3541554985535,0.249211278554129,-0.003054213326192,0.00876443301711415,0.728681656366025,0.204377501946431,0.0428950930372565,1.0172254194986e-05,0.368906842716814,0.298052334627853,0.220596524157811,NA,NA,NA,NA,NA,NA,FALSE,0.995811254164542,0.000145034393044927,NA,0.682316742755144
Unknown_25,Reduced,~ DIVA + NGAT + Group + (1|Patient.ID),0.204996525849297,0.526548815817084,0.28022395082489,-0.00226128220964221,0.00560716835497373,0.688135650443925,0.138420267060043,0.0273705809293342,3.29395462681175e-06,0.190684112951493,0.187173837958856,0.312388704478402,NA,NA,NA,NA,NA,NA,FALSE,0.995811254164542,7.01141770564216e-05,NA,0.727854988053864
Unknown_26,Reduced,~ DIVA + NGAT + Group + (1|Patient.ID),0.0785879344132002,0.514088208743097,0.132598444058639,-0.00338480551859523,0.0049044185263074,0.492932391869931,0.100081651200637,0.0242170606292322,0.000107009642071178,0.123151879352898,0.179229707348038,0.494732480340627,NA,NA,NA,NA,NA,NA,FALSE,0.995811254164542,0.000963843298525957,NA,0.806414449996188
Unknown_28,Reduced,~ DIVA + NGAT + Group + (1|Patient.ID),0,0.743982276482493,0,-0.00242763772757605,0.00527974327316091,0.646905354000255,0.115118643672018,0.0262917316196093,3.58252926523031e-05,0.220355918376234,0.210487547696321,0.298306083939362,NA,NA,NA,NA,NA,NA,TRUE,0.995811254164542,0.000410612969630244,NA,0.727854988053864
Uridine_29,Reduced,~ DIVA + NGAT + Group + (1|Patient.ID),0.293330464427509,0.49350739286247,0.372796582815417,-0.00294237280358399,0.00586367491304078,0.617485406793974,0.0565593454627377,0.0283751035952634,0.049922598877963,0.0538833524777448,0.185387801351816,0.772296673557724,NA,NA,NA,NA,NA,NA,FALSE,0.995811254164542,0.083578283514792,NA,0.885170802770007
Uracil_30,Reduced,~ DIVA + NGAT + Group + (1|Patient.ID),0.501899945710479,0.415897547335999,0.54685260039718,-0.0101651179703846,0.00625658426444336,0.108428637408513,0.104833560037595,0.0296560251415326,0.000682551133074624,0.177598806592121,0.179205533937427,0.325493256670343,NA,NA,NA,NA,NA,NA,FALSE,0.995811254164542,0.00391154303185073,NA,0.74613069605971
Unknown_31,Reduced,~ DIVA + NGAT + Group + (1|Patient.ID),0.748581695164348,0.885350337488208,0.458147389367896,-0.00545089420656736,0.00844493956524198,0.520731544931216,0.149491264627779,0.0404869927753728,0.000412011980814728,0.333105676894318,0.25426344326982,0.194986745503994,NA,NA,NA,NA,NA,NA,FALSE,0.995811254164542,0.0027904447791543,NA,0.675651746048723
Maltose.Glucose_32,Reduced,~ DIVA + NGAT + Group + (1|Patient.ID),0.326656975495099,0.409640855878002,0.443647884832047,-0.00350568629921055,0.00567319938202442,0.538627846994751,-0.0079432772285654,0.0272445178281375,0.771411407375834,0.299729015476331,0.172223186724775,0.0867100919017834,NA,NA,NA,NA,NA,NA,FALSE,0.995811254164542,0.851409627399994,NA,0.430660123112191
Unknown_33,Reduced,~ DIVA + NGAT + Group + (1|Patient.ID),0.845687417099783,1.01601081912843,0.454255904981217,-0.00215600662265024,0.00901639181857762,0.811706798476031,-0.0303821163785361,0.0432464191586516,0.484454871748609,0.325653160596477,0.272068900351286,0.235824727718871,NA,NA,NA,NA,NA,NA,FALSE,0.995811254164542,0.591670294184777,NA,0.682316742755144
Unknown_34,Reduced,~ DIVA + NGAT + Group + (1|Patient.ID),0.806142871713993,1.02771974831083,0.43958738397922,-0.0150262560451285,0.00895473665604897,0.0978775681971544,-0.00476776547916439,0.0430234734794116,0.912050899275743,0.773491803947711,0.272470731328897,0.00612868039528433,NA,NA,NA,NA,NA,NA,FALSE,0.995811254164542,0.93721092408335,NA,0.137676180208035
Maltose.unknown_37,Reduced,~ DIVA + NGAT + Group + (1|Patient.ID),0.376931553382807,0.668827651572461,0.360438188444088,0.00212325190230154,0.00675578559688234,0.754306272474396,-0.100778125164842,0.0327326547470329,0.00292262850370544,0.139864548596437,0.21512872418567,0.518027564036735,NA,NA,NA,NA,NA,NA,FALSE,0.995811254164542,0.00946677493591545,NA,0.807947264776117
Maltose.glucose.unknown_38,Reduced,~ DIVA + NGAT + Group + (1|Patient.ID),0.286902000264698,0.422175487649091,0.404613043221562,-0.00601496561808515,0.00557092497762506,0.284102000118611,0.0157009109172465,0.0268693172604431,0.560733043093808,0.344231609324359,0.172932187183877,0.050928012797563,NA,NA,NA,NA,NA,NA,FALSE,0.995811254164542,0.678783394504074,NA,0.316178079451537
Ascorbate_40,Reduced,~ DIVA + NGAT + Group + (1|Patient.ID),0.161522888600057,0.218141500595588,0.425435972391982,0.000338324259323479,0.00407600136309037,0.934089256714176,0.0625393548481492,0.0196145356089668,0.00207550767953286,-0.0964656972135685,0.125027520622527,0.443286687214582,NA,NA,NA,NA,NA,NA,FALSE,0.995811254164542,0.00719187544768362,NA,0.77829042031671
Unknown_41,Reduced,~ DIVA + NGAT + Group + (1|Patient.ID),0.00531322248633937,0.0573601380726258,0.084776409609319,0.00133899450546019,0.00157440992217685,0.398744181702735,-0.00249008529943336,0.00779925275857857,0.750596833844166,-0.0301079128801152,0.0593272949749067,0.61374406236649,NA,NA,NA,NA,NA,NA,FALSE,0.995811254164542,0.840894197314141,NA,0.85987949175523
Threonine_42,Reduced,~ DIVA + NGAT + Group + (1|Patient.ID),0.0181970952538649,0.0315184534599591,0.366024226316243,-3.43535156631719e-05,0.0014734508031197,0.98146993013494,0.00731141013560735,0.00713508779392119,0.308854934761868,-0.0253915921052359,0.0467681888586008,0.589149800130903,NA,NA,NA,NA,NA,NA,FALSE,0.995811254164542,0.410887368567128,NA,0.85987949175523
Unknown_43,Reduced,~ DIVA + NGAT + Group + (1|Patient.ID),0.030150059869081,0.0409832629514962,0.423852825561515,0.000632132776173622,0.00176434102220604,0.721228713628935,0.00681153239498665,0.00849185294398594,0.424974197973023,-0.0200027877766103,0.0541684685330071,0.713174526652661,NA,NA,NA,NA,NA,NA,FALSE,0.995811254164542,0.541206457247697,NA,0.880798462691571
Unknown_44,Reduced,~ DIVA + NGAT + Group + (1|Patient.ID),0.0302565989832037,0.0355739545497223,0.459613315693457,0.000275058205476598,0.00169493794037508,0.871548970303681,-0.00593150931612975,0.00812451915932667,0.467547508040063,-0.0519050303110578,0.0509894368304656,0.31263569956676,NA,NA,NA,NA,NA,NA,FALSE,0.995811254164542,0.580538155816411,NA,0.727854988053864
Unknown_45,Reduced,~ DIVA + NGAT + Group + (1|Patient.ID),0.0268313904484095,0.0412289481361417,0.394229458836396,0.000123779041788848,0.00172570627261471,0.94303353457547,-0.0163791139533651,0.00833248110747302,0.0530435505708925,-0.0398370039085018,0.0538898438375494,0.462572205067875,NA,NA,NA,NA,NA,NA,FALSE,0.995811254164542,0.0878165448340331,NA,0.792221362702453
Unknown_46,Reduced,~ DIVA + NGAT + Group + (1|Patient.ID),0.0432513661277859,0.0724711608462125,0.373750619337098,0.000453258898550674,0.00224881589511336,0.840883688221229,-0.0287449892438622,0.0108812674335999,0.0100575597468394,-0.0792821844091673,0.0710600371225377,0.268868783330987,NA,NA,NA,NA,NA,NA,FALSE,0.995811254164542,0.0227057030648344,NA,0.702832433619599
Unknown_47,Reduced,~ DIVA + NGAT + Group + (1|Patient.ID),0.0509205506868174,0.069158122723966,0.424059903731786,-0.000211862968447314,0.00229233183094634,0.926631653806248,-0.025242272190213,0.0110328435558276,0.0249178787278444,-0.0797199331745728,0.0703704183443835,0.261617502849762,NA,NA,NA,NA,NA,NA,FALSE,0.995811254164542,0.0464095491306102,NA,0.69608942722526
Lactate_48,Reduced,~ DIVA + NGAT + Group + (1|Patient.ID),0.175314210241005,0.131715539380966,0.571000726987727,-0.00173049253934715,0.00359842723917062,0.631973056403949,-0.0922634818964458,0.0169975426141988,5.94513587092343e-07,-0.203679841619309,0.101689432309975,0.0496219628789806,NA,NA,NA,NA,NA,NA,FALSE,0.995811254164542,1.77165048953518e-05,NA,0.316178079451537
Unknown_49,Reduced,~ DIVA + NGAT + Group + (1|Patient.ID),0.132620164893254,0.235158964505295,0.360597310429592,0.000616946688998234,0.00400642886842025,0.878090433067131,-0.0191385436511314,0.0194113595910307,0.327389507420583,0.149001112908329,0.127567443440408,0.24728257791126,NA,NA,NA,NA,NA,NA,FALSE,0.995811254164542,0.427903829874271,NA,0.682316742755144
Unknown_50,Reduced,~ DIVA + NGAT + Group + (1|Patient.ID),0.0850152357858168,0.230857175716515,0.269144226244619,0.00155192752068331,0.0036788732157918,0.674605165567405,-0.0299529398336655,0.0179750499578215,0.100141215201251,0.0849248000540977,0.123619807063145,0.494713429332312,NA,NA,NA,NA,NA,NA,FALSE,0.995811254164542,0.153825165618416,NA,0.806414449996188
Unknown_51,Reduced,~ DIVA + NGAT + Group + (1|Patient.ID),0.233937304720611,0.503515347673755,0.317223490838445,0.00169325908511682,0.00565406012035046,0.765557025300822,-0.0619461158241288,0.0275081375641175,0.0273998063695777,0.0839302843661572,0.184650727699577,0.651058902512174,NA,NA,NA,NA,NA,NA,FALSE,0.995811254164542,0.0491876042056274,NA,0.877252037200617
Unknown_52,Reduced,~ DIVA + NGAT + Group + (1|Patient.ID),0.253764453589261,0.491259352828485,0.340612543388944,0.00206311224934395,0.00569472044192575,0.718327816980569,-0.0766670962637587,0.0276450551183171,0.00705129850156681,0.0157032040920031,0.183446358578797,0.93206368066526,NA,NA,NA,NA,NA,NA,FALSE,0.995811254164542,0.0172236635530075,NA,0.97205420980773
Unknown_53,Reduced,~ DIVA + NGAT + Group + (1|Patient.ID),0.122463096634093,0.23761090934638,0.340105352233437,0.00161028234015674,0.00395882498111114,0.685527293009378,-0.0212576547298865,0.0192190745590395,0.272340919345544,0.108538739121162,0.127565033418901,0.398145805453367,NA,NA,NA,NA,NA,NA,FALSE,0.995811254164542,0.372282541123726,NA,0.769837272745528
Unknown_54,Reduced,~ DIVA + NGAT + Group + (1|Patient.ID),0.0867929540708954,0.241414982203484,0.264445019386543,0.00214857948733671,0.00374746744646165,0.568513502971337,-0.0572307112898306,0.0183175312725477,0.00260278207060989,0.131242163584722,0.126279402371519,0.302808496475731,NA,NA,NA,NA,NA,NA,FALSE,0.995811254164542,0.00861810063379718,NA,0.727854988053864
Unknown_55,Reduced,~ DIVA + NGAT + Group + (1|Patient.ID),0.0742624601576704,0.0793731329461375,0.483367549520201,0.000599824479846115,0.00258439432648909,0.81712704713329,0.00599932838602428,0.0123525490540765,0.628555609352925,0.14208272786058,0.076709731312284,0.0687315950901792,NA,NA,NA,NA,NA,NA,FALSE,0.995811254164542,0.726006091423146,NA,0.37929658031247
Unknown_56,Reduced,~ DIVA + NGAT + Group + (1|Patient.ID),0.0878625567331876,0.0874915617971203,0.501057844945921,-1.32512525871031e-05,0.00275558357763246,0.996176295198054,0.00184377563455125,0.0131415468813896,0.88878040139674,0.17727219046829,0.0809797751489869,0.0323352738480014,NA,NA,NA,NA,NA,NA,FALSE,0.998093819759803,0.932593519775452,NA,0.247772963655009
Maltose.unknown_67,Reduced,~ DIVA + NGAT + Group + (1|Patient.ID),0.213902752924171,0.306139978744627,0.411317647374409,-0.00136853191785985,0.00477100614581811,0.775106985778156,-0.0349037128922171,0.0229946025075853,0.133209370523186,0.0831520087295406,0.147532843057272,0.575051662871778,NA,NA,NA,NA,NA,NA,FALSE,0.995811254164542,0.196516794138166,NA,0.85987949175523
Maltose.unknown_68,Reduced,~ DIVA + NGAT + Group + (1|Patient.ID),0.143673758297509,0.288971601243366,0.33208205087413,-0.00377623698235694,0.00433664738656381,0.387120171332836,0.0118287357475959,0.021069392027007,0.576248674010391,0.166493261995505,0.140396843694279,0.240241826872848,NA,NA,NA,NA,NA,NA,FALSE,0.995811254164542,0.686888419420386,NA,0.682316742755144
Maltose.unknown_69,Reduced,~ DIVA + NGAT + Group + (1|Patient.ID),0.168559323185384,0.219711159248537,0.434128605730596,-0.00033138905773795,0.00412110283828728,0.936141369052101,-0.0261385636157201,0.0198122939468349,0.190998619583711,0.0516153839495374,0.125785596645851,0.682961317552158,NA,NA,NA,NA,NA,NA,FALSE,0.995811254164542,0.271778680296539,NA,0.877252037200617
Maltose.unknown_70,Reduced,~ DIVA + NGAT + Group + (1|Patient.ID),0.153805780316136,0.274610893193763,0.359009790762923,0.0027512991274642,0.00432372231646476,0.526787273089885,-0.0598199861416223,0.0209519573911077,0.00559018267929001,-0.00423625274640007,0.13779727751684,0.975574363681838,NA,NA,NA,NA,NA,NA,FALSE,0.995811254164542,0.015004640788636,NA,0.979896211827176
Maltose.unknown_71,Reduced,~ DIVA + NGAT + Group + (1|Patient.ID),0.104200896718873,0.26740298829641,0.280408523486204,0.0031211781455186,0.00399644424873489,0.437791032496994,-0.0582070699570306,0.0195077510862794,0.00391962141697659,-0.0456176169921416,0.133391318505391,0.73354824645021,NA,NA,NA,NA,NA,NA,FALSE,0.995811254164542,0.0116804718225902,NA,0.880798462691571
Maltose_72,Reduced,~ DIVA + NGAT + Group + (1|Patient.ID),0.263149784615526,0.339866289797844,0.436389336505707,-0.0017422377993234,0.00513547855657453,0.735454234711687,-0.0499666544807596,0.0246826217750299,0.0464283707646313,0.150754464993062,0.156544896107092,0.339323359648137,NA,NA,NA,NA,NA,NA,FALSE,0.995811254164542,0.0795152556773571,NA,0.754614635635408
Maltose_73,Reduced,~ DIVA + NGAT + Group + (1|Patient.ID),0.282072311096885,0.482499109163871,0.36892866202177,-1.38593561832e-05,0.00577910026096633,0.998093819759803,-0.0701829065841024,0.0279767548185742,0.0143206507417136,0.140976963747386,0.183123515160965,0.444352995241083,NA,NA,NA,NA,NA,NA,FALSE,0.998093819759803,0.0309243037755845,NA,0.77829042031671
Maltose.unknown_74,Reduced,~ DIVA + NGAT + Group + (1|Patient.ID),0.252591607001976,0.277795928151152,0.476239712023116,-0.000421678506837018,0.00480502365705427,0.930316117011848,-0.0460689002282303,0.0229865116548362,0.048526142659594,0.112880869573516,0.143197435381247,0.433528822272452,NA,NA,NA,NA,NA,NA,FALSE,0.995811254164542,0.0821635824577217,NA,0.77826258456139
Maltose_75,Reduced,~ DIVA + NGAT + Group + (1|Patient.ID),0.15511710741425,0.204694396595614,0.431106581322641,-0.000562508972364912,0.00396752024199048,0.887668169896064,-0.0460898466960368,0.019080425672588,0.0180996796198831,0.166158897564593,0.121306737458156,0.17568374684251,NA,NA,NA,NA,NA,NA,FALSE,0.995811254164542,0.0354848982021393,NA,0.671202007167538
Maltose.unknown_76,Reduced,~ DIVA + NGAT + Group + (1|Patient.ID),0.225443714771783,0.221820637803214,0.504050263504916,-9.71343011462775e-05,0.00439917468784493,0.98244466014891,-0.0509925118626321,0.0209718931400096,0.0173084330233055,0.111823084182174,0.129063447571644,0.389587719528081,NA,NA,NA,NA,NA,NA,FALSE,0.995811254164542,0.0343860869396335,NA,0.769837272745528
Maltose.unknown_77,Reduced,~ DIVA + NGAT + Group + (1|Patient.ID),0.165598176776418,0.140506453064465,0.540985534464141,-0.00237153672901916,0.00361754605965344,0.51411721732155,-0.0421336197900327,0.0171610453919416,0.0162608739934559,0.197325680746536,0.103956686489577,0.0622643747936715,NA,NA,NA,NA,NA,NA,FALSE,0.995811254164542,0.0331900030825332,NA,0.371095673770282
Unknown_79,Reduced,~ DIVA + NGAT + Group + (1|Patient.ID),0.124939410628382,0.398399706092362,0.238735089039886,-0.000421639204978529,0.00471294884314053,0.929009830354982,-0.0656772954462371,0.0230860952543843,0.00586215789660265,0.00505729209001738,0.161290065340375,0.975090112094689,NA,NA,NA,NA,NA,NA,FALSE,0.995811254164542,0.0153238864314701,NA,0.979896211827176
Unknown_81,Reduced,~ DIVA + NGAT + Group + (1|Patient.ID),0.190584438691269,0.36188436178551,0.34496869058813,-0.00185065240507498,0.00490548450958869,0.707212979388072,-0.0390975608113878,0.0238037205390012,0.104798706130315,0.0541768846487606,0.157621108138956,0.732233942379369,NA,NA,NA,NA,NA,NA,FALSE,0.995811254164542,0.15615007213417,NA,0.880798462691571
Maltose.unknown_87,Reduced,~ DIVA + NGAT + Group + (1|Patient.ID),0.298868601215444,0.330412284189012,0.474936722451617,0.00144598221024523,0.00523443560301366,0.783160890981527,-0.0670547181553157,0.0250447250378841,0.00904339221443724,0.242146176230022,0.156109512328953,0.125921871380953,NA,NA,NA,NA,NA,NA,FALSE,0.995811254164542,0.0210541474992367,NA,0.521176634326721
Maltose.unknown_88,Reduced,~ DIVA + NGAT + Group + (1|Patient.ID),0.18310449337906,0.281820965675937,0.393836237213673,0.0018106457723985,0.00451032807049459,0.689377804318609,-0.0760877547068212,0.0217787790882919,0.000804347567198983,0.0142056069003425,0.1408790626593,0.920009929484271,NA,NA,NA,NA,NA,NA,FALSE,0.995811254164542,0.00393281661665253,NA,0.97205420980773
Unknown_89,Reduced,~ DIVA + NGAT + Group + (1|Patient.ID),0.185596680511625,0.321621440252081,0.365910981713699,0.00180778073818324,0.00470635212911723,0.702132988817551,-0.0826041126834586,0.022790456373135,0.000529449102952524,0.0671977236549446,0.149392173099803,0.654426660266198,NA,NA,NA,NA,NA,NA,FALSE,0.995811254164542,0.00315551665359704,NA,0.877252037200617
Unknown_90,Reduced,~ DIVA + NGAT + Group + (1|Patient.ID),0.267354940700954,0.672053869613382,0.284599141252991,0.00151365704540331,0.00635769301935383,0.812605071084998,-0.0975952236312127,0.0310223105852951,0.00243162488780312,0.0204413532474144,0.211675312244394,0.923388362765654,NA,NA,NA,NA,NA,NA,FALSE,0.995811254164542,0.00823436609733328,NA,0.97205420980773
Unknown_91,Reduced,~ DIVA + NGAT + Group + (1|Patient.ID),0.328621138949241,0.766162867450194,0.300169839007807,0.000529948970019181,0.00687643097362686,0.938818708026108,-0.0829825725497596,0.0335071928705981,0.0156751323343767,-0.0390785057617149,0.226841657519625,0.863804139993937,NA,NA,NA,NA,NA,NA,FALSE,0.995811254164542,0.0330652290476711,NA,0.953383828585901
Unknown_92,Reduced,~ DIVA + NGAT + Group + (1|Patient.ID),0.289075296909078,0.776683352043745,0.271238987544801,0.00103108480663852,0.00675954581816695,0.879267665463247,-0.0858831312724272,0.0330213571776863,0.0113656682868426,0.00574046790904002,0.226854269630336,0.979896211827176,NA,NA,NA,NA,NA,NA,FALSE,0.995811254164542,0.0249041849226404,NA,0.979896211827176
Uknown_93,Reduced,~ DIVA + NGAT + Group + (1|Patient.ID),0.413384488150878,0.723893154581978,0.363485988485207,-0.000328587805338602,0.0070463740153902,0.962950604721882,-0.0707449903738301,0.0341302506620884,0.0417201758465059,-0.0170896387952713,0.223985519784318,0.939434941022236,NA,NA,NA,NA,NA,NA,FALSE,0.995811254164542,0.0722826302456904,NA,0.97205420980773
Unknown_94,Reduced,~ DIVA + NGAT + Group + (1|Patient.ID),0.339068179839006,0.548591586222595,0.381979890046606,0.00126744972527999,0.00623021355398869,0.839419837112262,-0.0744373230030524,0.030120589337493,0.0157559145126486,0.0604729634423923,0.195933671251436,0.758642917365129,NA,NA,NA,NA,NA,NA,FALSE,0.995811254164542,0.0330652290476711,NA,0.880798462691571
Uknown_95,Reduced,~ DIVA + NGAT + Group + (1|Patient.ID),0.21010299852834,0.464258440427084,0.311558440906388,0.0014245061818301,0.00540367070579528,0.792933660610093,-0.0780038463398708,0.0263036289362094,0.0041092263693304,-0.00677749006483164,0.177063141644544,0.969591968400868,NA,NA,NA,NA,NA,NA,FALSE,0.995811254164542,0.01200538684373,NA,0.979896211827176
Unknown_96,Reduced,~ DIVA + NGAT + Group + (1|Patient.ID),0.151936770745341,0.42936988879494,0.261371116693378,0.00306448161226504,0.00498503389589657,0.541005151946436,-0.0696401349515138,0.0243730668863429,0.00563932808163501,-0.0209287852229122,0.168291762177011,0.901442215922062,NA,NA,NA,NA,NA,NA,FALSE,0.995811254164542,0.015004640788636,NA,0.97205420980773
Unknown_97,Reduced,~ DIVA + NGAT + Group + (1|Patient.ID),0.146984263504176,0.342881237596955,0.300050244758575,0.00310201710843694,0.00459971907794211,0.502537117287925,-0.0783664602686692,0.0224135644824835,0.000818237014202875,-0.046171068760052,0.151747574841745,0.761964574648091,NA,NA,NA,NA,NA,NA,FALSE,0.995811254164542,0.00393281661665253,NA,0.880798462691571
Glycine_99,Reduced,~ DIVA + NGAT + Group + (1|Patient.ID),0,0.596349523171086,0,0.0021439960684765,0.00472696023490205,0.651368049211013,-0.0441260881150149,0.0235390176079917,0.0644985397992334,0.0525245426774583,0.188449743941221,0.781179603988634,NA,NA,NA,NA,NA,NA,TRUE,0.995811254164542,0.105607499231712,NA,0.88614735533538
Glucose_100,Reduced,~ DIVA + NGAT + Group + (1|Patient.ID),0.0804325675728661,0.479690289341122,0.14359808134953,-0.0043621550356369,0.00478083612120707,0.365381752969979,0.0659883480619323,0.0235885877834458,0.00678846554581312,0.401691515266399,0.173503594150238,0.0241065743256258,NA,NA,NA,NA,NA,NA,FALSE,0.995811254164542,0.0168580227721026,NA,0.239458638301216
Glucose_101,Reduced,~ DIVA + NGAT + Group + (1|Patient.ID),0.0851669818874066,0.628625644676441,0.11931614129638,-0.00951456766514638,0.00536393055037513,0.0815015289735212,0.0893977657965819,0.0265103623204442,0.00127603927203024,0.558325136448434,0.197683911618655,0.00646800846614931,NA,NA,NA,NA,NA,NA,FALSE,0.995811254164542,0.00513864463601366,NA,0.137676180208035
Glucose_102,Reduced,~ DIVA + NGAT + Group + (1|Patient.ID),0.162080621156748,0.863261196543032,0.158074720409194,-0.00898038656893197,0.00649072716900104,0.171822528553538,0.112680012683806,0.0319919972963796,0.000789164276042496,0.69856137917629,0.233426451435653,0.00402905174858656,NA,NA,NA,NA,NA,NA,FALSE,0.995811254164542,0.00393281661665253,NA,0.137676180208035
Glucose_103,Reduced,~ DIVA + NGAT + Group + (1|Patient.ID),0.198975961499701,0.897163587819535,0.18152429736093,-0.00769955901441198,0.0067463460107772,0.258397018922103,0.114953509544798,0.0331945890866493,0.000943039397008966,0.682200075077283,0.239103384313084,0.00594264515272813,NA,NA,NA,NA,NA,NA,FALSE,0.995811254164542,0.004391027192323,NA,0.137676180208035
Glucose_104,Reduced,~ DIVA + NGAT + Group + (1|Patient.ID),0.137149952216054,0.806149357390681,0.145393885927079,-0.00805190891643685,0.00620692361058517,0.199747380216773,0.0988855913029493,0.0306209850578141,0.00195409251201061,0.63969711785043,0.225003787159667,0.00612792559548978,NA,NA,NA,NA,NA,NA,FALSE,0.995811254164542,0.00693237581641859,NA,0.137676180208035
Maltose.taurine.glucose_107,Reduced,~ DIVA + NGAT + Group + (1|Patient.ID),0.194499559733673,0.279173339444546,0.410619987065152,-0.00263065642042499,0.00455333676803465,0.565344171675098,0.00379171761751041,0.0219471679079565,0.863296844001451,0.219498110197417,0.140858199883944,0.124230420024534,NA,NA,NA,NA,NA,NA,FALSE,0.995811254164542,0.918794498258687,NA,0.521176634326721
Glucose_108,Reduced,~ DIVA + NGAT + Group + (1|Patient.ID),0.252170495374438,0.897079631056494,0.219421768660204,-0.00540899539062164,0.00696029231945542,0.440149148762239,0.0771531497229706,0.034147520926041,0.0270917008232231,0.581961782630579,0.241009722229894,0.0188083101705226,NA,NA,NA,NA,NA,NA,FALSE,0.995811254164542,0.0491876042056274,NA,0.21557217041599
Unknown_109,Reduced,~ DIVA + NGAT + Group + (1|Patient.ID),0.205446060942284,0.847225944163114,0.195166262564106,-0.00559144207109541,0.00663012024434243,0.402459390233823,0.0536276735644959,0.0325890876668146,0.104583917143192,0.563573749137771,0.23301319878278,0.0186520244222061,NA,NA,NA,NA,NA,NA,FALSE,0.995811254164542,0.15615007213417,NA,0.21557217041599
Glucose_110,Reduced,~ DIVA + NGAT + Group + (1|Patient.ID),0.225815333105036,1.26571307981946,0.151398613092641,-0.00403911520435601,0.00781615403385204,0.607316254608402,0.0650790310220638,0.0385433831898209,0.0961611639915698,0.569654140873796,0.282271567084231,0.04815208511241,NA,NA,NA,NA,NA,NA,FALSE,0.995811254164542,0.149250139945249,NA,0.316178079451537
Maltose.taurine_113,Reduced,~ DIVA + NGAT + Group + (1|Patient.ID),0.184800650774829,0.140709995641317,0.567725365696863,-0.00126467759964187,0.00370823926803772,0.734011801758851,-0.0213774421064134,0.0175246474416252,0.226109584250982,0.0338673602370361,0.10498408901349,0.748079552182213,NA,NA,NA,NA,NA,NA,FALSE,0.995811254164542,0.317833283522607,NA,0.880798462691571
Glucose_116,Reduced,~ DIVA + NGAT + Group + (1|Patient.ID),0.00317119372766706,0.651584513939094,0.00484332353354764,-0.00917611622354412,0.00496140631651138,0.0699451840628997,0.0939409578741616,0.0246994992034185,0.000340327772649788,0.511911885717473,0.197145380561156,0.0119675054142832,NA,NA,NA,NA,NA,NA,FALSE,0.995811254164542,0.0024147065773723,NA,0.17831583067282
Glucose_117,Reduced,~ DIVA + NGAT + Group + (1|Patient.ID),0,0.469089317772508,0,-0.00688714116084572,0.00419236688884563,0.104353347594411,0.0730422346532277,0.0208768834751459,0.000766716500301791,0.362083529380323,0.167137108723104,0.0332581159268468,NA,NA,NA,NA,NA,NA,TRUE,0.995811254164542,0.00393281661665253,NA,0.247772963655009
Unknown_118,Reduced,~ DIVA + NGAT + Group + (1|Patient.ID),0.061973230186165,0.126646695727769,0.328561417283363,-0.000655313296152241,0.00286252521808011,0.819669141823571,0.00028420626634857,0.0139120584214825,0.983758320142369,-0.112336090383214,0.0928642081720373,0.23115900331252,NA,NA,NA,NA,NA,NA,FALSE,0.995811254164542,0.983758320142369,NA,0.682316742755144
Carnitine_119,Reduced,~ DIVA + NGAT + Group + (1|Patient.ID),0.104080324361531,0.0780890043035874,0.571338353850234,0.00171865355458844,0.00277154642951795,0.53704279964594,0.0501562744756869,0.0130910366115683,0.000252464364585179,-0.124898783549294,0.0783075373252195,0.11578953166057,NA,NA,NA,NA,NA,NA,FALSE,0.995811254164542,0.00188085951615959,NA,0.507430594630145
O_phosphocholine_120,Reduced,~ DIVA + NGAT + Group + (1|Patient.ID),0.314944100805349,0.172983364204794,0.645473197125318,0.0019827903787625,0.00441869623532607,0.654855802680749,0.118948489874169,0.0206264266421979,1.48913432230877e-07,-0.0162563323620422,0.119811179726998,0.892511844930156,NA,NA,NA,NA,NA,NA,FALSE,0.995811254164542,7.39603380080023e-06,NA,0.97205420980773
Unknown_121,Reduced,~ DIVA + NGAT + Group + (1|Patient.ID),0.0805737406549747,0.0602507773841731,0.572157048906611,0.00156051572928578,0.00243630213249756,0.52375479203011,0.0329026500236362,0.0115061689147235,0.00540924742648234,-0.0284097330452872,0.0688041257295102,0.681090881794795,NA,NA,NA,NA,NA,NA,FALSE,0.995811254164542,0.0149255160471457,NA,0.877252037200617
Unknown_122,Reduced,~ DIVA + NGAT + Group + (1|Patient.ID),0.108533279240861,0.360532098132127,0.231381987408033,-0.0045619304557869,0.00445625100721955,0.310053322442941,0.046109816087911,0.0218416943888132,0.0384390364239912,-0.150112958980255,0.153185865893391,0.3310241920924,NA,NA,NA,NA,NA,NA,FALSE,0.995811254164542,0.0673813697314669,NA,0.747312191238903
Unknown_123,Reduced,~ DIVA + NGAT + Group + (1|Patient.ID),0.0274226831401463,0.116797041219139,0.190145163998718,-0.000415239510228384,0.00245153708591537,0.866084994582105,-0.00936232998659748,0.0120546655025993,0.440141122906038,-0.107982167215564,0.0864254102064443,0.216425651017597,NA,NA,NA,NA,NA,NA,FALSE,0.995811254164542,0.55110106985714,NA,0.682316742755144
Unknown_124,Reduced,~ DIVA + NGAT + Group + (1|Patient.ID),0.0849168053380462,0.107323275989537,0.441722687337743,0.000724262517632063,0.00289905688669586,0.803455777213207,-0.0567835646576527,0.0139252683487137,0.000109968698489539,-0.113893636141853,0.0881040702101371,0.200854763760597,NA,NA,NA,NA,NA,NA,FALSE,0.995811254164542,0.000963843298525957,NA,0.680167268189295
Unknown_125,Reduced,~ DIVA + NGAT + Group + (1|Patient.ID),0.0550250625600096,0.113457479702924,0.326592071920054,0.00203369741189328,0.00270493331885571,0.454894287671542,-0.0447182144194232,0.0131485820488389,0.00109796631591689,-0.12660447616373,0.0878531051724131,0.154636067531261,NA,NA,NA,NA,NA,NA,FALSE,0.995811254164542,0.00467419945918904,NA,0.622723623301563
Unknown_126,Reduced,~ DIVA + NGAT + Group + (1|Patient.ID),0.0593079131303598,0.153922077427572,0.27814057945215,0.00385028017591245,0.00302639654380077,0.208033575526972,-0.0401866334714936,0.0147755894220514,0.00823101838452731,-0.171954936342623,0.101150142404974,0.0942331379079236,NA,NA,NA,NA,NA,NA,FALSE,0.995811254164542,0.0194670117348344,NA,0.438773048383769
Unknown_128,Reduced,~ DIVA + NGAT + Group + (1|Patient.ID),0.0993678523073436,0.112889164317164,0.468148727837487,0.00470119187049503,0.0030416895566032,0.126643435248035,-0.0151503141077209,0.014565230449573,0.301482568371562,-0.183990830717969,0.0910629413673279,0.0475959069435276,NA,NA,NA,NA,NA,NA,FALSE,0.995811254164542,0.404692817003268,NA,0.316178079451537
Creatine_129,Reduced,~ DIVA + NGAT + Group + (1|Patient.ID),0.424545764124077,0.491463719105615,0.46347311015515,-0.0033015155910054,0.00632091207152798,0.603080007908825,0.0271659668801947,0.030284811728565,0.372483375193818,-0.133997541499453,0.189738844465463,0.482662713374451,NA,NA,NA,NA,NA,NA,FALSE,0.995811254164542,0.482608894816338,NA,0.806414449996188
Creatinephosphate_130,Reduced,~ DIVA + NGAT + Group + (1|Patient.ID),0.124830989905457,0.108542050474201,0.534898931352046,0.000257772150968858,0.00316233977806382,0.935252687695555,0.0709565983714366,0.0150141625358776,9.73473658614524e-06,-0.0303851404170707,0.0911854647340914,0.740072942892013,NA,NA,NA,NA,NA,NA,FALSE,0.995811254164542,0.000145034393044927,NA,0.880798462691571
Unknown_131,Reduced,~ DIVA + NGAT + Group + (1|Patient.ID),0.0173311587305838,0.0588284759940964,0.227563574762886,0.00227386204431482,0.00179441586406969,0.209973646455004,-0.0100808333814562,0.00879778001046238,0.255887863390504,-0.0811848884657713,0.0618270817922753,0.194130533406061,NA,NA,NA,NA,NA,NA,FALSE,0.995811254164542,0.353030478196158,NA,0.675651746048723
Asparagine_133,Reduced,~ DIVA + NGAT + Group + (1|Patient.ID),0.125593120864046,0.0883424698909574,0.587060434501867,0.00445867684428505,0.002990427176655,0.140071019931371,0.0193212048187952,0.0140917670784395,0.174178288748962,-0.220255663161672,0.0837556008523895,0.0107776796796184,NA,NA,NA,NA,NA,NA,FALSE,0.995811254164542,0.251966650714518,NA,0.17831583067282
N.N.dimethylglycine_134,Reduced,~ DIVA + NGAT + Group + (1|Patient.ID),0.215085948951233,1.38588514279129,0.134347178447258,-0.012665466327091,0.00806420083936768,0.121939734809484,0.135222643271855,0.0398145856780498,0.00118679727140884,0.407531101675385,0.294376377064184,0.171565424140843,NA,NA,NA,NA,NA,NA,FALSE,0.995811254164542,0.00491202203999772,NA,0.671202007167538
Aspartate_136,Reduced,~ DIVA + NGAT + Group + (1|Patient.ID),0.204830420947471,0.250328708033801,0.450019362252314,0.00198243933659932,0.0044591985191665,0.657997256323939,-0.0628501029969623,0.0213987582628312,0.00436533139087715,-0.24731162468521,0.134880003011242,0.0714647891357997,NA,NA,NA,NA,NA,NA,FALSE,0.995811254164542,0.0125083534084749,NA,0.380294770758363
Methionine_138,Reduced,~ DIVA + NGAT + Group + (1|Patient.ID),0.167033833066988,0.12480558270708,0.57234843560782,0.00125977259609805,0.003507052442038,0.72042997489745,0.0116429266898521,0.0165626424300893,0.484120733499026,-0.012662834326728,0.0990328539000219,0.898663743374319,NA,NA,NA,NA,NA,NA,FALSE,0.995811254164542,0.591670294184777,NA,0.97205420980773
Unknown_139,Reduced,~ DIVA + NGAT + Group + (1|Patient.ID),0.133529853782606,0.142616904167261,0.48354670094243,0.0033948078861872,0.0034647764119271,0.330483246310771,0.0138264456091943,0.0165601174366753,0.406303941956132,-0.135437001865574,0.102830747133776,0.192629805279073,NA,NA,NA,NA,NA,NA,FALSE,0.995811254164542,0.521890408202274,NA,0.675651746048723
Methionine_140,Reduced,~ DIVA + NGAT + Group + (1|Patient.ID),0.280495822163084,0.217683395897083,0.563041997727828,0.00303151550060126,0.00459281427043092,0.511218770697322,-0.0631620138066504,0.0217197888672776,0.00470734298545948,-0.229220443757096,0.130367249942011,0.0835695588841834,NA,NA,NA,NA,NA,NA,FALSE,0.995811254164542,0.0132338510345936,NA,0.42937463012908
Unknown_142,Reduced,~ DIVA + NGAT + Group + (1|Patient.ID),0.0605381101118695,0.213594965629749,0.220834753150798,0.00377740027972173,0.00340027270014999,0.27104760850379,0.0590791239727955,0.0166800292813926,0.000725294501002466,-0.0614056611259866,0.117637815841656,0.60359517183841,NA,NA,NA,NA,NA,NA,FALSE,0.995811254164542,0.00393281661665253,NA,0.85987949175523
Riboflavin_143,Reduced,~ DIVA + NGAT + Group + (1|Patient.ID),0.0443370959661336,0.172138184067768,0.204813667219601,0.00442253829640566,0.00301242986106821,0.147383787246598,0.0493704974756165,0.014796040176909,0.00138874238982752,-0.0683670242246486,0.10524513402139,0.51844420063459,NA,NA,NA,NA,NA,NA,FALSE,0.995811254164542,0.00544533200221845,NA,0.807947264776117
Unknown_145,Reduced,~ DIVA + NGAT + Group + (1|Patient.ID),0.0462189767969466,0.14376681692515,0.24327596233092,0.00354118427172887,0.00284178026932133,0.217607971461512,0.042657371952578,0.0139151180451872,0.00312041068641987,-0.0294358885709697,0.0969870405437408,0.762570481122233,NA,NA,NA,NA,NA,NA,FALSE,0.995811254164542,0.00982441691142921,NA,0.880798462691571
Unknown_146,Reduced,~ DIVA + NGAT + Group + (1|Patient.ID),0.0283370224348088,0.180263400057885,0.135843552453981,0.00316763288278437,0.00291198842394411,0.281354981727547,0.0477872578908442,0.014375568215257,0.00147870301962345,-0.0873302856536542,0.106198927032589,0.414264860251616,NA,NA,NA,NA,NA,NA,FALSE,0.995811254164542,0.00550161323263,NA,0.769837272745528
Unknown_148,Reduced,~ DIVA + NGAT + Group + (1|Patient.ID),0.0540909758357799,0.132011010674492,0.290652329134565,0.00195602901020657,0.00283191614548383,0.492337903190767,0.0472232084105051,0.0138109526606183,0.00105066883870693,-0.0257394649930956,0.0939483692407435,0.785043294659531,NA,NA,NA,NA,NA,NA,FALSE,0.995811254164542,0.00460440167550979,NA,0.88614735533538
Unknown_153,Reduced,~ DIVA + NGAT + Group + (1|Patient.ID),0.0875878006809937,0.0885016412902561,0.497405180574621,-0.000795197421870256,0.00276259325594407,0.774289490956944,0.0767596909520562,0.0131811031367294,1.20070444130319e-07,0.0663201287809723,0.081352821538321,0.418050195222099,NA,NA,NA,NA,NA,NA,FALSE,0.995811254164542,7.39603380080023e-06,NA,0.769837272745528
Glutamine_154,Reduced,~ DIVA + NGAT + Group + (1|Patient.ID),0.0808145819424939,0.066320894608912,0.5492528643441,0.000324975498500189,0.00250382101910603,0.897078981376257,0.065513008090026,0.0118640476192332,4.06655025601923e-07,0.0268391676845696,0.0716201204099308,0.709124258312082,NA,NA,NA,NA,NA,NA,FALSE,0.995811254164542,1.51478997036716e-05,NA,0.880798462691571
Glutamine.unknown_155,Reduced,~ DIVA + NGAT + Group + (1|Patient.ID),0.0575720640987251,0.265936536628815,0.177961463680567,0.00353204926541923,0.00366222126397419,0.33882858779818,-0.00481454266421595,0.0180243149559651,0.790221908271316,-0.133636582038564,0.13008302450224,0.308458158212604,NA,NA,NA,NA,NA,NA,FALSE,0.995811254164542,0.865757825973721,NA,0.727854988053864
Succinate_156,Reduced,~ DIVA + NGAT + Group + (1|Patient.ID),1.09664384930309,1.09501546422652,0.500371495940658,-0.00310514652404375,0.00974270213563033,0.750859554175196,-0.0538275426822342,0.0464676140564554,0.250209420057065,-0.34040747569561,0.286424459456934,0.239149162638838,NA,NA,NA,NA,NA,NA,FALSE,0.995811254164542,0.348422463443951,NA,0.682316742755144
Saccharopine.unknown_157,Reduced,~ DIVA + NGAT + Group + (1|Patient.ID),0.171945526313361,0.406596808763269,0.297204743522505,-0.000954693660763895,0.00499708088734455,0.849104006042144,-0.0128703371538879,0.0243560399049332,0.598858971648542,-0.148845448475864,0.165134671308621,0.370949752162177,NA,NA,NA,NA,NA,NA,FALSE,0.995811254164542,0.708174498219307,NA,0.769837272745528
Glutamate.unknown_158,Reduced,~ DIVA + NGAT + Group + (1|Patient.ID),0.158852229014941,0.169644960970752,0.483572565786207,-0.00240987386004654,0.00377893974706054,0.525689087669247,-0.031837628586649,0.0180616232031084,0.081851342896372,-0.244347022561971,0.112153131911475,0.0331123723517,NA,NA,NA,NA,NA,NA,FALSE,0.995811254164542,0.129743086080419,NA,0.247772963655009
Unknown_159,Reduced,~ DIVA + NGAT + Group + (1|Patient.ID),0.0479763370029715,0.0470417621260512,0.504917878201559,-0.000257328715334587,0.00202741544418452,0.899349362965894,-0.0159135088321137,0.00966408480779152,0.103607098720523,-0.101523628439905,0.0594515182486932,0.0926236339118683,NA,NA,NA,NA,NA,NA,FALSE,0.995811254164542,0.15615007213417,NA,0.438773048383769
Glutamate.unknown_161,Reduced,~ DIVA + NGAT + Group + (1|Patient.ID),0.0566570450787677,0.0388609173962776,0.593155921783505,4.61288146547248e-05,0.00199449140387432,0.981607837726719,-0.000813038377238064,0.00938987833184568,0.931216417308672,-0.0336923748128003,0.055672511333179,0.547246789712132,NA,NA,NA,NA,NA,NA,FALSE,0.995811254164542,0.943886028428518,NA,0.840616202753687
Unknown_162,Reduced,~ DIVA + NGAT + Group + (1|Patient.ID),0.0279888998280738,0.0407291367402099,0.407300633513617,0.000747784234239311,0.00173429360412046,0.667713447240638,0.00650367668021403,0.00836231962261921,0.439158018066495,-0.0498531728410539,0.0537528469862841,0.357298925054225,NA,NA,NA,NA,NA,NA,FALSE,0.995811254164542,0.55110106985714,NA,0.769837272745528
Valine.unknown_168,Reduced,~ DIVA + NGAT + Group + (1|Patient.ID),0.0434551004365949,0.0540236491277057,0.445790499271129,0.000275126844259664,0.00206403229454571,0.894343434860508,-0.00378316426446874,0.00990970216075589,0.703688632738685,-0.102724174085365,0.062582212798304,0.105741855719861,NA,NA,NA,NA,NA,NA,FALSE,0.995811254164542,0.794315199076243,NA,0.477440500068463
Unknown_169,Reduced,~ DIVA + NGAT + Group + (1|Patient.ID),0.0271290100726476,0.224714017398768,0.107721902587622,-0.00084794430826301,0.00317630233402652,0.790490241346991,0.0276595369528752,0.0157107272183692,0.0832106665097924,-0.0994259284435557,0.117931475425879,0.402653650084203,NA,NA,NA,NA,NA,NA,FALSE,0.995811254164542,0.130509361157464,NA,0.769837272745528
Glutarate_171,Reduced,~ DIVA + NGAT + Group + (1|Patient.ID),0.0661224582870132,0.0529584549203133,0.555273355788684,0.00113147515372026,0.00224953875401469,0.616446146184947,-0.00246971946597948,0.0106500987857528,0.817212222672166,-0.150063753236494,0.0641306043744005,0.0224958599323624,NA,NA,NA,NA,NA,NA,FALSE,0.995811254164542,0.885382360074018,NA,0.239420223565857
Glutamine.unknown_172,Reduced,~ DIVA + NGAT + Group + (1|Patient.ID),0.0767389797727029,0.256320624864705,0.230406145639446,-0.000135717305542767,0.00375439302975046,0.971283491889174,0.087524899729128,0.0184030819547084,1.07072370704308e-05,-0.0405032573544758,0.129135571637674,0.754873651934549,NA,NA,NA,NA,NA,NA,FALSE,0.995811254164542,0.000145034393044927,NA,0.880798462691571
Glutamine.glutamate_173,Reduced,~ DIVA + NGAT + Group + (1|Patient.ID),0.0533398047188036,0.144386863855218,0.269765353877062,0.00192635209520984,0.00291091854883676,0.510595422050522,0.0597331678828422,0.0142220523174377,7.79089387454774e-05,-0.0114603184866962,0.0977781929437414,0.907084386713927,NA,NA,NA,NA,NA,NA,FALSE,0.995811254164542,0.000773895458205076,NA,0.97205420980773
Methionine.glutamate.glutamine_177,Reduced,~ DIVA + NGAT + Group + (1|Patient.ID),0.145672821915135,0.182001972070898,0.444565235375854,0.0016108486397108,0.00378447900354359,0.67167617605772,-0.0411877672870628,0.0181723642642454,0.0262294963898736,-0.0590183723933808,0.114826755162093,0.609079787486377,NA,NA,NA,NA,NA,NA,FALSE,0.995811254164542,0.048249320519644,NA,0.85987949175523
Unknown_182,Reduced,~ DIVA + NGAT + Group + (1|Patient.ID),0.0310754616894958,0.0538520375392843,0.365905766349999,0.00173977439679438,0.00192579959541465,0.369611234974318,-0.00380033111965116,0.00932566738881176,0.684811961527516,-0.0255901886048626,0.0611302020292557,0.676950441099068,NA,NA,NA,NA,NA,NA,FALSE,0.995811254164542,0.784899863596923,NA,0.877252037200617
Unknown_185,Reduced,~ DIVA + NGAT + Group + (1|Patient.ID),0.0447907155516236,0.0479275633481694,0.483083983903886,-0.000832854007437834,0.00200774038386857,0.679514250613842,-0.00470013294312817,0.00959667013633465,0.625670262913503,-0.0385123217865817,0.0596030844113625,0.520556626969847,NA,NA,NA,NA,NA,NA,FALSE,0.995811254164542,0.726006091423146,NA,0.807947264776117
Glutamate_187,Reduced,~ DIVA + NGAT + Group + (1|Patient.ID),0.0693345115899106,0.0486287564776303,0.587763570183665,0.00047987434294395,0.00222011047523886,0.82944442112782,-0.000689358843259324,0.0104606921925529,0.947621907832575,-0.0261112592394534,0.0621563311879839,0.675862039231995,NA,NA,NA,NA,NA,NA,FALSE,0.995811254164542,0.954024758561173,NA,0.877252037200617
Glutamate.unknown_189,Reduced,~ DIVA + NGAT + Group + (1|Patient.ID),0.0459759035245403,0.0506202774497473,0.47595984707489,0.00142916685892391,0.00205063992957243,0.488115378745998,0.0215297506701447,0.00981028794803089,0.0311691007672162,-0.00514798759337641,0.061122034360926,0.93314830839236,NA,NA,NA,NA,NA,NA,FALSE,0.995811254164542,0.0552880477894668,NA,0.97205420980773
Unknown_190,Reduced,~ DIVA + NGAT + Group + (1|Patient.ID),0.0433289420879547,0.0492882056639587,0.46782850843147,0.00157337591819631,0.00200927780523377,0.436220923523532,0.0262591962244798,0.00962186250990795,0.00785306107550771,-0.0185587572103142,0.060165216161745,0.758768473153593,NA,NA,NA,NA,NA,NA,FALSE,0.995811254164542,0.0188726790363008,NA,0.880798462691571
Unknown_191,Reduced,~ DIVA + NGAT + Group + (1|Patient.ID),0.0340481836534255,0.0519606994592445,0.395868222225639,0.000979822189362611,0.0019400130080916,0.615184844007675,0.0174128103038338,0.00936563473168935,0.0669311959176191,-0.0214566282324156,0.0605250612967273,0.724177374028838,NA,NA,NA,NA,NA,NA,FALSE,0.995811254164542,0.108399436866579,NA,0.880798462691571
Unknown_192,Reduced,~ DIVA + NGAT + Group + (1|Patient.ID),0.0385121303940193,0.0526127074472521,0.422630440902434,0.000289446889612285,0.00199697392057865,0.885185583620567,0.0101915008787591,0.00961282491751424,0.292418960499479,-0.0433013051184144,0.0613535576138087,0.483007438520082,NA,NA,NA,NA,NA,NA,FALSE,0.995811254164542,0.396094773767475,NA,0.806414449996188
Unknown_193,Reduced,~ DIVA + NGAT + Group + (1|Patient.ID),0.0486770744055693,0.067929436461611,0.417447310991189,0.000209220579132498,0.00225912638726045,0.926485084297323,0.00177940694979947,0.0108809465302253,0.870533395039406,-0.0397524480245669,0.0696137498047302,0.570046374264483,NA,NA,NA,NA,NA,NA,FALSE,0.995811254164542,0.919925360715401,NA,0.85987949175523
Isoleucine.unknown_194,Reduced,~ DIVA + NGAT + Group + (1|Patient.ID),0.0844654412830394,0.0704932957460256,0.545083439000904,-0.000138641842226234,0.00257175949066636,0.957151010195105,-0.029990614448202,0.0121930733789798,0.0160732627497533,-0.0965947371561247,0.0737350230805085,0.1949649477149,NA,NA,NA,NA,NA,NA,FALSE,0.995811254164542,0.0331900030825332,NA,0.675651746048723
Unknown_195,Reduced,~ DIVA + NGAT + Group + (1|Patient.ID),0.0745203699264059,0.111189185901934,0.401273750260265,0.00192348806114792,0.0028509133308159,0.50216870277556,-0.038393269253716,0.0137552361480531,0.00665045862035447,-0.0702104870755879,0.0886676545937278,0.431456933710553,NA,NA,NA,NA,NA,NA,FALSE,0.995811254164542,0.0167952260073359,NA,0.77826258456139
Unknown_196,Reduced,~ DIVA + NGAT + Group + (1|Patient.ID),0.0676301955838113,0.133596448343189,0.336089666179325,0.00279559909058475,0.00295852539003624,0.348210873887542,-0.0351380394295276,0.0143683880796846,0.0168893908937874,-0.0620250600598425,0.0955564473631187,0.518686078948201,NA,NA,NA,NA,NA,NA,FALSE,0.995811254164542,0.034007016799653,NA,0.807947264776117
Acetate_197,Reduced,~ DIVA + NGAT + Group + (1|Patient.ID),0.213267605095597,0.399543096508124,0.348015471233576,-0.00615086463578699,0.00516754989703505,0.238416851384078,0.112946151834786,0.025067986287181,2.50987901389646e-05,-0.142158705340184,0.165747001172196,0.394536821169984,NA,NA,NA,NA,NA,NA,FALSE,0.995811254164542,0.000311643310892144,NA,0.769837272745528
Lysine.unknown_198,Reduced,~ DIVA + NGAT + Group + (1|Patient.ID),0.0773164651175737,0.185272107252823,0.294439565361261,-0.00274311191526619,0.00336545386042286,0.418173611131271,0.0299610324495314,0.0164074469497092,0.0721088516017153,-0.0217878075010259,0.111397895815301,0.84559855803812,NA,NA,NA,NA,NA,NA,FALSE,0.995811254164542,0.115529235361888,NA,0.940255113042387
Lysine.unknown_199,Reduced,~ DIVA + NGAT + Group + (1|Patient.ID),0.0322130452978876,0.202073276644445,0.13749434892668,-0.00361828432106285,0.0030873359984348,0.246121896499918,0.00348163208924213,0.015239438872662,0.820018561679292,-0.0476702561549853,0.112476336264403,0.673249092961182,NA,NA,NA,NA,NA,NA,FALSE,0.995811254164542,0.885382360074018,NA,0.877252037200617
Lysine.unknown_200,Reduced,~ DIVA + NGAT + Group + (1|Patient.ID),0.0309600521685793,0.129451621105931,0.193003735554817,-0.00169652729692754,0.00258702511607513,0.514537386215379,-0.00157719582078928,0.0127181236875576,0.901682626913116,-0.045706417042417,0.0910412462868588,0.617497353139661,NA,NA,NA,NA,NA,NA,FALSE,0.995811254164542,0.93721092408335,NA,0.85987949175523
Unknown_201,Reduced,~ DIVA + NGAT + Group + (1|Patient.ID),0.0282251219509435,0.106645758438717,0.209275136852353,-0.000935141933363313,0.00237984417619348,0.695776701755315,-0.00247064633589159,0.0116849399877083,0.833189079395544,-0.0367850482866246,0.0829176045662015,0.65891408144567,NA,NA,NA,NA,NA,NA,FALSE,0.995811254164542,0.893130739783713,NA,0.877252037200617
Unknown_202,Reduced,~ DIVA + NGAT + Group + (1|Patient.ID),0.0318192652382175,0.0847648179247942,0.272929754859647,-0.000239424370459707,0.00223620036536053,0.915084497861253,-0.00560793473716053,0.0109225758089504,0.60928195146551,-0.0611760572101072,0.074972420248055,0.417721042882163,NA,NA,NA,NA,NA,NA,FALSE,0.995811254164542,0.714826856443787,NA,0.769837272745528
Leucine.lysine_205,Reduced,~ DIVA + NGAT + Group + (1|Patient.ID),0.201892422810176,0.203696457315723,0.497776030613825,0.00108342553305219,0.00419250867374737,0.796814474857598,-0.0472278750617274,0.0200026872899007,0.0206973487029806,-0.153249670567977,0.123435188125621,0.219010318528346,NA,NA,NA,NA,NA,NA,FALSE,0.995811254164542,0.0400507137239496,NA,0.682316742755144
Leucine.unknown_209,Reduced,~ DIVA + NGAT + Group + (1|Patient.ID),0.0771187282136724,0.133623356820352,0.365938906797954,-0.000174068341702625,0.00303363472485041,0.954416045073728,-0.0338905732009043,0.014690300412605,0.02385779385396,-0.245652970772123,0.0962941007989256,0.0132173275320333,NA,NA,NA,NA,NA,NA,FALSE,0.995811254164542,0.0455745036441031,NA,0.179034709297542
Leucine.unknown_211,Reduced,~ DIVA + NGAT + Group + (1|Patient.ID),0.0699678665455463,0.179075629232301,0.280946371745276,-0.00153450325609368,0.00327191671206525,0.640710991979672,-0.0241121974632629,0.0159703839249803,0.135578572008484,-0.238361088243057,0.109173426160055,0.0328635537925891,NA,NA,NA,NA,NA,NA,FALSE,0.995811254164542,0.198051051267295,NA,0.247772963655009
Alanine_212,Reduced,~ DIVA + NGAT + Group + (1|Patient.ID),0.144519649167113,0.136613994867396,0.514060313426498,0.000465528884881261,0.00348290202624105,0.894036039549393,0.00657638702710249,0.0165822617810784,0.692736847140294,-0.280209142313233,0.101608693551465,0.00760493000529083,NA,NA,NA,NA,NA,NA,FALSE,0.995811254164542,0.787922062777891,NA,0.141641821348542
Unknown_214,Reduced,~ DIVA + NGAT + Group + (1|Patient.ID),0.075063744065741,0.108387819196657,0.409174731088959,0.00227214193721838,0.00283367798710755,0.425460077669496,-0.0357773482600018,0.0136605125764105,0.0106540047254512,-0.16406884297324,0.0877329294754844,0.0662179604017474,NA,NA,NA,NA,NA,NA,FALSE,0.995811254164542,0.0236932343894363,NA,0.37929658031247
Unknown_215,Reduced,~ DIVA + NGAT + Group + (1|Patient.ID),0.0591371703364867,0.0812440968695695,0.42126112346374,0.000776236489302452,0.00247865808085514,0.755106627127365,-0.0478072243658016,0.0119333086094998,0.000142622189526981,-0.167894637277265,0.0762120905018761,0.0313188425954883,NA,NA,NA,NA,NA,NA,FALSE,0.995811254164542,0.00118059479108445,NA,0.247772963655009
Isoleucine.unknown_218,Reduced,~ DIVA + NGAT + Group + (1|Patient.ID),0.0252135634992831,0.160807694337486,0.135541302066711,-0.0014129283816563,0.00274967005636772,0.609355226408224,0.0138397841882978,0.0135745410779364,0.31180091488463,0.0684048960355557,0.100298419577373,0.497920331541271,NA,NA,NA,NA,NA,NA,FALSE,0.995811254164542,0.411135719626637,NA,0.806414449996188
Unknown_219,Reduced,~ DIVA + NGAT + Group + (1|Patient.ID),0.038647179005514,0.101354005222881,0.276048943575118,-0.00246439027634395,0.00245156892903016,0.318704455457807,-0.0363577007781957,0.011971310795868,0.00335765332939797,-0.0708832554760255,0.0820401467106739,0.390986653055498,NA,NA,NA,NA,NA,NA,FALSE,0.995811254164542,0.0102100070628632,NA,0.769837272745528
Unknown_220,Reduced,~ DIVA + NGAT + Group + (1|Patient.ID),0.0525096809468382,0.102641322693477,0.338442418771398,-0.00246787564270891,0.00259831299683293,0.34576066877609,-0.0501925548282244,0.0126161473240869,0.000162554994618879,-0.0730472625731692,0.0838067083070908,0.386813788040808,NA,NA,NA,NA,NA,NA,FALSE,0.995811254164542,0.00127477337885332,NA,0.769837272745528
Propylene_glycol_221,Reduced,~ DIVA + NGAT + Group + (1|Patient.ID),0.0764261879884203,0.315905544774094,0.194799914476157,-0.00282509504057619,0.00404733485868755,0.487938864570367,0.0262528570334327,0.0198944565934496,0.191521888799574,0.436628589870196,0.142274218128613,0.00323840686862186,NA,NA,NA,NA,NA,NA,FALSE,0.995811254164542,0.271778680296539,NA,0.137676180208035
Isoleucine_225,Reduced,~ DIVA + NGAT + Group + (1|Patient.ID),0.395431073460589,0.439261959818287,0.473744308020926,-0.00282643504477024,0.00602912948811877,0.640643057717356,-0.104459571883562,0.0288512008543895,0.000520572899461071,-0.0942666992612141,0.179931352139637,0.602185070153515,NA,NA,NA,NA,NA,NA,FALSE,0.995811254164542,0.00315551665359704,NA,0.85987949175523
Valine_227,Reduced,~ DIVA + NGAT + Group + (1|Patient.ID),0.185788473104158,0.197008339085834,0.485344880594111,-0.000482021838170368,0.00407860591893983,0.906251925896586,-0.0447943903318038,0.0194896170054467,0.0242082955736335,-0.0984786669095179,0.120925784593754,0.418502141559649,NA,NA,NA,NA,NA,NA,FALSE,0.995811254164542,0.0456586840566,NA,0.769837272745528
Leucine_229,Reduced,~ DIVA + NGAT + Group + (1|Patient.ID),0.291033450023218,0.249789556170327,0.538130676192176,0.00129176167083853,0.00481112833057184,0.789059319929983,-0.0975999094215746,0.0228321800350967,5.27266811001049e-05,-0.142613474265381,0.138477344709482,0.307004166516198,NA,NA,NA,NA,NA,NA,FALSE,0.995811254164542,0.000561162534565402,NA,0.727854988053864
Leucine.isoleucine_230,Reduced,~ DIVA + NGAT + Group + (1|Patient.ID),0.203473000858692,0.205650357258252,0.497338997693041,0.00091872568364507,0.00421095759010722,0.827905041651605,-0.0737882513886625,0.0200918220887815,0.000436135495662656,-0.15278203934692,0.124008861458322,0.222519368184325,NA,NA,NA,NA,NA,NA,FALSE,0.995811254164542,0.00282539951537982,NA,0.682316742755144
