"feature"	"metadata"	"value"	"name"	"coef"	"null_hypothesis"	"stderr"	"pval_individual"	"qval_individual"	"pval_joint"	"qval_joint"	"error"	"model"	"N"	"N_not_zero"
"Achromobacter"	"DIVA"	"DIVA"	"DIVA"	0.306902689668241	-0.276901219513992	0.249957769992661	0.129414782964591	0.745458403501818	0.223744667819606	0.782272086588495	NA	"abundance"	68	8
"Achromobacter"	"Reads"	"Reads"	"Reads"	-3.0882057016273	-0.856507197556791	0.479182349519568	0.021467174059387	0.745458403501818	0.042473508556678	0.782272086588495	NA	"abundance"	68	8
"Actinomycetaceae_unclassified"	"Reads"	"Reads"	"Reads"	0.40204167598702	-0.856507197556791	0.524537400055331	0.0321831753362005	0.745458403501818	0.0633305938976803	0.782272086588495	NA	"abundance"	68	26
"Actinotignum"	"Age"	"Age"	"Age"	-1.18299337444862	0.18666173636796	0.820879575927067	0.122743540966278	0.745458403501818	0.134973048919758	0.782272086588495	NA	"abundance"	68	18
"Actinotignum"	"DIVA"	"DIVA"	"DIVA"	-1.97334275363358	-0.276901219513992	0.740873827472274	0.044261574330051	0.745458403501818	0.0865640616979273	0.782272086588495	NA	"abundance"	68	18
"Actinotignum"	"Reads"	"Reads"	"Reads"	0.136020192552394	-0.856507197556791	0.501273815866576	0.11939891198251	0.745458403501818	0.224541723782413	0.782272086588495	NA	"abundance"	68	18
"Alkalibacterium"	"Reads"	"Reads"	"Reads"	-1.60018351904233	-0.856507197556791	0.37181065613253	0.0740711010294713	0.745458403501818	0.0740711010294713	0.782272086588495	NA	"abundance"	68	35
"Atopobium"	"Reads"	"Reads"	"Reads"	0.358791789082139	-0.856507197556791	0.416964149341094	0.0121097600686025	0.745458403501818	0.0235141013566291	0.782272086588495	NA	"abundance"	68	46
"Bifidobacterium"	"Group"	"Follow up"	"GroupFollow up"	0.706201751193432	-0.398701425682403	0.628252276977322	0.112062906434966	0.745458403501818	0.211567717871279	0.782272086588495	NA	"abundance"	68	44
"Bifidobacterium"	"Reads"	"Reads"	"Reads"	0.142374033713903	-0.856507197556791	0.330576508876537	0.0137344281240229	0.745458403501818	0.0272802217321517	0.782272086588495	NA	"abundance"	68	44
"Brevibacterium"	"DIVA"	"DIVA"	"DIVA"	0.372253163927823	-0.276901219513992	0.355393059818647	0.114034404080285	0.745458403501818	0.215064962846623	0.782272086588495	NA	"abundance"	68	15
"Brevibacterium"	"Group"	"Follow up"	"GroupFollow up"	1.12855260615571	-0.398701425682403	0.705644352944294	0.0652778561056794	0.745458403501818	0.126294513713605	0.782272086588495	NA	"abundance"	68	15
"Brevibacterium"	"Reads"	"Reads"	"Reads"	-2.19059539999871	-0.856507197556791	0.506731580510303	0.0308044146006212	0.745458403501818	0.0606599172423554	0.782272086588495	NA	"abundance"	68	15
"Cutibacterium"	"Reads"	"Reads"	"Reads"	-2.29325121669584	-0.856507197556791	0.660409236063272	0.0578846302773578	0.745458403501818	0.112418630132369	0.782272086588495	NA	"abundance"	68	16
"DNF00809"	"Age"	"Age"	"Age"	2.12678149143797	0.18666173636796	0.903733689746191	0.123753841335496	0.745458403501818	0.232192669425701	0.782272086588495	NA	"abundance"	68	8
"DNF00809"	"Reads"	"Reads"	"Reads"	0.668576497128137	-0.856507197556791	0.726804883547945	0.132938985631956	0.745458403501818	0.248205197363058	0.794085888229787	NA	"abundance"	68	8
"Escherichia-Shigella"	"Age"	"Age"	"Age"	2.19569433535992	0.18666173636796	1.18091067705932	0.128636391311909	0.745458403501818	0.0613808371070607	0.782272086588495	NA	"abundance"	68	13
"Escherichia-Shigella"	"Group"	"Follow up"	"GroupFollow up"	-4.15565697860385	-0.398701425682403	1.92616030158173	0.0887648200861887	0.745458403501818	0.169650446887444	0.782272086588495	NA	"abundance"	68	13
"Ezakiella"	"Reads"	"Reads"	"Reads"	-2.85735760811312	-0.856507197556791	0.688987950684553	0.016085014749191	0.745458403501818	0.0319113017989003	0.782272086588495	NA	"abundance"	68	16
"Howardella"	"Reads"	"Reads"	"Reads"	-0.0405813946937049	-0.856507197556791	0.31710023497977	0.0334067172607272	0.745458403501818	0.0133093157421791	0.782272086588495	NA	"abundance"	68	23
"HT002"	"DIVA"	"DIVA"	"DIVA"	1.77885842483617	-0.276901219513992	1.2029660625629	0.117389238318492	0.745458403501818	0.220998243363988	0.782272086588495	NA	"abundance"	68	17
"Lactobacillus"	"Age"	"Age"	"Age"	-1.44663450785972	0.18666173636796	0.617119334406888	0.0150867692964623	0.745458403501818	0.0150867692964623	0.782272086588495	NA	"abundance"	68	68
"Lactobacillus"	"Reads"	"Reads"	"Reads"	-0.051986417392415	-0.856507197556791	0.404515547330736	0.0701819263065888	0.745458403501818	0.0701819263065888	0.782272086588495	NA	"abundance"	68	68
"Microbacteriaceae_unclassified"	"Reads"	"Reads"	"Reads"	-2.03007976287265	-0.856507197556791	0.333240810685803	0.00843709246881964	0.745458403501818	0.00843709246881964	0.782272086588495	NA	"abundance"	68	19
"Paracoccus"	"Group"	"Follow up"	"GroupFollow up"	0.971867791080899	-0.398701425682403	0.688829242137113	0.075044735246244	0.745458403501818	0.144457758204309	0.782272086588495	NA	"abundance"	68	25
"Peptoniphilus"	"Reads"	"Reads"	"Reads"	-0.126488904247258	-0.856507197556791	0.388009152653599	0.0944008329382164	0.745458403501818	0.179890148617004	0.782272086588495	NA	"abundance"	68	34
"Peptostreptococcus"	"DIVA"	"DIVA"	"DIVA"	-1.57008375602414	-0.276901219513992	0.791247647476014	0.133727270857196	0.745458403501818	0.249571558743478	0.794085888229787	NA	"abundance"	68	16
"Peptostreptococcus"	"Reads"	"Reads"	"Reads"	0.597254474012927	-0.856507197556791	0.594677441225389	0.0447932665729403	0.745458403501818	0.0875800964156062	0.782272086588495	NA	"abundance"	68	16
"Stenotrophomonas"	"DIVA"	"DIVA"	"DIVA"	0.292045042566886	-0.276901219513992	0.309807951272961	0.105058705773197	0.745458403501818	0.199080079887654	0.782272086588495	NA	"abundance"	68	25
"Stenotrophomonas"	"Group"	"Follow up"	"GroupFollow up"	0.587520935382143	-0.398701425682403	0.477225485146847	0.0924516876554937	0.745458403501818	0.176356060760638	0.782272086588495	NA	"abundance"	68	25
"Stenotrophomonas"	"Reads"	"Reads"	"Reads"	-1.56634249674982	-0.856507197556791	0.363553200615619	0.0949298217371461	0.745458403501818	0.180847972419246	0.782272086588495	NA	"abundance"	68	25
"Uruburuella"	"DIVA"	"DIVA"	"DIVA"	0.363103002937129	-0.276901219513992	0.207963775862487	0.0418944006347027	0.745458403501818	0.0820336604648645	0.782272086588495	NA	"abundance"	68	31
"Uruburuella"	"Reads"	"Reads"	"Reads"	-1.72602960509463	-0.856507197556791	0.261576109267723	0.041533775208923	0.745458403501818	0.0813424959347407	0.782272086588495	NA	"abundance"	68	31
"Vibrio"	"Reads"	"Reads"	"Reads"	-1.7786990639645	-0.856507197556791	0.5276775481973	0.112588017341301	0.745458403501818	0.212499973033757	0.782272086588495	NA	"abundance"	68	21
"Achromobacter"	"DIVA"	"DIVA"	"DIVA"	0.768136719337072	0	0.492644519315755	0.118946464634302	0.745458403501818	0.223744667819606	0.782272086588495	"<4 average observations per random effect group often inflates coefficients and deflates p-values: consider setting small_random_effects=TRUE and see tutorial"	"prevalence"	68	8
"Achromobacter"	"Group"	"Follow up"	"GroupFollow up"	1.55102403337329	0	0.826181653557234	0.0604714813993189	0.745458403501818	0.11728616273601	0.782272086588495	"<4 average observations per random effect group often inflates coefficients and deflates p-values: consider setting small_random_effects=TRUE and see tutorial"	"prevalence"	68	8
"Achromobacter"	"Reads"	"Reads"	"Reads"	-1.14510455541439	0	0.646560796013245	0.0765490295161804	0.745458403501818	0.042473508556678	0.782272086588495	"<4 average observations per random effect group often inflates coefficients and deflates p-values: consider setting small_random_effects=TRUE and see tutorial"	"prevalence"	68	8
"Actinotignum"	"Age"	"Age"	"Age"	1.38338348208044	0	0.763308181802154	0.0699317492354433	0.745458403501818	0.134973048919758	0.782272086588495	"<4 average observations per random effect group often inflates coefficients and deflates p-values: consider setting small_random_effects=TRUE and see tutorial"	"prevalence"	68	18
"Alcaligenes"	"Reads"	"Reads"	"Reads"	-9.81398464265311	0	4.10264769622549	0.0167518202032346	0.745458403501818	0.0167518202032346	0.782272086588495	"<4 average observations per random effect group often inflates coefficients and deflates p-values: consider setting small_random_effects=TRUE and see tutorial"	"prevalence"	68	5
"Alloscardovia"	"DIVA"	"DIVA"	"DIVA"	1.17287349925194	0	0.781249529991784	0.133283418815171	0.745458403501818	0.248802367899283	0.794085888229787	"<4 average observations per random effect group often inflates coefficients and deflates p-values: consider setting small_random_effects=TRUE and see tutorial"	"prevalence"	68	15
"Anaerococcus"	"Reads"	"Reads"	"Reads"	0.702670976525276	0	0.439577564009026	0.109928588512382	0.745458403501818	0.20777288245244	0.782272086588495	"<4 average observations per random effect group often inflates coefficients and deflates p-values: consider setting small_random_effects=TRUE and see tutorial"	"prevalence"	68	35
"Arcanobacterium"	"DIVA"	"DIVA"	"DIVA"	-0.750526622343361	0	0.498936674182882	0.132516424907342	0.745458403501818	0.132516424907342	0.782272086588495	"<4 average observations per random effect group often inflates coefficients and deflates p-values: consider setting small_random_effects=TRUE and see tutorial"	"prevalence"	68	10
"Arcanobacterium"	"Group"	"Follow up"	"GroupFollow up"	-2.04422674148559	0	1.10159539799475	0.0634968277731936	0.745458403501818	0.0634968277731936	0.782272086588495	"<4 average observations per random effect group often inflates coefficients and deflates p-values: consider setting small_random_effects=TRUE and see tutorial"	"prevalence"	68	10
"Atopobium"	"Reads"	"Reads"	"Reads"	1.26651632594782	0	0.503131935960995	0.0118269895188541	0.745458403501818	0.0235141013566291	0.782272086588495	"<4 average observations per random effect group often inflates coefficients and deflates p-values: consider setting small_random_effects=TRUE and see tutorial"	"prevalence"	68	46
"Bifidobacterium"	"Reads"	"Reads"	"Reads"	0.899695202923119	0	0.450584061434867	0.0458544031644326	0.745458403501818	0.0272802217321517	0.782272086588495	"<4 average observations per random effect group often inflates coefficients and deflates p-values: consider setting small_random_effects=TRUE and see tutorial"	"prevalence"	68	44
"Campylobacter"	"Group"	"Follow up"	"GroupFollow up"	-1.27317744992278	0	0.826137920230549	0.123287648403988	0.745458403501818	0.231375452558991	0.782272086588495	"<4 average observations per random effect group often inflates coefficients and deflates p-values: consider setting small_random_effects=TRUE and see tutorial"	"prevalence"	68	20
"Catenococcus"	"Reads"	"Reads"	"Reads"	-2.58491169535166	0	1.64671223838874	0.116475381488469	0.745458403501818	0.116475381488469	0.782272086588495	"<4 average observations per random effect group often inflates coefficients and deflates p-values: consider setting small_random_effects=TRUE and see tutorial"	"prevalence"	68	4
"Clostridium sensu stricto 1"	"Age"	"Age"	"Age"	-2.01063331086387	0	1.3183545572723	0.127232118893413	0.745458403501818	0.127232118893413	0.782272086588495	"<4 average observations per random effect group often inflates coefficients and deflates p-values: consider setting small_random_effects=TRUE and see tutorial"	"prevalence"	68	5
"Clostridium sensu stricto 1"	"DIVA"	"DIVA"	"DIVA"	1.34014153478973	0	0.733947799012453	0.0678599383417735	0.745458403501818	0.0678599383417735	0.782272086588495	"<4 average observations per random effect group often inflates coefficients and deflates p-values: consider setting small_random_effects=TRUE and see tutorial"	"prevalence"	68	5
"Clostridium sensu stricto 1"	"Group"	"Follow up"	"GroupFollow up"	2.54247427046586	0	1.31069462186755	0.0524050355776445	0.745458403501818	0.0524050355776445	0.782272086588495	"<4 average observations per random effect group often inflates coefficients and deflates p-values: consider setting small_random_effects=TRUE and see tutorial"	"prevalence"	68	5
"Coriobacteriaceae UCG-002"	"DIVA"	"DIVA"	"DIVA"	1.02031921370526	0	0.598796126533057	0.0883902559061951	0.745458403501818	0.0883902559061951	0.782272086588495	"<4 average observations per random effect group often inflates coefficients and deflates p-values: consider setting small_random_effects=TRUE and see tutorial"	"prevalence"	68	7
"Coriobacteriaceae UCG-002"	"Reads"	"Reads"	"Reads"	0.884516381292693	0	0.373203823550375	0.0177850792791096	0.745458403501818	0.0177850792791096	0.782272086588495	"<4 average observations per random effect group often inflates coefficients and deflates p-values: consider setting small_random_effects=TRUE and see tutorial"	"prevalence"	68	7
"Enterococcus"	"Age"	"Age"	"Age"	0.489766797758853	0	0.268511260028854	0.0681508000946035	0.745458403501818	0.131657068635672	0.782272086588495	"<4 average observations per random effect group often inflates coefficients and deflates p-values: consider setting small_random_effects=TRUE and see tutorial"	"prevalence"	68	34
"Escherichia-Shigella"	"Age"	"Age"	"Age"	2.20446661702666	0	1.02304270907422	0.0311764025928459	0.745458403501818	0.0613808371070607	0.782272086588495	"<4 average observations per random effect group often inflates coefficients and deflates p-values: consider setting small_random_effects=TRUE and see tutorial"	"prevalence"	68	13
"Ezakiella"	"Group"	"Follow up"	"GroupFollow up"	-1.1507384069306	0	0.744214364275783	0.122045192921707	0.745458403501818	0.229195356728117	0.782272086588495	"<4 average observations per random effect group often inflates coefficients and deflates p-values: consider setting small_random_effects=TRUE and see tutorial"	"prevalence"	68	16
"Facklamia"	"Age"	"Age"	"Age"	2.04365964628349	0	1.30495176708296	0.117329749192016	0.745458403501818	0.220893228338571	0.782272086588495	"<4 average observations per random effect group often inflates coefficients and deflates p-values: consider setting small_random_effects=TRUE and see tutorial"	"prevalence"	68	7
"Faecalibacterium"	"Reads"	"Reads"	"Reads"	0.887424812798053	0	0.427087886469356	0.0377231234711039	0.745458403501818	0.0377231234711039	0.782272086588495	"<4 average observations per random effect group often inflates coefficients and deflates p-values: consider setting small_random_effects=TRUE and see tutorial"	"prevalence"	68	5
"Family XI_unclassified"	"Group"	"Follow up"	"GroupFollow up"	-1.29648065623523	0	0.833428410021427	0.119803403860886	0.745458403501818	0.225253952145118	0.782272086588495	"<4 average observations per random effect group often inflates coefficients and deflates p-values: consider setting small_random_effects=TRUE and see tutorial"	"prevalence"	68	16
"Family XI_unclassified"	"Reads"	"Reads"	"Reads"	0.633593448430096	0	0.40207233622156	0.115067395289916	0.745458403501818	0.216894285121025	0.782272086588495	"<4 average observations per random effect group often inflates coefficients and deflates p-values: consider setting small_random_effects=TRUE and see tutorial"	"prevalence"	68	16
"Fusobacterium"	"DIVA"	"DIVA"	"DIVA"	-0.529724479915847	0	0.344420067040823	0.124044059506586	0.745458403501818	0.232701190314299	0.782272086588495	"<4 average observations per random effect group often inflates coefficients and deflates p-values: consider setting small_random_effects=TRUE and see tutorial"	"prevalence"	68	13
"Fusobacterium"	"Group"	"Follow up"	"GroupFollow up"	-1.34873728916045	0	0.765289184976615	0.0780035853489805	0.745458403501818	0.149922611370665	0.782272086588495	"<4 average observations per random effect group often inflates coefficients and deflates p-values: consider setting small_random_effects=TRUE and see tutorial"	"prevalence"	68	13
"Fusobacterium"	"Reads"	"Reads"	"Reads"	0.789657825867363	0	0.319380567885152	0.0134184205688336	0.745458403501818	0.026656787127105	0.782272086588495	"<4 average observations per random effect group often inflates coefficients and deflates p-values: consider setting small_random_effects=TRUE and see tutorial"	"prevalence"	68	13
"Gardnerella"	"Group"	"Follow up"	"GroupFollow up"	2.44195078249131	0	1.1163960789878	0.028716864400901	0.745458403501818	0.0566090705007824	0.782272086588495	"<4 average observations per random effect group often inflates coefficients and deflates p-values: consider setting small_random_effects=TRUE and see tutorial"	"prevalence"	68	47
"Howardella"	"Reads"	"Reads"	"Reads"	1.20022078594132	0	0.442470993550836	0.00667694869301412	0.745458403501818	0.0133093157421791	0.782272086588495	"<4 average observations per random effect group often inflates coefficients and deflates p-values: consider setting small_random_effects=TRUE and see tutorial"	"prevalence"	68	23
"Mobiluncus"	"Reads"	"Reads"	"Reads"	0.792973326119565	0	0.405870646983255	0.05072975524174	0.745458403501818	0.0988860024165931	0.782272086588495	"<4 average observations per random effect group often inflates coefficients and deflates p-values: consider setting small_random_effects=TRUE and see tutorial"	"prevalence"	68	18
"Negativicoccus"	"Group"	"Follow up"	"GroupFollow up"	-2.31019102435492	0	1.37926665195346	0.093945700239782	0.745458403501818	0.093945700239782	0.782272086588495	"<4 average observations per random effect group often inflates coefficients and deflates p-values: consider setting small_random_effects=TRUE and see tutorial"	"prevalence"	68	5
"Peptoniphilus"	"Group"	"Follow up"	"GroupFollow up"	-1.31673247151876	0	0.688179486159548	0.0557024703796658	0.745458403501818	0.108302175552934	0.782272086588495	"<4 average observations per random effect group often inflates coefficients and deflates p-values: consider setting small_random_effects=TRUE and see tutorial"	"prevalence"	68	34
"Peptostreptococcus"	"Group"	"Follow up"	"GroupFollow up"	-1.08052002378948	0	0.659024189014097	0.101093426051215	0.745458403501818	0.191966971311657	0.782272086588495	"<4 average observations per random effect group often inflates coefficients and deflates p-values: consider setting small_random_effects=TRUE and see tutorial"	"prevalence"	68	16
"Porphyromonas"	"Group"	"Follow up"	"GroupFollow up"	-2.07667010292441	0	0.892826126988232	0.0200211481210636	0.745458403501818	0.0396414498700417	0.782272086588495	"<4 average observations per random effect group often inflates coefficients and deflates p-values: consider setting small_random_effects=TRUE and see tutorial"	"prevalence"	68	18
"Prevotella_7"	"Age"	"Age"	"Age"	1.71466990057106	0	1.0883139705715	0.115134458075613	0.745458403501818	0.115134458075613	0.782272086588495	"<4 average observations per random effect group often inflates coefficients and deflates p-values: consider setting small_random_effects=TRUE and see tutorial"	"prevalence"	68	8
"Prevotella_7"	"DIVA"	"DIVA"	"DIVA"	2.60466241880094	0	1.52365592976197	0.087361699172236	0.745458403501818	0.087361699172236	0.782272086588495	"<4 average observations per random effect group often inflates coefficients and deflates p-values: consider setting small_random_effects=TRUE and see tutorial"	"prevalence"	68	8
"Propionibacteriaceae_unclassified"	"Group"	"Follow up"	"GroupFollow up"	0.932881257765675	0	0.60059858572063	0.12036282212708	0.745458403501818	0.226238435303765	0.782272086588495	"<4 average observations per random effect group often inflates coefficients and deflates p-values: consider setting small_random_effects=TRUE and see tutorial"	"prevalence"	68	18
"Propionibacteriaceae_unclassified"	"Reads"	"Reads"	"Reads"	-0.68478801262713	0	0.377090241263185	0.0693735718314616	0.745458403501818	0.133934451194268	0.782272086588495	"<4 average observations per random effect group often inflates coefficients and deflates p-values: consider setting small_random_effects=TRUE and see tutorial"	"prevalence"	68	18
"Propionimicrobium"	"Age"	"Age"	"Age"	1.67601589539311	0	1.01502961233838	0.0986979443316921	0.745458403501818	0.187654604448082	0.782272086588495	"<4 average observations per random effect group often inflates coefficients and deflates p-values: consider setting small_random_effects=TRUE and see tutorial"	"prevalence"	68	10
"Pseudomonas"	"Age"	"Age"	"Age"	0.537854992299985	0	0.325080354019701	0.0980200015682221	0.745458403501818	0.18643208242901	0.782272086588495	"<4 average observations per random effect group often inflates coefficients and deflates p-values: consider setting small_random_effects=TRUE and see tutorial"	"prevalence"	68	39
"Pseudomonas"	"Group"	"Follow up"	"GroupFollow up"	1.13916540502177	0	0.6086673050337	0.0612656764675641	0.745458403501818	0.1187778698221	0.782272086588495	"<4 average observations per random effect group often inflates coefficients and deflates p-values: consider setting small_random_effects=TRUE and see tutorial"	"prevalence"	68	39
"Pseudomonas"	"Reads"	"Reads"	"Reads"	-0.587556688967368	0	0.30480863240167	0.0539018078180506	0.745458403501818	0.104898210750047	0.782272086588495	"<4 average observations per random effect group often inflates coefficients and deflates p-values: consider setting small_random_effects=TRUE and see tutorial"	"prevalence"	68	39
"Pseudonocardiaceae_unclassified"	"Group"	"Follow up"	"GroupFollow up"	-1.55620450253286	0	0.984766226240974	0.114043192528129	0.745458403501818	0.114043192528129	0.782272086588495	"<4 average observations per random effect group often inflates coefficients and deflates p-values: consider setting small_random_effects=TRUE and see tutorial"	"prevalence"	68	7
"S5-A14a"	"Age"	"Age"	"Age"	-1.31829743913976	0	0.824194028245918	0.10970979348421	0.745458403501818	0.10970979348421	0.782272086588495	"<4 average observations per random effect group often inflates coefficients and deflates p-values: consider setting small_random_effects=TRUE and see tutorial"	"prevalence"	68	5
"Solobacterium"	"Group"	"Follow up"	"GroupFollow up"	-2.43963439765659	0	1.41852639567623	0.0854620470900417	0.745458403501818	0.0854620470900417	0.782272086588495	"<4 average observations per random effect group often inflates coefficients and deflates p-values: consider setting small_random_effects=TRUE and see tutorial"	"prevalence"	68	6
"Solobacterium"	"Reads"	"Reads"	"Reads"	1.47376174278204	0	0.511224244704879	0.00394146621273596	0.745458403501818	0.00394146621273596	0.782272086588495	"<4 average observations per random effect group often inflates coefficients and deflates p-values: consider setting small_random_effects=TRUE and see tutorial"	"prevalence"	68	6
"Staphylococcus"	"Age"	"Age"	"Age"	0.663762669722619	0	0.399505364197412	0.0966208512755961	0.745458403501818	0.183906113649971	0.782272086588495	"<4 average observations per random effect group often inflates coefficients and deflates p-values: consider setting small_random_effects=TRUE and see tutorial"	"prevalence"	68	23
"Staphylococcus"	"Reads"	"Reads"	"Reads"	0.823483643225927	0	0.40429624807368	0.0416668536628569	0.745458403501818	0.0815975806315519	0.782272086588495	"<4 average observations per random effect group often inflates coefficients and deflates p-values: consider setting small_random_effects=TRUE and see tutorial"	"prevalence"	68	23
"Ureaplasma"	"DIVA"	"DIVA"	"DIVA"	1.83510319807989	0	1.06965839217672	0.0862357475961115	0.745458403501818	0.0862357475961115	0.782272086588495	"<4 average observations per random effect group often inflates coefficients and deflates p-values: consider setting small_random_effects=TRUE and see tutorial"	"prevalence"	68	6
"Ureaplasma"	"Group"	"Follow up"	"GroupFollow up"	2.09053943887792	0	1.34696363018748	0.120653007062999	0.745458403501818	0.120653007062999	0.782272086588495	"<4 average observations per random effect group often inflates coefficients and deflates p-values: consider setting small_random_effects=TRUE and see tutorial"	"prevalence"	68	6
"Uruburuella"	"Reads"	"Reads"	"Reads"	-0.430459504368939	0	0.274938543428453	0.117428896054264	0.745458403501818	0.0813424959347407	0.782272086588495	"<4 average observations per random effect group often inflates coefficients and deflates p-values: consider setting small_random_effects=TRUE and see tutorial"	"prevalence"	68	31
"Veillonellaceae_unclassified"	"Group"	"Follow up"	"GroupFollow up"	-2.65845992340805	0	1.22088734639825	0.0294446415446488	0.745458403501818	0.0580222961736047	0.782272086588495	"<4 average observations per random effect group often inflates coefficients and deflates p-values: consider setting small_random_effects=TRUE and see tutorial"	"prevalence"	68	35
"Veillonellaceae_unclassified"	"Reads"	"Reads"	"Reads"	1.80453960560756	0	0.851191364867466	0.0340046669719551	0.745458403501818	0.0668530165680366	0.782272086588495	"<4 average observations per random effect group often inflates coefficients and deflates p-values: consider setting small_random_effects=TRUE and see tutorial"	"prevalence"	68	35
"Vibrio"	"DIVA"	"DIVA"	"DIVA"	-0.446155403169626	0	0.290033989448548	0.123978551579748	0.745458403501818	0.232586421907683	0.782272086588495	"<4 average observations per random effect group often inflates coefficients and deflates p-values: consider setting small_random_effects=TRUE and see tutorial"	"prevalence"	68	21
"Virgibacillus"	"Group"	"Follow up"	"GroupFollow up"	1.48394574348524	0	0.765965991367563	0.0527023301403807	0.745458403501818	0.0527023301403807	0.782272086588495	"<4 average observations per random effect group often inflates coefficients and deflates p-values: consider setting small_random_effects=TRUE and see tutorial"	"prevalence"	68	11
"Virgibacillus"	"Reads"	"Reads"	"Reads"	-1.1497964457115	0	0.600578273972706	0.0555585648991428	0.745458403501818	0.0555585648991428	0.782272086588495	"<4 average observations per random effect group often inflates coefficients and deflates p-values: consider setting small_random_effects=TRUE and see tutorial"	"prevalence"	68	11
"Alloscardovia"	"Group"	"Follow up"	"GroupFollow up"	2.25844623227125	-0.398701425682403	1.70743069592177	0.152247058198456	0.748368331380687	0.281314949666829	0.794085888229787	NA	"abundance"	68	15
"Anaerococcus"	"Age"	"Age"	"Age"	0.962680477268909	0.18666173636796	0.503160769456338	0.149952333132321	0.748368331380687	0.277418964052816	0.794085888229787	NA	"abundance"	68	35
"Caulobacter"	"Reads"	"Reads"	"Reads"	-1.40429121811195	-0.856507197556791	0.334246942710096	0.143916106708921	0.748368331380687	0.143916106708921	0.782272086588495	NA	"abundance"	68	41
"Idiomarina"	"Group"	"Follow up"	"GroupFollow up"	0.816838418295396	-0.398701425682403	0.754569323628666	0.162812957590455	0.748368331380687	0.299117856021558	0.794085888229787	NA	"abundance"	68	12
"Idiomarina"	"Reads"	"Reads"	"Reads"	-1.87933160730677	-0.856507197556791	0.595748009938373	0.13746826626519	0.748368331380687	0.256039008300424	0.794085888229787	NA	"abundance"	68	12
"Limosilactobacillus"	"DIVA"	"DIVA"	"DIVA"	-1.89021427613168	-0.276901219513992	0.974468318659166	0.148361576053441	0.748368331380687	0.274711994857822	0.794085888229787	NA	"abundance"	68	12
"Mobiluncus"	"DIVA"	"DIVA"	"DIVA"	-1.34245536444269	-0.276901219513992	0.673386251479723	0.150723227080659	0.748368331380687	0.278728962979711	0.794085888229787	NA	"abundance"	68	18
"Mobiluncus"	"Group"	"Follow up"	"GroupFollow up"	-2.12064938344777	-0.398701425682403	1.02872648839552	0.146770433437499	0.748368331380687	0.271999306743567	0.794085888229787	NA	"abundance"	68	18
"Aerococcus"	"Age"	"Age"	"Age"	1.52666595405909	0	1.04731726643679	0.144925470325747	0.748368331380687	0.144925470325747	0.782272086588495	"<4 average observations per random effect group often inflates coefficients and deflates p-values: consider setting small_random_effects=TRUE and see tutorial"	"prevalence"	68	9
"Alcaligenes"	"Age"	"Age"	"Age"	1.03664340609912	0	0.742514618800615	0.162676782081978	0.748368331380687	0.162676782081978	0.782272086588495	"<4 average observations per random effect group often inflates coefficients and deflates p-values: consider setting small_random_effects=TRUE and see tutorial"	"prevalence"	68	5
"Anaerococcus"	"Group"	"Follow up"	"GroupFollow up"	-1.11330103891212	0	0.796427590907034	0.162152560586691	0.748368331380687	0.298011668268561	0.794085888229787	"<4 average observations per random effect group often inflates coefficients and deflates p-values: consider setting small_random_effects=TRUE and see tutorial"	"prevalence"	68	35
"Arcanobacterium"	"Reads"	"Reads"	"Reads"	0.658772190265999	0	0.464133658246351	0.155794438708324	0.748368331380687	0.155794438708324	0.782272086588495	"<4 average observations per random effect group often inflates coefficients and deflates p-values: consider setting small_random_effects=TRUE and see tutorial"	"prevalence"	68	10
"Brevibacterium"	"Reads"	"Reads"	"Reads"	-0.588918302395498	0	0.420010772304725	0.160870318100707	0.748368331380687	0.0606599172423554	0.782272086588495	"<4 average observations per random effect group often inflates coefficients and deflates p-values: consider setting small_random_effects=TRUE and see tutorial"	"prevalence"	68	15
"Cutibacterium"	"Reads"	"Reads"	"Reads"	-0.83704211150768	0	0.570754955185	0.142497827166943	0.748368331380687	0.112418630132369	0.782272086588495	"<4 average observations per random effect group often inflates coefficients and deflates p-values: consider setting small_random_effects=TRUE and see tutorial"	"prevalence"	68	16
"Facklamia"	"Group"	"Follow up"	"GroupFollow up"	-2.82329975336513	0	1.99227875397299	0.156447598767845	0.748368331380687	0.288419346375464	0.794085888229787	"<4 average observations per random effect group often inflates coefficients and deflates p-values: consider setting small_random_effects=TRUE and see tutorial"	"prevalence"	68	7
"Gardnerella"	"Age"	"Age"	"Age"	0.87296643615268	0	0.623002502557125	0.16114691844469	0.748368331380687	0.29632550756516	0.794085888229787	"<4 average observations per random effect group often inflates coefficients and deflates p-values: consider setting small_random_effects=TRUE and see tutorial"	"prevalence"	68	47
"Haemophilus"	"Age"	"Age"	"Age"	2.39551856724982	0	1.66757277008661	0.150851542477365	0.748368331380687	0.150851542477365	0.782272086588495	"<4 average observations per random effect group often inflates coefficients and deflates p-values: consider setting small_random_effects=TRUE and see tutorial"	"prevalence"	68	3
"Limosilactobacillus"	"Group"	"Follow up"	"GroupFollow up"	-1.95242030646183	0	1.31634600848911	0.138018071652324	0.748368331380687	0.256987155202022	0.794085888229787	"<4 average observations per random effect group often inflates coefficients and deflates p-values: consider setting small_random_effects=TRUE and see tutorial"	"prevalence"	68	12
"Porphyromonas"	"DIVA"	"DIVA"	"DIVA"	-0.595814376728356	0	0.417552558815252	0.153602762315364	0.748368331380687	0.283611716039817	0.794085888229787	"<4 average observations per random effect group often inflates coefficients and deflates p-values: consider setting small_random_effects=TRUE and see tutorial"	"prevalence"	68	18
"Propionimicrobium"	"Reads"	"Reads"	"Reads"	1.14212589652196	0	0.772662538267451	0.139362519716936	0.748368331380687	0.259303127532018	0.794085888229787	"<4 average observations per random effect group often inflates coefficients and deflates p-values: consider setting small_random_effects=TRUE and see tutorial"	"prevalence"	68	10
"Limosilactobacillus"	"Age"	"Age"	"Age"	-1.4868118910752	0	1.07176083111373	0.165362222374487	0.750184589468335	0.303379780160344	0.794085888229787	"<4 average observations per random effect group often inflates coefficients and deflates p-values: consider setting small_random_effects=TRUE and see tutorial"	"prevalence"	68	12
"Murdochiella"	"Group"	"Follow up"	"GroupFollow up"	-1.42068913447042	0	1.02581417980043	0.166071397668563	0.750184589468335	0.304563086213536	0.794085888229787	"<4 average observations per random effect group often inflates coefficients and deflates p-values: consider setting small_random_effects=TRUE and see tutorial"	"prevalence"	68	11
"Veillonellaceae_unclassified"	"Reads"	"Reads"	"Reads"	-0.218486281201398	-0.856507197556791	0.431247317450468	0.170234337131994	0.757656401083935	0.0668530165680366	0.782272086588495	NA	"abundance"	68	35
"Atopobium"	"DIVA"	"DIVA"	"DIVA"	0.427627479048295	0	0.313351949697162	0.17235129989899	0.757656401083935	0.314997629221109	0.79479715929808	"<4 average observations per random effect group often inflates coefficients and deflates p-values: consider setting small_random_effects=TRUE and see tutorial"	"prevalence"	68	46
"Finegoldia"	"Reads"	"Reads"	"Reads"	0.507728873919686	0	0.373051767478992	0.17350909948487	0.757656401083935	0.31691279136569	0.79479715929808	"<4 average observations per random effect group often inflates coefficients and deflates p-values: consider setting small_random_effects=TRUE and see tutorial"	"prevalence"	68	44
"Haemophilus"	"Reads"	"Reads"	"Reads"	-12.6038080407719	0	9.21184371595591	0.171243928601047	0.757656401083935	0.171243928601047	0.782272086588495	"<4 average observations per random effect group often inflates coefficients and deflates p-values: consider setting small_random_effects=TRUE and see tutorial"	"prevalence"	68	3
"Actinotignum"	"Group"	"Follow up"	"GroupFollow up"	-2.074829870003	-0.398701425682403	1.07011403977097	0.190370899875931	0.759012660724857	0.329665809346326	0.798151046029759	NA	"abundance"	68	18
"Alloscardovia"	"DIVA"	"DIVA"	"DIVA"	1.28647620846913	-0.276901219513992	1.07661622213995	0.178374762395276	0.759012660724857	0.248802367899283	0.794085888229787	NA	"abundance"	68	15
"DNF00809"	"Group"	"Follow up"	"GroupFollow up"	-3.13138889248648	-0.398701425682403	1.54842530994486	0.178381853771062	0.759012660724857	0.324943621787323	0.795985926238715	NA	"abundance"	68	8
"Fusobacterium"	"DIVA"	"DIVA"	"DIVA"	-1.0904746514762	-0.276901219513992	0.432547365827506	0.176676102994267	0.759012660724857	0.232701190314299	0.782272086588495	NA	"abundance"	68	13
"Prevotella"	"Group"	"Follow up"	"GroupFollow up"	-1.74118366578717	-0.398701425682403	0.970584518044854	0.192650160069477	0.759012660724857	0.348186235964159	0.809020960034369	NA	"abundance"	68	38
"Vibrio"	"Group"	"Follow up"	"GroupFollow up"	0.633659268979747	-0.398701425682403	0.710915765280765	0.183547225694521	0.759012660724857	0.333404867328887	0.798151046029759	NA	"abundance"	68	21
"Actinotignum"	"Group"	"Follow up"	"GroupFollow up"	-1.19684016404648	0	0.895246297157192	0.181260608829846	0.759012660724857	0.329665809346326	0.798151046029759	"<4 average observations per random effect group often inflates coefficients and deflates p-values: consider setting small_random_effects=TRUE and see tutorial"	"prevalence"	68	18
"Campylobacter"	"Reads"	"Reads"	"Reads"	0.584306961714065	0	0.447936220725488	0.192082814788421	0.759012660724857	0.347269821839799	0.809020960034369	"<4 average observations per random effect group often inflates coefficients and deflates p-values: consider setting small_random_effects=TRUE and see tutorial"	"prevalence"	68	20
"Mobiluncus"	"Group"	"Follow up"	"GroupFollow up"	-1.05477582050995	0	0.809521748489764	0.19258784309236	0.759012660724857	0.271999306743567	0.794085888229787	"<4 average observations per random effect group often inflates coefficients and deflates p-values: consider setting small_random_effects=TRUE and see tutorial"	"prevalence"	68	18
"Parvimonas"	"Group"	"Follow up"	"GroupFollow up"	-1.22340942328561	0	0.928903878341552	0.187823102779702	0.759012660724857	0.187823102779702	0.782272086588495	"<4 average observations per random effect group often inflates coefficients and deflates p-values: consider setting small_random_effects=TRUE and see tutorial"	"prevalence"	68	7
"Peptostreptococcus"	"DIVA"	"DIVA"	"DIVA"	-0.428480313947034	0	0.323779169623418	0.185711671139295	0.759012660724857	0.249571558743478	0.794085888229787	"<4 average observations per random effect group often inflates coefficients and deflates p-values: consider setting small_random_effects=TRUE and see tutorial"	"prevalence"	68	16
"Stenotrophomonas"	"Age"	"Age"	"Age"	0.3375761211781	0	0.256201389243979	0.18763082602499	0.759012660724857	0.340056325175159	0.807953374100378	"<4 average observations per random effect group often inflates coefficients and deflates p-values: consider setting small_random_effects=TRUE and see tutorial"	"prevalence"	68	25
"Halomonas"	"DIVA"	"DIVA"	"DIVA"	-0.727280552438188	0	0.560556605062417	0.194484750411834	0.760522456834338	0.194484750411834	0.782272086588495	"<4 average observations per random effect group often inflates coefficients and deflates p-values: consider setting small_random_effects=TRUE and see tutorial"	"prevalence"	68	4
"Actinomyces"	"Group"	"Follow up"	"GroupFollow up"	-1.76627237390501	-0.398701425682403	0.981377201847133	0.201564945132031	0.772192667062232	0.362501463157984	0.830359156152395	NA	"abundance"	68	23
"Ezakiella"	"Age"	"Age"	"Age"	0.946258042290604	0.18666173636796	0.546528099268847	0.201642436689253	0.772192667062232	0.362625201104527	0.830359156152395	NA	"abundance"	68	16
"Stenotrophomonas"	"Reads"	"Reads"	"Reads"	-0.379728304678533	0	0.297549534156752	0.201890067533446	0.772192667062232	0.180847972419246	0.782272086588495	"<4 average observations per random effect group often inflates coefficients and deflates p-values: consider setting small_random_effects=TRUE and see tutorial"	"prevalence"	68	25
"Aerococcus"	"Group"	"Follow up"	"GroupFollow up"	-1.96770049380892	0	1.55719146175182	0.206365939852343	0.777955053831856	0.206365939852343	0.782272086588495	"<4 average observations per random effect group often inflates coefficients and deflates p-values: consider setting small_random_effects=TRUE and see tutorial"	"prevalence"	68	9
"Halomonas"	"Group"	"Follow up"	"GroupFollow up"	-1.56732175989108	0	1.23774083051549	0.205414213423039	0.777955053831856	0.205414213423039	0.782272086588495	"<4 average observations per random effect group often inflates coefficients and deflates p-values: consider setting small_random_effects=TRUE and see tutorial"	"prevalence"	68	4
"Atopobium"	"DIVA"	"DIVA"	"DIVA"	0.516745011154609	-0.276901219513992	0.614578253479523	0.208435265878459	0.780143423716516	0.314997629221109	0.79479715929808	NA	"abundance"	68	46
"S5-A14a"	"Reads"	"Reads"	"Reads"	0.543847900270081	0	0.43426730632252	0.210448027465787	0.782090541787747	0.210448027465787	0.782272086588495	"<4 average observations per random effect group often inflates coefficients and deflates p-values: consider setting small_random_effects=TRUE and see tutorial"	"prevalence"	68	5
"Actinomyces"	"Reads"	"Reads"	"Reads"	-0.15870331535197	-0.856507197556791	0.512980131354293	0.217056918223585	0.783498717646815	0.38700013069845	0.855179958376604	NA	"abundance"	68	23
"Finegoldia"	"Reads"	"Reads"	"Reads"	-0.392865933035485	-0.856507197556791	0.337564565227612	0.214799540434288	0.783498717646815	0.31691279136569	0.79479715929808	NA	"abundance"	68	44
"Veillonellaceae_unclassified"	"Age"	"Age"	"Age"	0.876034797194412	0.18666173636796	0.527350092304783	0.214020917912444	0.783498717646815	0.382236882520802	0.855179958376604	NA	"abundance"	68	35
"Enterococcus"	"Reads"	"Reads"	"Reads"	-0.322041158912547	0	0.26202488283974	0.219053808823389	0.783498717646815	0.390123046486744	0.855179958376604	"<4 average observations per random effect group often inflates coefficients and deflates p-values: consider setting small_random_effects=TRUE and see tutorial"	"prevalence"	68	34
"Mobiluncus"	"DIVA"	"DIVA"	"DIVA"	-0.563002893921691	0	0.454797962351389	0.215746214598469	0.783498717646815	0.278728962979711	0.794085888229787	"<4 average observations per random effect group often inflates coefficients and deflates p-values: consider setting small_random_effects=TRUE and see tutorial"	"prevalence"	68	18
"Peptostreptococcus"	"Age"	"Age"	"Age"	0.339432389195284	0	0.277053588682406	0.220518457694125	0.783498717646815	0.392408525204454	0.855179958376604	"<4 average observations per random effect group often inflates coefficients and deflates p-values: consider setting small_random_effects=TRUE and see tutorial"	"prevalence"	68	16
"Pseudonocardiaceae_unclassified"	"Reads"	"Reads"	"Reads"	0.496365792145922	0	0.407142183534871	0.222788757498808	0.783498717646815	0.222788757498808	0.782272086588495	"<4 average observations per random effect group often inflates coefficients and deflates p-values: consider setting small_random_effects=TRUE and see tutorial"	"prevalence"	68	7
"Sutterella"	"Age"	"Age"	"Age"	-0.701873263923318	0	0.574292497319176	0.221649796400789	0.783498717646815	0.221649796400789	0.782272086588495	"<4 average observations per random effect group often inflates coefficients and deflates p-values: consider setting small_random_effects=TRUE and see tutorial"	"prevalence"	68	7
"Gardnerella"	"Age"	"Age"	"Age"	1.09756454020609	0.18666173636796	0.738173794935263	0.231930954440744	0.787538538830729	0.29632550756516	0.794085888229787	NA	"abundance"	68	47
"Propionimicrobium"	"Group"	"Follow up"	"GroupFollow up"	-1.43378002789493	-0.398701425682403	0.591836773222624	0.232955102135044	0.787538538830729	0.404793111003907	0.872466073007318	NA	"abundance"	68	10
"Enterococcus"	"Group"	"Follow up"	"GroupFollow up"	0.633421186524613	0	0.530813899382004	0.232751194169013	0.787538538830729	0.411329269950924	0.872466073007318	"<4 average observations per random effect group often inflates coefficients and deflates p-values: consider setting small_random_effects=TRUE and see tutorial"	"prevalence"	68	34
"Haemophilus"	"Group"	"Follow up"	"GroupFollow up"	-4.60050511687068	0	3.83388595930091	0.230155349690807	0.787538538830729	0.230155349690807	0.782272086588495	"<4 average observations per random effect group often inflates coefficients and deflates p-values: consider setting small_random_effects=TRUE and see tutorial"	"prevalence"	68	3
"Prevotella"	"Group"	"Follow up"	"GroupFollow up"	-0.775393620739332	0	0.639702045448739	0.22546765905338	0.787538538830729	0.348186235964159	0.809020960034369	"<4 average observations per random effect group often inflates coefficients and deflates p-values: consider setting small_random_effects=TRUE and see tutorial"	"prevalence"	68	38
"Propionimicrobium"	"Group"	"Follow up"	"GroupFollow up"	-1.81197077990236	0	1.50468067404306	0.228503474410874	0.787538538830729	0.404793111003907	0.872466073007318	"<4 average observations per random effect group often inflates coefficients and deflates p-values: consider setting small_random_effects=TRUE and see tutorial"	"prevalence"	68	10
"Corynebacteriaceae_unclassified"	"Group"	"Follow up"	"GroupFollow up"	0.150613386129727	-0.398701425682403	0.412361694223283	0.246687363693097	0.824479781681205	0.432520071980344	0.872466073007318	NA	"abundance"	68	44
"Ureaplasma"	"Age"	"Age"	"Age"	0.858648631949261	0	0.741752033004314	0.247029247564789	0.824479781681205	0.247029247564789	0.794085888229787	"<4 average observations per random effect group often inflates coefficients and deflates p-values: consider setting small_random_effects=TRUE and see tutorial"	"prevalence"	68	6
"Prevotella"	"Reads"	"Reads"	"Reads"	-0.273373733951306	-0.856507197556791	0.486103499639958	0.256641446907264	0.828199273870558	0.447418061543874	0.872466073007318	NA	"abundance"	68	38
"Propionibacteriaceae_unclassified"	"Reads"	"Reads"	"Reads"	-1.54401732970405	-0.856507197556791	0.567679191769524	0.257626873360498	0.828199273870558	0.133934451194268	0.782272086588495	NA	"abundance"	68	18
"Propionimicrobium"	"Reads"	"Reads"	"Reads"	-0.36777339566242	-0.856507197556791	0.286113668422772	0.251873901622713	0.828199273870558	0.259303127532018	0.794085888229787	NA	"abundance"	68	10
"Brevibacterium"	"DIVA"	"DIVA"	"DIVA"	-0.352396491772129	0	0.309719233936433	0.255206772953061	0.828199273870558	0.215064962846623	0.782272086588495	"<4 average observations per random effect group often inflates coefficients and deflates p-values: consider setting small_random_effects=TRUE and see tutorial"	"prevalence"	68	15
"Gardnerella"	"Reads"	"Reads"	"Reads"	0.910878058221084	0	0.797004342923881	0.253089597641154	0.828199273870558	0.442124850848147	0.872466073007318	"<4 average observations per random effect group often inflates coefficients and deflates p-values: consider setting small_random_effects=TRUE and see tutorial"	"prevalence"	68	47
"Haemophilus"	"DIVA"	"DIVA"	"DIVA"	-2.00431597036908	0	1.76054360143952	0.254926674021903	0.828199273870558	0.254926674021903	0.794085888229787	"<4 average observations per random effect group often inflates coefficients and deflates p-values: consider setting small_random_effects=TRUE and see tutorial"	"prevalence"	68	3
"Alkalibacterium"	"Group"	"Follow up"	"GroupFollow up"	0.243480781844325	-0.398701425682403	0.536354229629695	0.268552371532036	0.8282145877857	0.464984366808591	0.872466073007318	NA	"abundance"	68	35
"Caulobacter"	"DIVA"	"DIVA"	"DIVA"	-0.0159380703454667	-0.276901219513992	0.234800713252301	0.319653074469074	0.8282145877857	0.537128060920617	0.872466073007318	NA	"abundance"	68	41
"Corynebacteriaceae_unclassified"	"Reads"	"Reads"	"Reads"	-1.18795388374341	-0.856507197556791	0.292484674996094	0.316077536756142	0.8282145877857	0.316077536756142	0.79479715929808	NA	"abundance"	68	44
"Cutibacterium"	"Age"	"Age"	"Age"	-0.391330358476542	0.18666173636796	0.500593147053828	0.294182459932867	0.8282145877857	0.501821600133582	0.872466073007318	NA	"abundance"	68	16
"Cutibacterium"	"Group"	"Follow up"	"GroupFollow up"	0.446220001619818	-0.398701425682403	0.661440790194839	0.267631487132493	0.8282145877857	0.463636361360236	0.872466073007318	NA	"abundance"	68	16
"Gardnerella"	"DIVA"	"DIVA"	"DIVA"	0.379561526184537	-0.276901219513992	0.65729579330366	0.326432552308378	0.8282145877857	0.546306893410193	0.872466073007318	NA	"abundance"	68	47
"Howardella"	"DIVA"	"DIVA"	"DIVA"	0.222559842709636	-0.276901219513992	0.421510695555446	0.264559162440402	0.8282145877857	0.459126774449637	0.872466073007318	NA	"abundance"	68	23
"HT002"	"Group"	"Follow up"	"GroupFollow up"	1.43592571313814	-0.398701425682403	1.60976070427573	0.289195979249146	0.8282145877857	0.494757644084419	0.872466073007318	NA	"abundance"	68	17
"Peptoniphilus"	"DIVA"	"DIVA"	"DIVA"	-0.868768003131947	-0.276901219513992	0.573306809623526	0.317178527956814	0.8282145877857	0.533754837316777	0.872466073007318	NA	"abundance"	68	34
"Prevotella"	"DIVA"	"DIVA"	"DIVA"	-0.914178147971758	-0.276901219513992	0.58178163946582	0.29010040365578	0.8282145877857	0.496042563110314	0.872466073007318	NA	"abundance"	68	38
"Propionibacteriaceae_unclassified"	"Group"	"Follow up"	"GroupFollow up"	0.35756532258892	-0.398701425682403	0.60854442193132	0.314707213550456	0.8282145877857	0.226238435303765	0.782272086588495	NA	"abundance"	68	18
"Vibrio"	"DIVA"	"DIVA"	"DIVA"	0.175093155899095	-0.276901219513992	0.358582647811707	0.322118375916077	0.8282145877857	0.232586421907683	0.782272086588495	NA	"abundance"	68	21
"Achromobacter"	"Age"	"Age"	"Age"	0.39073952433222	0	0.399959232980855	0.32859470901995	0.8282145877857	0.549214935243994	0.872466073007318	"<4 average observations per random effect group often inflates coefficients and deflates p-values: consider setting small_random_effects=TRUE and see tutorial"	"prevalence"	68	8
"Actinomyces"	"Age"	"Age"	"Age"	0.32045779117125	0	0.320496921444133	0.317369597095015	0.8282145877857	0.534015733029778	0.872466073007318	"<4 average observations per random effect group often inflates coefficients and deflates p-values: consider setting small_random_effects=TRUE and see tutorial"	"prevalence"	68	23
"Actinotignum"	"DIVA"	"DIVA"	"DIVA"	0.711949045324335	0	0.660896423104364	0.281369692354494	0.8282145877857	0.0865640616979273	0.782272086588495	"<4 average observations per random effect group often inflates coefficients and deflates p-values: consider setting small_random_effects=TRUE and see tutorial"	"prevalence"	68	18
"Anaeroglobus"	"Group"	"Follow up"	"GroupFollow up"	0.828100414674227	0	0.764557225472139	0.27875911429377	0.8282145877857	0.479811584785693	0.872466073007318	"<4 average observations per random effect group often inflates coefficients and deflates p-values: consider setting small_random_effects=TRUE and see tutorial"	"prevalence"	68	14
"Bifidobacterium"	"Age"	"Age"	"Age"	0.373510455903816	0	0.332455001535396	0.261228696808797	0.8282145877857	0.454216961581171	0.872466073007318	"<4 average observations per random effect group often inflates coefficients and deflates p-values: consider setting small_random_effects=TRUE and see tutorial"	"prevalence"	68	44
"Brucella"	"Age"	"Age"	"Age"	-0.570701935375614	0	0.526861683995965	0.278715145730516	0.8282145877857	0.278715145730516	0.794085888229787	"<4 average observations per random effect group often inflates coefficients and deflates p-values: consider setting small_random_effects=TRUE and see tutorial"	"prevalence"	68	7
"Caulobacter"	"Age"	"Age"	"Age"	0.305058493911275	0	0.276322269430244	0.269595165234826	0.8282145877857	0.466508777351659	0.872466073007318	"<4 average observations per random effect group often inflates coefficients and deflates p-values: consider setting small_random_effects=TRUE and see tutorial"	"prevalence"	68	41
"Dialister"	"Group"	"Follow up"	"GroupFollow up"	-0.659160836076473	0	0.673143478004118	0.327467414157311	0.8282145877857	0.547699920979746	0.872466073007318	"<4 average observations per random effect group often inflates coefficients and deflates p-values: consider setting small_random_effects=TRUE and see tutorial"	"prevalence"	68	36
"Eggerthellaceae_unclassified"	"Reads"	"Reads"	"Reads"	0.515053739887823	0	0.503754562865817	0.306577463177323	0.8282145877857	0.306577463177323	0.794085888229787	"<4 average observations per random effect group often inflates coefficients and deflates p-values: consider setting small_random_effects=TRUE and see tutorial"	"prevalence"	68	6
"Enhydrobacter"	"Age"	"Age"	"Age"	0.385948427664088	0	0.356751152048154	0.279322680918231	0.8282145877857	0.279322680918231	0.794085888229787	"<4 average observations per random effect group often inflates coefficients and deflates p-values: consider setting small_random_effects=TRUE and see tutorial"	"prevalence"	68	8
"Faecalibacterium"	"Group"	"Follow up"	"GroupFollow up"	-1.23543532468653	0	1.14766133289028	0.281712308553651	0.8282145877857	0.281712308553651	0.794085888229787	"<4 average observations per random effect group often inflates coefficients and deflates p-values: consider setting small_random_effects=TRUE and see tutorial"	"prevalence"	68	5
"Finegoldia"	"Group"	"Follow up"	"GroupFollow up"	-0.688945365213443	0	0.670721528552061	0.3043401882271	0.8282145877857	0.516057426284093	0.872466073007318	"<4 average observations per random effect group often inflates coefficients and deflates p-values: consider setting small_random_effects=TRUE and see tutorial"	"prevalence"	68	44
"Halomonas"	"Reads"	"Reads"	"Reads"	-1.14045310574105	0	1.08839233079345	0.294715680577789	0.8282145877857	0.294715680577789	0.794085888229787	"<4 average observations per random effect group often inflates coefficients and deflates p-values: consider setting small_random_effects=TRUE and see tutorial"	"prevalence"	68	4
"Howardella"	"Age"	"Age"	"Age"	-0.425899802009713	0	0.394568994223549	0.280407158829568	0.8282145877857	0.482186142936265	0.872466073007318	"<4 average observations per random effect group often inflates coefficients and deflates p-values: consider setting small_random_effects=TRUE and see tutorial"	"prevalence"	68	23
"Idiomarina"	"Reads"	"Reads"	"Reads"	-0.597860336485781	0	0.611397233160981	0.328144025560261	0.8282145877857	0.256039008300424	0.794085888229787	"<4 average observations per random effect group often inflates coefficients and deflates p-values: consider setting small_random_effects=TRUE and see tutorial"	"prevalence"	68	12
"Lactobacillaceae_unclassified"	"DIVA"	"DIVA"	"DIVA"	1.52867999542454	0	1.55001223186086	0.324016642527391	0.8282145877857	0.324016642527391	0.795985926238715	"<4 average observations per random effect group often inflates coefficients and deflates p-values: consider setting small_random_effects=TRUE and see tutorial"	"prevalence"	68	4
"Murdochiella"	"DIVA"	"DIVA"	"DIVA"	-0.556609275746066	0	0.569933894830253	0.328756935609591	0.8282145877857	0.549432748507773	0.872466073007318	"<4 average observations per random effect group often inflates coefficients and deflates p-values: consider setting small_random_effects=TRUE and see tutorial"	"prevalence"	68	11
"Paracoccus"	"Reads"	"Reads"	"Reads"	-0.293233003778053	0	0.278389884772192	0.292195391842928	0.8282145877857	0.499012636671613	0.872466073007318	"<4 average observations per random effect group often inflates coefficients and deflates p-values: consider setting small_random_effects=TRUE and see tutorial"	"prevalence"	68	25
"Parvimonas"	"Age"	"Age"	"Age"	-0.533301228196163	0	0.481436387292474	0.267978709276575	0.8282145877857	0.267978709276575	0.794085888229787	"<4 average observations per random effect group often inflates coefficients and deflates p-values: consider setting small_random_effects=TRUE and see tutorial"	"prevalence"	68	7
"Peptoniphilus"	"Age"	"Age"	"Age"	0.361810384593346	0	0.35235414693954	0.304497077409593	0.8282145877857	0.516275684668202	0.872466073007318	"<4 average observations per random effect group often inflates coefficients and deflates p-values: consider setting small_random_effects=TRUE and see tutorial"	"prevalence"	68	34
"Peptoniphilus"	"Reads"	"Reads"	"Reads"	0.364923112857298	0	0.333713044684515	0.274163942875089	0.8282145877857	0.179890148617004	0.782272086588495	"<4 average observations per random effect group often inflates coefficients and deflates p-values: consider setting small_random_effects=TRUE and see tutorial"	"prevalence"	68	34
"Peptostreptococcus"	"Reads"	"Reads"	"Reads"	0.318599914314061	0	0.292656240447849	0.276308713709587	0.8282145877857	0.0875800964156062	0.782272086588495	"<4 average observations per random effect group often inflates coefficients and deflates p-values: consider setting small_random_effects=TRUE and see tutorial"	"prevalence"	68	16
"Porphyromonas"	"Age"	"Age"	"Age"	0.409969987148427	0	0.38855459898514	0.291372495478572	0.8282145877857	0.497847059835734	0.872466073007318	"<4 average observations per random effect group often inflates coefficients and deflates p-values: consider setting small_random_effects=TRUE and see tutorial"	"prevalence"	68	18
"Prevotella"	"DIVA"	"DIVA"	"DIVA"	0.394264945465914	0	0.387680924280692	0.309161472406088	0.8282145877857	0.496042563110314	0.872466073007318	"<4 average observations per random effect group often inflates coefficients and deflates p-values: consider setting small_random_effects=TRUE and see tutorial"	"prevalence"	68	38
"Prevotellaceae_unclassified"	"DIVA"	"DIVA"	"DIVA"	-0.342533525444802	0	0.337616425853115	0.310313630995597	0.8282145877857	0.524332712409522	0.872466073007318	"<4 average observations per random effect group often inflates coefficients and deflates p-values: consider setting small_random_effects=TRUE and see tutorial"	"prevalence"	68	22
"Prevotellaceae_unclassified"	"Reads"	"Reads"	"Reads"	0.316824670689824	0	0.30503693549874	0.298970505417731	0.8282145877857	0.508557647725728	0.872466073007318	"<4 average observations per random effect group often inflates coefficients and deflates p-values: consider setting small_random_effects=TRUE and see tutorial"	"prevalence"	68	22
"Pseudoalteromonas"	"Age"	"Age"	"Age"	0.328615368685011	0	0.324928064270376	0.311849869379991	0.8282145877857	0.311849869379991	0.79479715929808	"<4 average observations per random effect group often inflates coefficients and deflates p-values: consider setting small_random_effects=TRUE and see tutorial"	"prevalence"	68	9
"Pseudoalteromonas"	"DIVA"	"DIVA"	"DIVA"	-0.382380716769548	0	0.38527283425255	0.320956933408104	0.8282145877857	0.320956933408104	0.795985926238715	"<4 average observations per random effect group often inflates coefficients and deflates p-values: consider setting small_random_effects=TRUE and see tutorial"	"prevalence"	68	9
"Pseudonocardiaceae_unclassified"	"Age"	"Age"	"Age"	-0.468912427570225	0	0.451411894347864	0.298912444270948	0.8282145877857	0.298912444270948	0.794085888229787	"<4 average observations per random effect group often inflates coefficients and deflates p-values: consider setting small_random_effects=TRUE and see tutorial"	"prevalence"	68	7
"Pseudonocardiaceae_unclassified"	"DIVA"	"DIVA"	"DIVA"	-0.426635541034777	0	0.414802192090631	0.303701671810575	0.8282145877857	0.303701671810575	0.794085888229787	"<4 average observations per random effect group often inflates coefficients and deflates p-values: consider setting small_random_effects=TRUE and see tutorial"	"prevalence"	68	7
"Streptococcus"	"Age"	"Age"	"Age"	0.793097784510217	0	0.752946664882766	0.292191919528214	0.8282145877857	0.499007721218845	0.872466073007318	"<4 average observations per random effect group often inflates coefficients and deflates p-values: consider setting small_random_effects=TRUE and see tutorial"	"prevalence"	68	53
"Streptococcus"	"DIVA"	"DIVA"	"DIVA"	0.720168410464768	0	0.725177454503194	0.32066479849816	0.8282145877857	0.538503684000455	0.872466073007318	"<4 average observations per random effect group often inflates coefficients and deflates p-values: consider setting small_random_effects=TRUE and see tutorial"	"prevalence"	68	53
"Uruburuella"	"Age"	"Age"	"Age"	0.253166331511747	0	0.253604732557122	0.318147810122686	0.8282145877857	0.535077591159511	0.872466073007318	"<4 average observations per random effect group often inflates coefficients and deflates p-values: consider setting small_random_effects=TRUE and see tutorial"	"prevalence"	68	31
"Actinomyces"	"DIVA"	"DIVA"	"DIVA"	-0.899780005055845	-0.276901219513992	0.631069819481134	0.343144298236375	0.829073481889937	0.568540587060616	0.877113282838186	NA	"abundance"	68	23
"DNF00809"	"DIVA"	"DIVA"	"DIVA"	-2.3577090749926	-0.276901219513992	1.87575355802474	0.347964821928454	0.829073481889937	0.574850126557208	0.877113282838186	NA	"abundance"	68	8
"Prevotellaceae_unclassified"	"DIVA"	"DIVA"	"DIVA"	0.255576573713958	-0.276901219513992	0.536981828070825	0.341460001369698	0.829073481889937	0.524332712409522	0.872466073007318	NA	"abundance"	68	22
"Prevotellaceae_unclassified"	"Group"	"Follow up"	"GroupFollow up"	-1.6132606589047	-0.398701425682403	1.22823384460088	0.338941997424974	0.829073481889937	0.563002317231517	0.877113282838186	NA	"abundance"	68	22
"Pseudomonas"	"Group"	"Follow up"	"GroupFollow up"	-1.18765860708696	-0.398701425682403	0.810349331519318	0.344553973220378	0.829073481889937	0.1187778698221	0.782272086588495	NA	"abundance"	68	39
"Streptococcus"	"Age"	"Age"	"Age"	0.796876907889802	0.18666173636796	0.617474206286959	0.336563388132986	0.829073481889937	0.499007721218845	0.872466073007318	NA	"abundance"	68	53
"Varibaculum"	"Reads"	"Reads"	"Reads"	-0.254014723154635	-0.856507197556791	0.585313524056075	0.341169227487524	0.829073481889937	0.565942013190614	0.877113282838186	NA	"abundance"	68	14
"Alkalibacterium"	"Age"	"Age"	"Age"	0.239004898412425	0	0.253566506151591	0.345899444386092	0.829073481889937	0.572152463145576	0.877113282838186	"<4 average observations per random effect group often inflates coefficients and deflates p-values: consider setting small_random_effects=TRUE and see tutorial"	"prevalence"	68	35
"Alloscardovia"	"Group"	"Follow up"	"GroupFollow up"	-1.06419285237343	0	1.09981939843272	0.3332407237165	0.829073481889937	0.281314949666829	0.794085888229787	"<4 average observations per random effect group often inflates coefficients and deflates p-values: consider setting small_random_effects=TRUE and see tutorial"	"prevalence"	68	15
"Eggerthellaceae_unclassified"	"DIVA"	"DIVA"	"DIVA"	-0.755656352700885	0	0.80533623475836	0.348084286289668	0.829073481889937	0.348084286289668	0.809020960034369	"<4 average observations per random effect group often inflates coefficients and deflates p-values: consider setting small_random_effects=TRUE and see tutorial"	"prevalence"	68	6
"Mobiluncus"	"Age"	"Age"	"Age"	0.39982542594899	0	0.420327553781862	0.341490956662268	0.829073481889937	0.566365839842425	0.877113282838186	"<4 average observations per random effect group often inflates coefficients and deflates p-values: consider setting small_random_effects=TRUE and see tutorial"	"prevalence"	68	18
"Pseudoalteromonas"	"Reads"	"Reads"	"Reads"	-0.496354810508251	0	0.513014242275006	0.333280962437609	0.829073481889937	0.333280962437609	0.798151046029759	"<4 average observations per random effect group often inflates coefficients and deflates p-values: consider setting small_random_effects=TRUE and see tutorial"	"prevalence"	68	9
"Achromobacter"	"Group"	"Follow up"	"GroupFollow up"	-1.05186796009064	-0.398701425682403	0.577421928549937	0.362066762484742	0.834436790928968	0.11728616273601	0.782272086588495	NA	"abundance"	68	8
"Atopobium"	"Age"	"Age"	"Age"	-0.427694241328205	0.18666173636796	0.660574439405108	0.36487329937925	0.834436790928968	0.5966140741586	0.877113282838186	NA	"abundance"	68	46
"Bifidobacterium"	"DIVA"	"DIVA"	"DIVA"	0.262633880967355	-0.276901219513992	0.579457864549447	0.364180284620637	0.834436790928968	0.595733289534906	0.877113282838186	NA	"abundance"	68	44
"Dialister"	"Age"	"Age"	"Age"	-0.405264824895134	0.18666173636796	0.63733403905365	0.367109953490752	0.834436790928968	0.599450189029522	0.877113282838186	NA	"abundance"	68	36
"Gardnerella"	"Group"	"Follow up"	"GroupFollow up"	-1.14873895356683	-0.398701425682403	0.797024879834573	0.364593090627779	0.834436790928968	0.0566090705007824	0.782272086588495	NA	"abundance"	68	47
"Howardella"	"Group"	"Follow up"	"GroupFollow up"	0.37354432885129	-0.398701425682403	0.824204268130105	0.368576635587294	0.834436790928968	0.601304534873739	0.877113282838186	NA	"abundance"	68	23
"Mobiluncus"	"Age"	"Age"	"Age"	-0.340423350455901	0.18666173636796	0.54166058815213	0.360582628755884	0.834436790928968	0.566365839842425	0.877113282838186	NA	"abundance"	68	18
"Paracoccus"	"DIVA"	"DIVA"	"DIVA"	0.0448169135940393	-0.276901219513992	0.330444680367023	0.368821289464325	0.834436790928968	0.601613435366522	0.877113282838186	NA	"abundance"	68	25
"Veillonella"	"Age"	"Age"	"Age"	2.99987817483502	0.18666173636796	2.18104349404094	0.355983860785006	0.834436790928968	0.585243212430614	0.877113282838186	NA	"abundance"	68	11
"Fenollaria"	"Group"	"Follow up"	"GroupFollow up"	-1.08500436793996	0	1.20890114940981	0.369445296747177	0.834436790928968	0.369445296747177	0.839890027137466	"<4 average observations per random effect group often inflates coefficients and deflates p-values: consider setting small_random_effects=TRUE and see tutorial"	"prevalence"	68	8
"Lacticaseibacillus"	"Group"	"Follow up"	"GroupFollow up"	1.15389138782601	0	1.24247221423768	0.353041475616391	0.834436790928968	0.581444667727383	0.877113282838186	"<4 average observations per random effect group often inflates coefficients and deflates p-values: consider setting small_random_effects=TRUE and see tutorial"	"prevalence"	68	10
"Uruburuella"	"Group"	"Follow up"	"GroupFollow up"	0.4761330925891	0	0.521807855805477	0.361522284368712	0.834436790928968	0.592346206642252	0.877113282838186	"<4 average observations per random effect group often inflates coefficients and deflates p-values: consider setting small_random_effects=TRUE and see tutorial"	"prevalence"	68	31
"Cutibacterium"	"Group"	"Follow up"	"GroupFollow up"	0.747006088696217	0	0.836779719152523	0.372009635133108	0.836622527080467	0.463636361360236	0.872466073007318	"<4 average observations per random effect group often inflates coefficients and deflates p-values: consider setting small_random_effects=TRUE and see tutorial"	"prevalence"	68	16
"Campylobacter"	"Reads"	"Reads"	"Reads"	-1.48945901770006	-0.856507197556791	0.700695269645547	0.38456689773373	0.84431653056225	0.347269821839799	0.809020960034369	NA	"abundance"	68	20
"Enterococcus"	"Age"	"Age"	"Age"	-0.101407633524523	0.18666173636796	0.310158372488678	0.38993244350394	0.84431653056225	0.131657068635672	0.782272086588495	NA	"abundance"	68	34
"Atopobiaceae_unclassified"	"DIVA"	"DIVA"	"DIVA"	-0.364005121247272	0	0.415038745039479	0.380465513739729	0.84431653056225	0.380465513739729	0.855179958376604	"<4 average observations per random effect group often inflates coefficients and deflates p-values: consider setting small_random_effects=TRUE and see tutorial"	"prevalence"	68	6
"Coriobacteriaceae UCG-002"	"Age"	"Age"	"Age"	-0.486316315381061	0	0.564642809408523	0.389083110474982	0.84431653056225	0.389083110474982	0.855179958376604	"<4 average observations per random effect group often inflates coefficients and deflates p-values: consider setting small_random_effects=TRUE and see tutorial"	"prevalence"	68	7
"Finegoldia"	"Age"	"Age"	"Age"	0.339191517098438	0	0.390344525845478	0.384872179542656	0.84431653056225	0.621617764499398	0.888829020732171	"<4 average observations per random effect group often inflates coefficients and deflates p-values: consider setting small_random_effects=TRUE and see tutorial"	"prevalence"	68	44
"Finegoldia"	"DIVA"	"DIVA"	"DIVA"	-0.334001246729081	0	0.384199216479913	0.384659055743869	0.84431653056225	0.621355522321974	0.888829020732171	"<4 average observations per random effect group often inflates coefficients and deflates p-values: consider setting small_random_effects=TRUE and see tutorial"	"prevalence"	68	44
"HT002"	"DIVA"	"DIVA"	"DIVA"	0.491903428309079	0	0.572000321791245	0.389805279536243	0.84431653056225	0.220998243363988	0.782272086588495	"<4 average observations per random effect group often inflates coefficients and deflates p-values: consider setting small_random_effects=TRUE and see tutorial"	"prevalence"	68	17
"Propionibacteriaceae_unclassified"	"DIVA"	"DIVA"	"DIVA"	0.27116426542202	0	0.30800022948439	0.378641138483612	0.84431653056225	0.613913165215058	0.885829042045472	"<4 average observations per random effect group often inflates coefficients and deflates p-values: consider setting small_random_effects=TRUE and see tutorial"	"prevalence"	68	18
"Veillonella"	"Age"	"Age"	"Age"	0.416061693213455	0	0.47933289940743	0.385393491465978	0.84431653056225	0.585243212430614	0.877113282838186	"<4 average observations per random effect group often inflates coefficients and deflates p-values: consider setting small_random_effects=TRUE and see tutorial"	"prevalence"	68	11
"HT002"	"Age"	"Age"	"Age"	0.47194885762057	0	0.550843234177166	0.39156909850175	0.844371224752745	0.629811838102027	0.892468793005563	"<4 average observations per random effect group often inflates coefficients and deflates p-values: consider setting small_random_effects=TRUE and see tutorial"	"prevalence"	68	17
"Uruburuella"	"Age"	"Age"	"Age"	-0.0931921111951812	0.18666173636796	0.30541225315969	0.396244951626916	0.850952273166	0.535077591159511	0.872466073007318	NA	"abundance"	68	31
"Actinomycetaceae_unclassified"	"Age"	"Age"	"Age"	-0.390798013972477	0.18666173636796	0.672484470167791	0.403642169764707	0.856803634867633	0.644357338317053	0.896990832194664	NA	"abundance"	68	26
"Anaerococcus"	"DIVA"	"DIVA"	"DIVA"	0.132060305806217	-0.276901219513992	0.491030978733692	0.419496680846851	0.856803634867633	0.663015896452178	0.903073376202104	NA	"abundance"	68	35
"HT002"	"Reads"	"Reads"	"Reads"	-1.43118399051535	-0.856507197556791	0.671137648914388	0.420891628298041	0.856803634867633	0.655746101890816	0.903073376202104	NA	"abundance"	68	17
"Peptoniphilus"	"Group"	"Follow up"	"GroupFollow up"	-1.15365271634162	-0.398701425682403	0.897086461280948	0.418593023582709	0.856803634867633	0.108302175552934	0.782272086588495	NA	"abundance"	68	34
"Propionimicrobium"	"DIVA"	"DIVA"	"DIVA"	-0.915723020717611	-0.276901219513992	0.706445723426425	0.410483157604419	0.856803634867633	0.652469892531944	0.903073376202104	NA	"abundance"	68	10
"Actinobaculum"	"Age"	"Age"	"Age"	0.913427168790258	0	1.12717562524337	0.41772864681454	0.856803634867633	0.41772864681454	0.872466073007318	"<4 average observations per random effect group often inflates coefficients and deflates p-values: consider setting small_random_effects=TRUE and see tutorial"	"prevalence"	68	6
"Clostridium sensu stricto 1"	"Reads"	"Reads"	"Reads"	-0.568802409769577	0	0.69856582787034	0.41550569534259	0.856803634867633	0.41550569534259	0.872466073007318	"<4 average observations per random effect group often inflates coefficients and deflates p-values: consider setting small_random_effects=TRUE and see tutorial"	"prevalence"	68	5
"Enhydrobacter"	"Reads"	"Reads"	"Reads"	-0.453011200366146	0	0.545894118471943	0.40662259650092	0.856803634867633	0.40662259650092	0.872466073007318	"<4 average observations per random effect group often inflates coefficients and deflates p-values: consider setting small_random_effects=TRUE and see tutorial"	"prevalence"	68	8
"Faecalibacterium"	"Age"	"Age"	"Age"	-0.429225972608383	0	0.525822832990928	0.414332060702106	0.856803634867633	0.414332060702106	0.872466073007318	"<4 average observations per random effect group often inflates coefficients and deflates p-values: consider setting small_random_effects=TRUE and see tutorial"	"prevalence"	68	5
"HT002"	"Reads"	"Reads"	"Reads"	0.412422072841577	0	0.50408770230182	0.413268461637536	0.856803634867633	0.655746101890816	0.903073376202104	"<4 average observations per random effect group often inflates coefficients and deflates p-values: consider setting small_random_effects=TRUE and see tutorial"	"prevalence"	68	17
"Idiomarina"	"Group"	"Follow up"	"GroupFollow up"	0.720031368783166	0	0.89249203792116	0.419801868117645	0.856803634867633	0.299117856021558	0.794085888229787	"<4 average observations per random effect group often inflates coefficients and deflates p-values: consider setting small_random_effects=TRUE and see tutorial"	"prevalence"	68	12
"Microbacteriaceae_unclassified"	"Group"	"Follow up"	"GroupFollow up"	-0.472083688543073	0	0.581469800990371	0.416860504915458	0.856803634867633	0.659948329272545	0.903073376202104	"<4 average observations per random effect group often inflates coefficients and deflates p-values: consider setting small_random_effects=TRUE and see tutorial"	"prevalence"	68	19
"Negativicoccus"	"Age"	"Age"	"Age"	0.346063259746317	0	0.4304700781475	0.421443508048967	0.856803634867633	0.421443508048967	0.872466073007318	"<4 average observations per random effect group often inflates coefficients and deflates p-values: consider setting small_random_effects=TRUE and see tutorial"	"prevalence"	68	5
"Veillonellaceae_unclassified"	"Age"	"Age"	"Age"	-0.477065654269141	0	0.593959040307932	0.421861331671468	0.856803634867633	0.382236882520802	0.855179958376604	"<4 average observations per random effect group often inflates coefficients and deflates p-values: consider setting small_random_effects=TRUE and see tutorial"	"prevalence"	68	35
"Achromobacter"	"Age"	"Age"	"Age"	0.439846557976641	0.18666173636796	0.270832782444437	0.453997487479262	0.86096919380565	0.549214935243994	0.872466073007318	NA	"abundance"	68	8
"Anaerococcus"	"Reads"	"Reads"	"Reads"	-0.514980240983321	-0.856507197556791	0.431657440266061	0.454409951664361	0.86096919380565	0.20777288245244	0.782272086588495	NA	"abundance"	68	35
"Anaeroglobus"	"Reads"	"Reads"	"Reads"	0.0194214447480783	-0.856507197556791	0.237728165487202	0.468568224415754	0.86096919380565	0.717580267899376	0.919078369102045	NA	"abundance"	68	14
"Bifidobacterium"	"Age"	"Age"	"Age"	0.764932236918457	0.18666173636796	0.744780618546421	0.446861690744678	0.86096919380565	0.454216961581171	0.872466073007318	NA	"abundance"	68	44
"Campylobacter"	"Group"	"Follow up"	"GroupFollow up"	-1.43804133540963	-0.398701425682403	1.45699853949493	0.488926727938198	0.86096919380565	0.231375452558991	0.782272086588495	NA	"abundance"	68	20
"Cutibacterium"	"DIVA"	"DIVA"	"DIVA"	0.0975471751975904	-0.276901219513992	0.495756495769805	0.471398183098865	0.86096919380565	0.720580119168819	0.919078369102045	NA	"abundance"	68	16
"Ezakiella"	"DIVA"	"DIVA"	"DIVA"	0.177170837214224	-0.276901219513992	0.561902876300813	0.43982682518746	0.86096919380565	0.68620601422044	0.912860943081046	NA	"abundance"	68	16
"Facklamia"	"Group"	"Follow up"	"GroupFollow up"	0.492852387319955	-0.398701425682403	1.07138834496683	0.494282705207932	0.86096919380565	0.288419346375464	0.794085888229787	NA	"abundance"	68	7
"Gardnerella"	"Reads"	"Reads"	"Reads"	-1.25080830435751	-0.856507197556791	0.534252134678788	0.472582323991043	0.86096919380565	0.442124850848147	0.872466073007318	NA	"abundance"	68	47
"Lacticaseibacillus"	"Group"	"Follow up"	"GroupFollow up"	-2.67119026903917	-0.398701425682403	2.96979815160767	0.487837698743571	0.86096919380565	0.581444667727383	0.877113282838186	NA	"abundance"	68	10
"Lactobacillus"	"DIVA"	"DIVA"	"DIVA"	-0.658373730637182	-0.276901219513992	0.551632577384539	0.495480549612955	0.86096919380565	0.495480549612955	0.872466073007318	NA	"abundance"	68	68
"Limosilactobacillus"	"Group"	"Follow up"	"GroupFollow up"	0.169696501008944	-0.398701425682403	0.565129882123872	0.44212061379874	0.86096919380565	0.256987155202022	0.794085888229787	NA	"abundance"	68	12
"Microbacteriaceae_unclassified"	"Age"	"Age"	"Age"	-0.0524043449082798	0.18666173636796	0.273154199737225	0.432587764619582	0.86096919380565	0.678043355140597	0.911751915848632	NA	"abundance"	68	19
"Prevotellaceae_unclassified"	"Age"	"Age"	"Age"	0.582370024369791	0.18666173636796	0.549866282110019	0.486224926887377	0.86096919380565	0.736035174248119	0.919078369102045	NA	"abundance"	68	22
"Staphylococcus"	"DIVA"	"DIVA"	"DIVA"	0.281059260997159	-0.276901219513992	0.788593862098742	0.486762725890143	0.86096919380565	0.736587500464283	0.919078369102045	NA	"abundance"	68	23
"Actinobaculum"	"DIVA"	"DIVA"	"DIVA"	-0.827495459895034	0	1.1510405031222	0.472195875770947	0.86096919380565	0.472195875770947	0.872466073007318	"<4 average observations per random effect group often inflates coefficients and deflates p-values: consider setting small_random_effects=TRUE and see tutorial"	"prevalence"	68	6
"Actinomycetaceae_unclassified"	"Age"	"Age"	"Age"	0.230312531344966	0	0.309906806335362	0.457380541167483	0.86096919380565	0.644357338317053	0.896990832194664	"<4 average observations per random effect group often inflates coefficients and deflates p-values: consider setting small_random_effects=TRUE and see tutorial"	"prevalence"	68	26
"Actinomycetaceae_unclassified"	"Reads"	"Reads"	"Reads"	0.201521267688031	0	0.291640246742037	0.489570158408319	0.86096919380565	0.0633305938976803	0.782272086588495	"<4 average observations per random effect group often inflates coefficients and deflates p-values: consider setting small_random_effects=TRUE and see tutorial"	"prevalence"	68	26
"Alcaligenes"	"DIVA"	"DIVA"	"DIVA"	0.576416382204037	0	0.84263775041796	0.493936077967169	0.86096919380565	0.493936077967169	0.872466073007318	"<4 average observations per random effect group often inflates coefficients and deflates p-values: consider setting small_random_effects=TRUE and see tutorial"	"prevalence"	68	5
"Alloscardovia"	"Age"	"Age"	"Age"	-0.670954219884654	0	0.848490680638268	0.429082866322294	0.86096919380565	0.674053626473233	0.911751915848632	"<4 average observations per random effect group often inflates coefficients and deflates p-values: consider setting small_random_effects=TRUE and see tutorial"	"prevalence"	68	15
"Anaerococcus"	"DIVA"	"DIVA"	"DIVA"	-0.374220958353048	0	0.490922826992203	0.445892536296051	0.86096919380565	0.663015896452178	0.903073376202104	"<4 average observations per random effect group often inflates coefficients and deflates p-values: consider setting small_random_effects=TRUE and see tutorial"	"prevalence"	68	35
"Atopobiaceae_unclassified"	"Age"	"Age"	"Age"	-0.305056945256033	0	0.43420759635277	0.482329916748095	0.86096919380565	0.482329916748095	0.872466073007318	"<4 average observations per random effect group often inflates coefficients and deflates p-values: consider setting small_random_effects=TRUE and see tutorial"	"prevalence"	68	6
"Atopobiaceae_unclassified"	"Reads"	"Reads"	"Reads"	0.286217224255282	0	0.378833915862201	0.449936048524936	0.86096919380565	0.449936048524936	0.872466073007318	"<4 average observations per random effect group often inflates coefficients and deflates p-values: consider setting small_random_effects=TRUE and see tutorial"	"prevalence"	68	6
"Atopobium"	"Group"	"Follow up"	"GroupFollow up"	0.43610004899817	0	0.606942382737111	0.47243691545995	0.86096919380565	0.721677191830588	0.919078369102045	"<4 average observations per random effect group often inflates coefficients and deflates p-values: consider setting small_random_effects=TRUE and see tutorial"	"prevalence"	68	46
"Bifidobacterium"	"DIVA"	"DIVA"	"DIVA"	0.243232415425773	0	0.341574819127161	0.476408316666898	0.86096919380565	0.595733289534906	0.877113282838186	"<4 average observations per random effect group often inflates coefficients and deflates p-values: consider setting small_random_effects=TRUE and see tutorial"	"prevalence"	68	44
"Campylobacter"	"DIVA"	"DIVA"	"DIVA"	-0.325227632692147	0	0.475450081878493	0.493948900102628	0.86096919380565	0.74391228429266	0.921867771907767	"<4 average observations per random effect group often inflates coefficients and deflates p-values: consider setting small_random_effects=TRUE and see tutorial"	"prevalence"	68	20
"Corynebacteriaceae_unclassified"	"Age"	"Age"	"Age"	-0.193372410460351	0	0.253622093344748	0.445795601758653	0.86096919380565	0.692857484969946	0.912860943081046	"<4 average observations per random effect group often inflates coefficients and deflates p-values: consider setting small_random_effects=TRUE and see tutorial"	"prevalence"	68	44
"Corynebacterium"	"Age"	"Age"	"Age"	0.71602242869509	0	1.03456990377105	0.488876596410947	0.86096919380565	0.738752866303542	0.919078369102045	"<4 average observations per random effect group often inflates coefficients and deflates p-values: consider setting small_random_effects=TRUE and see tutorial"	"prevalence"	68	64
"Dialister"	"Reads"	"Reads"	"Reads"	0.255027892598702	0	0.349925592272906	0.466120303438129	0.86096919380565	0.714972469599004	0.919078369102045	"<4 average observations per random effect group often inflates coefficients and deflates p-values: consider setting small_random_effects=TRUE and see tutorial"	"prevalence"	68	36
"Enhydrobacter"	"Group"	"Follow up"	"GroupFollow up"	-0.655802867368116	0	0.832390113465239	0.430781416959462	0.86096919380565	0.430781416959462	0.872466073007318	"<4 average observations per random effect group often inflates coefficients and deflates p-values: consider setting small_random_effects=TRUE and see tutorial"	"prevalence"	68	8
"Facklamia"	"Reads"	"Reads"	"Reads"	-1.33396371230031	0	1.76347985728639	0.449386449762621	0.86096919380565	0.696824718294989	0.913678883739488	"<4 average observations per random effect group often inflates coefficients and deflates p-values: consider setting small_random_effects=TRUE and see tutorial"	"prevalence"	68	7
"Fastidiosipila"	"Age"	"Age"	"Age"	-0.513941539527861	0	0.670177196511772	0.443156369543242	0.86096919380565	0.689925171219737	0.912860943081046	"<4 average observations per random effect group often inflates coefficients and deflates p-values: consider setting small_random_effects=TRUE and see tutorial"	"prevalence"	68	9
"HT002"	"Group"	"Follow up"	"GroupFollow up"	-0.59474557346571	0	0.874022805369028	0.49620743612463	0.86096919380565	0.494757644084419	0.872466073007318	"<4 average observations per random effect group often inflates coefficients and deflates p-values: consider setting small_random_effects=TRUE and see tutorial"	"prevalence"	68	17
"Microbacteriaceae_unclassified"	"DIVA"	"DIVA"	"DIVA"	-0.205820257887888	0	0.294480521718912	0.48459792827209	0.86096919380565	0.734360704458578	0.919078369102045	"<4 average observations per random effect group often inflates coefficients and deflates p-values: consider setting small_random_effects=TRUE and see tutorial"	"prevalence"	68	19
"Paracoccus"	"Group"	"Follow up"	"GroupFollow up"	0.407460403760806	0	0.529005757821302	0.441158651551376	0.86096919380565	0.144457758204309	0.782272086588495	"<4 average observations per random effect group often inflates coefficients and deflates p-values: consider setting small_random_effects=TRUE and see tutorial"	"prevalence"	68	25
"Prevotella"	"Age"	"Age"	"Age"	0.265705353810581	0	0.35695160895306	0.456650486502077	0.86096919380565	0.70477130618157	0.916492727380149	"<4 average observations per random effect group often inflates coefficients and deflates p-values: consider setting small_random_effects=TRUE and see tutorial"	"prevalence"	68	38
"Prevotella"	"Reads"	"Reads"	"Reads"	0.230148658102422	0	0.33327276720776	0.489834894254951	0.86096919380565	0.447418061543874	0.872466073007318	"<4 average observations per random effect group often inflates coefficients and deflates p-values: consider setting small_random_effects=TRUE and see tutorial"	"prevalence"	68	38
"Prevotella_7"	"Group"	"Follow up"	"GroupFollow up"	-1.14497680518125	0	1.5842815433671	0.469857802538697	0.86096919380565	0.469857802538697	0.872466073007318	"<4 average observations per random effect group often inflates coefficients and deflates p-values: consider setting small_random_effects=TRUE and see tutorial"	"prevalence"	68	8
"Prevotella_7"	"Reads"	"Reads"	"Reads"	0.447559520467986	0	0.648152947361749	0.489870197932053	0.86096919380565	0.489870197932053	0.872466073007318	"<4 average observations per random effect group often inflates coefficients and deflates p-values: consider setting small_random_effects=TRUE and see tutorial"	"prevalence"	68	8
"Solobacterium"	"DIVA"	"DIVA"	"DIVA"	-0.422138102037318	0	0.53730628049736	0.432068830255487	0.86096919380565	0.432068830255487	0.872466073007318	"<4 average observations per random effect group often inflates coefficients and deflates p-values: consider setting small_random_effects=TRUE and see tutorial"	"prevalence"	68	6
"Staphylococcus"	"Group"	"Follow up"	"GroupFollow up"	-0.489995364247914	0	0.700227769864993	0.484073648709568	0.86096919380565	0.733820000044142	0.919078369102045	"<4 average observations per random effect group often inflates coefficients and deflates p-values: consider setting small_random_effects=TRUE and see tutorial"	"prevalence"	68	23
"Streptococcus"	"Group"	"Follow up"	"GroupFollow up"	0.765611211482668	0	0.973834677020039	0.431760919500345	0.86096919380565	0.677104347392907	0.911751915848632	"<4 average observations per random effect group often inflates coefficients and deflates p-values: consider setting small_random_effects=TRUE and see tutorial"	"prevalence"	68	53
"Vibrio"	"Reads"	"Reads"	"Reads"	-0.230578346885485	0	0.31556326923763	0.464969644659494	0.86096919380565	0.212499973033757	0.782272086588495	"<4 average observations per random effect group often inflates coefficients and deflates p-values: consider setting small_random_effects=TRUE and see tutorial"	"prevalence"	68	21
"Virgibacillus"	"DIVA"	"DIVA"	"DIVA"	0.285108067952436	0	0.393000936919287	0.468167365948466	0.86096919380565	0.468167365948466	0.872466073007318	"<4 average observations per random effect group often inflates coefficients and deflates p-values: consider setting small_random_effects=TRUE and see tutorial"	"prevalence"	68	11
"Fusobacterium"	"Age"	"Age"	"Age"	-0.0826925641692732	0.18666173636796	0.369235371284264	0.502938264916943	0.863056916760236	0.752929631516221	0.929397513902835	NA	"abundance"	68	13
"Peptoniphilus"	"Age"	"Age"	"Age"	-0.175661083998656	0.18666173636796	0.527226955966772	0.502566763303962	0.863056916760236	0.516275684668202	0.872466073007318	NA	"abundance"	68	34
"Uruburuella"	"Group"	"Follow up"	"GroupFollow up"	-0.643730531025857	-0.398701425682403	0.218121189486013	0.503815197464272	0.863056916760236	0.592346206642252	0.877113282838186	NA	"abundance"	68	31
"Faecalibacterium"	"DIVA"	"DIVA"	"DIVA"	-0.341265083004495	0	0.510714520334082	0.503998886505023	0.863056916760236	0.503998886505023	0.872466073007318	"<4 average observations per random effect group often inflates coefficients and deflates p-values: consider setting small_random_effects=TRUE and see tutorial"	"prevalence"	68	5
"Family XI_unclassified"	"DIVA"	"DIVA"	"DIVA"	-0.292384793718218	0	0.443139041430092	0.509379787532342	0.869429995657808	0.75929180711819	0.933603934044156	"<4 average observations per random effect group often inflates coefficients and deflates p-values: consider setting small_random_effects=TRUE and see tutorial"	"prevalence"	68	16
"Idiomarina"	"Age"	"Age"	"Age"	-0.133879195253155	0.18666173636796	0.455532386639047	0.513917009090839	0.874326340141557	0.763723325948804	0.935413065890784	NA	"abundance"	68	12
"Anaeroglobus"	"Group"	"Follow up"	"GroupFollow up"	1.02332034528566	-0.398701425682403	0.545117001326704	0.520994052822316	0.879939971869049	0.479811584785693	0.872466073007318	NA	"abundance"	68	14
"Campylobacter"	"DIVA"	"DIVA"	"DIVA"	-0.718764378141331	-0.276901219513992	0.677931992762025	0.526858686311237	0.879939971869049	0.74391228429266	0.921867771907767	NA	"abundance"	68	20
"Caulobacter"	"Age"	"Age"	"Age"	0.0241821258663879	0.18666173636796	0.225194567334924	0.525832839469516	0.879939971869049	0.466508777351659	0.872466073007318	NA	"abundance"	68	41
"Lacticaseibacillus"	"DIVA"	"DIVA"	"DIVA"	-1.98206498948263	-0.276901219513992	2.50897451776846	0.53287739265456	0.879939971869049	0.781796469706798	0.937974667140621	NA	"abundance"	68	10
"Alcaligenes"	"Group"	"Follow up"	"GroupFollow up"	-0.929682422426312	0	1.47079127927806	0.52732364327074	0.879939971869049	0.52732364327074	0.872466073007318	"<4 average observations per random effect group often inflates coefficients and deflates p-values: consider setting small_random_effects=TRUE and see tutorial"	"prevalence"	68	5
"Brucella"	"Group"	"Follow up"	"GroupFollow up"	0.520465191928632	0	0.840346829259288	0.535688646996616	0.879939971869049	0.535688646996616	0.872466073007318	"<4 average observations per random effect group often inflates coefficients and deflates p-values: consider setting small_random_effects=TRUE and see tutorial"	"prevalence"	68	7
"Ezakiella"	"Age"	"Age"	"Age"	0.230163320066717	0	0.36878185744661	0.532550227529921	0.879939971869049	0.362625201104527	0.830359156152395	"<4 average observations per random effect group often inflates coefficients and deflates p-values: consider setting small_random_effects=TRUE and see tutorial"	"prevalence"	68	16
"Lactobacillaceae_unclassified"	"Group"	"Follow up"	"GroupFollow up"	-1.35986390566217	0	2.18784431142016	0.534235019225079	0.879939971869049	0.534235019225079	0.872466073007318	"<4 average observations per random effect group often inflates coefficients and deflates p-values: consider setting small_random_effects=TRUE and see tutorial"	"prevalence"	68	4
"S5-A14a"	"Group"	"Follow up"	"GroupFollow up"	-0.6638039868296	0	1.05483473049077	0.529154848839614	0.879939971869049	0.529154848839614	0.872466073007318	"<4 average observations per random effect group often inflates coefficients and deflates p-values: consider setting small_random_effects=TRUE and see tutorial"	"prevalence"	68	5
"Solobacterium"	"Age"	"Age"	"Age"	-0.321549673750774	0	0.514509655190785	0.531995117629356	0.879939971869049	0.531995117629356	0.872466073007318	"<4 average observations per random effect group often inflates coefficients and deflates p-values: consider setting small_random_effects=TRUE and see tutorial"	"prevalence"	68	6
"Vibrio"	"Group"	"Follow up"	"GroupFollow up"	-0.369241339222474	0	0.578566250461001	0.523343094270293	0.879939971869049	0.333404867328887	0.798151046029759	"<4 average observations per random effect group often inflates coefficients and deflates p-values: consider setting small_random_effects=TRUE and see tutorial"	"prevalence"	68	21
"Peptostreptococcus"	"Group"	"Follow up"	"GroupFollow up"	-1.46427934916197	-0.398701425682403	1.64176993056941	0.538649242981998	0.880436307576815	0.191966971311657	0.782272086588495	NA	"abundance"	68	16
"DNF00809"	"Age"	"Age"	"Age"	0.277076232544745	0	0.451415437380237	0.53935124948885	0.880436307576815	0.232192669425701	0.782272086588495	"<4 average observations per random effect group often inflates coefficients and deflates p-values: consider setting small_random_effects=TRUE and see tutorial"	"prevalence"	68	8
"Fastidiosipila"	"Age"	"Age"	"Age"	0.931730281804702	0.18666173636796	1.1271370703834	0.547626535979825	0.883766547840082	0.689925171219737	0.912860943081046	NA	"abundance"	68	9
"Catenococcus"	"DIVA"	"DIVA"	"DIVA"	0.372406638102502	0	0.616471043044883	0.545780954465583	0.883766547840082	0.545780954465583	0.872466073007318	"<4 average observations per random effect group often inflates coefficients and deflates p-values: consider setting small_random_effects=TRUE and see tutorial"	"prevalence"	68	4
"Cutibacterium"	"Age"	"Age"	"Age"	0.305255794229475	0	0.5052470880596	0.545729754341617	0.883766547840082	0.501821600133582	0.872466073007318	"<4 average observations per random effect group often inflates coefficients and deflates p-values: consider setting small_random_effects=TRUE and see tutorial"	"prevalence"	68	16
"Parvimonas"	"DIVA"	"DIVA"	"DIVA"	-0.243905180141925	0	0.4061342102883	0.548137648946616	0.883766547840082	0.548137648946616	0.872466073007318	"<4 average observations per random effect group often inflates coefficients and deflates p-values: consider setting small_random_effects=TRUE and see tutorial"	"prevalence"	68	7
"Actinomyces"	"Age"	"Age"	"Age"	0.519517861590829	0.18666173636796	0.567176503142142	0.569133809859324	0.888210341511647	0.534015733029778	0.872466073007318	NA	"abundance"	68	23
"Anaeroglobus"	"Age"	"Age"	"Age"	-0.323887154689276	0.18666173636796	0.84511144977712	0.561062894826163	0.888210341511647	0.807334217701612	0.937974667140621	NA	"abundance"	68	14
"Dialister"	"DIVA"	"DIVA"	"DIVA"	-0.659933659658862	-0.276901219513992	0.653705765314645	0.563431662626557	0.888210341511647	0.809408086802987	0.937974667140621	NA	"abundance"	68	36
"Escherichia-Shigella"	"DIVA"	"DIVA"	"DIVA"	-0.894992864725029	-0.276901219513992	1.04054814155158	0.568151397185517	0.888210341511647	0.813506784247178	0.937974667140621	NA	"abundance"	68	13
"Paracoccus"	"Reads"	"Reads"	"Reads"	-1.18563677864126	-0.856507197556791	0.536365005349501	0.554930387110862	0.888210341511647	0.499012636671613	0.872466073007318	NA	"abundance"	68	25
"Streptococcus"	"Group"	"Follow up"	"GroupFollow up"	0.0659490366604871	-0.398701425682403	0.799850582692652	0.569539455625789	0.888210341511647	0.677104347392907	0.911751915848632	NA	"abundance"	68	53
"Varibaculum"	"Age"	"Age"	"Age"	-0.218072097314788	0.18666173636796	0.662353425988299	0.561431981375411	0.888210341511647	0.807658093039702	0.937974667140621	NA	"abundance"	68	14
"Actinomycetaceae_unclassified"	"Group"	"Follow up"	"GroupFollow up"	-0.341976385183436	0	0.592641663847982	0.563914213329384	0.888210341511647	0.80982918666387	0.937974667140621	"<4 average observations per random effect group often inflates coefficients and deflates p-values: consider setting small_random_effects=TRUE and see tutorial"	"prevalence"	68	26
"Propionimicrobium"	"DIVA"	"DIVA"	"DIVA"	-0.55369295969923	0	0.964268039395166	0.5658252759528	0.888210341511647	0.652469892531944	0.903073376202104	"<4 average observations per random effect group often inflates coefficients and deflates p-values: consider setting small_random_effects=TRUE and see tutorial"	"prevalence"	68	10
"Pseudoalteromonas"	"Group"	"Follow up"	"GroupFollow up"	-0.442973457806442	0	0.756555823369973	0.558202660979308	0.888210341511647	0.558202660979308	0.877113282838186	"<4 average observations per random effect group often inflates coefficients and deflates p-values: consider setting small_random_effects=TRUE and see tutorial"	"prevalence"	68	9
"Stenotrophomonas"	"Group"	"Follow up"	"GroupFollow up"	-0.309358029984737	0	0.535108084050892	0.56318140895156	0.888210341511647	0.176356060760638	0.782272086588495	"<4 average observations per random effect group often inflates coefficients and deflates p-values: consider setting small_random_effects=TRUE and see tutorial"	"prevalence"	68	25
"Veillonella"	"Reads"	"Reads"	"Reads"	-0.272030553463347	0	0.481384586183024	0.572005573582324	0.889409259813465	0.816820770955405	0.937974667140621	"<4 average observations per random effect group often inflates coefficients and deflates p-values: consider setting small_random_effects=TRUE and see tutorial"	"prevalence"	68	11
"Varibaculum"	"DIVA"	"DIVA"	"DIVA"	-0.234358599117181	0	0.417049136248186	0.574153619683131	0.89010797844367	0.81865486037102	0.937974667140621	"<4 average observations per random effect group often inflates coefficients and deflates p-values: consider setting small_random_effects=TRUE and see tutorial"	"prevalence"	68	14
"Actinomyces"	"DIVA"	"DIVA"	"DIVA"	-0.184034608793779	0	0.333235466820326	0.580766141046497	0.897703415658892	0.568540587060616	0.877113282838186	"<4 average observations per random effect group often inflates coefficients and deflates p-values: consider setting small_random_effects=TRUE and see tutorial"	"prevalence"	68	23
"Enterococcus"	"DIVA"	"DIVA"	"DIVA"	-0.092788980070481	-0.276901219513992	0.321676627001101	0.587808900973577	0.900145991685178	0.830098497883389	0.937974667140621	NA	"abundance"	68	34
"Enterococcus"	"Group"	"Follow up"	"GroupFollow up"	-0.0475637146683097	-0.398701425682403	0.64604959108939	0.601198205197136	0.900145991685178	0.411329269950924	0.872466073007318	NA	"abundance"	68	34
"Escherichia-Shigella"	"Reads"	"Reads"	"Reads"	-1.64701941581768	-0.856507197556791	1.46963850862133	0.603201479283948	0.900145991685178	0.842550933957553	0.937974667140621	NA	"abundance"	68	13
"Limosilactobacillus"	"Reads"	"Reads"	"Reads"	-0.602652754131923	-0.856507197556791	0.40023159986789	0.593811981912282	0.900145991685178	0.835011293961972	0.937974667140621	NA	"abundance"	68	12
"Porphyromonas"	"DIVA"	"DIVA"	"DIVA"	-0.713827120841637	-0.276901219513992	0.824824831790258	0.606396059284099	0.900145991685178	0.283611716039817	0.794085888229787	NA	"abundance"	68	18
"Aerococcus"	"Reads"	"Reads"	"Reads"	-0.605178226385308	0	1.10879573585743	0.585204964785414	0.900145991685178	0.585204964785414	0.877113282838186	"<4 average observations per random effect group often inflates coefficients and deflates p-values: consider setting small_random_effects=TRUE and see tutorial"	"prevalence"	68	9
"Anaerococcus"	"Age"	"Age"	"Age"	-0.257619591248161	0	0.497610237743725	0.604658102826843	0.900145991685178	0.277418964052816	0.794085888229787	"<4 average observations per random effect group often inflates coefficients and deflates p-values: consider setting small_random_effects=TRUE and see tutorial"	"prevalence"	68	35
"Brucella"	"DIVA"	"DIVA"	"DIVA"	0.227830176944627	0	0.419451468401142	0.587018138864063	0.900145991685178	0.587018138864063	0.877113282838186	"<4 average observations per random effect group often inflates coefficients and deflates p-values: consider setting small_random_effects=TRUE and see tutorial"	"prevalence"	68	7
"Corynebacterium"	"DIVA"	"DIVA"	"DIVA"	0.486770380273586	0	0.920139986478443	0.5967931405322	0.900145991685178	0.837424228478114	0.937974667140621	"<4 average observations per random effect group often inflates coefficients and deflates p-values: consider setting small_random_effects=TRUE and see tutorial"	"prevalence"	68	64
"Corynebacterium"	"Reads"	"Reads"	"Reads"	-0.368686990998914	0	0.710368267126401	0.603754988323282	0.900145991685178	0.842989890721318	0.937974667140621	"<4 average observations per random effect group often inflates coefficients and deflates p-values: consider setting small_random_effects=TRUE and see tutorial"	"prevalence"	68	64
"Eggerthellaceae_unclassified"	"Group"	"Follow up"	"GroupFollow up"	-0.574821779440937	0	1.10683886800262	0.603526132336295	0.900145991685178	0.603526132336295	0.877113282838186	"<4 average observations per random effect group often inflates coefficients and deflates p-values: consider setting small_random_effects=TRUE and see tutorial"	"prevalence"	68	6
"Fastidiosipila"	"Reads"	"Reads"	"Reads"	-0.309500996488342	0	0.596296756351448	0.6037338673196	0.900145991685178	0.84297315209052	0.937974667140621	"<4 average observations per random effect group often inflates coefficients and deflates p-values: consider setting small_random_effects=TRUE and see tutorial"	"prevalence"	68	9
"Fusobacterium"	"Age"	"Age"	"Age"	-0.177296399411927	0	0.329114502727126	0.590088805977764	0.900145991685178	0.752929631516221	0.929397513902835	"<4 average observations per random effect group often inflates coefficients and deflates p-values: consider setting small_random_effects=TRUE and see tutorial"	"prevalence"	68	13
"Negativicoccus"	"DIVA"	"DIVA"	"DIVA"	-0.25571057160102	0	0.494523712818895	0.605097138160521	0.900145991685178	0.605097138160521	0.877113282838186	"<4 average observations per random effect group often inflates coefficients and deflates p-values: consider setting small_random_effects=TRUE and see tutorial"	"prevalence"	68	5
"Varibaculum"	"Group"	"Follow up"	"GroupFollow up"	-1.02030328327469	-0.398701425682403	1.14370534350642	0.608618610974055	0.900893085170635	0.846820608324122	0.938390489942997	NA	"abundance"	68	14
"Facklamia"	"DIVA"	"DIVA"	"DIVA"	0.0551739650234199	-0.276901219513992	0.554515241132551	0.612307945539919	0.901262256918308	0.849694870908521	0.938390489942997	NA	"abundance"	68	7
"Escherichia-Shigella"	"Reads"	"Reads"	"Reads"	-0.355690261767705	0	0.700399144182006	0.611565995556398	0.901262256918308	0.842550933957553	0.937974667140621	"<4 average observations per random effect group often inflates coefficients and deflates p-values: consider setting small_random_effects=TRUE and see tutorial"	"prevalence"	68	13
"Facklamia"	"Reads"	"Reads"	"Reads"	-0.264320068838382	-0.856507197556791	1.0428060955973	0.626076179577589	0.901274500271035	0.696824718294989	0.913678883739488	NA	"abundance"	68	7
"Family XI_unclassified"	"Age"	"Age"	"Age"	-0.0441038932189348	0.18666173636796	0.440980594377042	0.618163878956183	0.901274500271035	0.854201176666212	0.938390489942997	NA	"abundance"	68	16
"Finegoldia"	"Group"	"Follow up"	"GroupFollow up"	-0.757823515873151	-0.398701425682403	0.694834748070425	0.616890553403319	0.901274500271035	0.516057426284093	0.872466073007318	NA	"abundance"	68	44
"Howardella"	"Age"	"Age"	"Age"	0.416610260754598	0.18666173636796	0.454848761927351	0.625601272409579	0.901274500271035	0.482186142936265	0.872466073007318	NA	"abundance"	68	23
"Murdochiella"	"Reads"	"Reads"	"Reads"	-1.44574980626931	-0.856507197556791	1.14634000646695	0.623451936236176	0.901274500271035	0.858211555675715	0.938390489942997	NA	"abundance"	68	11
"Atopobium"	"Age"	"Age"	"Age"	-0.14089401460974	0	0.281589585090078	0.616826988938154	0.901274500271035	0.5966140741586	0.877113282838186	"<4 average observations per random effect group often inflates coefficients and deflates p-values: consider setting small_random_effects=TRUE and see tutorial"	"prevalence"	68	46
"Dialister"	"DIVA"	"DIVA"	"DIVA"	0.204526355346168	0	0.412001032942274	0.619596743165738	0.901274500271035	0.809408086802987	0.937974667140621	"<4 average observations per random effect group often inflates coefficients and deflates p-values: consider setting small_random_effects=TRUE and see tutorial"	"prevalence"	68	36
"Sutterella"	"DIVA"	"DIVA"	"DIVA"	-0.231350271762093	0	0.472613303207265	0.624478679186519	0.901274500271035	0.624478679186519	0.888897579382613	"<4 average observations per random effect group often inflates coefficients and deflates p-values: consider setting small_random_effects=TRUE and see tutorial"	"prevalence"	68	7
"Fastidiosipila"	"Group"	"Follow up"	"GroupFollow up"	0.3286688322235	-0.398701425682403	1.1875315838443	0.643680190593813	0.902614581979985	0.873036193424739	0.944792592884306	NA	"abundance"	68	9
"Paracoccus"	"Age"	"Age"	"Age"	0.0179994580172495	0.18666173636796	0.331430520162843	0.640817392931239	0.902614581979985	0.870987854779288	0.944792592884306	NA	"abundance"	68	25
"Peptostreptococcus"	"Age"	"Age"	"Age"	0.550231810026859	0.18666173636796	0.733234985334813	0.630745580630208	0.902614581979985	0.392408525204454	0.855179958376604	NA	"abundance"	68	16
"Prevotella"	"Age"	"Age"	"Age"	-0.08547505207263	0.18666173636796	0.561270777722813	0.635928799614412	0.902614581979985	0.70477130618157	0.916492727380149	NA	"abundance"	68	38
"Brevibacterium"	"Group"	"Follow up"	"GroupFollow up"	-0.293038822058591	0	0.620908675911512	0.636961359968992	0.902614581979985	0.126294513713605	0.782272086588495	"<4 average observations per random effect group often inflates coefficients and deflates p-values: consider setting small_random_effects=TRUE and see tutorial"	"prevalence"	68	15
"Brucella"	"Reads"	"Reads"	"Reads"	-0.216665843447399	0	0.456806286286792	0.635281899224727	0.902614581979985	0.635281899224727	0.896201250692026	"<4 average observations per random effect group often inflates coefficients and deflates p-values: consider setting small_random_effects=TRUE and see tutorial"	"prevalence"	68	7
"DNF00809"	"DIVA"	"DIVA"	"DIVA"	0.236534029139926	0	0.512212203919601	0.644232545153653	0.902614581979985	0.574850126557208	0.877113282838186	"<4 average observations per random effect group often inflates coefficients and deflates p-values: consider setting small_random_effects=TRUE and see tutorial"	"prevalence"	68	8
"Escherichia-Shigella"	"DIVA"	"DIVA"	"DIVA"	-0.391113917910999	0	0.84601095182676	0.643863610530454	0.902614581979985	0.813506784247178	0.937974667140621	"<4 average observations per random effect group often inflates coefficients and deflates p-values: consider setting small_random_effects=TRUE and see tutorial"	"prevalence"	68	13
"Halomonas"	"Age"	"Age"	"Age"	0.224933829896792	0	0.486587845274446	0.643889380445069	0.902614581979985	0.643889380445069	0.896990832194664	"<4 average observations per random effect group often inflates coefficients and deflates p-values: consider setting small_random_effects=TRUE and see tutorial"	"prevalence"	68	4
"Lactobacillaceae_unclassified"	"Reads"	"Reads"	"Reads"	-0.73786172397532	0	1.59235078621482	0.64309281443867	0.902614581979985	0.64309281443867	0.896990832194664	"<4 average observations per random effect group often inflates coefficients and deflates p-values: consider setting small_random_effects=TRUE and see tutorial"	"prevalence"	68	4
"Ezakiella"	"Reads"	"Reads"	"Reads"	-0.177039616700072	0	0.389557112250802	0.649495020637048	0.907561042170169	0.0319113017989003	0.782272086588495	"<4 average observations per random effect group often inflates coefficients and deflates p-values: consider setting small_random_effects=TRUE and see tutorial"	"prevalence"	68	16
"Facklamia"	"Age"	"Age"	"Age"	-0.0890912595568691	0.18666173636796	0.517549361550873	0.651317176057476	0.907686702803504	0.220893228338571	0.782272086588495	NA	"abundance"	68	7
"Idiomarina"	"DIVA"	"DIVA"	"DIVA"	-0.101100293603259	-0.276901219513992	0.366640767427862	0.654457690253165	0.909644110590606	0.880600512174822	0.948259703297799	NA	"abundance"	68	12
"Alloscardovia"	"Reads"	"Reads"	"Reads"	-0.264854097300163	0	0.596143100314174	0.656840594895693	0.91044519746685	0.882241622688458	0.948259703297799	"<4 average observations per random effect group often inflates coefficients and deflates p-values: consider setting small_random_effects=TRUE and see tutorial"	"prevalence"	68	15
"Lacticaseibacillus"	"DIVA"	"DIVA"	"DIVA"	0.362007940256204	0	0.819073246135037	0.658509026412092	0.91044519746685	0.781796469706798	0.937974667140621	"<4 average observations per random effect group often inflates coefficients and deflates p-values: consider setting small_random_effects=TRUE and see tutorial"	"prevalence"	68	10
"Brevibacterium"	"Age"	"Age"	"Age"	0.355053481273596	0.18666173636796	0.365021849053244	0.664758730393811	0.913195855249841	0.887613291152831	0.94948671544737	NA	"abundance"	68	15
"Family XI_unclassified"	"Reads"	"Reads"	"Reads"	-1.03099643870647	-0.856507197556791	0.37972024606423	0.667469489619635	0.913195855249841	0.216894285121025	0.782272086588495	NA	"abundance"	68	16
"Anaeroglobus"	"Age"	"Age"	"Age"	0.17631596813819	0	0.408730288429812	0.666195831513771	0.913195855249841	0.807334217701612	0.937974667140621	"<4 average observations per random effect group often inflates coefficients and deflates p-values: consider setting small_random_effects=TRUE and see tutorial"	"prevalence"	68	14
"Ureaplasma"	"Reads"	"Reads"	"Reads"	-0.244249435494241	0	0.560205623938125	0.662837010022	0.913195855249841	0.662837010022	0.903073376202104	"<4 average observations per random effect group often inflates coefficients and deflates p-values: consider setting small_random_effects=TRUE and see tutorial"	"prevalence"	68	6
"Dialister"	"Reads"	"Reads"	"Reads"	-0.66581486163632	-0.856507197556791	0.431736671130898	0.670458877830726	0.914897010373178	0.714972469599004	0.919078369102045	NA	"abundance"	68	36
"Corynebacteriaceae_unclassified"	"DIVA"	"DIVA"	"DIVA"	-0.401610173977399	-0.276901219513992	0.272868772365624	0.673928430821961	0.91646678546327	0.893677331773771	0.94948671544737	NA	"abundance"	68	44
"Vibrio"	"Age"	"Age"	"Age"	0.340733565413956	0.18666173636796	0.341472904603598	0.675107212192409	0.91646678546327	0.894444676430612	0.94948671544737	NA	"abundance"	68	21
"Veillonella"	"Group"	"Follow up"	"GroupFollow up"	3.59286188254959	-0.398701425682403	2.08318659515397	0.682917283348459	0.924673530942099	0.899458550800878	0.950598334625677	NA	"abundance"	68	11
"Enhydrobacter"	"DIVA"	"DIVA"	"DIVA"	-0.171220780352472	0	0.42319277104799	0.685776795947117	0.926152167722395	0.685776795947117	0.912860943081046	"<4 average observations per random effect group often inflates coefficients and deflates p-values: consider setting small_random_effects=TRUE and see tutorial"	"prevalence"	68	8
"Veillonella"	"DIVA"	"DIVA"	"DIVA"	0.47682419787967	-0.276901219513992	1.82908538244229	0.693207554929544	0.92914461622157	0.905878395647691	0.954191910082234	NA	"abundance"	68	11
"Caulobacter"	"DIVA"	"DIVA"	"DIVA"	-0.10882973657623	0	0.275152886981042	0.692455767637632	0.92914461622157	0.537128060920617	0.872466073007318	"<4 average observations per random effect group often inflates coefficients and deflates p-values: consider setting small_random_effects=TRUE and see tutorial"	"prevalence"	68	41
"Virgibacillus"	"Age"	"Age"	"Age"	0.139010113806281	0	0.352491641285754	0.693312108669149	0.92914461622157	0.693312108669149	0.912860943081046	"<4 average observations per random effect group often inflates coefficients and deflates p-values: consider setting small_random_effects=TRUE and see tutorial"	"prevalence"	68	11
"Alkalibacterium"	"DIVA"	"DIVA"	"DIVA"	-0.166187140250209	-0.276901219513992	0.26422880981807	0.698579727777394	0.931607493364112	0.90914581949325	0.954452089567664	NA	"abundance"	68	35
"Corynebacteriaceae_unclassified"	"DIVA"	"DIVA"	"DIVA"	0.106891436556843	0	0.276156500723067	0.698705620023084	0.931607493364112	0.893677331773771	0.94948671544737	"<4 average observations per random effect group often inflates coefficients and deflates p-values: consider setting small_random_effects=TRUE and see tutorial"	"prevalence"	68	44
"HT002"	"Age"	"Age"	"Age"	-0.235396642932613	0.18666173636796	1.07827828721142	0.701671609183556	0.932687774799682	0.629811838102027	0.892468793005563	NA	"abundance"	68	17
"Sutterella"	"Reads"	"Reads"	"Reads"	0.186047667086176	0	0.488093884589148	0.703075708102814	0.932687774799682	0.703075708102814	0.916492727380149	"<4 average observations per random effect group often inflates coefficients and deflates p-values: consider setting small_random_effects=TRUE and see tutorial"	"prevalence"	68	7
"Propionibacteriaceae_unclassified"	"DIVA"	"DIVA"	"DIVA"	-0.436149219321987	-0.276901219513992	0.408745660783948	0.71028337755486	0.93986992383522	0.613913165215058	0.885829042045472	NA	"abundance"	68	18
"Fusobacterium"	"Reads"	"Reads"	"Reads"	-0.999399876392657	-0.856507197556791	0.35972883294417	0.714196368839957	0.94266724753687	0.026656787127105	0.782272086588495	NA	"abundance"	68	13
"Alloscardovia"	"Age"	"Age"	"Age"	0.703636913936491	0.18666173636796	1.45449576531947	0.728663122334634	0.9450977131271	0.674053626473233	0.911751915848632	NA	"abundance"	68	15
"Veillonella"	"Reads"	"Reads"	"Reads"	-3.89763227139576	-0.856507197556791	0.997655468588671	0.723336949679012	0.9450977131271	0.816820770955405	0.937974667140621	NA	"abundance"	68	11
"Coriobacteriaceae UCG-002"	"Group"	"Follow up"	"GroupFollow up"	-0.324152990107669	0	0.928083088037455	0.72688547807546	0.9450977131271	0.72688547807546	0.919078369102045	"<4 average observations per random effect group often inflates coefficients and deflates p-values: consider setting small_random_effects=TRUE and see tutorial"	"prevalence"	68	7
"Corynebacterium"	"Group"	"Follow up"	"GroupFollow up"	0.56309473347079	0	1.60507356711793	0.725722071511788	0.9450977131271	0.924771617944215	0.961145432492776	"<4 average observations per random effect group often inflates coefficients and deflates p-values: consider setting small_random_effects=TRUE and see tutorial"	"prevalence"	68	64
"Lacticaseibacillus"	"Age"	"Age"	"Age"	-0.292640820290766	0	0.820554307565237	0.721362850326213	0.9450977131271	0.922361338821667	0.961145432492776	"<4 average observations per random effect group often inflates coefficients and deflates p-values: consider setting small_random_effects=TRUE and see tutorial"	"prevalence"	68	10
"Negativicoccus"	"Reads"	"Reads"	"Reads"	-0.235146804066867	0	0.654864066715214	0.719537281989909	0.9450977131271	0.719537281989909	0.919078369102045	"<4 average observations per random effect group often inflates coefficients and deflates p-values: consider setting small_random_effects=TRUE and see tutorial"	"prevalence"	68	5
"Porphyromonas"	"Reads"	"Reads"	"Reads"	0.134534562964024	0	0.385498112553078	0.727097641444037	0.9450977131271	0.925524302694593	0.961145432492776	"<4 average observations per random effect group often inflates coefficients and deflates p-values: consider setting small_random_effects=TRUE and see tutorial"	"prevalence"	68	18
"Fastidiosipila"	"Reads"	"Reads"	"Reads"	-0.219651148366916	-0.856507197556791	1.74551311733449	0.732445106498958	0.945323240900133	0.84297315209052	0.937974667140621	NA	"abundance"	68	9
"Anaeroglobus"	"DIVA"	"DIVA"	"DIVA"	-0.15236265009911	0	0.443333662337915	0.731090792875594	0.945323240900133	0.927687838323723	0.961145432492776	"<4 average observations per random effect group often inflates coefficients and deflates p-values: consider setting small_random_effects=TRUE and see tutorial"	"prevalence"	68	14
"Murdochiella"	"Age"	"Age"	"Age"	-0.173257716804043	0.18666173636796	1.03150975052937	0.738036573045859	0.947995992665251	0.931375162938443	0.961812259766496	NA	"abundance"	68	11
"Staphylococcus"	"Reads"	"Reads"	"Reads"	-1.00089535437998	-0.856507197556791	0.413957275247679	0.738698577348256	0.947995992665251	0.0815975806315519	0.782272086588495	NA	"abundance"	68	23
"Fastidiosipila"	"Group"	"Follow up"	"GroupFollow up"	-0.319336389381796	0	0.962064506167354	0.739943437023068	0.947995992665251	0.873036193424739	0.944792592884306	"<4 average observations per random effect group often inflates coefficients and deflates p-values: consider setting small_random_effects=TRUE and see tutorial"	"prevalence"	68	9
"Howardella"	"DIVA"	"DIVA"	"DIVA"	0.119590462463313	0	0.36694846013153	0.744495975769454	0.951502173910229	0.459126774449637	0.872466073007318	"<4 average observations per random effect group often inflates coefficients and deflates p-values: consider setting small_random_effects=TRUE and see tutorial"	"prevalence"	68	23
"Corynebacterium"	"Age"	"Age"	"Age"	0.282199065541896	0.18666173636796	0.283203944448448	0.753473210171428	0.959765175286775	0.738752866303542	0.919078369102045	NA	"abundance"	68	64
"Staphylococcus"	"Group"	"Follow up"	"GroupFollow up"	-0.741264804888891	-0.398701425682403	1.0970238825717	0.757883214716841	0.959765175286775	0.733820000044142	0.919078369102045	NA	"abundance"	68	23
"Paracoccus"	"DIVA"	"DIVA"	"DIVA"	-0.0825722567711528	0	0.266395761505774	0.756590727979224	0.959765175286775	0.601613435366522	0.877113282838186	"<4 average observations per random effect group often inflates coefficients and deflates p-values: consider setting small_random_effects=TRUE and see tutorial"	"prevalence"	68	25
"Vibrio"	"Age"	"Age"	"Age"	-0.0829064689746981	0	0.269412978453644	0.75828775299375	0.959765175286775	0.894444676430612	0.94948671544737	"<4 average observations per random effect group often inflates coefficients and deflates p-values: consider setting small_random_effects=TRUE and see tutorial"	"prevalence"	68	21
"Enterococcus"	"Reads"	"Reads"	"Reads"	-0.753319904615049	-0.856507197556791	0.322996632134894	0.766879644386883	0.968301044960788	0.390123046486744	0.855179958376604	NA	"abundance"	68	34
"Lactobacillus"	"Group"	"Follow up"	"GroupFollow up"	-0.203237210778546	-0.398701425682403	0.711853050500249	0.788001422265643	0.968674780886389	0.788001422265643	0.937974667140621	NA	"abundance"	68	68
"Microbacteriaceae_unclassified"	"DIVA"	"DIVA"	"DIVA"	-0.194611423840014	-0.276901219513992	0.274444958589471	0.782137107954659	0.968674780886389	0.734360704458578	0.919078369102045	NA	"abundance"	68	19
"Propionimicrobium"	"Age"	"Age"	"Age"	0.00164730360027631	0.18666173636796	0.608508022655196	0.784376598391089	0.968674780886389	0.187654604448082	0.782272086588495	NA	"abundance"	68	10
"Pseudomonas"	"Age"	"Age"	"Age"	0.281498958221133	0.18666173636796	0.338149002885679	0.78755104004831	0.968674780886389	0.18643208242901	0.782272086588495	NA	"abundance"	68	39
"Staphylococcus"	"Age"	"Age"	"Age"	0.0513880458132533	0.18666173636796	0.493708588695326	0.78960345951259	0.968674780886389	0.183906113649971	0.782272086588495	NA	"abundance"	68	23
"Actinobaculum"	"Reads"	"Reads"	"Reads"	-0.356300430354373	0	1.24317306304943	0.774414283742098	0.968674780886389	0.774414283742098	0.937974667140621	"<4 average observations per random effect group often inflates coefficients and deflates p-values: consider setting small_random_effects=TRUE and see tutorial"	"prevalence"	68	6
"Actinotignum"	"Reads"	"Reads"	"Reads"	-0.138851162755425	0	0.509727827936702	0.78531250824609	0.968674780886389	0.224541723782413	0.782272086588495	"<4 average observations per random effect group often inflates coefficients and deflates p-values: consider setting small_random_effects=TRUE and see tutorial"	"prevalence"	68	18
"Brevibacterium"	"Age"	"Age"	"Age"	-0.0769329342823336	0	0.292140870764256	0.792287061407404	0.968674780886389	0.887613291152831	0.94948671544737	"<4 average observations per random effect group often inflates coefficients and deflates p-values: consider setting small_random_effects=TRUE and see tutorial"	"prevalence"	68	15
"Eggerthellaceae_unclassified"	"Age"	"Age"	"Age"	-0.176219770371999	0	0.667915527055181	0.791906743798149	0.968674780886389	0.791906743798149	0.937974667140621	"<4 average observations per random effect group often inflates coefficients and deflates p-values: consider setting small_random_effects=TRUE and see tutorial"	"prevalence"	68	6
"Idiomarina"	"Age"	"Age"	"Age"	0.158111340184855	0	0.552475209369197	0.774734737231971	0.968674780886389	0.763723325948804	0.935413065890784	"<4 average observations per random effect group often inflates coefficients and deflates p-values: consider setting small_random_effects=TRUE and see tutorial"	"prevalence"	68	12
"Lactobacillaceae_unclassified"	"Age"	"Age"	"Age"	0.350976169363784	0	1.22355433631149	0.774227421765752	0.968674780886389	0.774227421765752	0.937974667140621	"<4 average observations per random effect group often inflates coefficients and deflates p-values: consider setting small_random_effects=TRUE and see tutorial"	"prevalence"	68	4
"Microbacteriaceae_unclassified"	"Age"	"Age"	"Age"	0.0749790042025092	0	0.27135020611761	0.782303667893191	0.968674780886389	0.678043355140597	0.911751915848632	"<4 average observations per random effect group often inflates coefficients and deflates p-values: consider setting small_random_effects=TRUE and see tutorial"	"prevalence"	68	19
"Propionibacteriaceae_unclassified"	"Age"	"Age"	"Age"	-0.0776820479449857	0	0.296107611525408	0.793056261450879	0.968674780886389	0.957174289075313	0.985234773119866	"<4 average observations per random effect group often inflates coefficients and deflates p-values: consider setting small_random_effects=TRUE and see tutorial"	"prevalence"	68	18
"Staphylococcus"	"DIVA"	"DIVA"	"DIVA"	-0.10783156925137	0	0.399104026709648	0.787018610862364	0.968674780886389	0.736587500464283	0.919078369102045	"<4 average observations per random effect group often inflates coefficients and deflates p-values: consider setting small_random_effects=TRUE and see tutorial"	"prevalence"	68	23
"Alkalibacterium"	"DIVA"	"DIVA"	"DIVA"	0.0656945442285759	0	0.26154114818272	0.801673058911879	0.972685217029893	0.90914581949325	0.954452089567664	"<4 average observations per random effect group often inflates coefficients and deflates p-values: consider setting small_random_effects=TRUE and see tutorial"	"prevalence"	68	35
"Fenollaria"	"Reads"	"Reads"	"Reads"	-0.172708455792008	0	0.684994433612805	0.80093966906971	0.972685217029893	0.80093966906971	0.937974667140621	"<4 average observations per random effect group often inflates coefficients and deflates p-values: consider setting small_random_effects=TRUE and see tutorial"	"prevalence"	68	8
"Lacticaseibacillus"	"Reads"	"Reads"	"Reads"	0.169190807046761	0	0.674394716186974	0.801908423200217	0.972685217029893	0.960759727200976	0.985714525310092	"<4 average observations per random effect group often inflates coefficients and deflates p-values: consider setting small_random_effects=TRUE and see tutorial"	"prevalence"	68	10
"Corynebacterium"	"DIVA"	"DIVA"	"DIVA"	-0.353371412070065	-0.276901219513992	0.315020429336793	0.817659467375767	0.973937060013153	0.837424228478114	0.937974667140621	NA	"abundance"	68	64
"Lacticaseibacillus"	"Age"	"Age"	"Age"	0.54472428926614	0.18666173636796	1.43184599479986	0.825318255481815	0.973937060013153	0.922361338821667	0.961145432492776	NA	"abundance"	68	10
"Porphyromonas"	"Age"	"Age"	"Age"	0.0307881776041254	0.18666173636796	0.643830030882343	0.816223527977373	0.973937060013153	0.497847059835734	0.872466073007318	NA	"abundance"	68	18
"Pseudomonas"	"Reads"	"Reads"	"Reads"	-0.73444736482388	-0.856507197556791	0.523692645364807	0.819122221757622	0.973937060013153	0.104898210750047	0.782272086588495	NA	"abundance"	68	39
"Varibaculum"	"DIVA"	"DIVA"	"DIVA"	-0.414709303581373	-0.276901219513992	0.630327556320318	0.831693907763856	0.973937060013153	0.81865486037102	0.937974667140621	NA	"abundance"	68	14
"Actinobaculum"	"Group"	"Follow up"	"GroupFollow up"	-0.38634990071634	0	1.66771934305503	0.816799289489363	0.973937060013153	0.816799289489363	0.937974667140621	"<4 average observations per random effect group often inflates coefficients and deflates p-values: consider setting small_random_effects=TRUE and see tutorial"	"prevalence"	68	6
"Actinomyces"	"Reads"	"Reads"	"Reads"	-0.0640580132376616	0	0.308658033382697	0.835590370874708	0.973937060013153	0.38700013069845	0.855179958376604	"<4 average observations per random effect group often inflates coefficients and deflates p-values: consider setting small_random_effects=TRUE and see tutorial"	"prevalence"	68	23
"Arcanobacterium"	"Age"	"Age"	"Age"	0.0935001199985811	0	0.454119889170406	0.836874470005669	0.973937060013153	0.836874470005669	0.937974667140621	"<4 average observations per random effect group often inflates coefficients and deflates p-values: consider setting small_random_effects=TRUE and see tutorial"	"prevalence"	68	10
"Catenococcus"	"Age"	"Age"	"Age"	-0.117822444333295	0	0.578975755363296	0.838743060350489	0.973937060013153	0.838743060350489	0.937974667140621	"<4 average observations per random effect group often inflates coefficients and deflates p-values: consider setting small_random_effects=TRUE and see tutorial"	"prevalence"	68	4
"Catenococcus"	"Group"	"Follow up"	"GroupFollow up"	0.221798176671323	0	1.06812297006309	0.835500475604886	0.973937060013153	0.835500475604886	0.937974667140621	"<4 average observations per random effect group often inflates coefficients and deflates p-values: consider setting small_random_effects=TRUE and see tutorial"	"prevalence"	68	4
"DNF00809"	"Group"	"Follow up"	"GroupFollow up"	0.175166108383236	0	0.876010747731876	0.841512758104885	0.973937060013153	0.324943621787323	0.795985926238715	"<4 average observations per random effect group often inflates coefficients and deflates p-values: consider setting small_random_effects=TRUE and see tutorial"	"prevalence"	68	8
"DNF00809"	"Reads"	"Reads"	"Reads"	-0.0942186037185952	0	0.454580892056086	0.835803086733918	0.973937060013153	0.248205197363058	0.794085888229787	"<4 average observations per random effect group often inflates coefficients and deflates p-values: consider setting small_random_effects=TRUE and see tutorial"	"prevalence"	68	8
"Enterococcus"	"DIVA"	"DIVA"	"DIVA"	0.0553416425774005	0	0.265924852661842	0.835143016131572	0.973937060013153	0.830098497883389	0.937974667140621	"<4 average observations per random effect group often inflates coefficients and deflates p-values: consider setting small_random_effects=TRUE and see tutorial"	"prevalence"	68	34
"Escherichia-Shigella"	"Group"	"Follow up"	"GroupFollow up"	0.26143026887896	0	1.16426878355395	0.822333566605207	0.973937060013153	0.169650446887444	0.782272086588495	"<4 average observations per random effect group often inflates coefficients and deflates p-values: consider setting small_random_effects=TRUE and see tutorial"	"prevalence"	68	13
"Facklamia"	"DIVA"	"DIVA"	"DIVA"	0.240850987523691	0	1.11223593399137	0.828561650787024	0.973937060013153	0.849694870908521	0.938390489942997	"<4 average observations per random effect group often inflates coefficients and deflates p-values: consider setting small_random_effects=TRUE and see tutorial"	"prevalence"	68	7
"Fenollaria"	"Age"	"Age"	"Age"	0.147516401246139	0	0.739907890657233	0.841972305698393	0.973937060013153	0.841972305698393	0.937974667140621	"<4 average observations per random effect group often inflates coefficients and deflates p-values: consider setting small_random_effects=TRUE and see tutorial"	"prevalence"	68	8
"Fenollaria"	"DIVA"	"DIVA"	"DIVA"	-0.157161108469978	0	0.709187813400277	0.824619695871178	0.973937060013153	0.824619695871178	0.937974667140621	"<4 average observations per random effect group often inflates coefficients and deflates p-values: consider setting small_random_effects=TRUE and see tutorial"	"prevalence"	68	8
"Limosilactobacillus"	"Reads"	"Reads"	"Reads"	-0.156982970209939	0	0.758583030640843	0.836054866181787	0.973937060013153	0.835011293961972	0.937974667140621	"<4 average observations per random effect group often inflates coefficients and deflates p-values: consider setting small_random_effects=TRUE and see tutorial"	"prevalence"	68	12
"Paracoccus"	"Age"	"Age"	"Age"	-0.0571295555039712	0	0.253945384212203	0.822004259440743	0.973937060013153	0.870987854779288	0.944792592884306	"<4 average observations per random effect group often inflates coefficients and deflates p-values: consider setting small_random_effects=TRUE and see tutorial"	"prevalence"	68	25
"Parvimonas"	"Reads"	"Reads"	"Reads"	0.0997272344123456	0	0.447832261334495	0.823777709186227	0.973937060013153	0.823777709186227	0.937974667140621	"<4 average observations per random effect group often inflates coefficients and deflates p-values: consider setting small_random_effects=TRUE and see tutorial"	"prevalence"	68	7
"Veillonella"	"DIVA"	"DIVA"	"DIVA"	0.126040906386487	0	0.52117602765392	0.808904595374934	0.973937060013153	0.905878395647691	0.954191910082234	"<4 average observations per random effect group often inflates coefficients and deflates p-values: consider setting small_random_effects=TRUE and see tutorial"	"prevalence"	68	11
"Anaeroglobus"	"Reads"	"Reads"	"Reads"	0.0730830551991724	0	0.373633525124592	0.844922552826186	0.975196955244321	0.717580267899376	0.919078369102045	"<4 average observations per random effect group often inflates coefficients and deflates p-values: consider setting small_random_effects=TRUE and see tutorial"	"prevalence"	68	14
"Actinomycetaceae_unclassified"	"DIVA"	"DIVA"	"DIVA"	-0.39633802273073	-0.276901219513992	0.71733091781201	0.868947508951912	0.977235367669127	0.982825244590091	0.997869331102006	NA	"abundance"	68	26
"Alloscardovia"	"Reads"	"Reads"	"Reads"	-0.713803982236248	-0.856507197556791	0.869993149433897	0.872308864418575	0.977235367669127	0.882241622688458	0.948259703297799	NA	"abundance"	68	15
"Corynebacterium"	"Group"	"Follow up"	"GroupFollow up"	-0.499023848164313	-0.398701425682403	0.591560201022758	0.869695472375778	0.977235367669127	0.924771617944215	0.961145432492776	NA	"abundance"	68	64
"Family XI_unclassified"	"DIVA"	"DIVA"	"DIVA"	-0.37280213374925	-0.276901219513992	0.51001505871889	0.855684091280762	0.977235367669127	0.75929180711819	0.933603934044156	NA	"abundance"	68	16
"Finegoldia"	"DIVA"	"DIVA"	"DIVA"	-0.355177677707306	-0.276901219513992	0.436434826865443	0.861176420979991	0.977235367669127	0.621355522321974	0.888829020732171	NA	"abundance"	68	44
"Prevotellaceae_unclassified"	"Reads"	"Reads"	"Reads"	-0.77138480441996	-0.856507197556791	0.472439950527088	0.861634791977184	0.977235367669127	0.508557647725728	0.872466073007318	NA	"abundance"	68	22
"Veillonellaceae_unclassified"	"Group"	"Follow up"	"GroupFollow up"	-0.579518500965121	-0.398701425682403	0.978716739842668	0.855622603443835	0.977235367669127	0.0580222961736047	0.782272086588495	NA	"abundance"	68	35
"Aerococcus"	"DIVA"	"DIVA"	"DIVA"	0.17053759512923	0	0.983826956044215	0.86238336076434	0.977235367669127	0.86238336076434	0.939700489660453	"<4 average observations per random effect group often inflates coefficients and deflates p-values: consider setting small_random_effects=TRUE and see tutorial"	"prevalence"	68	9
"Caulobacter"	"Group"	"Follow up"	"GroupFollow up"	-0.0875287129109087	0	0.547389663977361	0.872958257390174	0.977235367669127	0.983860395634659	0.997869331102006	"<4 average observations per random effect group often inflates coefficients and deflates p-values: consider setting small_random_effects=TRUE and see tutorial"	"prevalence"	68	41
"Corynebacteriaceae_unclassified"	"Group"	"Follow up"	"GroupFollow up"	-0.0865562915319253	0	0.545190118553073	0.873855206575507	0.977235367669127	0.432520071980344	0.872466073007318	"<4 average observations per random effect group often inflates coefficients and deflates p-values: consider setting small_random_effects=TRUE and see tutorial"	"prevalence"	68	44
"Limosilactobacillus"	"DIVA"	"DIVA"	"DIVA"	-0.157737599682417	0	0.841151764081365	0.851248450876533	0.977235367669127	0.274711994857822	0.794085888229787	"<4 average observations per random effect group often inflates coefficients and deflates p-values: consider setting small_random_effects=TRUE and see tutorial"	"prevalence"	68	12
"Prevotellaceae_unclassified"	"Age"	"Age"	"Age"	0.053765002590242	0	0.324183131374941	0.868276865285127	0.977235367669127	0.736035174248119	0.919078369102045	"<4 average observations per random effect group often inflates coefficients and deflates p-values: consider setting small_random_effects=TRUE and see tutorial"	"prevalence"	68	22
"Sutterella"	"Group"	"Follow up"	"GroupFollow up"	0.167079564308451	0	0.922131124768845	0.856219613211127	0.977235367669127	0.856219613211127	0.938390489942997	"<4 average observations per random effect group often inflates coefficients and deflates p-values: consider setting small_random_effects=TRUE and see tutorial"	"prevalence"	68	7
"Varibaculum"	"Group"	"Follow up"	"GroupFollow up"	-0.127563913421284	0	0.722478208246789	0.859850578858046	0.977235367669127	0.846820608324122	0.938390489942997	"<4 average observations per random effect group often inflates coefficients and deflates p-values: consider setting small_random_effects=TRUE and see tutorial"	"prevalence"	68	14
"Veillonella"	"Group"	"Follow up"	"GroupFollow up"	-0.12636767982798	0	0.801121938102399	0.874662953123703	0.977235367669127	0.899458550800878	0.950598334625677	"<4 average observations per random effect group often inflates coefficients and deflates p-values: consider setting small_random_effects=TRUE and see tutorial"	"prevalence"	68	11
"Anaerococcus"	"Group"	"Follow up"	"GroupFollow up"	-0.532351433514165	-0.398701425682403	0.956029654050248	0.89075318742198	0.977480548460823	0.298011668268561	0.794085888229787	NA	"abundance"	68	35
"Lacticaseibacillus"	"Reads"	"Reads"	"Reads"	-1.13755979923274	-0.856507197556791	1.76887601894841	0.879847824027335	0.977480548460823	0.960759727200976	0.985714525310092	NA	"abundance"	68	10
"Propionibacteriaceae_unclassified"	"Age"	"Age"	"Age"	0.123858250424054	0.18666173636796	0.452283909624178	0.894411104271147	0.977480548460823	0.957174289075313	0.985234773119866	NA	"abundance"	68	18
"Pseudomonas"	"DIVA"	"DIVA"	"DIVA"	-0.335841060996769	-0.276901219513992	0.379500993661844	0.880698207660611	0.977480548460823	0.985767082344609	0.997869331102006	NA	"abundance"	68	39
"Howardella"	"Group"	"Follow up"	"GroupFollow up"	-0.0921392006014396	0	0.692940056158089	0.894218291754458	0.977480548460823	0.601304534873739	0.877113282838186	"<4 average observations per random effect group often inflates coefficients and deflates p-values: consider setting small_random_effects=TRUE and see tutorial"	"prevalence"	68	23
"Murdochiella"	"Reads"	"Reads"	"Reads"	0.0759873298222192	0	0.531184896589864	0.886248714948149	0.977480548460823	0.858211555675715	0.938390489942997	"<4 average observations per random effect group often inflates coefficients and deflates p-values: consider setting small_random_effects=TRUE and see tutorial"	"prevalence"	68	11
"Peptoniphilus"	"DIVA"	"DIVA"	"DIVA"	0.0476351495613275	0	0.351455972358968	0.892187624070989	0.977480548460823	0.533754837316777	0.872466073007318	"<4 average observations per random effect group often inflates coefficients and deflates p-values: consider setting small_random_effects=TRUE and see tutorial"	"prevalence"	68	34
"Pseudomonas"	"DIVA"	"DIVA"	"DIVA"	-0.0401690698718185	0	0.29410797004692	0.891363314636424	0.977480548460823	0.985767082344609	0.997869331102006	"<4 average observations per random effect group often inflates coefficients and deflates p-values: consider setting small_random_effects=TRUE and see tutorial"	"prevalence"	68	39
"S5-A14a"	"DIVA"	"DIVA"	"DIVA"	0.0645202987768101	0	0.490753598776915	0.895402029124418	0.977480548460823	0.895402029124418	0.94948671544737	"<4 average observations per random effect group often inflates coefficients and deflates p-values: consider setting small_random_effects=TRUE and see tutorial"	"prevalence"	68	5
"Varibaculum"	"Reads"	"Reads"	"Reads"	-0.0624701405395376	0	0.468445935129708	0.893911732699974	0.977480548460823	0.565942013190614	0.877113282838186	"<4 average observations per random effect group often inflates coefficients and deflates p-values: consider setting small_random_effects=TRUE and see tutorial"	"prevalence"	68	14
"Veillonellaceae_unclassified"	"DIVA"	"DIVA"	"DIVA"	0.0801520824370295	0	0.558646389818346	0.885914641780713	0.977480548460823	0.986984531039977	0.997869331102006	"<4 average observations per random effect group often inflates coefficients and deflates p-values: consider setting small_random_effects=TRUE and see tutorial"	"prevalence"	68	35
"Actinomycetaceae_unclassified"	"Group"	"Follow up"	"GroupFollow up"	-0.527042780693789	-0.398701425682403	1.23421423460494	0.918083292670829	0.98161928206266	0.80982918666387	0.937974667140621	NA	"abundance"	68	26
"Anaeroglobus"	"DIVA"	"DIVA"	"DIVA"	-0.356546120919784	-0.276901219513992	0.726276114605511	0.929487653775144	0.98161928206266	0.927687838323723	0.961145432492776	NA	"abundance"	68	14
"Campylobacter"	"Age"	"Age"	"Age"	0.116316360305991	0.18666173636796	0.602821786047229	0.90897152950153	0.98161928206266	0.991713817558709	0.997869331102006	NA	"abundance"	68	20
"Caulobacter"	"Group"	"Follow up"	"GroupFollow up"	-0.357948441963112	-0.398701425682403	0.481748252774009	0.93616425269768	0.98161928206266	0.983860395634659	0.997869331102006	NA	"abundance"	68	41
"Dialister"	"Group"	"Follow up"	"GroupFollow up"	-0.313929149366361	-0.398701425682403	0.809518769673334	0.918535757187107	0.98161928206266	0.547699920979746	0.872466073007318	NA	"abundance"	68	36
"Family XI_unclassified"	"Group"	"Follow up"	"GroupFollow up"	-0.291936059970899	-0.398701425682403	1.00201659292149	0.917260273054966	0.98161928206266	0.225253952145118	0.782272086588495	NA	"abundance"	68	16
"Fastidiosipila"	"DIVA"	"DIVA"	"DIVA"	-0.189821229134895	-0.276901219513992	0.98488242491697	0.934668075606123	0.98161928206266	0.994711516763076	0.997869331102006	NA	"abundance"	68	9
"Fusobacterium"	"Group"	"Follow up"	"GroupFollow up"	-1.25283776415212	-0.398701425682403	0.502976163678534	0.915926361413073	0.98161928206266	0.149922611370665	0.782272086588495	NA	"abundance"	68	13
"Mobiluncus"	"Reads"	"Reads"	"Reads"	-0.802090380473253	-0.856507197556791	0.477358441732687	0.91276438905169	0.98161928206266	0.0988860024165931	0.782272086588495	NA	"abundance"	68	18
"Murdochiella"	"Group"	"Follow up"	"GroupFollow up"	-0.658428104946032	-0.398701425682403	2.18578145206986	0.9087065855404	0.98161928206266	0.304563086213536	0.794085888229787	NA	"abundance"	68	11
"Porphyromonas"	"Group"	"Follow up"	"GroupFollow up"	-0.565477336358937	-0.398701425682403	1.8912213626559	0.930643952113312	0.98161928206266	0.0396414498700417	0.782272086588495	NA	"abundance"	68	18
"Streptococcus"	"DIVA"	"DIVA"	"DIVA"	-0.33587645767566	-0.276901219513992	0.58617351232834	0.9206024240598	0.98161928206266	0.538503684000455	0.872466073007318	NA	"abundance"	68	53
"Actinomyces"	"Group"	"Follow up"	"GroupFollow up"	0.0581166576115644	0	0.603397927273938	0.923269889817775	0.98161928206266	0.362501463157984	0.830359156152395	"<4 average observations per random effect group often inflates coefficients and deflates p-values: consider setting small_random_effects=TRUE and see tutorial"	"prevalence"	68	23
"Alkalibacterium"	"Group"	"Follow up"	"GroupFollow up"	0.0411592419858931	0	0.51792853810895	0.936659620288798	0.98161928206266	0.464984366808591	0.872466073007318	"<4 average observations per random effect group often inflates coefficients and deflates p-values: consider setting small_random_effects=TRUE and see tutorial"	"prevalence"	68	35
"Campylobacter"	"Age"	"Age"	"Age"	0.0392378803565065	0	0.479279524209483	0.93475130918934	0.98161928206266	0.991713817558709	0.997869331102006	"<4 average observations per random effect group often inflates coefficients and deflates p-values: consider setting small_random_effects=TRUE and see tutorial"	"prevalence"	68	20
"Family XI_unclassified"	"Age"	"Age"	"Age"	0.0362008141041366	0	0.429387891412538	0.932811589455415	0.98161928206266	0.854201176666212	0.938390489942997	"<4 average observations per random effect group often inflates coefficients and deflates p-values: consider setting small_random_effects=TRUE and see tutorial"	"prevalence"	68	16
"Fastidiosipila"	"DIVA"	"DIVA"	"DIVA"	-0.0536805006599983	0	0.588150440686006	0.927278041576674	0.98161928206266	0.994711516763076	0.997869331102006	"<4 average observations per random effect group often inflates coefficients and deflates p-values: consider setting small_random_effects=TRUE and see tutorial"	"prevalence"	68	9
"Gardnerella"	"DIVA"	"DIVA"	"DIVA"	-0.0463927334262517	0	0.513998373535008	0.928081780339223	0.98161928206266	0.546306893410193	0.872466073007318	"<4 average observations per random effect group often inflates coefficients and deflates p-values: consider setting small_random_effects=TRUE and see tutorial"	"prevalence"	68	47
"Streptococcus"	"Reads"	"Reads"	"Reads"	0.0561718491214678	0	0.541539929856803	0.917386678099511	0.98161928206266	0.993175039044566	0.997869331102006	"<4 average observations per random effect group often inflates coefficients and deflates p-values: consider setting small_random_effects=TRUE and see tutorial"	"prevalence"	68	53
"Varibaculum"	"Age"	"Age"	"Age"	0.0350417602996141	0	0.409016178335334	0.931726138179716	0.98161928206266	0.807658093039702	0.937974667140621	"<4 average observations per random effect group often inflates coefficients and deflates p-values: consider setting small_random_effects=TRUE and see tutorial"	"prevalence"	68	14
"Porphyromonas"	"Reads"	"Reads"	"Reads"	-0.914214859125567	-0.856507197556791	0.778619339991002	0.941707597002934	0.984939682294486	0.925524302694593	0.961145432492776	NA	"abundance"	68	18
"Idiomarina"	"DIVA"	"DIVA"	"DIVA"	-0.0349169070133663	0	0.552480340490088	0.949607029314242	0.989252650816427	0.880600512174822	0.948259703297799	"<4 average observations per random effect group often inflates coefficients and deflates p-values: consider setting small_random_effects=TRUE and see tutorial"	"prevalence"	68	12
"Murdochiella"	"Age"	"Age"	"Age"	0.0379831731274799	0	0.579861698410243	0.947772841869308	0.989252650816427	0.931375162938443	0.961812259766496	"<4 average observations per random effect group often inflates coefficients and deflates p-values: consider setting small_random_effects=TRUE and see tutorial"	"prevalence"	68	11
"Limosilactobacillus"	"Age"	"Age"	"Age"	0.281900810893472	0.18666173636796	1.52286513522891	0.952502600805104	0.990300323059275	0.303379780160344	0.794085888229787	NA	"abundance"	68	12
"Corynebacteriaceae_unclassified"	"Age"	"Age"	"Age"	0.203228754135029	0.18666173636796	0.286424989930122	0.95709419170272	0.990609185786809	0.692857484969946	0.912860943081046	NA	"abundance"	68	44
"Corynebacterium"	"Reads"	"Reads"	"Reads"	-0.869951597434165	-0.856507197556791	0.290538942822891	0.966131779855034	0.990609185786809	0.842989890721318	0.937974667140621	NA	"abundance"	68	64
"Finegoldia"	"Age"	"Age"	"Age"	0.205054396415639	0.18666173636796	0.395746343036518	0.96422411901452	0.990609185786809	0.621617764499398	0.888829020732171	NA	"abundance"	68	44
"Microbacteriaceae_unclassified"	"Group"	"Follow up"	"GroupFollow up"	-0.377914716366841	-0.398701425682403	0.444745760050095	0.966084800382584	0.990609185786809	0.659948329272545	0.903073376202104	NA	"abundance"	68	19
"Murdochiella"	"DIVA"	"DIVA"	"DIVA"	-0.215733627698906	-0.276901219513992	1.06549169612719	0.955855636926079	0.990609185786809	0.549432748507773	0.872466073007318	NA	"abundance"	68	11
"Actinomycetaceae_unclassified"	"DIVA"	"DIVA"	"DIVA"	0.0122597207757863	0	0.323974464957907	0.969813954787468	0.990609185786809	0.982825244590091	0.997869331102006	"<4 average observations per random effect group often inflates coefficients and deflates p-values: consider setting small_random_effects=TRUE and see tutorial"	"prevalence"	68	26
"Bifidobacterium"	"Group"	"Follow up"	"GroupFollow up"	-0.0259971490676553	0	0.61924783830325	0.966513193729017	0.990609185786809	0.211567717871279	0.782272086588495	"<4 average observations per random effect group often inflates coefficients and deflates p-values: consider setting small_random_effects=TRUE and see tutorial"	"prevalence"	68	44
"Ezakiella"	"DIVA"	"DIVA"	"DIVA"	0.0187764816978178	0	0.386617442785706	0.96126512693892	0.990609185786809	0.68620601422044	0.912860943081046	"<4 average observations per random effect group often inflates coefficients and deflates p-values: consider setting small_random_effects=TRUE and see tutorial"	"prevalence"	68	16
"Uruburuella"	"DIVA"	"DIVA"	"DIVA"	-0.0105203417708513	0	0.262999182632926	0.968091991152669	0.990609185786809	0.0820336604648645	0.782272086588495	"<4 average observations per random effect group often inflates coefficients and deflates p-values: consider setting small_random_effects=TRUE and see tutorial"	"prevalence"	68	31
"Alkalibacterium"	"Age"	"Age"	"Age"	0.194347594706158	0.18666173636796	0.250660482056178	0.97772785003445	0.990965944715767	0.572152463145576	0.877113282838186	NA	"abundance"	68	35
"Atopobium"	"Group"	"Follow up"	"GroupFollow up"	-0.372386785466398	-0.398701425682403	0.911135328362474	0.977221304620965	0.990965944715767	0.721677191830588	0.919078369102045	NA	"abundance"	68	46
"Streptococcus"	"Reads"	"Reads"	"Reads"	-0.843062797679417	-0.856507197556791	0.441132503241164	0.976300298659485	0.990965944715767	0.993175039044566	0.997869331102006	NA	"abundance"	68	53
"Prevotellaceae_unclassified"	"Group"	"Follow up"	"GroupFollow up"	0.0209030602507904	0	0.624231741952262	0.973286983785928	0.990965944715767	0.563002317231517	0.877113282838186	"<4 average observations per random effect group often inflates coefficients and deflates p-values: consider setting small_random_effects=TRUE and see tutorial"	"prevalence"	68	22
"Stenotrophomonas"	"Age"	"Age"	"Age"	0.178975878029763	0.18666173636796	0.298401537011071	0.980749151987059	0.992109180774554	0.340056325175159	0.807953374100378	NA	"abundance"	68	25
"Cutibacterium"	"DIVA"	"DIVA"	"DIVA"	-0.00950544523468807	0	0.504289992499741	0.98496143284517	0.992538059251671	0.720580119168819	0.919078369102045	"<4 average observations per random effect group often inflates coefficients and deflates p-values: consider setting small_random_effects=TRUE and see tutorial"	"prevalence"	68	16
"Stenotrophomonas"	"DIVA"	"DIVA"	"DIVA"	0.00555593557558477	0	0.275229249612759	0.983894538212757	0.992538059251671	0.199080079887654	0.782272086588495	"<4 average observations per random effect group often inflates coefficients and deflates p-values: consider setting small_random_effects=TRUE and see tutorial"	"prevalence"	68	25
"Dialister"	"Age"	"Age"	"Age"	0.00631294501973643	0	0.387718114492899	0.987009173360274	0.992692527525496	0.599450189029522	0.877113282838186	"<4 average observations per random effect group often inflates coefficients and deflates p-values: consider setting small_random_effects=TRUE and see tutorial"	"prevalence"	68	36
"Ezakiella"	"Group"	"Follow up"	"GroupFollow up"	-0.398701425682403	-0.398701425682403	1.02644007405853	1	1	0.229195356728117	0.782272086588495	NA	"abundance"	68	16
"Veillonellaceae_unclassified"	"DIVA"	"DIVA"	"DIVA"	-0.276901219513992	-0.276901219513992	0.477289755749676	1	1	0.986984531039977	0.997869331102006	NA	"abundance"	68	35
"Atopobiaceae_unclassified"	"Group"	"Follow up"	"GroupFollow up"	0	0	0.87624085788291	1	1	1	1	"<4 average observations per random effect group often inflates coefficients and deflates p-values: consider setting small_random_effects=TRUE and see tutorial"	"prevalence"	68	6
"Alkalibacterium"	"Reads"	"Reads"	"Reads"	-0.46420313652055	0	0.272609160906773	0.088602579345998	0.745458403501818	0.0740711010294713	0.782272086588495	"Prevalence association possibly induced by stronger abundance association"	"prevalence"	68	35
"Corynebacteriaceae_unclassified"	"Reads"	"Reads"	"Reads"	-0.410897790254627	0	0.262927476139413	0.118104359715827	0.745458403501818	0.316077536756142	0.79479715929808	"Prevalence association possibly induced by stronger abundance association"	"prevalence"	68	44
"Microbacteriaceae_unclassified"	"Reads"	"Reads"	"Reads"	-0.742132627640937	0	0.409931977914875	0.0702368886643457	0.745458403501818	0.00843709246881964	0.782272086588495	"Prevalence association possibly induced by stronger abundance association"	"prevalence"	68	19
"Caulobacter"	"Reads"	"Reads"	"Reads"	-0.350145022227794	0	0.266146765967346	0.188305384937596	0.759012660724857	0.143916106708921	0.782272086588495	"Prevalence association possibly induced by stronger abundance association"	"prevalence"	68	41
"Actinobaculum"	"Age"	"Age"	"Age"	-4.33903948024313	NA	2.04303479953896	0.221256453388364	NA	0.41772864681454	0.872466073007318	"Model may not have converged with 1 eigenvalue close to zero: 2.6e-11"	"abundance"	68	6
"Actinobaculum"	"DIVA"	"DIVA"	"DIVA"	-3.60063365557178	NA	1.86993216204657	0.236140058104378	NA	0.472195875770947	0.872466073007318	"Model may not have converged with 1 eigenvalue close to zero: 2.6e-11"	"abundance"	68	6
"Actinobaculum"	"Group"	"Follow up"	"GroupFollow up"	-1.5307619517713	NA	1.22048736974333	0.363179548632948	NA	0.816799289489363	0.937974667140621	"Model may not have converged with 1 eigenvalue close to zero: 2.6e-11"	"abundance"	68	6
"Actinobaculum"	"Reads"	"Reads"	"Reads"	1.95901493392822	NA	1.35716509392552	0.313712082737827	NA	0.774414283742098	0.937974667140621	"Model may not have converged with 1 eigenvalue close to zero: 2.6e-11"	"abundance"	68	6
"Aerococcus"	"Age"	"Age"	"Age"	-1.05232658948803	NA	0.994758478973313	0.349768360316158	NA	0.144925470325747	0.782272086588495	"Model may not have converged with 1 eigenvalue close to zero: 5.0e-12"	"abundance"	68	9
"Aerococcus"	"DIVA"	"DIVA"	"DIVA"	-0.947660431768219	NA	0.0002304414551724	2.09788909247194e-14	NA	0.86238336076434	0.939700489660453	"Model may not have converged with 1 eigenvalue close to zero: 5.0e-12"	"abundance"	68	9
"Aerococcus"	"Group"	"Follow up"	"GroupFollow up"	-1.96123419336539	NA	0.000141601497829164	1.63043991586318e-16	NA	0.206365939852343	0.782272086588495	"Model may not have converged with 1 eigenvalue close to zero: 5.0e-12"	"abundance"	68	9
"Aerococcus"	"Reads"	"Reads"	"Reads"	-0.685600558567397	NA	0.000156398178824434	1.62477495334715e-14	NA	0.585204964785414	0.877113282838186	"Model may not have converged with 1 eigenvalue close to zero: 5.0e-12"	"abundance"	68	9
"Alcaligenes"	"Age"	"Age"	"Age"	NA	NA	NA	NA	NA	0.162676782081978	0.782272086588495	"not a positive definite matrix (and positive semidefiniteness is not checked)"	"abundance"	68	5
"Alcaligenes"	"DIVA"	"DIVA"	"DIVA"	NA	NA	NA	NA	NA	0.493936077967169	0.872466073007318	"not a positive definite matrix (and positive semidefiniteness is not checked)"	"abundance"	68	5
"Alcaligenes"	"Group"	"Follow up"	"GroupFollow up"	NA	NA	NA	NA	NA	0.52732364327074	0.872466073007318	"not a positive definite matrix (and positive semidefiniteness is not checked)"	"abundance"	68	5
"Alcaligenes"	"Reads"	"Reads"	"Reads"	NA	NA	NA	NA	NA	0.0167518202032346	0.782272086588495	"not a positive definite matrix (and positive semidefiniteness is not checked)"	"abundance"	68	5
"Arcanobacterium"	"Age"	"Age"	"Age"	1.18192954986254	NA	0.825936689001958	0.211835105941556	NA	0.836874470005669	0.937974667140621	"Model may not have converged with 1 eigenvalue close to zero: 2.6e-11"	"abundance"	68	10
"Arcanobacterium"	"DIVA"	"DIVA"	"DIVA"	0.870866410222256	NA	0.852775190069848	0.353995291426435	NA	0.132516424907342	0.782272086588495	"Model may not have converged with 1 eigenvalue close to zero: 2.6e-11"	"abundance"	68	10
"Arcanobacterium"	"Group"	"Follow up"	"GroupFollow up"	3.6948159438058	NA	0.60608787154254	0.00171912895003191	NA	0.0634968277731936	0.782272086588495	"Model may not have converged with 1 eigenvalue close to zero: 2.6e-11"	"abundance"	68	10
"Arcanobacterium"	"Reads"	"Reads"	"Reads"	-1.06113388273833	NA	0.252524234299983	0.00847234723136692	NA	0.155794438708324	0.782272086588495	"Model may not have converged with 1 eigenvalue close to zero: 2.6e-11"	"abundance"	68	10
"Atopobiaceae_unclassified"	"Age"	"Age"	"Age"	-1.83444383377174	NA	0.967237554802662	0.308901091518523	NA	0.482329916748095	0.872466073007318	"Model may not have converged with 1 eigenvalue close to zero: 1.0e-10"	"abundance"	68	6
"Atopobiaceae_unclassified"	"DIVA"	"DIVA"	"DIVA"	-1.04892706291958	NA	0.754761159703601	0.397078458428915	NA	0.380465513739729	0.855179958376604	"Model may not have converged with 1 eigenvalue close to zero: 1.0e-10"	"abundance"	68	6
"Atopobiaceae_unclassified"	"Group"	"Follow up"	"GroupFollow up"	-1.45382818200442	NA	0.969892367255894	0.374538070243353	NA	1	1	"Model may not have converged with 1 eigenvalue close to zero: 1.0e-10"	"abundance"	68	6
"Atopobiaceae_unclassified"	"Reads"	"Reads"	"Reads"	-0.404884093259587	NA	0.283000834308712	0.388358481054521	NA	0.449936048524936	0.872466073007318	"Model may not have converged with 1 eigenvalue close to zero: 1.0e-10"	"abundance"	68	6
"Brucella"	"Age"	"Age"	"Age"	NA	NA	NA	NA	NA	0.278715145730516	0.794085888229787	"number of levels of each grouping factor must be < number of observations (problems: Patient.ID)"	"abundance"	68	7
"Brucella"	"DIVA"	"DIVA"	"DIVA"	NA	NA	NA	NA	NA	0.587018138864063	0.877113282838186	"number of levels of each grouping factor must be < number of observations (problems: Patient.ID)"	"abundance"	68	7
"Brucella"	"Group"	"Follow up"	"GroupFollow up"	NA	NA	NA	NA	NA	0.535688646996616	0.872466073007318	"number of levels of each grouping factor must be < number of observations (problems: Patient.ID)"	"abundance"	68	7
"Brucella"	"Reads"	"Reads"	"Reads"	NA	NA	NA	NA	NA	0.635281899224727	0.896201250692026	"number of levels of each grouping factor must be < number of observations (problems: Patient.ID)"	"abundance"	68	7
"Catenococcus"	"Age"	"Age"	"Age"	NA	NA	NA	NA	NA	0.838743060350489	0.937974667140621	"number of levels of each grouping factor must be < number of observations (problems: Patient.ID)"	"abundance"	68	4
"Catenococcus"	"DIVA"	"DIVA"	"DIVA"	NA	NA	NA	NA	NA	0.545780954465583	0.872466073007318	"number of levels of each grouping factor must be < number of observations (problems: Patient.ID)"	"abundance"	68	4
"Catenococcus"	"Group"	"Follow up"	"GroupFollow up"	NA	NA	NA	NA	NA	0.835500475604886	0.937974667140621	"number of levels of each grouping factor must be < number of observations (problems: Patient.ID)"	"abundance"	68	4
"Catenococcus"	"Reads"	"Reads"	"Reads"	NA	NA	NA	NA	NA	0.116475381488469	0.782272086588495	"number of levels of each grouping factor must be < number of observations (problems: Patient.ID)"	"abundance"	68	4
"Clostridium sensu stricto 1"	"Age"	"Age"	"Age"	NA	NA	NA	NA	NA	0.127232118893413	0.782272086588495	"not a positive definite matrix (and positive semidefiniteness is not checked)"	"abundance"	68	5
"Clostridium sensu stricto 1"	"DIVA"	"DIVA"	"DIVA"	NA	NA	NA	NA	NA	0.0678599383417735	0.782272086588495	"not a positive definite matrix (and positive semidefiniteness is not checked)"	"abundance"	68	5
"Clostridium sensu stricto 1"	"Group"	"Follow up"	"GroupFollow up"	NA	NA	NA	NA	NA	0.0524050355776445	0.782272086588495	"not a positive definite matrix (and positive semidefiniteness is not checked)"	"abundance"	68	5
"Clostridium sensu stricto 1"	"Reads"	"Reads"	"Reads"	NA	NA	NA	NA	NA	0.41550569534259	0.872466073007318	"not a positive definite matrix (and positive semidefiniteness is not checked)"	"abundance"	68	5
"Coriobacteriaceae UCG-002"	"Age"	"Age"	"Age"	-1.58233118272926	NA	0.821559184036239	0.193955637688703	NA	0.389083110474982	0.855179958376604	"Model may not have converged with 1 eigenvalue close to zero: 5.8e-11"	"abundance"	68	7
"Coriobacteriaceae UCG-002"	"DIVA"	"DIVA"	"DIVA"	-0.813288947344768	NA	0.628752700534806	0.32508857083099	NA	0.0883902559061951	0.782272086588495	"Model may not have converged with 1 eigenvalue close to zero: 5.8e-11"	"abundance"	68	7
"Coriobacteriaceae UCG-002"	"Group"	"Follow up"	"GroupFollow up"	-1.61022412946176	NA	0.520859915238121	0.0906333295744387	NA	0.72688547807546	0.919078369102045	"Model may not have converged with 1 eigenvalue close to zero: 5.8e-11"	"abundance"	68	7
"Coriobacteriaceae UCG-002"	"Reads"	"Reads"	"Reads"	0.314442060856762	NA	0.00898937248130672	0.000816291857292391	NA	0.0177850792791096	0.782272086588495	"Model may not have converged with 1 eigenvalue close to zero: 5.8e-11"	"abundance"	68	7
"Eggerthellaceae_unclassified"	"Age"	"Age"	"Age"	1.0124737848437	NA	1.03772358134535	0.507841185826287	NA	0.791906743798149	0.937974667140621	"Model may not have converged with 1 eigenvalue close to zero: 4.9e-11"	"abundance"	68	6
"Eggerthellaceae_unclassified"	"DIVA"	"DIVA"	"DIVA"	-1.05187212703496	NA	1.0776127177903	0.507695883953668	NA	0.348084286289668	0.809020960034369	"Model may not have converged with 1 eigenvalue close to zero: 4.9e-11"	"abundance"	68	6
"Eggerthellaceae_unclassified"	"Group"	"Follow up"	"GroupFollow up"	0.117136654506073	NA	1.10088324285205	0.93251597238744	NA	0.603526132336295	0.877113282838186	"Model may not have converged with 1 eigenvalue close to zero: 4.9e-11"	"abundance"	68	6
"Eggerthellaceae_unclassified"	"Reads"	"Reads"	"Reads"	-0.233376479490477	NA	0.414450273711657	0.673513696074502	NA	0.306577463177323	0.794085888229787	"Model may not have converged with 1 eigenvalue close to zero: 4.9e-11"	"abundance"	68	6
"Enhydrobacter"	"Age"	"Age"	"Age"	NA	NA	NA	NA	NA	0.279322680918231	0.794085888229787	"number of levels of each grouping factor must be < number of observations (problems: Patient.ID)"	"abundance"	68	8
"Enhydrobacter"	"DIVA"	"DIVA"	"DIVA"	NA	NA	NA	NA	NA	0.685776795947117	0.912860943081046	"number of levels of each grouping factor must be < number of observations (problems: Patient.ID)"	"abundance"	68	8
"Enhydrobacter"	"Group"	"Follow up"	"GroupFollow up"	NA	NA	NA	NA	NA	0.430781416959462	0.872466073007318	"number of levels of each grouping factor must be < number of observations (problems: Patient.ID)"	"abundance"	68	8
"Enhydrobacter"	"Reads"	"Reads"	"Reads"	NA	NA	NA	NA	NA	0.40662259650092	0.872466073007318	"number of levels of each grouping factor must be < number of observations (problems: Patient.ID)"	"abundance"	68	8
"Faecalibacterium"	"Age"	"Age"	"Age"	NA	NA	NA	NA	NA	0.414332060702106	0.872466073007318	"not a positive definite matrix (and positive semidefiniteness is not checked)"	"abundance"	68	5
"Faecalibacterium"	"DIVA"	"DIVA"	"DIVA"	NA	NA	NA	NA	NA	0.503998886505023	0.872466073007318	"not a positive definite matrix (and positive semidefiniteness is not checked)"	"abundance"	68	5
"Faecalibacterium"	"Group"	"Follow up"	"GroupFollow up"	NA	NA	NA	NA	NA	0.281712308553651	0.794085888229787	"not a positive definite matrix (and positive semidefiniteness is not checked)"	"abundance"	68	5
"Faecalibacterium"	"Reads"	"Reads"	"Reads"	NA	NA	NA	NA	NA	0.0377231234711039	0.782272086588495	"not a positive definite matrix (and positive semidefiniteness is not checked)"	"abundance"	68	5
"Fenollaria"	"Age"	"Age"	"Age"	-6.8967976500968	NA	1.64214826395767	0.0246342067077208	NA	0.841972305698393	0.937974667140621	"Model may not have converged with 1 eigenvalue close to zero: 3.4e-11"	"abundance"	68	8
"Fenollaria"	"DIVA"	"DIVA"	"DIVA"	-7.42007907778683	NA	1.58220061805698	0.018329320321642	NA	0.824619695871178	0.937974667140621	"Model may not have converged with 1 eigenvalue close to zero: 3.4e-11"	"abundance"	68	8
"Fenollaria"	"Group"	"Follow up"	"GroupFollow up"	1.84175803007917	NA	0.550146294425867	0.0441321812836849	NA	0.369445296747177	0.839890027137466	"Model may not have converged with 1 eigenvalue close to zero: 3.4e-11"	"abundance"	68	8
"Fenollaria"	"Reads"	"Reads"	"Reads"	4.38555494340005	NA	0.74502821246642	0.00978449328629788	NA	0.80093966906971	0.937974667140621	"Model may not have converged with 1 eigenvalue close to zero: 3.4e-11"	"abundance"	68	8
"Haemophilus"	"Age"	"Age"	"Age"	NA	NA	NA	NA	NA	0.150851542477365	0.782272086588495	"not a positive definite matrix (and positive semidefiniteness is not checked)"	"abundance"	68	3
"Haemophilus"	"DIVA"	"DIVA"	"DIVA"	NA	NA	NA	NA	NA	0.254926674021903	0.794085888229787	"not a positive definite matrix (and positive semidefiniteness is not checked)"	"abundance"	68	3
"Haemophilus"	"Group"	"Follow up"	"GroupFollow up"	NA	NA	NA	NA	NA	0.230155349690807	0.782272086588495	"not a positive definite matrix (and positive semidefiniteness is not checked)"	"abundance"	68	3
"Haemophilus"	"Reads"	"Reads"	"Reads"	NA	NA	NA	NA	NA	0.171243928601047	0.782272086588495	"not a positive definite matrix (and positive semidefiniteness is not checked)"	"abundance"	68	3
"Halomonas"	"Age"	"Age"	"Age"	NA	NA	NA	NA	NA	0.643889380445069	0.896990832194664	"number of levels of each grouping factor must be < number of observations (problems: Patient.ID)"	"abundance"	68	4
"Halomonas"	"DIVA"	"DIVA"	"DIVA"	NA	NA	NA	NA	NA	0.194484750411834	0.782272086588495	"number of levels of each grouping factor must be < number of observations (problems: Patient.ID)"	"abundance"	68	4
"Halomonas"	"Group"	"Follow up"	"GroupFollow up"	NA	NA	NA	NA	NA	0.205414213423039	0.782272086588495	"number of levels of each grouping factor must be < number of observations (problems: Patient.ID)"	"abundance"	68	4
"Halomonas"	"Reads"	"Reads"	"Reads"	NA	NA	NA	NA	NA	0.294715680577789	0.794085888229787	"number of levels of each grouping factor must be < number of observations (problems: Patient.ID)"	"abundance"	68	4
"Lactobacillaceae_unclassified"	"Age"	"Age"	"Age"	NA	NA	NA	NA	NA	0.774227421765752	0.937974667140621	"not a positive definite matrix (and positive semidefiniteness is not checked)"	"abundance"	68	4
"Lactobacillaceae_unclassified"	"DIVA"	"DIVA"	"DIVA"	NA	NA	NA	NA	NA	0.324016642527391	0.795985926238715	"not a positive definite matrix (and positive semidefiniteness is not checked)"	"abundance"	68	4
"Lactobacillaceae_unclassified"	"Group"	"Follow up"	"GroupFollow up"	NA	NA	NA	NA	NA	0.534235019225079	0.872466073007318	"not a positive definite matrix (and positive semidefiniteness is not checked)"	"abundance"	68	4
"Lactobacillaceae_unclassified"	"Reads"	"Reads"	"Reads"	NA	NA	NA	NA	NA	0.64309281443867	0.896990832194664	"not a positive definite matrix (and positive semidefiniteness is not checked)"	"abundance"	68	4
"Negativicoccus"	"Age"	"Age"	"Age"	NA	NA	NA	NA	NA	0.421443508048967	0.872466073007318	"not a positive definite matrix (and positive semidefiniteness is not checked)"	"abundance"	68	5
"Negativicoccus"	"DIVA"	"DIVA"	"DIVA"	NA	NA	NA	NA	NA	0.605097138160521	0.877113282838186	"not a positive definite matrix (and positive semidefiniteness is not checked)"	"abundance"	68	5
"Negativicoccus"	"Group"	"Follow up"	"GroupFollow up"	NA	NA	NA	NA	NA	0.093945700239782	0.782272086588495	"not a positive definite matrix (and positive semidefiniteness is not checked)"	"abundance"	68	5
"Negativicoccus"	"Reads"	"Reads"	"Reads"	NA	NA	NA	NA	NA	0.719537281989909	0.919078369102045	"not a positive definite matrix (and positive semidefiniteness is not checked)"	"abundance"	68	5
"Parvimonas"	"Age"	"Age"	"Age"	NA	NA	NA	NA	NA	0.267978709276575	0.794085888229787	"number of levels of each grouping factor must be < number of observations (problems: Patient.ID)"	"abundance"	68	7
"Parvimonas"	"DIVA"	"DIVA"	"DIVA"	NA	NA	NA	NA	NA	0.548137648946616	0.872466073007318	"number of levels of each grouping factor must be < number of observations (problems: Patient.ID)"	"abundance"	68	7
"Parvimonas"	"Group"	"Follow up"	"GroupFollow up"	NA	NA	NA	NA	NA	0.187823102779702	0.782272086588495	"number of levels of each grouping factor must be < number of observations (problems: Patient.ID)"	"abundance"	68	7
"Parvimonas"	"Reads"	"Reads"	"Reads"	NA	NA	NA	NA	NA	0.823777709186227	0.937974667140621	"number of levels of each grouping factor must be < number of observations (problems: Patient.ID)"	"abundance"	68	7
"Prevotella_7"	"Age"	"Age"	"Age"	-4.13992612952586	NA	2.1215295510515	0.146075567571759	NA	0.115134458075613	0.782272086588495	"Model may not have converged with 1 eigenvalue close to zero: 5.3e-11"	"abundance"	68	8
"Prevotella_7"	"DIVA"	"DIVA"	"DIVA"	-2.80175074318058	NA	2.65242952403042	0.368372842602807	NA	0.087361699172236	0.782272086588495	"Model may not have converged with 1 eigenvalue close to zero: 5.3e-11"	"abundance"	68	8
"Prevotella_7"	"Group"	"Follow up"	"GroupFollow up"	-3.14219922082258	NA	2.21423883635123	0.250929151084216	NA	0.469857802538697	0.872466073007318	"Model may not have converged with 1 eigenvalue close to zero: 5.3e-11"	"abundance"	68	8
"Prevotella_7"	"Reads"	"Reads"	"Reads"	0.686394881738062	NA	0.0954552646099501	0.00554253616381874	NA	0.489870197932053	0.872466073007318	"Model may not have converged with 1 eigenvalue close to zero: 5.3e-11"	"abundance"	68	8
"Pseudoalteromonas"	"Age"	"Age"	"Age"	0.0717068926012625	NA	0.373950533775369	0.857274896174945	NA	0.311849869379991	0.79479715929808	"Model may not have converged with 1 eigenvalue close to zero: 3.1e-11"	"abundance"	68	9
"Pseudoalteromonas"	"DIVA"	"DIVA"	"DIVA"	-0.412144900254078	NA	0.728867990811907	0.601972075912795	NA	0.320956933408104	0.795985926238715	"Model may not have converged with 1 eigenvalue close to zero: 3.1e-11"	"abundance"	68	9
"Pseudoalteromonas"	"Group"	"Follow up"	"GroupFollow up"	0.146903456600254	NA	0.384936907874887	0.722142530939891	NA	0.558202660979308	0.877113282838186	"Model may not have converged with 1 eigenvalue close to zero: 3.1e-11"	"abundance"	68	9
"Pseudoalteromonas"	"Reads"	"Reads"	"Reads"	-2.45615663002968	NA	0.955973381461028	0.0620264432507373	NA	0.333280962437609	0.798151046029759	"Model may not have converged with 1 eigenvalue close to zero: 3.1e-11"	"abundance"	68	9
"Pseudonocardiaceae_unclassified"	"Age"	"Age"	"Age"	NA	NA	NA	NA	NA	0.298912444270948	0.794085888229787	"number of levels of each grouping factor must be < number of observations (problems: Patient.ID)"	"abundance"	68	7
"Pseudonocardiaceae_unclassified"	"DIVA"	"DIVA"	"DIVA"	NA	NA	NA	NA	NA	0.303701671810575	0.794085888229787	"number of levels of each grouping factor must be < number of observations (problems: Patient.ID)"	"abundance"	68	7
"Pseudonocardiaceae_unclassified"	"Group"	"Follow up"	"GroupFollow up"	NA	NA	NA	NA	NA	0.114043192528129	0.782272086588495	"number of levels of each grouping factor must be < number of observations (problems: Patient.ID)"	"abundance"	68	7
"Pseudonocardiaceae_unclassified"	"Reads"	"Reads"	"Reads"	NA	NA	NA	NA	NA	0.222788757498808	0.782272086588495	"number of levels of each grouping factor must be < number of observations (problems: Patient.ID)"	"abundance"	68	7
"S5-A14a"	"Age"	"Age"	"Age"	NA	NA	NA	NA	NA	0.10970979348421	0.782272086588495	"not a positive definite matrix (and positive semidefiniteness is not checked)"	"abundance"	68	5
"S5-A14a"	"DIVA"	"DIVA"	"DIVA"	NA	NA	NA	NA	NA	0.895402029124418	0.94948671544737	"not a positive definite matrix (and positive semidefiniteness is not checked)"	"abundance"	68	5
"S5-A14a"	"Group"	"Follow up"	"GroupFollow up"	NA	NA	NA	NA	NA	0.529154848839614	0.872466073007318	"not a positive definite matrix (and positive semidefiniteness is not checked)"	"abundance"	68	5
"S5-A14a"	"Reads"	"Reads"	"Reads"	NA	NA	NA	NA	NA	0.210448027465787	0.782272086588495	"not a positive definite matrix (and positive semidefiniteness is not checked)"	"abundance"	68	5
"Solobacterium"	"Age"	"Age"	"Age"	-1.6190707198396	NA	3.14765354603348	0.697478747494747	NA	0.531995117629356	0.872466073007318	"Model may not have converged with 1 eigenvalue close to zero: 6.2e-11"	"abundance"	68	6
"Solobacterium"	"DIVA"	"DIVA"	"DIVA"	-1.01682166617437	NA	4.18173521485293	0.848107665418574	NA	0.432068830255487	0.872466073007318	"Model may not have converged with 1 eigenvalue close to zero: 6.2e-11"	"abundance"	68	6
"Solobacterium"	"Group"	"Follow up"	"GroupFollow up"	1.41408892486141	NA	4.72827999072454	0.814892793108129	NA	0.0854620470900417	0.782272086588495	"Model may not have converged with 1 eigenvalue close to zero: 6.2e-11"	"abundance"	68	6
"Solobacterium"	"Reads"	"Reads"	"Reads"	-0.56239928713925	NA	1.43167563987222	0.761292268935195	NA	0.00394146621273596	0.782272086588495	"Model may not have converged with 1 eigenvalue close to zero: 6.2e-11"	"abundance"	68	6
"Sutterella"	"Age"	"Age"	"Age"	-2.9728606385067	NA	0.534371637721309	0.0308239637653697	NA	0.221649796400789	0.782272086588495	"Model may not have converged with 1 eigenvalue close to zero: 1.0e-10"	"abundance"	68	7
"Sutterella"	"DIVA"	"DIVA"	"DIVA"	-0.873281530152205	NA	0.358441980844291	0.1351451837717	NA	0.624478679186519	0.888897579382613	"Model may not have converged with 1 eigenvalue close to zero: 1.0e-10"	"abundance"	68	7
"Sutterella"	"Group"	"Follow up"	"GroupFollow up"	4.60819133278776	NA	0.568810950832326	0.0148965407867277	NA	0.856219613211127	0.938390489942997	"Model may not have converged with 1 eigenvalue close to zero: 1.0e-10"	"abundance"	68	7
"Sutterella"	"Reads"	"Reads"	"Reads"	0.427515157569981	NA	0.18336560854716	0.144995510308944	NA	0.703075708102814	0.916492727380149	"Model may not have converged with 1 eigenvalue close to zero: 1.0e-10"	"abundance"	68	7
"Ureaplasma"	"Age"	"Age"	"Age"	9.53359566353464	NA	14.947562444863	0.639159967272232	NA	0.247029247564789	0.794085888229787	"Model may not have converged with 1 eigenvalue close to zero: 1.5e-10"	"abundance"	68	6
"Ureaplasma"	"DIVA"	"DIVA"	"DIVA"	-4.57081870584004	NA	9.30082932424072	0.72155459795586	NA	0.0862357475961115	0.782272086588495	"Model may not have converged with 1 eigenvalue close to zero: 1.5e-10"	"abundance"	68	6
"Ureaplasma"	"Group"	"Follow up"	"GroupFollow up"	-12.2890736348442	NA	22.906323808246	0.692788937254703	NA	0.120653007062999	0.782272086588495	"Model may not have converged with 1 eigenvalue close to zero: 1.5e-10"	"abundance"	68	6
"Ureaplasma"	"Reads"	"Reads"	"Reads"	9.96988907144637	NA	14.646330471012	0.61239454217394	NA	0.662837010022	0.903073376202104	"Model may not have converged with 1 eigenvalue close to zero: 1.5e-10"	"abundance"	68	6
"Virgibacillus"	"Age"	"Age"	"Age"	NA	NA	NA	NA	NA	0.693312108669149	0.912860943081046	"number of levels of each grouping factor must be < number of observations (problems: Patient.ID)"	"abundance"	68	11
"Virgibacillus"	"DIVA"	"DIVA"	"DIVA"	NA	NA	NA	NA	NA	0.468167365948466	0.872466073007318	"number of levels of each grouping factor must be < number of observations (problems: Patient.ID)"	"abundance"	68	11
"Virgibacillus"	"Group"	"Follow up"	"GroupFollow up"	NA	NA	NA	NA	NA	0.0527023301403807	0.782272086588495	"number of levels of each grouping factor must be < number of observations (problems: Patient.ID)"	"abundance"	68	11
"Virgibacillus"	"Reads"	"Reads"	"Reads"	NA	NA	NA	NA	NA	0.0555585648991428	0.782272086588495	"number of levels of each grouping factor must be < number of observations (problems: Patient.ID)"	"abundance"	68	11
"Lactobacillus"	"Age"	"Age"	"Age"	NA	0	NA	NA	NA	0.0150867692964623	0.782272086588495	"All logistic values are the same"	"prevalence"	68	68
"Lactobacillus"	"DIVA"	"DIVA"	"DIVA"	NA	0	NA	NA	NA	0.495480549612955	0.872466073007318	"All logistic values are the same"	"prevalence"	68	68
"Lactobacillus"	"Group"	"Follow up"	"GroupFollow up"	NA	0	NA	NA	NA	0.788001422265643	0.937974667140621	"All logistic values are the same"	"prevalence"	68	68
"Lactobacillus"	"Reads"	"Reads"	"Reads"	NA	0	NA	NA	NA	0.0701819263065888	0.782272086588495	"All logistic values are the same"	"prevalence"	68	68
