ID,Group,NAD+_2,Unknown_3,Formate_5,Unknown_7,Unknown_8,Hypoxanthine_10,NAD+_11,Tryptophan_14,Unknown_15,Phenylalanine_19,Tyrosine_20,Unknown_22,Unknown_23,Unknown_24,Unknown_25,Unknown_26,Unknown_28,Uridine_29,Uracil_30,Unknown_31,Maltose-Glucose_32,Unknown_33,Unknown_34,Maltose-unknown_37,Maltose-glucose-unknown_38,Ascorbate_40,Unknown_41,Threonine_42,Unknown_43,Unknown_44,Unknown_45,Unknown_46,Unknown_47,Lactate_48,Unknown_49,Unknown_50,Unknown_51,Unknown_52,Unknown_53,Unknown_54,Unknown_55,Unknown_56,Maltose-unknown_67,Maltose-unknown_68,Maltose-unknown_69,Maltose-unknown_70,Maltose-unknown_71,Maltose_72,Maltose_73,Maltose-unknown_74,Maltose_75,Maltose-unknown_76,Maltose-unknown_77,Unknown_79,Unknown_81,Maltose-unknown_87,Maltose-unknown_88,Unknown_89,Unknown_90,Unknown_91,Unknown_92,Uknown_93,Unknown_94,Uknown_95,Unknown_96,Unknown_97,Glycine_99,Glucose_100,Glucose_101,Glucose_102,Glucose_103,Glucose_104,Maltose-taurine-glucose_107,Glucose_108,Unknown_109,Glucose_110,Maltose-taurine_113,Glucose_116,Glucose_117,Unknown_118,Carnitine_119,O_phosphocholine_120,Unknown_121,Unknown_122,Unknown_123,Unknown_124,Unknown_125,Unknown_126,Unknown_128,Creatine_129,Creatinephosphate_130,Unknown_131,Asparagine_133,"N,N-dimethylglycine_134",Aspartate_136,Methionine_138,Unknown_139,Methionine_140,Unknown_142,Riboflavin_143,Unknown_145,Unknown_146,Unknown_148,Unknown_153,Glutamine_154,Glutamine-unknown_155,Succinate_156,Saccharopine-unknown_157,Glutamate-unknown_158,Unknown_159,Glutamate-unknown_161,Unknown_162,Valine-unknown_168,Unknown_169,Glutarate_171,Glutamine-unknown_172,Glutamine-glutamate_173,Methionine-glutamate-glutamine_177,Unknown_182,Unknown_185,Glutamate_187,Glutamate-unknown_189,Unknown_190,Unknown_191,Unknown_192,Unknown_193,Isoleucine-unknown_194,Unknown_195,Unknown_196,Acetate_197,Lysine-unknown_198,Lysine-unknown_199,Lysine-unknown_200,Unknown_201,Unknown_202,Leucine-lysine_205,Leucine-unknown_209,Leucine-unknown_211,Alanine_212,Unknown_214,Unknown_215,Isoleucine-unknown_218,Unknown_219,Unknown_220,Propylene_glycol_221,Isoleucine_225,Valine_227,Leucine_229,Leucine-isoleucine_230
VAN_001,Atrophy,673.1365979,1321.580696,92648.45965,6454.028201,4834.510345,32051.27404,4363.967742,6274.005348,4137.697761,84190.62099,46927.51592,16345.70455,2221.675676,5504.038636,6191.591146,6227.810897,5945.915094,6363.518305,4952.856514,23051.89714,1257303.367,236242.508,82089.21889,1073567.344,1444028.495,177934.0729,107353.4807,103236.6412,95120.03017,110054.0721,107047.2727,99047.6519,117746.5117,818639.9257,1765975.01,1728498.293,2939996.633,3209961.433,1793899.422,1399376.753,1560015.085,1406065.633,3731125.283,3561109.257,2602744.128,1922362.49,1190516.308,2786459.541,2825090.712,4504361.388,3209183.021,4273747.818,2719189.158,2064733.723,2477047.439,2412556.382,2351320.115,2917561.847,3594276.694,4200234.39,3974786.791,4157474.347,3448802.369,2231058.96,2660174.448,2712080.507,944782.0788,444579.047,520292.1689,814274.1438,681009.395,368833.882,2126040.958,1099934.165,662759.6741,387332.3355,1946363.788,643077.4351,430737.718,847914.6754,428633.3859,377280.4031,203678.8269,221683.1859,127642.5794,95416.39195,78694.87109,67951.51025,111241.7697,226134.3403,1242634.474,137359.5548,59265.00455,1407228.866,53802.3631,49767.69551,46934.375,55327.34091,34223.1868,34809.33553,43137.85326,34108.27,41477.95833,87303.89224,88933.85577,88255.31117,257882.5942,141666.0066,154456.0588,116997.0573,135335.5536,100309.9034,78265.10345,67135.34766,53091.44907,203935.4591,228445.0491,328219.4267,108126.325,188556.5156,282685.6087,178200.6923,139127.1075,115215.1582,117987.7603,106320.9516,93424.98921,82397.16776,77877.61765,280716.6607,141921.4712,140807.6557,108050.1645,95504.165,79260.37857,162110.4191,152865.8835,125472.0195,613436.8311,184385.4009,209509.2455,68455.95455,139692.6875,139572.5993,169120.7083,141362.5099,234783.0395,380967.7394,429429.975
VAN_0010,Atrophy,1681.570876,5190.998716,90496.93209,6741.691311,3888.537931,27084.1226,7876.300403,6594.426471,4962.488806,112290.8213,65679.67755,16710.52476,4866.391892,4868.172727,5324.033854,6250.33547,9346.20283,2645.346757,5223.752641,4529.362143,686621.8345,12944.35241,8475.201965,726155.2218,298788.8943,116431.1927,111146.3776,122162.2073,89002.32974,94450.97794,103279.9531,105594.3608,113240.4683,929021.7194,430672.4575,453802.9605,853990.676,873906.6587,3119527.878,1456668.545,776398.2924,630934.1264,1035204.052,812077.5428,1030848.015,1167664.115,855755.399,1132738.6,1559146.784,2348018.674,2454026.143,1322834.375,1205508.235,1393180.543,652263.4607,1735178.926,1268186.23,2121399.076,2795681.745,1111749.15,1560071.479,997173.4156,958337.9744,850988.004,1525646.602,1820030.706,1723856.997,573974.0175,335302.4831,491130.3906,409392.8425,247986.4362,1480243.57,783232.304,694033.7366,732386.5592,723382.2064,299689.0673,239140.6831,828440.0044,372508.5326,319110.5,171725.4063,263843.4047,165696.2809,140004.1102,134135.9395,130623.6086,180429.1316,265584.7222,1024141.547,133658.4621,70348.6125,139020.0039,92872.42708,70020.16667,61264.86538,81494.00568,41401.19382,36671.23026,44671.41848,33517.43,43462.1713,77287.78448,81269.1226,90702.79521,241798.4487,128059.0822,275965.0441,136555.7083,128062.1234,95189.35795,86331.79957,78150.44141,57943.91667,295374.4227,263385.0893,468756.2414,118579.4125,214703.1146,315186.3533,179560.2356,144038.6842,128915.5098,129683.9264,122842.3306,109290.3769,105844.0921,102512.9044,418037.0964,183255.234,129050.8136,112978.3092,99007.045,81006.80714,249836.4191,190613.8523,157450.8242,809752.2973,203113.694,224118.9554,103316.544,183326.8792,185154.5625,354440.6024,230263.4934,358607.7697,580441.6523,625077.9833
VAN_0011,Atrophy,498.2321735,2892.215585,145364.5172,12939.90053,12018.36207,29106.00901,4889.697581,8103.613971,6161.096082,60383.76282,36742.96298,19123.42979,24500.72635,13982.56818,11557.25651,9357.042735,8921.014151,8747.260722,16590.25352,18828.66607,417153.5533,21331.79945,11547.89656,179359,499283.9646,92345.28906,131365.8339,155544.0518,140787.3093,129424.6956,121581.3061,116078.0799,116994.4533,544442.8777,667598.3688,526028.7895,554008.0156,538436.2584,686788.9375,493063.6163,788505.5032,674456.4389,816414.7405,1167543.283,706754.4897,468617.4572,340502.2879,726697.3109,619741.8678,1217481.95,979630.2539,939016.5571,806723.8217,569272.2663,593229.3964,485531.3407,395627.3788,494419.6195,538110.9559,601726.7299,628612.5196,604655.0672,514474.5721,316483.752,410249.4506,467456.7635,998736.4022,375159.1741,523613.9595,760215.8938,583243.6688,332343.1926,961295.8536,727048.0895,479840.9241,291317.8438,676388.9356,579597.4868,400012.8052,481905.7884,432672.6413,663116.1766,214006.9579,293659.3219,116649.9728,64754.93008,65978.875,61148.77869,102380.1579,231963.1372,1202758.232,164374.4367,81884.31364,761783.3447,62472.51935,49472.71955,43826.65064,42368.73011,32698.60885,33924.41118,49896.45652,37808.2675,53994.69907,104483.5754,103969.1743,105498.7207,1191010.053,267923.102,155375.8333,154918.1641,118944.3174,94994.5767,88868.94935,76066.69336,46584.48611,169383.0511,230297.9576,299126.5086,129978.9417,248347.7188,298479.6291,230776.5168,237662.3695,217599.6289,221044.5188,223945.5565,138952.56,95698.83059,86480.60846,910137.6589,242549.6667,141249.0406,114268.051,99766.4675,81446.50179,271616.7402,152225.821,139710.7617,1105065.12,162022.0216,183657.5379,137650.2834,174069.2896,134577.1746,163418.1649,130384.5428,396776.3076,374885.463,391819.4992
VAN_0012,Atrophy,261.2291667,4096.351266,76548.59744,20789.96456,15702.35776,38880.5012,4095.189516,7653.893382,6000.911381,108444.8089,41450.80653,20683.23945,9380.986486,24380.36364,18508.16276,14278.62179,13218.53774,5055.129446,10323.57394,4572.156429,606694.5902,74430.71888,11072.27129,494355.7997,717748.855,198338.7483,151590.0269,162967.6204,138957.7047,132514.214,134782.8452,147559.4755,145501.265,619389.5297,971771.3763,948611.1776,1361557.204,1465551.936,1196421.823,788399.4809,1228630.444,1002562.553,1811959.895,1936135.255,1466912.67,1035445.456,712620.5764,1557594.92,1371255.43,2541043.326,1690647.148,1975105.181,1266141.182,1033453.342,1186059.848,948069.2561,1043771.031,1282600.76,1472046.17,1810322.352,1630306.799,1775192.477,1454072.034,876880.1633,1209713.324,1334830.064,969129.3736,379859.0114,313760.2601,509525.2656,458791.4938,250399.4892,1448006.154,680331.821,329327.4241,245807.023,1407487.736,512686.4303,378940.0683,466079.2116,769879.7255,779318.4031,258477.7151,827939.9594,183904.2449,85397.11123,76697.4707,76134.63525,172716.8684,377624.1163,2168245.393,205109.3669,140260.567,409899.8436,71931.67485,75129.26923,64546.98718,69720.6733,40297.44663,44114.125,63441.77717,51081.17,71559.97917,156648.8944,148474.3474,124433.5652,2415014.825,435198.4745,182595.5159,179805.9792,151505.724,135917.8438,110779.6606,138221.4238,79209.44444,259615.8682,373464.4129,450500.2759,156046.3188,289464.0286,360958.1101,276765.5072,288272.1765,264309.4551,268224.0719,267853.4254,173435.6459,118709.4309,110002.4945,1363877.58,311245.734,177326.0197,149632.2632,133168.9925,110848.9911,473174.0662,230008.0284,199992.1172,1641978.956,226314.8103,252751.8147,125322.2031,186469.0729,159761.8033,258322.028,145480.0016,491094.9556,634812.9749,627658.87
VAN_0013,Atrophy,308.4982818,696.6487342,143482.8268,3349.719512,6103.355172,18151.10577,6455.346774,7488.15508,7597.440299,52412.92308,54450.2293,14538.20455,20592.47297,1333.372727,1970.375,3318.910256,3331.207547,2651.732218,21537.5493,1019.288571,1014647.289,6622.905622,11444.48908,28789.82796,1230600.046,48689.94444,87548.87643,127685.6887,87868.35345,83421.18235,87043.35227,86439.4557,92203.82667,613111.918,268295.58,301351.1184,156565.0987,200564.8942,607995.5,377100.5694,1248892.949,967828.6319,1197497.595,3177601.816,1506510.935,534657.2895,275748.6212,342474.5875,299505.75,955721.6579,1221466.823,652384.0109,1147692.309,672793.6739,831105.5571,468799.8333,426791.0102,476229.9951,297355.0098,265268.5847,285350.1643,329715.5,239314.0769,247887.629,480147.8372,487110.5946,809229.7826,1160636.952,1325333.797,2757656.563,2387861.7,1327263.941,3085961.074,2898853.068,1737813.768,1260534.211,1422796.439,2375071.452,1518278.698,1763917.904,599439.3043,480027.6,240833.5962,1244144.081,256989.4471,135177.4407,145573.4766,145331.8361,349855.8947,1253046.889,3325915.875,180192.6613,79214.37727,250999.1615,101158.4286,87465.26923,131973.4487,84470.76136,67483.6236,49213.55263,188897.4783,140405.72,148669.5,148680.3966,71877.64423,217422.9681,26454367.12,3825456.737,498612.7059,269044.7708,208947.6039,146055.4773,139154.3017,554594.0469,76860.03704,83279.52727,108458.0446,339234,143073.5,296693,470632.1087,351011.7692,277795.614,270372.0313,265513.8493,171879.6774,215137.1371,111891.4474,104996.2941,5242909.229,790974.9744,330740.5526,220897.6316,176924.72,152128.8143,1123217.676,683148.4659,939864.0625,1505370.986,169040.069,172935.9821,142039.6989,146652.5333,122043.0147,482273.8048,206522,535864.1974,777672.5141,538642.9133
VAN_0014,Atrophy,3664.292096,663.9841772,58360.22835,14348.34146,28407.45862,93075.40865,37812.05645,16693.06684,8161.88806,913529.6699,423074.1561,106236.8636,5270.121622,4867.318182,8121.09375,10174.7265,7730.820755,9124.648536,2601.457746,7302.502857,470090.1725,32195.66265,19914.75764,468839.1828,618317.5258,302911.4375,501894.731,512696.0358,471788.1897,515076.2941,537526.0795,625411.9557,716571.9067,5653351.392,1332032.26,1340353.974,1530039.507,1932640.625,1218863.068,1085811.833,1415639.636,1209683.753,2033416.835,2130125.237,1551597.676,1175731.276,890639.9141,1511549.663,1530497.673,2595483.704,2152778.365,3241093.533,1454982.426,1348202.043,1139892.757,765428.7059,1458706.592,1453745.971,1568469.676,1811850.483,1588267.95,2060291.688,1319219.859,973310.2097,1429184.372,1742827.324,2498918.587,341865.7527,297304.0676,425298.2125,354519.56,207404.25,1118284.676,442623.0909,253243.1786,201238.1316,1632997.508,931739.75,738216.5465,1580857.702,810103.1739,743923.5,751569.1058,870550.1938,550281.2235,445615.2458,296003.1016,246311.4262,556906.3289,633057.6806,2224264.042,742365.4419,278595.8727,347372.472,391970.4286,314948.4615,184001.5,476701.25,112082.9382,116911.3684,139383.3696,112823.18,137509.6667,148322.3103,177197.8173,313147.5319,598070.2687,486663.8882,684034.1863,474279.7708,519491.9026,396638.5682,493807.3276,293003.9688,261201.3148,510847.5909,626300.3304,2339038.276,627024.4167,843239.0833,1294761.13,807253.0962,639368.0877,559097.125,544211.8014,539608.0161,578546.5761,511762.0526,501113.9118,1069465.729,880832,656700.1491,550534.9342,457116.76,374505.0857,2013212.02,1179998.159,946805.8281,2853514.905,1192062.241,1264765.696,460001.4261,843826.9833,885298.3382,406844.8286,1600714.724,2479062.539,5743264.588,5027854.5
VAN_0015,Atrophy,2478.428694,1466.69462,39850.28346,3568.515244,4917.286207,20146.96635,8804.306452,18158.67914,5749.298507,192074.6442,140232.4666,32593.30195,2389.128378,3969.372727,5101.817708,4884.012821,5943.306604,7885.90795,4170.746479,7172.625714,606624.1232,128495.6476,78063.119,513922.3844,725554.9536,65736.25694,168450.8147,195934.7486,140495.1638,149957.1147,176328.2443,210069.6203,213042.6067,2105523.464,1098495.385,1025782.829,1434608.174,1555461.231,1010278.412,883926.9097,929303.6864,878206.7088,1661225.022,1657087.132,1197378.635,923066.9013,996152.9545,5843825.069,9039804.288,7396292.964,4242346.151,2795539.207,1934991.985,2399712.348,1618556.993,1346853.598,1245890.531,1608892.282,10193875.8,9885704.335,11830990.21,16640752.3,3584212.538,1719085.145,1412490.314,1235725.52,13589034.99,639622.0726,400694.777,506159.7938,395182.425,269864.6543,1224268.169,598543.7557,432038.0357,196944.7632,988277.5758,437039.7019,284901.5407,549135.8158,230242.1957,189922.3,182083.5288,266082.6531,178642.5971,159615.6441,107514.4297,76937.02869,120131.125,400720.8472,672147.8958,185245.0871,45677.11364,250671.1957,116808.869,58840.14744,36363.37821,78532.53977,20804.24438,18301.06579,33033.75,22697.19,29877.87037,56634.37069,61495.3125,94935.49468,1235957.263,238453.0329,257191.299,169012.125,165318.8734,115582.3182,106550.3448,72999.5625,55257.59259,121312.1909,177018.8616,535058.6379,171819.15,300639.7917,404289.6848,254287.3942,205677.8202,184636.9805,182104.3459,183783.5484,186427.0076,194876,185264.7941,514856.6071,282424.3397,293767.6404,205459.6184,158511.53,119511.1214,431576.3824,252624.9318,194072.0078,984818.75,366053.9483,411594.4464,301640.1591,426768.8583,432441.0368,140998.0595,513337.7368,692115.2566,1205288.842,1150350.487
VAN_0016,Atrophy,267.6499141,4910.551622,61462.13509,23916.0968,10692.00625,29456.20162,6508.476815,5070.440508,5018.594216,25118.06911,21612.37699,9177.922788,11162.33108,25227.05568,9788.602214,6454.438301,7410.741156,4014.054524,5681.84397,13781.48232,626967.5841,91089.72929,8155.112036,554030.1136,714945.9994,75373.0013,82462.28438,88989.27273,84046.33782,74550.57941,75911.95277,81281.3928,84781.11833,368566.5225,1034413.016,884483.3734,1587544.442,1700971.311,894358.6385,704418.4575,877762.544,758615.4241,1969225.572,2047962.086,1430011.111,1056744.694,679548.5786,1676471.044,1693251.966,2368435.704,1615025.359,2085125.957,1257137.876,1010196.442,1200890.596,877409.4393,1187474.645,1454997.585,1786117.03,2236742.244,1813437.709,2177238.431,1577300.768,1038010.49,1443163.717,1316514.925,565943.7086,220784.8538,289762.7483,419130.4242,307302.5681,185865.9997,932478.7448,411309.7507,269665.625,154084.4079,946184.8788,310290.8684,205045.569,455035.2138,291893.0557,446011.5875,143380.0895,261595.4906,94249.79301,34918.19174,31937.8374,27062.33299,41802.25905,94138.13976,1032653.616,90857.15726,54431.72898,101154.1972,35218.35826,24466.18429,21834.79888,19850.03125,20826.11341,19372.06086,30245.26902,23141.18625,30673.91667,59475.48168,58399.7488,56478.24601,90438.73811,60530.54523,74283.91605,70204.45964,60852.12825,46759.83381,44204.2764,40550.68359,30962.51505,117660.8352,156010.1049,203667.4203,66752.99688,136625.1172,200699.0876,133231.4567,107104.0071,87158.22949,80248.56764,72698.67137,52149.03395,41369.7023,40811.18566,733165.4411,126447.621,66024.54441,52773.11266,44890.47125,34671.76875,83102.98162,58279.70526,55641.67871,485209.6715,95593.94504,106874.6975,79517.05362,97680.60833,96198.43015,94091.37946,54597.49671,122822.4704,142101.4993,155808.8442
VAN_0017,Atrophy,1659.099656,7339.395507,55127.53543,5936.914634,14684.46724,97848.25,20933.05242,27267.40909,9708.779851,396693.1458,359351.7309,57278.72808,6256.393242,921.3045455,5908.822917,6592.181624,4639.575472,23348.48536,8967.566455,1412.562857,2211969.986,399528.8353,130847.8635,2271453.653,2426958.131,306332.1215,346356.633,399533.6006,264038.625,256206.9471,264225.7784,296848.4114,314889.89,2949599.956,3442078.6,3433925.776,5833945.822,6956738.139,3113919.784,2750202.188,2937871.746,2585280.069,7093113.266,6355618.487,5140208.244,3777099.27,2510181.535,5493921.075,5673585.067,8980775.51,5806937.766,9194983.152,5131991.632,4023011.12,4661628.8,4057400.691,4970930.107,5772430.505,6692958.926,8718621.869,7376064.054,8660103.175,6689026.712,4213582.669,5575985.052,5804249.196,2911245.239,592348.3763,532432.5,750990.2813,639317.715,358023.2283,3315971.297,1128851.085,706339.25,393084.3816,3778777.928,609768.6875,663356.7442,2647216.364,897127.5543,533647.6063,410858.0865,421447.4875,379096.5147,305565.0085,213935.9414,193363.5656,391893.8947,652598.1806,2295032.24,408852.0935,194128.2636,268818.3059,313354.497,119975.4487,83680.21795,140990.6307,111179.8848,121261.3026,180305.8696,139635.08,146506.0185,173967.1638,202575.2933,356846.016,11615958.92,1148748.424,1231937.706,510429.2396,492914.9935,376289.6477,271486.9138,197493.8906,132483.4537,309769.3727,574506.1429,1102242.216,383617.3417,736149.6042,1104339.62,629364.375,495066.6535,440565.832,449070.8664,438294.7258,447823.0736,514761.3355,534262.0441,1416208.314,666218.6218,474945.3904,419875.2039,357565.07,271404.0857,1063140.328,571684.5227,429630.7344,2434684.196,707532.931,778125.3036,221905.0341,473983.825,511139.6838,261253.6929,975359.6513,1228484.882,2448041.155,2400500.54
VAN_0018,Atrophy,1746.605885,664.8789557,90717.89222,12603.2378,3560.599138,17884.32272,6537.46875,5400.009358,9282.473881,57156.51002,30579.81847,12050.69196,7846.611486,9845.192045,7444.904948,8636.847222,10735.33373,6834.469142,4383.223151,5279.090357,151582.8319,18733.47741,6507.787391,148239.9469,176202.011,134853.9549,90770.6424,93860.4406,75435.09159,76453.10294,82248.87855,88322.93196,86484.89417,546972.2631,395639.5238,398070.4457,482827.6135,544877.869,677661.8142,300368.9514,615463.8019,476001.6133,542522.6796,582254.8405,430449.0493,347594.2977,255333.7083,596845.3797,457617.1322,851784.6735,538206.2695,630318.125,361156.546,438112.3397,372929.9786,269817.4841,425833.9885,463709.8027,551789.837,658755.8506,600645.2232,731117.9438,452507.899,342219.2843,507782.8343,547201.2618,474388.0516,143010.586,106492.5338,116921.6109,91467.18125,57915.65147,354550.0619,93883.01989,73361.6875,45323.49671,457762.0218,125929.3738,118610.3648,496134.4123,313965.0299,341536.4859,118294.1286,250639.518,73100.53015,41127.95975,42940.8584,42480.27869,67201.71382,479975.6181,1212331.398,93838.49637,51208.39034,178798.8998,31991.22545,56270.76763,38952.04167,46264.57955,35700.89607,31454.01645,32836.45109,27375.6725,38040.3125,56540.83405,82888.83413,78048.45213,153782.0812,78490.38569,93719.45098,88404.53646,66135.06412,66972.42614,58256.28879,56439.2793,46970.5625,369134.9409,267521.7757,230524.2759,81128.29375,127544.8984,144261.4769,103902.7404,98462.07456,94233.25391,97210.72688,95144.52016,76383.59201,58627.19243,51714.62868,477205.8214,121806.6939,143785.9967,86011.4852,66413.4525,54769.53929,128569.0012,121167.983,109715.1367,602252.6098,138659.0129,151547.1518,99628.30753,144299.825,119467.5478,146395.9375,105915.3043,183452.574,226598.8464,276464.9133
VAN_002,Atrophy,2483.890034,959.6060127,133817.5591,7928.64939,17692.55,32837.89904,10564.01613,20946.93583,12745.08209,278852.1314,230543.9411,48098.34578,5732.925676,3168.054545,5006.359375,8599.617521,7588.051887,10391.90377,3168.392606,12262.20571,901472.3011,221428.2339,114834.5797,837004.9677,1025864.515,173435.1493,282452.4966,288250.7218,228773.9483,254764.1147,272798.8494,303203.962,336954.88,2236248.657,1738375.98,1819315.803,2559604.22,2782465.74,1689679.946,1361140.146,1689395.148,1491149.505,2966930.516,2870704.27,2046495.697,1542134.796,1027791.033,2589281.463,2405888.087,3620018.862,2718488.224,3754535.321,2248927.397,1812307.924,1935039.643,1840582.299,2222969.439,2611197.297,2898896.662,3406363.513,3091687.511,3421966.2,2625665.788,1878205.895,2357328.686,2399272.635,1729679.614,459851.0081,545451.1014,648740.225,519375.94,315674.4311,1452750.711,628398.8182,431353.8393,238805.7961,1579082.14,622126.274,502498.6628,1422360.377,486509.75,385071.0813,369297.2356,464145.5688,340538.3353,277916.9492,183210.8633,157882.418,251000.9342,1263404.604,1775576.594,319864.7452,142244.4614,1471200.683,200276.1607,89683.75641,64514.51923,76441.88636,80886.92135,72241.63158,113856.6304,84075.76,103079.9074,114345.5948,123830.4183,234373.9043,5562920.034,530082.3914,415813.6814,262771.5521,297877.8539,246148.1932,241021.9526,152169.25,109779.3241,374731.9409,380257.0759,548601.5776,288253.1667,456690.3438,627616.5924,412642.6058,331189.6316,294237.0898,298289.7055,283515.879,317723.6612,329409.8684,330906.3088,695065.9786,504598.9551,377601.0921,331521.3947,283758.41,229319.9857,809344.3824,471773.5284,378128.4063,1153193.27,554642.1379,611311.8125,243649.4744,441870.2,503559.3971,390374.8452,812603.4079,956939.8947,1834544.171,1774868.873
VAN_0020,Atrophy,816.6632302,6801.052653,133154.874,19189.54878,16255.82069,61175.56731,15405.6129,59505.73797,14975.49254,1492343.41,911502.4841,136096.6169,7982.898658,2720.872727,5016.3125,3796.931624,1091.54717,9006.646576,9006.646576,9006.646576,2618549.859,83979.6747,46898.57205,2650343.935,2809161.722,234444.5,678600.3087,812993.978,611584.3966,733291.0706,729030.8636,667372.3165,692965.88,12298999.41,3957947.86,4222905.737,7122429.605,9894081.462,4310650.378,3428392.583,3266357.085,2796980.055,9350675.152,8958107.526,6942801.8,5243522.632,3974736.121,5686115.3,8256305.962,11194716.59,6901632.271,11113966.8,7644659.176,5361798.13,5394443.886,3333620.431,6412411.653,6703431.245,7746798.51,10540026.68,8222367.943,11618733.13,7813139.615,4998904,7642114.628,7008830.405,5604719.87,609152.828,471358.8919,552926.4,492638.64,298722.0867,3094044.206,889591.1364,536619.7857,326962.8947,4887161.485,841922.3077,738249.2558,2297091.877,1056533.522,849060.775,826772.1154,1067459.475,811133.4824,690176.661,456889.7344,380093.6066,1091151.816,1044743.917,2592875.458,915147.4323,534060.9727,574446.9068,907288.1548,450248.8974,250019.0256,766548.4773,167410.0562,213174.6842,230909.2609,184799.4,174164.5926,230282.7241,296501.7692,10524040.96,1587985.672,654067.4079,952589.7255,1277884.875,743303.8961,586426.7727,662437.4655,330128.25,424861.0741,576825.2909,883332.75,3797167.448,785207.7333,1534811,1959402.261,1197407.615,1017610.789,931180.1875,911585.2329,920701.3871,959792.4213,1006958.316,1195575.706,1448296.143,1429608.385,1060597.404,937328.8158,769910.32,624467.6,3750300.294,1724445.886,1235882.719,7976845.595,2080889.897,2185433.429,418175.2614,1144640.433,1443910.294,405870.4286,1940241.395,4603430.711,10223693.61,8703411.32
VAN_0021,Atrophy,1766.950172,531.2848101,43750.8937,8712.484756,33201.03793,115617.8462,25109.22581,32708.93048,9298.671642,534932.6987,371733.379,91730.18019,2413.216216,5614.354545,10747.48958,10964.29915,12016.13208,17302.82636,10124.97535,4000.711429,3871065.609,870033.506,98923.96725,3965461.742,4467945.562,519543,448601.6241,478341.7824,364387.6207,397836.1176,483918.9318,658543.0253,694429.52,5445654.536,6430561.85,5931460.237,10503006.41,11707995.29,5257919.203,4957051.403,4700465.466,4405457.478,12099084.73,10228925.45,8543572.441,6483543.434,4202228.091,10146917.26,10326100.44,16359383.53,11317216.72,16472725.59,9926744.618,7482002.87,8739246.229,8164500.382,8054675.449,9811517.392,11678639.28,15351388.3,13482206.26,15012269.25,12305005.51,7542358.774,9099983.977,9020437.824,3605128.163,686877.4086,768889.6757,792481.1375,670462.35,427144.4286,6129095.456,1949092.489,1474131.286,499578.0395,6385876.705,691185.7885,519228.1163,2265407.632,1001352.63,683067.9125,569542.9038,932798.7875,519337.7882,391239.7034,252938.0703,180215.2787,401612.8421,839088,2574261.188,573296.8161,225678.8182,1056515.916,337236.8274,164605.6923,117257.5769,234365.5568,103196.5618,122775.9737,149047.4565,103478.22,135053.8148,203427.0345,250503.5192,386060.7766,1797192.071,646418.3158,723217.5294,531728.0208,548135.5779,401367.0227,307118.9483,202745.3438,151047.3148,378086.2818,704180.7143,1653206.966,483566.6333,836118.6667,1194763.793,754212.1731,608309.5702,538068.3203,518181.0137,511285.9032,511262.5305,540810.5526,570911.6176,728324.5,683382.2564,536942.2544,478063.6053,405102.86,314196.6429,1278714.176,761157.7159,575442.8125,2843921.338,939902.0345,1069197.661,430380.2557,827752.5,883180.5147,378765.0667,1202931.697,1783777.026,3145226.592,3143854.613
VAN_0022,Atrophy,322.661512,2471.740407,141002.9703,11272.27144,10402.05183,14198.88116,4114.602571,6948.522226,7690.527052,71699.87179,50639.14371,15838.76101,13935.53885,6890.696307,5744.654297,5405.747329,5824.058373,8519.168475,10625.08583,12960.20411,359723.4615,38414.12895,8384.591362,162748.6305,436827.5341,46166.67274,107809.1013,117789.8033,100325.9098,92693.68474,85652.84872,76824.34296,85792.345,276836.0756,445540.6094,400212.0304,446261.8602,427591.7001,577849.0562,376117.24,392630.0207,363414.2236,657730.6936,956941.6711,563284.9224,368409.9938,275913.6132,573529.498,539932.3582,929234.366,833267.8831,853074.144,689522.3281,499619.6338,543206.1647,465884.1002,356872.9477,455446.7937,514297.5769,576222.7487,613492.4759,625894.4922,512183.7492,342651.2712,487189.3834,559716.2002,537623.7126,315746.7035,377293.4983,660998.1773,558512.0138,310160.4568,685272.9548,676597.2195,377403.0603,278385.412,385213.0365,581363.7019,380876.9259,315566.8347,266878.7323,491551.3043,186965.3672,303272.1182,125948.6667,63637.39672,54545.47437,46035.37295,99928.03824,398524.0608,456096.4245,123968.7981,49663.50213,257855.4764,37797.524,45775.89263,34780.07252,35456.2081,32293.32514,31432.92352,36976.44701,31876.95563,39408.375,71745.33351,72116.35276,66177.32447,119445.1909,85722.54071,83206.77604,85650.95508,94211.42492,73402.45241,89507.2104,68046.07129,47714.11343,503321.0324,256228.8775,220686.0776,127078.1786,199105.5749,249010.7544,216955.5589,187526.67,145780.1885,128948.8369,119795.6734,100588.8541,86532.03742,88995.86029,1436927.169,359044.3137,175666.1184,135867.6295,109748.4819,101057.0415,218961.9565,133265.0614,117306.9424,466057.2306,127940.8044,142452.2081,117117.6667,132453.024,139899.6379,166834.8357,113220.4219,274268.2669,352193.4663,395662.6325
VAN_0025,Atrophy,2652.339991,418.6946203,66765.84744,12068.73209,3586.560776,13634.25721,7640.560484,4613.492981,4205.70056,36401.95954,18117.64889,8417.401177,7068.75,10612.96136,7905.238281,6982.45406,8794.130896,2982.935408,2881.702025,3383.946786,162621.9921,13879.59689,8625.518286,141528.9597,189615.0148,74283.45399,63777.65302,74486.44335,55241.625,58702.03456,62353.03267,58017.7587,58455.64667,490328.5413,301719.495,305669.0576,437056.7566,488828.3546,690214.3632,319097.4184,522916.7839,422451.8475,593304.0902,603901.6809,432851.7934,324962.3635,247085.7551,549237.6391,497858.0192,877731.1127,591064.1432,654913.3315,441932.0735,340728.4891,360541.7357,280421.5037,413677.2742,476311.3388,548397.6642,632575.5583,569704.3357,670689.0094,453996.7388,324519.5161,446411.2151,439223.2213,484170.9375,113870.9187,103106.1284,137951.7609,112211.7863,69153.82526,396885.3725,134558.2784,84640.28348,50214.00493,423353.339,137871.756,106005.8052,386802.4101,265836.4158,250696.5563,94036.41947,77099.26875,41213.42721,24052.80191,29384.8877,30036.74795,46890.55757,306640.9479,950944.6771,73390.75161,55395.37216,230083.8979,35850.14509,45112.90385,31820.33173,37275.33665,27313.87008,21193.46711,27823.9837,21250.835,31079.25231,67849.2931,65536.51202,55146.21676,165269.9305,75914.01398,193988.1029,91850.5,72169.00244,59246.7642,41663.66487,57855.15625,38434.97222,157834.2057,178075.74,249348.3362,60761.79792,110206.362,156954.4076,93778.65385,73706.3443,66950.03223,69343.99144,65146.51815,53276.19067,37689.53783,33777.44853,262147.2732,81217.25321,50278.27961,43273.12007,38983.24,33430.40357,100312.6103,81742.5767,73144.55859,556319.0777,84213.11853,92486.29018,61902.23651,94517.3875,88588.92831,198409.7262,77046.07401,119591.2401,180800.1897,210773.8658
VAN_0026,Atrophy,2391.249141,956.7990506,67392.31693,8157.810976,6982.198276,53241.875,9844.891129,12934.89305,7215.817164,279406.3349,166015.7739,45705.03653,4946.425676,5581.890909,10496.71354,11240.00641,7128.353774,14790.68515,7258.714789,37439.16,1015844.201,57133.64659,25278.83734,1053614.113,1127337.943,207198.3056,238904.0618,252504.5282,201194.7759,235193.7912,232851.2188,216832.8608,234315.08,1770276.147,1627125.965,1684477.572,3000673.164,3691593.784,2137690.993,1591681.486,1647625.36,1392447.151,4192581.835,3889242.224,2907535.471,2252288.191,1504793.273,2998321.013,2655523.221,4267844.724,2996233.396,4232424.842,2467795.272,1899687.739,2133288.343,1577382.059,2692490.143,3101797.968,3855327.564,4303588.564,3779470.65,4629090.975,3324866.154,2421713.113,3332765.541,3202303.831,1540904.967,278088.0457,223218.7973,251127.325,193210.795,134256.1607,1914390.642,567626.5398,418624.5179,326636.8224,2085678.674,228894.4038,203258.7791,1333536.636,637640.913,509231.9938,352360.5288,397810.8188,256190.6706,201544.8178,154487.7617,127232.9262,265030.1053,639538.2014,2009137.427,298730.9968,106759.5614,243005.028,245160.8571,110651.2885,87861.17308,152594.2443,57617.22472,54288.28947,69816.93478,50315.38,66239.96296,110867.9569,120269.9663,156867.633,1032312.129,352473.3421,463105.1324,271722.9063,302631.5325,214274.3068,169775.4612,123738.7109,100862.713,245595.2455,350120.933,935971.9483,257328.7,413422.0521,640863.7663,392798.3173,302262.6754,265357.4258,259122.387,260511.7097,289602,270277.6447,267608.1029,586135.3429,354958.2564,281392.1096,257237.4145,228048.31,187177.6357,624759.2108,393871.9659,294328.375,1645284.736,403052.7759,450186.3482,214053.2614,369566.9833,388411.1029,366027.1548,580004.2368,901695.2632,1602337.826,1581761.017
VAN_0029,Atrophy,2502.818729,1325.177215,47773.51378,5450.050305,11206.67759,17718.41587,7406.431452,16815.65642,5256.470149,187924.391,218430.8057,49072.76055,3509.25,4302.390909,5727.947917,6546.92094,6848.825472,5022.519874,3201.915493,6170.348571,651431.1954,34127.36145,81316.9607,646389.7419,743744.6263,201568.9306,238252.5657,260410.3437,185672.069,211622.4441,247688.9347,294928.0854,304716.7333,3011140.236,1285855.96,1421893.599,1955112.332,2391985.221,1247882.635,1081239.326,1111190.775,959862.3434,2592216.047,2466383.921,1676002.241,1279528.592,844937.4798,2180853.406,1822516.885,3026720.694,2196710,3070725.734,1824921.588,1221350.772,1346373.786,949631.6373,1821463.342,1968448.642,2145604.368,2413136.555,2084418.132,2687055.469,1802054.532,1319422.798,1913732.285,1846335.209,2203661.179,238116.5161,319688.2905,311516.8063,245984.695,138363.1097,1025743.87,308211.3693,262832.5089,113955.9079,1287402.205,844976.3894,570755.5116,991747.386,361341.4565,294880.6563,281979.6202,373640.7563,261629.6265,218823.3432,126029.7773,110348.168,162047.4211,343430.7847,1179054.406,255804.5984,77412.88182,143956.4845,217818.1607,99386.17308,44114.78205,149284.75,43183.98034,44482.36842,59367.63043,39365.94,58381.27778,96615.30172,117566.5529,167839.3191,677934.4049,252104.9013,624285.2402,294372.3021,278204.737,184856.7159,169168.1595,105950.5938,89895.63889,280181.7227,376830.1071,1073651.931,254393.1333,521348.3854,760219.538,402143.5962,312852.2719,289850.0547,286271.0651,319138.1371,316981.6777,243218.7434,214031.9853,792157.4571,589434.7051,370185.3114,277429.5263,226579.81,161865.1071,843884.8137,425601.6136,424391.8672,2427530.777,536229.931,592878.5714,254952.3807,502623.6333,522995.5368,246005.869,987337.9342,1223262.368,1924211.854,1793180.96
VAN_003,Atrophy,483.8810137,1144.185522,113721.3671,13250.68178,5035.757759,14253.74099,2983.424395,3829.405749,3888.714552,47229.76402,28682.49721,12514.79241,10816.65541,15549.83864,9396.046875,8128.548077,8521.464623,3394.884676,3227.861796,13147.08786,200682.4274,12842.5871,7289.977893,146320.9819,233254.1244,161088.5764,81688.9942,93768.18216,87839.25647,79927.19853,80656.5554,99314.82516,100259.7625,425858.567,512576.7038,389259.1316,453320.5321,482127.0673,633673.1689,397469.3576,754332.0477,604595.1738,570544.163,664614.0493,468259.736,343443.7286,256521.327,641776.2234,595271.5986,1013439.646,694476.7721,730941.553,571515.6268,399482.0571,396201.4607,283014.4449,337337.838,412776.364,480560.0821,587850.3994,505744.9473,593298.4953,392606.5,243233.9214,369436.1003,384938.2145,831741.4239,181594.246,254503.3547,323517.3344,217186.0538,101063.9276,466963.6152,208337.0682,232095.7031,88093.6875,458763.2926,202296.738,145382.1294,494680.6546,342412.875,471278.5328,142012.8786,199497.1094,113102.6728,37963.68114,38305.04004,32436.76742,56893.3602,165830.5278,1337976.482,100560.3206,69309.42898,164148.1471,32640.68527,35040.76282,36478.99359,35048.26989,22370.60744,24218.375,34562.49728,24887.8425,36491.15278,77091.19181,94785.57572,85942.73138,161544.2332,83342.27138,95859.31863,89741.3099,77847.46185,62929.05114,51047.92996,51414.05469,34329.13657,169800.7545,238611.731,303085.25,77018.22708,152041.9245,204805.5258,141719.9063,126722.6897,102994.1895,104991.9991,97650.28024,69215.90133,53878.09211,50723.53309,812100.4268,144723.2436,87231.52851,70274.59211,60657.5025,47125.38036,134530.5576,92636.87926,81940.02734,826889.2027,110958.6078,122842.3125,72548.53338,103614.8021,98447.97059,160343.6,104966.1859,219652.9803,262301.3741,276654.0125
VAN_0030,Atrophy,5743.381658,690.0640823,85066.28445,9094.581555,3640.1375,26421.50721,12723.03024,8808.281751,16273.13806,83979.06891,67658.37381,17804.74614,7139.560811,8873.777273,5631.222656,6595.971688,9061.411557,6288.382061,4004.31294,21956.195,731758.1496,56752.5625,18088.02429,732799.6035,840528.895,108260.7083,104775.0897,103275.0052,90118.01401,111184.0654,115511.0824,101723.2081,114471.9192,722594.0874,1130237.585,1168432.702,2181133.91,2572082.321,1287828.716,941360.4236,942989.0392,823539.1243,3024709.755,2877942.988,2035507.932,1540945.618,975205.5846,2079209.269,1906197.873,2950028.313,1865679.855,2689704.518,1553578.136,1329620.807,1535328.825,1045617.912,1785415.366,2113769.396,2712004.685,3157218.624,2751367.942,3352045.375,2384179.284,1712621.417,2214794.987,1970527.444,713339.053,160397.834,153400.0253,179498.8375,137107.63,91637.5794,997441.6912,261139.8153,165907.1362,85007.62336,1253768.926,202607.6202,133799.5058,420045.5285,258344.3614,312541.3391,159619.2512,176479.2063,108627.7809,67723.52648,61293.94727,56187.78996,81879.94572,1611148.615,925972.974,113726.6722,43931.64432,340191.8203,38572.56176,90929.73878,50057.60897,55406.27983,49609.10674,34458.89145,38214.23913,32082.3975,41664.16435,80188.59698,75500.71514,72423.77261,125675.9921,101749.4153,230628.3407,124349.4141,105785.1778,89606.96307,98662.61207,67655.05859,61396.5162,148366.1489,178627.1674,306162.4612,104020.5938,158678.2135,225936.2106,163595.2957,127746.591,109486.9678,99857.28082,95541.68347,94873.99873,73947.13816,66815.73713,463269.6643,147935.1619,94407.63706,84326.27632,71470.1125,63484.32679,163193.4767,129958.2784,113795.9941,583722.1385,142260.5259,156514.9018,115457.9091,163040.4583,168402.2537,148958.4107,161800.2451,215253.5888,389050.4388,398769.4892
VAN_0031,Atrophy,199.2457045,1104.204905,38417.29134,11910.06326,6691.196552,36868.75481,3903.518145,14932.7881,8552.975746,170014.3446,89373.7086,31438.75731,8007.716216,10438.87273,8780.244792,7726.894231,13351.89387,7615.597803,12647.97007,11504.59929,1621630.544,45089.17219,10138.99891,1558706.411,985648.893,196210.7535,208955.9954,215085.6298,183520.7909,182341.1456,196013.5923,206331.356,220680.8167,903923.833,1003704.545,945054.0132,1917822.339,2078016.738,5740294.132,2835678.59,1444054.911,1187690.398,2583519.514,2319731.592,2461538.534,2548412.98,1832109.76,2561024.05,3419795.716,5246664.49,5137277.12,3008327.304,2667911.46,3071778.293,1774057.889,3639737.542,2674855.594,4406541.662,5869666.034,2918762.273,3670611.579,2640244.634,2447988.84,2163297.282,3569664.581,4402439.186,2755546.886,1286374.526,941004.9257,1556068.372,1303411.14,774940.1869,4185979.298,2541813.46,2040756.781,2348311.306,1536290.536,1057528.163,767562.6047,974430.1096,572359.8098,520565.9688,281749.4519,453506.225,283115.6118,281230.5,290992.7832,278471.2766,388200.2303,480560.6181,1336797.714,292611.3702,152035.2034,252217.7865,120862.6592,138723.4455,114758.1506,160028.0284,53382.3118,51357.70395,60136.10326,49732.145,65481.11574,131390.8233,142456.7813,142703.7739,301394.6465,212237.574,235161.4363,208581.2552,195768.1786,169286.9886,165672.4806,158810.4727,105015.2269,267274.4045,372164.5156,793635.5345,250280.7792,373026.6771,453426.2962,343051.4279,306403.0965,280929.5957,278033.1695,282627.1371,229765.5565,175721.102,160089.3897,1250769.411,460667.9615,421158.9737,267030.6086,215061.465,159048.975,570847.6029,339022.6193,270559.4492,1592993.443,352076.6336,396017.567,190810.7173,281377.3125,290663.4338,958819.019,479753.8355,735803.2533,1110175.31,1156800.315
VAN_0032,Atrophy,2619.250859,373.4636076,81132.87156,4539.696646,1761.357328,33323.74279,10455.94456,6186.865642,5301.009328,89749.51603,60938.83678,13131.46936,3957.60473,3953.564773,5100.109375,7629.753205,6501.321934,2290.809623,7443.28169,4231.297143,147531.1483,13790.35216,9455.387555,152797.1257,181452.3209,119687.7786,105117.8042,106997.5496,72570.63901,76402.76029,91214.98722,95499.54905,102209.3058,614861.3878,394723.5463,475988.6234,505932.3026,622211.9123,673102.549,403074.1337,613931.8962,504611.5749,705904.4407,692553.347,501726.6522,429699.7155,326604.2443,683812.6906,588923.4423,961516.4309,819381.0872,949350.1332,704604.6581,388009.2799,397552.0589,337480.6348,511213.7194,565241.7659,698842.5294,785058.9915,736274.2027,918046.4766,550047.5545,440427.127,545393.7994,575750.103,840408.5693,144655.1263,95472.36824,109341.1625,87818.8825,62319.36798,394846.9969,110392.9815,93698.07143,45445.30099,464512.0956,177306.5228,156233.4041,802403.2303,322508.8478,217751.9391,135950.0337,179679.9125,102387.1353,81786.06462,71669.38281,61269.72848,97831.85362,389498.7795,1052236.839,105261.3306,52736.76591,228223.2279,104417.7091,58426.73558,49267.29006,69895.40909,31712.9986,30442.85855,38205.43207,30115.345,42303.07407,78469.50216,81376.96394,84959.70346,499225.2934,156745.2961,232785.2819,138291.9297,134170.6526,95418.84659,68991.93534,64589.70898,51194.25463,162209.8341,223413.3795,478384.4246,111608.6188,221060.8411,353522.4226,181594.2837,139657.2961,126287.3984,132212.3193,125706.8085,110595.8915,90827.00987,85314.78125,404111.2,192232.5593,131437.4342,111002.4688,95356.3325,76545.11429,235367.9608,152407.4006,136141.0625,1048872.174,156318.9267,172590.5424,143993.1016,186285.6479,148529.9191,123884.756,205292.5724,316521.5576,454800.5379,491339.235
VAN_0033,Atrophy,600.0015034,4337.267207,190606.671,8605.332412,11218.54741,14402.48362,4668.896169,6250.084559,3712.197994,46361.05048,36954.77578,8189.207183,14536.89527,7984.921875,5818.271484,5835.67695,5858.027712,6967.33499,8062.987346,11199.86679,259711.9176,14823.36113,8710.934839,48419.60349,316439.4225,70244.56901,81110.47437,96285.04507,75798.34914,67443.25368,61364.61168,55097.17919,59996.48167,243692.711,351483.2716,303257.2167,229563.2765,193020.1304,521444.2905,281747.5582,385131.138,331611.953,415094.6141,805823.1123,400186.07,211114.6188,173928.1918,315675.9645,272461.6569,544396.6295,570499.6921,445321.9365,473542.5607,311827.9681,346694.4018,214633.1854,174490.8157,224893.061,245014.4424,247482.6637,273328.0147,275760.3527,209101.0817,147491.2853,274143.2286,252493.8577,528670.4385,378280.7077,393368.8767,681354.3059,566220.9847,317075.931,559761.0709,658239.0803,384608.4816,278325.3803,290907.6837,592877.543,397175.7336,387719.9076,297996.714,626063.8898,216437.6124,349936.9342,119066.8507,49344.69968,37306.27246,27199.46363,70851.3384,153781.2613,592290.8118,90351.78095,49056.22273,957696.0269,27049.14342,32731.15865,25240.88101,29549.46733,29530.22454,27537.31003,35143.60666,26599.79875,32826.53356,70426.70528,65259.35697,58418.55186,120354.6265,71471.98828,70954.98315,71700.67057,77300.0761,61358.0071,63408.53691,52506.15479,34046.36458,120985.8858,152180.7489,217151.7091,95028.1974,176038.0833,251342.3013,200074.8299,166132.3942,123032.3027,100761.6286,94352.14466,69061.75032,59289.71258,60953.49173,1072312.281,268751.7452,139142.7908,95621.7759,74754.03125,56181.1183,159746.8606,95439.1907,91583.07715,395562.7137,90813.54634,98788.04018,108952.4986,103040.9625,94307.29044,193146.0052,68902.20313,196804.5411,225802.6775,269494.4919
VAN_0034,Atrophy,1431.661727,839.4147547,111690.5878,7872.03487,2315.295905,19577.90355,4631.488911,4220.155414,4205.149254,22620.30148,21609.57544,9209.057731,9086.309966,8852.684091,5975.630208,6321.802885,6108.84434,3390.933708,6764.116417,4995.368214,256487.6659,17501.36157,7153.051447,134928.1976,301268.6089,74465.09766,54905.38914,57950.37905,49794.32543,48115.03088,54653.62926,52716.17247,50283.18625,295330.4164,363116.0169,296914.0288,376166.4412,357500.3005,481115.9155,262186.8854,387208.8819,337499.5955,492108.4173,694086.25,393057.5651,269391.1859,181731.2317,444026.6711,446146.6418,735910.9663,526654.4714,535889.3648,409189.7417,363994.0774,414813.6973,322598.81,256185.8093,343213.6838,393406.0662,441476.7903,461517.1629,436852.3414,369597.1234,213097.8135,261502.7522,280394.348,429834.2221,188651.5269,229242.2069,394551.5828,308604.675,180009.124,542052.3888,378164.5384,233342.9978,149702.9589,387159.8385,307488.5313,187128.4026,273048.1694,224281.2473,302581.3219,106064.7157,267400.6895,45738.99375,25627.17161,26521.28027,20947.68084,40437.04359,161012.3446,631285.4701,60072.24133,26406.1321,215936.9992,20126.35342,26192.6867,21439.76763,17163.49574,14270.07058,16085.19737,22258.00679,18204.7475,24773.07755,71122.53556,53738.02404,51434.3637,553373.8407,84075.25452,102434.0864,65899.14714,51923.09253,48642.54261,39541.07058,44633.2959,22706.53241,93316.54943,114576.2835,141897.3815,48138.89271,75628.18229,102005.3492,72601.13462,67143.56798,62504.36914,67315.8262,56911.18347,50321.81107,39315.81908,32726.81342,444575.917,79191.38381,47448.15132,43135.375,38747.8825,35628.75536,172051.5086,84155.90838,77938.51563,578050.2196,66327.65086,72918.11049,82093.39347,86263.89167,68568.56342,99823.7003,107375.9285,206534.903,254264.1435,248008.5792
VAN_0035,Atrophy,4684.56701,6773.396669,34747.20866,4839.628049,10922.03793,56252.48077,23321.22581,22910.96791,5938.634328,572106.9455,319789.3726,77711.39123,4556.635135,2289.227273,6365.197917,9869.047009,14844.21698,7573.416318,7466.448993,12166.17143,710379.1338,29951.36948,84899.96288,663179.0806,884004.7887,378043.9514,364247,373291.292,320049.5862,346519.6706,354837.2273,399333.6139,458785.2933,3714286.177,1364962.46,1500256.947,2031107.974,2583160.413,1896769.622,1299397.236,1676899.873,1412422.808,2970975.797,3035207.934,2096259.165,1606238.816,1063728.015,1809996.913,1858627.038,3188320.993,2380937.167,3618961.674,1951881.368,1552916.239,1621659.786,1229625.892,1983676.429,2158600.294,2565748.529,2652624.864,2558981.029,3060455.3,2178516.872,1630118.097,2152073.07,2185133.284,2705750.38,492409.5108,429957.8108,558494.45,452295.57,265289.5918,1445839.863,627068.0909,374988.5179,259505.1316,1713997.083,970682.7788,700738.3488,1522652.096,803793.3913,633585.75,437337.8077,675098.3438,415725.9765,318613.3559,222030.7656,201412.582,593262.2763,436666.1111,2249968.188,542495.2161,208607.9864,224928.441,325418.4464,300382.2821,155952.2436,435590.4886,95808.99438,88881.63158,104913.8913,83736.68,108113.037,160715.431,169519.4519,227068.5745,561129.6306,432325.4079,568727.7157,416278.7083,504677.539,370776,336174.2672,248426.4375,210070.6111,376318.0909,484229.9911,1998598.155,512189.9333,753106.5417,1127782.152,755063,570852.614,475783,466338,476139.3065,519904.0254,439552.1711,410183.3088,950464.3571,785096.7692,580753.5439,489132.3947,405556.9,318217.5429,1398693.824,873112.8068,714790.7813,1917915.703,992519.1897,1106718.893,312610.3977,686649.2667,678404.4118,352542.119,1517904.645,1636543.75,3412317.648,3454244.153
VAN_0036,Atrophy,426.5133162,1416.902294,66485.27707,9115.539253,3376.27306,5889.18119,2045.813004,4041.246491,6999.489739,24091.9381,15254.8123,6081.204748,4801.088682,7862.886364,4966.303385,3602.23344,6045.096698,3132.248039,2109.380062,2807.644643,168909.8167,27118.52196,9165.971206,134652.0383,196622.4414,45135.61458,37925.50381,44619.35838,37535.98222,35145.23824,37226.8718,41977.63133,44709.36917,253542.9375,287530.6494,299315.3536,438298.8092,454150.4309,481276.7525,270192.8628,332789.6393,295589.7576,579981.9264,591669.2171,402776.1585,306492.2171,213361.399,569043.9875,659657.7957,809584.3824,542954.1771,595386.3791,356766.5928,326374.8084,372235.5777,295113.8621,362758.3718,439922.3067,740186.8842,817445.83,831978.1196,997105.5563,543989.8758,373738.8296,470887.1802,427843.397,598820.4409,105127.5665,101858.9358,139332.8883,111645.2056,70927.49617,364405.8333,166336.3189,106486.7578,59878.22533,345084.2907,130566.6094,81793.07994,172357.6683,135777.3234,187552.1133,79461.91106,152370.2309,49846.23088,22090.67638,18737.10059,15626.67059,24806.28454,337281.7682,455066.5755,37173.66774,16547.39176,285994.8649,8059.150298,32838.93189,20059.36298,16796.39418,15584.92802,15109.72204,17616.47418,14386.55625,21213.01736,56464.55496,50136.20853,43364.84707,134275.5972,53597.50905,43332.26287,40877.26302,37491.66396,34226.11364,33142.08351,39864.72559,23941.08333,222322.8807,186202.0095,138510.445,35970.01667,68813.68359,77339.36277,65786.73558,52293.38322,44292.11084,41991.44178,37560.42843,30677.8447,22926.00822,21389.13511,220595.083,57756.9375,37396.14419,31490.00493,26154.84625,21478.88393,44554.09436,67603.3267,65034.43262,272244.913,43709.59159,49013.02344,51440.79368,61694.19792,61664.35754,62129.43601,28836.2097,62056.29359,80124.14239,129686.7142
VAN_0037,Atrophy,3550.737113,1313.688291,34005.16929,9093.721037,25455.50172,26500.84856,11402.85081,28230.20455,7138.093284,258978.9952,285305.5398,50847.48539,3188.432432,8399.472727,8303.817708,9456.405983,12643.17453,13763.12029,3401.625,8639.605714,1197496.162,89820.78916,96074.41048,1220114.591,1407917.716,163647.8715,280458.6408,316921.3134,245260.2328,268316.9559,294553.1818,320022.8386,342686.31,3236792.272,2131211.08,2306094.289,3661362.434,4648793.38,2048769.973,1912460.417,1930977.165,1670888.332,5141197.706,4745477.441,3458628.282,2598146.599,1770599.932,3774784.031,3125161.038,5101085.849,3582036.979,5170379.489,3084033.625,2187620.696,2558461.85,1894374.377,3230212.51,3594304.657,4188897.015,5060476.326,4279364.768,5421354.225,3892786.987,2788121.798,3776611.89,3522037.676,2891600.777,315819.6559,301713.8108,337932.5875,275439.38,167122.0166,1769129.38,558803.733,365965.1161,168979.9671,2157283.542,345875.3798,300371.8081,1366321.965,577156.837,485245.8813,424226.274,493701.2406,352948.3853,296436.9195,187001.1797,144983.5943,201802.375,774085.8889,1891801.792,333486.3726,102124.2091,269291.5466,263305.119,168891.1859,102955.5385,262949.392,57517.70787,58695.89474,81458.97826,61582.53,84839.42593,139912.9397,157330.3558,192947.5904,997450.4944,368668.2336,436949.6814,307076.0625,368951.961,253088.4545,219892.444,148940.8828,132857.8611,328944.5773,465997.3973,1509607.793,328431.3667,594103.7188,824885.9783,481025.7885,393799.614,354209.6406,350810.8904,374921.5323,420511.9137,471502.5461,462217.9559,736385.1286,482310.3462,369124.0263,327888.6645,279235.57,226106.4286,910572.848,514000.1989,385492.2656,2108187.73,609881.3103,661761.2857,291158.5085,530345.525,547961.2132,243165.9095,1167499.816,1313114.401,2255332.155,2256451.45
VAN_0038,Atrophy,1330.86512,1845.767405,83332.25984,4239.535061,6387.755172,27777.60577,4760.620968,15749.84626,8281.880597,184189.0545,124998.5557,38148.03409,3220.459459,2852.85,4162.21875,5991.245726,7807.759434,3505.366109,7339.098592,7976,636939.9155,49805.999,121772.0513,535850.7554,771287.4381,121400.3333,177796.1893,217599.8423,142937.8621,146175.8588,168059.4006,204020.731,213272.6333,1743629.28,908927.495,907559.3553,1444302.227,1739998.572,1285266.628,980543.3611,1284930.903,1163639.593,2080005.076,1988978.138,1414985.194,993137.3553,695997.8485,1816312.713,1628077.5,2522735.655,2053238.396,2557213.337,1771784.169,1214415.043,1268107.007,1340016.49,1539408.163,1579156.348,1610049.784,1955441.682,1790467.218,2068264.05,1616719.692,1165936.766,1521081.512,1603087.959,1198778.647,424641.3172,486306.4392,605807.4313,533964.945,301395.977,1262295.225,593946.6591,436339.4911,210925.0263,1292751.17,437587.8702,324362.186,832096.3202,365010.837,318963.8813,225823.5,475276.5781,219981.8559,157316.8432,108927.625,82098.97951,172211.7039,869212.2431,1436638.896,227481.2226,76994.23182,829472.8835,155604.2619,86451.44231,59622.4359,114985.2273,30282.58989,30673.03947,44217.56522,32217.77,48823.82407,95411.14655,134954.0481,109244.9362,1281845.771,330948.9868,350845.2157,201599.9688,211862.2792,146814.0227,123484.0517,105035.3359,77493.2037,157951.5909,234086.6384,712786.6121,188500.0833,353353.4583,485687.8913,304406.8846,233996.7368,200862.3047,198274.2774,194104.8871,208953.5558,201081.5855,194022.0515,436306.5857,240670.4872,190789.7061,170990.3553,153541.21,134826.5214,469488.0049,320556.8295,254479.7422,920540.1959,338238.0862,394311.5446,177272.3438,329776.4083,352746.6176,213156.7,474577.6974,615065.4474,1187265.919,1199113.57
VAN_004,Atrophy,2344.307775,266.6337025,110845.8071,6389.043826,4385.277586,15731.45913,6758.521169,7334.572861,17701.66045,29604.01963,36811.47174,10515.24371,5106.228041,3515.055682,4734.507813,4334.25,8428.534198,3752.224372,6211.241637,3701.108214,255257.3389,12669.85442,8278.291758,184334.2312,305632.4794,83126.51476,94944.29588,122379.1973,90199.10991,95662.94338,91709.33878,87572.01741,94919.24583,758461.3884,312392.4563,277043.278,389012.9416,460634.6058,1140780.816,351878.7535,502753.303,428721.533,535454.2358,676321.0526,498809.3765,340708.2615,282475.5069,587614.8484,666087.8101,1004891.367,733110.9701,879907.7418,589619.4412,498853.6875,461991.3589,421432.8554,482566.0612,465740.1336,551893.8701,692713.7373,687289.683,715243.8953,482198.8942,293412.2984,425881.5218,553331.4088,1556635.58,253310.5175,203856.5946,303050.1797,315070.0675,172792.9774,520889.8388,405296.4645,164991.9018,176978.2533,480271.0947,304433.2764,270775.2936,376543.6327,213242.375,156413.1578,94717.41226,685868.9844,91365.24338,64121.21716,64583.83398,64606.87295,114555.6003,742384.2778,1057015.747,86489.17016,75701.52159,830254.3245,72322.26265,66752.85256,45473.4375,70225.1321,56497.67626,53301.96053,52780.89674,47387.1725,59837.04861,118601.7931,96132.20913,100662.7061,955518.3102,163101.0863,740908.027,177536.9453,134806.6023,130287.5653,106886.2899,187269.7949,76335.72454,168128.3205,253281.4107,321140.4784,121290.0479,211731.8672,324037.6671,225887.851,197584.3103,180760.9434,176207.6413,189811.6028,148924.1897,97568.4227,86920.67279,333855.0714,117570.4712,107130.8432,98601.35691,92488.79,81774.38393,218210.7022,278098.608,267909.998,1114659.385,195870.7543,206614.5893,133428.8842,170444.2792,167177.4871,123454.4387,201097.2319,364620.8997,239813.3812,461673.2467
VAN_0042,Atrophy,636.9690722,5394.837421,47971.55856,10542.47294,22741.33621,16339.9378,4170.47127,6663.791778,5086.936101,66118.89022,50110.5,15718.74685,10681.60557,9890.659091,9249.686849,5980.101763,8490.548349,8557.961689,5777.204665,13831.87589,639089.9804,92705.37462,11815.29681,488070.204,762645.0683,165287.8038,136381.7554,147911.1932,116701.2926,107773.5695,93872.80185,83491.67286,85728.48125,355077.596,962911.1475,817285.3158,1142138.686,1121897.514,988122.3885,721347.5269,978272.9815,860365.2418,1296381.423,1431916.897,1087189.344,775125.2344,524560.8883,1451520.405,1360213.016,2408248.157,1677675.761,1940027.914,1342086.676,997941.4783,1106406.613,1120757.127,780948.5746,1020136.592,1137014.104,1488090.197,1389457.058,1369519.974,1243286.495,608387.9335,870076.5719,972045.6605,1261903.23,384236.6247,406700.3024,669367.5328,572449.3994,306898.1676,1295880.475,763733.0845,383984.0067,277552.4145,1152060.126,609928.1052,406296.2398,507198.7209,498032.3804,961735.0508,303980.4585,459411.5945,151790.5239,62815.43591,63826.14014,56306.95287,124618.9424,282820.5095,1341519.219,171658.0919,121294.3395,292324.4218,40724.52344,46571.94792,46787.03285,34030.86435,35663.00105,35289.71711,47111.35598,35866.82625,47844.23495,96253.01185,97276.01803,91646.51928,160257.2304,104108.8536,110480.095,101798.3763,115581.5495,92626.45597,91779.42888,82770.43262,52237.28472,219539.892,262611.3638,291288.4968,144461.9323,233100.8477,353431.1895,307581.0974,244472.3174,175730.7769,150648.086,132620.4889,104338.6843,95230.12993,98122.11857,1537909.507,357232.2612,170600.1387,138684.1192,117450.35,89063.62054,212949.008,144767.2457,129062.1963,608774.0363,158512.5162,173486.3672,162065.5504,171436.3917,149158.0414,214069.339,67211.96957,238076.9153,326466.9014,386049.5846
VAN_0044,Atrophy,662.1734321,5368.519185,73546.71383,12870.15225,18259.51422,18728.02254,7666.761593,19284.79378,66947.09188,113209.4718,75627.36923,17153.37662,33581.14105,16083.14886,14411.12435,8799.09562,10335.63031,7854.535303,9825.826364,19684.82,550020.4346,77029.52585,26317.93382,334941.0773,660696.664,146777.1979,169764.6453,204436.354,135798.111,134445.0721,152195.0444,145919.9703,180724.4104,449036.3587,806745.4219,893296.5189,973463.7989,994261.8834,1204867.732,858395.684,1181362.483,1032385.832,1243294.372,1557705.12,1179003.957,859264.1028,675787.1597,1286574.863,1363049.888,2006981.742,1842360.755,1839768.368,1426287.851,1163498.446,1088815.775,1250170.99,1130528.609,1194521.041,1184353.893,1269056.054,1616458.135,1586492.243,1375760.948,1013283.032,1246984.017,1245457.365,1413752.78,672402.9029,539891.9654,841899.0063,753950.0619,442889.1384,1154974.045,923945.5433,474500.4576,368498.0715,886729.2244,961520.8852,603811.8532,825017.3602,715870.6821,1256128.694,475939.3714,856078.7047,467561.1581,217128.6706,189526.7676,201787.103,260242.8569,7067355.002,2336076.165,185700.8849,126579.2616,258527.039,85162.37872,408520.0248,235040.6378,149463.2422,423493.1643,185297.5214,148707.8193,118587.0088,137032.0972,201979.4203,189472.2278,181323.8916,238412.5595,194674.3326,176398.894,168803.0872,221657.3332,196618.0014,194796.0092,135167.3447,147622.7072,878903.9824,538987.9174,366768.4677,229824.1646,301908.0065,570441.1522,669512.4243,447015.0965,314996.0996,229327.9846,197978.7127,191696.0325,133683.6258,129029.8906,1055640.492,345617.9111,230842.0192,182653.2393,148319.6175,124811.6259,216671.5202,178769.5817,162148.4102,774911.701,819788.6034,304242.8125,202828.9109,224290.9979,293421.1958,333346.3735,65383.95066,198692.5781,260602.5288,324642.9479
VAN_0046,Atrophy,5032.30756,2888.411392,78950.84252,16074.1311,22298.43793,57823.35096,20035.77419,41683.72995,19988.34328,597063.3654,392692.6306,103487.0536,10509.68919,7281.463636,7619.895833,9827.299145,12605.12264,12199.15063,12817.84155,15313.68286,1629149.592,193545.2871,461838.1397,1964384.887,508508.0258,500475.2917,503531.2711,483816.0937,412240.9828,473960.4706,541801.6591,566392.1899,615250.38,4019554.437,1774035.8,2024302.934,3036480.757,3223213.317,7983903.905,6191563.278,2041118.373,1749790.978,3094872.297,2092465.434,3069877.229,3728728.487,2963611.308,3242969.775,4901558.904,5715398.349,6683665.813,3704689.696,3912564.426,3999802.37,2218880.929,4845053.304,4346370.908,6879596.74,8257819.412,3393631.246,4725165.229,3124793.25,3681599.949,3492323.677,5470801.128,6718310.541,5951395.598,1382426.516,810358.6081,972339.775,793228.36,703733.8189,4110342.632,2176408.443,2209200.518,2679781.263,1698317.697,940121.375,901035.5581,2108461.947,856893.587,754192.2,790709.2885,1065653.131,773351.2588,689010.1186,590526.5156,526609.2459,672887.7895,1707155.25,2135031.5,551855.7774,235297.0591,219966.7236,407989.3393,302370.7051,171451.7949,416257.8182,105770.8371,96561.71053,119621.1739,95256.84,125190.0556,189341.5862,213706.8942,327326.7447,556799.0224,484418.1842,736660.6765,643500.875,457187.1688,351405.3182,346756.6379,269267.6719,265121.7963,457185.4,632517.6339,2322629.431,585672.85,970239.3542,1232482.554,758173.6923,561247.8684,489766.5234,480278.6301,505571.0484,570259.5254,482294.1974,445539.0147,1123187.7,784999.0769,588974.2193,485396.6974,422155.18,373756.8143,1469370.578,881437.5682,761448.6406,2373364.297,1073402.414,1193426.464,582283.5341,936017.3333,1050117.191,1327237.805,1745001.882,1785309.592,3944960.254,3458658.147
VAN_0047,Atrophy,4131.936426,13841.68485,63137.38583,7707.195122,34784.53793,121897.4231,30727.73387,24369.87433,12003.83582,500589.2885,274810.4745,84169.33929,1402.594595,1499.609091,10472.26042,17522.70513,13477.9434,47372.48326,22826.28521,37806.56,8157062.648,1089585.442,45566.1179,7687976.204,8242622.763,413447.3194,521517.3133,526369.4669,468571.2414,505213.5353,552955.375,693263.443,784743.0867,3663706.79,7691588.54,6993180.474,13025146.38,13912841.67,13349092.95,10466198.31,8108846.136,7580475.44,16421442.79,12285148.54,12097087.96,10320154.61,6894705.273,15574979.58,17755734.81,29042223.37,21698456.07,25135372.49,18586173.25,14593856.54,14202849.69,17231502.88,11571976.65,15342799.05,18921817.8,19650617.92,20516420.77,18244052.84,17785533.04,9443114.145,11732519.27,13467206.62,5549565.924,2399475.398,2285380.716,4060283.363,3574771.07,2047313.689,11757960.83,5958177.909,3795044.214,2523786.842,10007858.8,2923851.019,2040620.442,3242881.833,1437858.304,969403.525,644152.7788,1176070.113,622542.1471,491757.1864,436637.9531,390449.459,600022.6579,853738.1806,3161493.854,604967.8419,198482.0773,319735.3292,269527.875,233303.5385,206475.0897,335554.7727,148463.6404,159165.7632,190302.1522,135349.08,166343.8704,224842.1379,249725.9231,414217.2872,716285.6679,545935.7237,597496.7549,459851.4375,427961.1429,334399.3636,358456.5345,261626.3125,194011.3148,479678.6818,716204.5446,1680640.31,512513.1833,700335.7292,962088.3478,675043.6538,590610.9298,514367.6563,505276.3356,492259.9677,462417.5305,384723.6184,365904.0588,853977.6286,602986.4872,470720.4474,413583.7763,358205.32,304819.3143,1036111.863,772906.7386,629280.6563,1859076.108,862740.0345,1022004.446,331262.9034,671212.7167,719709.5735,910238.9762,1086561.632,1230956.684,2609259.63,2735056.66
VAN_005,Atrophy,5847.486254,716.2056962,127698.8543,6588.27439,8397.891379,81070.72356,18068.6129,7767.986631,8051.130597,181075.5497,72318.9379,50015.65179,6101.871622,6807.345455,13080.31771,19841.57692,18034.51415,21759.56381,12710.42782,53597.89429,891338.6849,50123.98896,53037.44214,873328.2634,1012161.247,392571.4201,290557.1384,271401.3285,219371.2457,259909.9676,266801.9205,243864.8639,263948.8733,1456098.263,1460551.99,1557517.349,2431544.628,2895893.659,1524059.162,1214320.063,1787415.814,1467732.717,3279221.541,3232124.934,2317513.765,1769580.507,1167556.871,2640845.125,2357951.067,3934518.352,2659516.635,3590565.315,2223022.676,1566221.435,1801010.629,1404114.304,2168775.694,2415401.907,2960025.147,3469062.665,2999482.175,3814993.7,2573884.346,1791401.121,2469317.413,2344801.905,1820561.277,368628.1156,303978.8919,367992.5063,289838.415,186100.4949,1570071.306,400225.1705,260320.8125,144704.4408,1965183.496,399614.8221,347295.7035,1817715.461,849591.1739,608539.4875,315254.1683,390921.45,207030.3471,159410.7203,150407.3047,110563.5492,216846.6842,367390.3889,2609433.656,353200.0435,121452.8886,458852.5932,169139.75,103056.3462,126900.7949,135133.3011,64220.76124,63652.90789,89076.19565,60694.66,86039.85185,149576.6638,172514.4183,204929.8351,723841.3284,299816.5888,410685.75,287676.125,229213.5195,175980.3864,158887.7845,130889.4844,92961.66667,336582.8182,502079.1473,903555.1034,250985.425,431546.7917,639819.2283,364773.25,310538.9211,278324.8438,295130.976,276849.1694,231487.8274,182731.0592,165547.8676,575396.6357,264000.1987,199719.3904,180059.0987,161309.88,141589.2,409854.0931,354007.1477,294720.1328,2005643.561,382833.3879,432856.9821,226882.4432,355907.6833,320052.1324,301282.4524,425785.5855,654685.3289,1007993.278,1077637.747
VAN_0051,Atrophy,2222.592354,1452.264241,101280.7382,16025.61509,5994.99569,22468.78425,8088.637097,5607.726939,4456.682836,40917.59135,22923.07285,12171.45556,9768.559122,21624.62727,12132.27995,9875.461538,7965.610849,4107.381015,3766.287852,22677.87679,374191.0396,42308.10718,7444.109989,331095.9597,430990.4768,149387.9427,87810.84743,91606.84366,85440.77263,95357.81176,97496.28977,95698.43671,96460.25417,445644.6683,683024.0488,607592.9819,957673.9219,1024231.463,802044.5422,511971.9948,818722.6928,672834.851,1190378.131,1236722.273,856720.4007,636709.6118,418287.4981,1072762.217,953559.3101,1478436.643,1005013.816,1298422.935,774783.0092,664323.3995,739499.4536,543639.1017,757172.1735,899584.9663,1115175.29,1311994.063,1144421.481,1334853.933,920807.1362,606982.9012,862309.9055,829967.0287,527461.8438,168462.1358,204780.473,288868.8938,225388.95,127023.9053,683749.5245,282102.3125,187428.3683,104376.3043,732869.3097,220930.5252,168237.6686,547721.4178,342183.7038,405453.7688,141703.0673,161204.5844,55105.87868,28820.39725,28638.67871,24273.30123,56919.12336,134160.8819,1320511.708,89332.72137,43745.7892,293160.0345,33333.45536,30103.71795,21761.19872,30265.01136,17148.63483,19818.42434,26037.09511,18718.06,26936.00694,58677.95474,67288.3137,68552.21676,112307.2957,75712.05839,88266.54779,81769.27083,67265.62987,56865.97159,44726.16272,43792.5957,30113.50463,114335.1682,164616.9888,232919.6789,64447.78542,112775.0755,155047.1005,103683.0793,90093.14912,79770.33301,82639.89983,73924.34879,57585.0698,45435.16776,41379.97978,603766.8714,99797.45833,66696.34649,57107.31086,48988.845,40826.01964,110426.8664,89908.08381,76755.04102,611898.9764,98940.68319,112399.0179,67750.39063,103596.7729,99399.42647,206797.7327,99941.92599,177649.9737,231385.8983,254630.6308
VAN_0053,Atrophy,6282.630904,4464.267405,72360.64567,7011.710366,7219.334483,36421.33894,2322.725806,13980.83422,5087.839552,203277.2083,139185.4506,30194.76867,5396.209459,4565.881818,8466.307292,8341.42735,3462.570755,6282.630904,8810.760563,3682.04,2222275.472,105204.3876,126356.3046,298682.4758,2753250.49,125052.5833,188572.2391,205159.1129,139121.1422,144568.3794,154536.3892,154661.6614,177847.5967,1267656.915,910693.625,906683.0395,879579.1151,729787.7933,1061792.081,786029.1528,1179663.097,1019268.074,2654464.652,6169380.934,2403934.062,841268.2829,530090.7803,1033201.338,1049657.115,2630304.533,2963925.776,2082398.783,2632622.096,1673879.359,1758490.514,1099640.25,924780.9643,1050040.071,1036498.657,1152590.364,1204161.657,991854.525,817975.8654,655571.4113,782800.3605,929758.2162,1473840.087,1852574.911,2880079.459,5749592.938,4893758.53,2500352.696,4333922.99,5722510.25,2757672.866,2288950.572,1173765.485,4484525.635,2720824.105,1224962.333,642282.2609,474257.875,261155.875,302427.9781,193450.4088,173338.1864,136260.1563,113076.832,217632.8224,328242.9583,1391519.979,266053.3081,95132.74545,283151.3385,101706.1548,119179.5,90815.41667,145703.5568,51009.42416,51846.23684,60413.41304,48926.33,57328.33333,112369.9914,114304.0096,127738.8298,369250.6231,201985.7829,231364.0539,198034.9896,210155.6851,171039.4773,163374.7457,136605.6797,95146.86111,171339.8818,257800.2723,667930.5776,250014.0417,384924.3542,552837.7391,387127.5865,313403.7061,272443,266161.9897,256840.25,221242.7766,186270.6842,177431.5,613335.8429,311825.1923,249119.1184,227729.5263,211625.51,183746.4857,506232.8873,347474.108,261756.4531,1146797.892,423624.9224,470345.5804,134417.3381,268794.7917,269493.5074,278343.6667,467198.4934,663052.125,1074619.972,1137016.87
VAN_0058,Atrophy,4569.294674,1809.936709,88843.10433,7284.182927,10821.92069,96508.05529,19452.75,10670.41711,10050.19403,242233.7901,94625.25637,63073.21185,5480.547297,7603.340909,16919.96354,25097.66667,22811.43868,15782.78452,18165.71655,18278.19714,1928451.069,110930.3434,213805.036,1825778.04,2225917.912,423585.8576,372923.5759,368588.2479,281769.5819,296958.3059,328348.7188,343718.3766,366616.8133,2414168.554,2669186.645,2765059.474,5109454.73,6482899.822,3115220.52,2538038.951,3133748.042,2628325.511,7469352.759,7212223.559,5364626.424,3971400.993,2648050.52,4924737.494,4618117.183,7908563.02,5179394.026,7482169.5,4403081.029,3253222.815,3915714.979,3034465.691,4721357.357,5135456.078,6322365.917,7904559.542,6738356.343,8724808.175,6003264.994,4153490.831,5579689.965,5272764.703,2863376.848,762454.7661,683987.2635,782638.6188,619180.435,370704.7602,3084239.49,1089227.153,657909.7679,342420.4803,3524215.333,807746.5577,624287.6395,2332733.798,1219422.261,776019.825,448576.8702,560922.1781,328793.8765,235114.6017,211175.875,169099.2172,295055.4737,523795.6042,3045384.542,452891.1968,142356.4159,385856.7531,175771.6845,134291.6218,147105.7051,179313.6875,88471.52247,94085.46053,123708.1196,85192.36,116608.4074,214844.3793,242496.75,284408.7606,1092929.188,478863.1875,593770.9804,378183.1875,362477.8766,268861.0341,212105.8448,177380.0625,124907.8704,373191.4182,616700.5313,1107210.845,340434.1333,549827.9688,840490.2554,503373.5481,428186.0395,374301.8867,396862.2158,365383.879,320214.0025,247376.7697,221773.4338,553301.3714,346898.0962,274947.4474,242975.0197,214665.71,186126.1214,629910.5147,509679.608,425833.6406,2372783.385,551294.2672,629954.7321,308617.9318,555651.9333,492745.1618,426145.3167,627316.7566,925969.5132,1503685.699,1656487.44
VAN_0059,Atrophy,2301.611684,214.721519,90029.87402,4860.280488,6673.268966,69018.43269,8906.419355,8797.240642,11130.26866,218172.0641,103315.9618,37631.93182,5523.135135,5159.709091,14983.20833,18872.02564,16391.16981,24651.32636,16838.21127,57272.39429,124321.4718,13782.19277,13139.12664,143252.2796,179486.9588,291042.0694,233394.9708,216312.5234,173939.6207,216273.5529,206421.7614,188115.8354,217085.0933,963819.2957,594856.74,636456.0526,521974.1842,757161.0385,974005.8378,547133.9167,1162099.102,883220.9341,722901.038,801788.3947,795524.2824,1071449.947,1024552.626,1315054.25,1807812.231,2043002.855,1585620.646,1606558.739,910652.0588,13337264.13,7222760.829,1648312.02,1152569.694,918902.4902,2644209.549,14405368.64,16644958.96,5223542.55,1268322.564,741224.0968,711024.9302,872465.6486,3631791.826,235800.6774,140365.1081,141016.175,103514.62,131988.5612,501339.4314,138364.3636,105421.3571,57832.34211,647968.9394,400659.5,345413.2093,1464107.912,716624.3913,418456.625,244811.5,363909.525,175921.1882,141433.2034,101883.6875,74664.63934,163337.4737,263227.1389,2528062.708,255772.4387,112792.5727,1164589.776,216136.3452,114832.9487,97100.38462,176656.0909,66109.88764,59281.68421,84887.08696,50675.08,69587.25926,115713.8966,154642.3654,177800.8511,1367973.664,312026.4211,432533.7843,275713.75,238355.974,171875.3182,162330.931,117036.0313,99773.81481,389182.6545,510609.9464,1013639.483,229516.9,408837.0833,585905.8261,338647.4615,295754.193,279801.75,292526.9315,313666.6129,237154.3198,183966.0526,178072.4118,540522.7143,424671.6923,311014.7018,274469.1053,231114.16,168681.8286,546216.9804,309919.9318,290969.375,2070150.351,286644.2069,315384.8571,164596.3068,225622.1667,239876.0294,340094.8667,564492,805942.6842,1190054.366,1141432.48
VAN_006,Atrophy,1419.931271,676.6772152,79664.62844,4304.419588,2041.830603,27303.94171,4332.168347,6034.668115,5837.274254,101138.2083,32190.20621,19442.35674,5879.358108,3627.7625,5143.726563,7391.411325,5632.004717,13129.8614,8974.396567,14579.06964,68721.93662,10196.52661,12343.67767,76275.19691,99618.91108,153555.6458,121674.2836,123819.134,99769.14547,103286.0853,108667.8004,100738.9881,111684.9167,678801.3824,310352.1513,311607.3898,280796.537,324414.3125,440464.1993,267690.9688,524604.6525,422241.7898,351090.5016,350155.852,271781.1816,216489.4178,168670.0947,420461.3859,431859.2428,585009.5609,486014.4141,524596.3424,482003.3235,262983.4728,242178.6125,238714.3051,282009.1339,361328.8958,358417.25,358533.9396,358445.1348,432631.8297,223954.3125,202510.5625,259098.1395,272252.3108,677540.0802,106532.9597,89864.60811,88585.12656,63187.45625,51012.49809,340923.0386,85436.58665,70537.89063,33545.67763,320998.8741,138995.232,163961.2834,858844.1491,318609.0543,264363.9781,144902.53,238497.5211,94622.21691,58000.69068,60799.47656,47120.3207,78684.39309,211717.4722,1077727.424,146862.4722,65089.12273,119477.217,81619.31176,68159.90865,59675.26442,88500.12642,28543.15871,27881.90789,48497.77989,31154.515,45466.8588,71799.63578,83032.28846,118435.613,1555853.109,204858.3141,173488.1863,144142.2161,108244.6396,81698.55682,76251.96767,62036.39844,49276.80093,136404.0295,212599.3103,560653.9871,124504.8375,212236.3281,270091.7813,176525.3894,149064.4243,137240.4131,150328.8656,143045.4113,121731.6133,89960.7023,78494.94853,431336.7571,137881.008,110547.3026,94513.29934,82414.0175,73068.36071,285596.8701,182145.0455,143952.2715,1051600.652,174879.5216,190577.4219,107842.4418,152254.6875,166778.1985,121870.5036,339937.2977,435201.1464,720211.5216,696417.5683
VAN_0060,Atrophy,1220.153136,989.4901108,36524.45374,2130.487424,2136.909483,12429.98017,3621.15625,4942.486631,4184.326493,53440.27524,37141.41361,7643.12155,2228.601351,2086.742045,2680.395833,4184.055556,2988.005896,2046.068776,2723.101232,3593.283929,110547.7218,19372.60467,19329.97817,91885.46774,125382.337,24531.85764,45530.6394,53598.86037,34973.9278,36043.67647,40607.70597,40439.14003,41664.275,484280.5326,222140.2025,217598.2862,288454.2533,339884.1767,366937.1807,251706.3681,331593.0805,296361.6484,375631.9098,347959.2089,248560.0051,199689.2944,141476.399,346745.6078,382631.2115,484725.0789,407157.5182,470899.2269,407684.3327,249343.2826,250179.3393,278834.5233,309319.3112,362764.8548,351064.4841,410207.9025,368857.0375,404626.7422,306515.6298,236357.4456,293307.7195,299813.1301,308545.7283,59559.60013,50524.66892,67768.93906,57816.23,42055.60364,270844.1176,91363.58807,66728.61607,28757.80428,219583.2045,70238.72356,56910.35465,492693.9923,171570.6223,108943.8953,64482.24038,72405.81641,43611.60588,32637.59852,19490.67676,15157.60041,30414.10362,212531.8854,497862.125,47823.06048,16680.01364,61562.10481,31745.51786,37796.22756,18107.33814,31647.64063,10571.31461,11289.08553,15165.55163,10995.035,16647.12731,31613.11207,30417.65505,38021.55053,319855.4669,80114.34211,131542.174,74832.14844,50238.9862,33855.75568,35220.97845,29778.125,19288.37269,103925.3864,86054.10379,224976.1099,48776.9375,84490.125,122819.1359,76738.44952,58925.33991,52356.72754,51201.49486,50625.42944,48609.07138,51729.60855,50900.7261,215338.8036,84589.90865,56394.69846,47611.72204,39685.9,31622.85,108800.1679,65203.0142,51871.38867,245514.4155,78306.48276,84675.16741,61738.80185,97803.53542,101677.7408,69254.14643,118600.8141,163356.1579,272964.6967,264760.4075
VAN_007,Atrophy,10556.08529,4101.978244,168882.3905,14367.0101,22793.97931,10007.20763,3278.5625,4766.829545,4576.489272,63968.19912,45752.24761,14132.33137,17199.65878,14337.83636,9777.839844,5002.596421,6915.148585,6722.469535,6488.316021,13404.07071,339234.8233,30521.16504,8825.657478,132226.4872,436988.943,95856.5178,136167.5876,143566.2703,133309.0043,116401.8004,92381.62074,85927.82753,85996.44917,358727.9315,569850.4894,507723.8429,493686.4926,441712.8996,829405.7559,416326.0738,565267.1817,479030.0319,648853.9391,1072124.441,639442.4658,411384.3067,295209.6645,560893.3398,580893.1418,1001067.979,807548.709,734785.5557,606905.579,470066.7011,502829.7098,449237.0411,354203.1798,470523.0607,504399.6979,568276.2007,590376.8853,587285.8742,506177.5256,309037.0181,526354.2311,533875.1959,634628.4443,396511.3663,259146.772,326852.625,490619.1788,297628.1432,700333.5463,745041.5014,262265.0145,267868.2558,392376.3651,550411.4393,418134.7711,468400.4786,571327.2541,792749.0313,276958.2776,408266.8656,137684.9658,68874.88718,51046.8208,60807.01332,132466.7475,154628.4167,800745.7995,166682.5317,90821.53949,302992.8271,34916.37909,47762.96154,41724.33654,41460.71449,47256.42697,51754.69243,49608.29076,41750.23,52256.5625,102826.1476,111087.0439,105285.3491,175289.2278,119973.5382,117475.3915,102382.3815,112184.4164,100096.0213,100498.0711,95738.91699,62996.125,172604.4295,268059.3086,272726.4192,140842.449,212827.2839,359530.5802,327737.8474,283402.591,199190.9688,163568.229,146508.6552,109304.7065,94250.26069,94172.68199,1540976.41,335503.6018,171645.0921,128032.162,103563.84,80050.90804,173543.7813,149271.3423,132614.8457,699424.1486,172030.3793,193165.1239,160359.6722,167227.9635,141724.3061,247004.3396,50942.80921,201894.6201,258457.5524,339661.3958
VAN_008,Atrophy,54.87124141,4299.832674,184438.4363,15295.1128,13904.08297,13340.60457,4612.382056,6802.196524,5058.174907,49729.54467,41780.85072,10663.49899,14978.34797,11674.78182,7308.388021,5186.539263,8461.877358,10364.59283,8112.515845,9616.308571,240238.4309,27613.37036,6572.49113,111111.1052,306364.8744,99797.90668,99011.0481,109472.6868,84386.34537,71310.26654,64327.95419,59344.89003,68962.66333,235493.9357,424624.4813,367012.5773,369051.8228,353876.6226,541968.3471,295704.0521,428682.6663,360023.6264,477642.0898,751583.2607,419743.3478,258137.4268,209704.5448,458064.0414,410388.506,704058.9548,637081.1204,607126.9898,515426.0928,324919.5462,375394.6339,285897.5227,262351.7532,345507.0478,350846.7874,423852.1081,389867.4991,421729.975,324437.27,202041.9768,363225.8227,333671.1225,617829.3628,293203.1163,291619.9679,498134.0242,408998.8494,215402.7269,557962.3306,487985.6776,260492.8471,200172.2944,442957.8707,468255.0319,323544.8438,404708.7489,344719.1399,840126.4789,216811.3137,369997.1328,116090.4055,54897.02489,40814.95801,33250.85143,86699.51151,134785.2049,707002.582,108102.2895,58126.54006,1075815.764,31851.20164,30330.90625,27123.40304,26882.01136,28121.47015,25744.85033,34227.90217,24582.84125,30549.07292,56796.78879,58761.42428,60748.18684,109301.1215,65613.1838,71849.26716,73555.39583,75022.52719,60855.41193,66987.38578,54330.69043,34446.78819,124725.9284,150729.1378,212660.8588,101682.9177,166218.5534,228596.894,178302.256,159781.4907,129406.3916,112735.8108,107177.5585,75352.01539,65031.1324,70634.27298,1366135.286,253571.1891,145258.9753,112096.8314,91644.07125,67447.83929,181537.9167,108083.0888,98903.60938,496557.1529,112592.3265,123560.5692,110275.6413,108450.9427,101061.5055,182293.9601,67986.39885,186853.9309,240781.0046,272448.9908
VAN_009,Atrophy,489.1151203,4116.685127,203537.874,20787.80716,13388.51897,46902.76082,6506.193548,11173.80548,8277.906716,109028.9327,50280.1449,40826.58117,12506.40541,16741.50227,16447.77865,15669.79915,19192.71934,15139.1522,15218.42958,60584.18214,1518183.54,75959.76707,16269.28603,1345492.606,1751960.68,202755.2396,240543.7264,247948.9959,210171.6789,243925.1015,229236.4134,211734.5301,214762.2917,1178486.759,2073956.57,2077119.194,3777099.158,4595865.596,2130228.76,1774786.438,2032197.85,1706199.321,5559908.079,5388042.003,3969884.06,2923082.099,1942607.915,3665714.997,3335049.399,5751655.273,3756415.242,5237817.114,3190566.651,2355759.304,2858168.939,1936144.958,3094135.064,3560752.569,4516931.38,5523559.758,4775592.789,5994508.447,4331557.58,2927150.286,3924575.297,3565118.679,1990031.655,452554.9906,511112.5405,720365.6,602611.815,346982.4445,2491998.403,1043517.881,633796.4911,367928.4178,2666002.892,682832.7188,493690.407,1036540.228,822514.8478,981632.8094,385539.0168,449945.0719,206581.1235,114940.2521,100297.3027,86322.4959,207044.0757,357169.9965,2322625.568,339157.946,141893.7977,283445.8626,85442.55804,87343.99679,90142.75962,95002.51989,58128.4073,59303.17763,79920.94565,58561.32,83346.66667,184447.2112,206315.3534,182602.4335,474400.5979,267116.6102,296206.0931,251035.625,247622.2029,186686.9943,150347.7996,126524.8711,80331.34259,319511.8591,502617.6786,744589.6638,249643.5542,420567.7292,578689.788,420152.4808,356533.1118,316273.2441,302967.2688,287406.1976,211256.611,160017.0066,147049.114,1712507.929,384806.9615,239099.4452,203287.398,173838.93,148487.3429,462470.9191,307436.929,239539.0508,1704557.956,323585.2241,373296.0536,190871.4091,295486.5417,266811.989,283280.925,242505,567315.4178,818754.5352,864486.785
VAN_0010B,Atrophy treated,6153.474342,3107.404272,84469.27559,2973.570503,4697.171552,43646.17488,3205.915323,6509.204545,5891.934701,64492.73197,54801.81051,11485.43466,12726.9848,1024.1875,3889.609375,3679.744658,5865.356132,4437.298379,17678.77993,28078.77393,587297.7813,89573.53389,22616.2298,432795.1109,689949.2713,90688.13455,86813.12031,101767.8456,76417.6444,97146.82426,94058.07244,72085.91614,81197.92917,826455.0598,820385.0275,706165.3125,1026528.171,1099676.056,1072658.238,699907.5677,841741.9258,763683.2988,1430530.62,1455434.788,1081279.204,736567.2039,516289.9141,1346075.952,1311041.233,2055591.005,1661786.259,1921379.341,1287867.3,1056489.587,1078061.863,1084656.784,876830.9732,1115794.341,1411765.695,1636605.222,1563501.876,1541890.73,1274803.348,790541.2823,948027.5145,1076255.716,1109921.455,407752.8656,407601.1064,639219.5875,552297.0775,318746.1378,1234013.237,773702.6619,403363.0893,287195.5428,1003308.131,583356.9315,394983.2645,646935.4923,279463.3614,286743.3172,153796.6575,827930.0336,203223.2875,92958.40996,81108.80762,66058.51947,129812.0559,455553.849,970001.888,92474.09677,45318.43636,129425.2826,44349.06771,83345.48878,67632.21154,47542.54261,58549.36376,44703.75987,46641.28533,37541.33,45999.1713,91389.5625,89030.70313,93174.1609,193570.2444,113056.2278,114715.1311,105291.9844,115686.5649,90025.70455,73622.19828,61667.28906,43504.81019,139947.2693,205423.981,282304.597,100125.8646,181438.7161,279530.9253,179503.9639,143461.8257,122677.1387,125959.7003,113620.7762,86278.42037,78563.53618,79487.85846,689249.15,214155.0304,138309.9397,109350.3865,88102.93,66017.74464,191225.8824,106161.6974,92965.54688,584546.5591,172538.9397,184304.6763,78883.4517,157675.0125,154550.8346,252973.0399,114262.8602,247154.8536,345793.882,356272.7167
VAN_0011B,Atrophy treated,3147.21134,607.6075949,186388.8681,4426.085366,5621.844828,66980.64423,13152.09677,16364.32353,13713.41791,239546.7083,100706.6497,44016.20455,3485.594595,5066.377273,12145.83333,20201.58761,15166.26415,35037.60565,32732.26232,23222.26714,444890.4701,41819.45984,118819.9105,417885.7903,561078.2912,130035.0486,291320.7046,354773.5544,234489.1767,238563.3412,254636.8835,253650.8924,268276.2733,1696605.063,981362.74,1129259.263,1143937.987,1511772.125,1201685.412,967410.75,1394922.593,1182050.563,1590414.886,1613801.842,1211923.403,914393.6842,655615.1742,1611167.238,1464120.163,2273608.938,1951850.583,2364697.457,1687385.522,1094908.37,1037519.421,1167470.152,1403344.418,1481677.27,1710530.98,1898545.271,1899211.032,2214719.419,1296975.256,906638.1613,1219173.616,1424781.838,3499349.054,442075.4516,394701.1554,459812.4313,358933.35,225529.0944,1099767.304,478793.767,324032.5536,181500.5658,1266683.451,416242.5865,563174.3081,2321400.022,894732.8478,512616.375,306614.0625,401239.5313,288503.4147,197541.9407,172190.0117,137551.2992,298590.1579,1038215.826,2129539.656,317255.4661,240769.3318,437883.913,316091.5208,203328.7756,190797.609,330120.4148,77147.6882,83573.93421,126888.0435,83922.4,111874.7037,158397.5172,184910.9279,286308.2979,3294927.062,592227.4145,614194.7255,378547.2083,349708.6234,231646.0227,220025.0086,164381.6406,141207.3056,290638.7091,535067.6161,1795424.509,308062.4167,609071.6458,897328.2717,539896.5673,451203.943,412316.8164,443461.4041,436462.5806,363366.5089,267603.6118,228092.3382,630512.0857,321668.6667,274160.9079,244624.9474,218061.68,198662.6643,1002452.711,439118.733,329156.1719,2495351.284,456404.7931,518837.5,223707.7386,370754.6,412536.1985,412928.781,1013586.789,1413950.816,2225581.625,2120124.117
VAN_0012B,Atrophy treated,4001.669244,216.8781646,52701.17126,4751.125,5976.572414,58050.25962,14452.4879,16296.63235,8002.100746,270990.9776,169676.0287,44416.06331,3077.081081,3076.854545,6328.765625,9364.626068,8957.787736,3504.271967,12023.28697,7135.825714,2511990.058,154605.6124,17401.39083,2768625.137,1215527.428,185443.3854,261639.4421,272788.199,195553.1121,209652.85,245733.4432,251735.6139,261706.8267,2575809.735,1558044.81,1488155.263,3225875.01,3384410.197,10023237.11,6160612.264,2328117.742,1944333.846,3811033.06,2660616.947,3676300.544,4220573.053,3065642.462,4178757.05,5876898.577,8092151.53,8444690.599,4812628.103,4222173.941,5339497.207,2871768.35,6294774.711,4796319.607,7855527.164,10486085.88,4930929.004,6329195.4,4105537.325,4277101.679,3415883.75,5916347.343,6905190.777,4378720.196,1846569.871,1082602.642,1584753.413,1299969.275,859046.6594,5392882.961,2996552.955,2681567.795,3052208.566,2154503.004,775474.9856,624853.686,1846812.908,689826.3696,439986.1125,330723.7933,452275.3,427971.5235,412952.2754,419481.9297,400346.6475,471656.3684,505947.3403,1600153.531,309898.9919,121754.0977,556722.6102,152138.3839,140779.9551,132164.3269,191225.4886,67894.93539,71373.19737,88140.19565,63156.16,88029.42593,147035.4483,164395.9183,199082.0691,383079.7556,258985.2862,339823.1029,238563.0417,210205.2338,169532.9091,169684.8448,211195.7266,109275.9444,285427.8955,434992.5179,1023937.043,260389.7583,387676.9063,515378.3967,357124.625,306359.9693,278402.6836,277247.8973,259054.7823,244286.6739,255087.1645,258438.5735,545421.4,346781.1667,273059.6886,240968.9934,213113.42,180041.7143,544119.1225,390821.5114,310323.7734,1776766.878,490666.5431,561858.3125,235757.0653,467627.1583,505891.0368,1407311.307,458287.2697,694651.3092,1306324.093,1311633.823
VAN_0013B,Atrophy treated,4871.946735,862.755538,84731.18012,5125.484756,3319.077586,46454.7512,14296.9375,6597.262701,6247.699627,112294.6987,67708.41561,23554.00649,6777.628378,6045.618182,5660.239583,11136.92949,9351.759434,2764.59728,7269.930458,5124.639286,606087.9085,31171.23343,26980.90557,612392.5954,689979.7655,157289.4444,151527.2864,149812.8258,104223.2543,110493.0618,132148.7415,141190.0364,152299.935,847485.4261,1057433.663,1187944.02,1795165.923,2127103.394,1208590.584,831445.0938,1179426.504,957288.3393,2465494.256,2405186.164,1607064.059,1290450.586,822075.8144,1957206.816,1570566.317,2597141.266,1715284.464,2397970.818,1432255.515,1057163.571,1233191.05,831020.299,1585587.084,1790356.873,2183457.578,2507571.083,2164044.143,2799168.572,1830383.321,1351683.113,1868520.221,1649647.416,996555.6929,245270.8387,188779.0608,237132.7094,177331.2,122036.5332,1013039.83,225539.6705,159379.2232,85371.4375,1333292.352,268659.2236,210969.3372,1051088.765,361272.7554,283143.8969,165156.5673,247613.8219,117396.9485,99311.00636,78482.57422,69984.64549,107554.4704,615015.2951,1826919.901,158438.5266,60348.43295,202306.7834,103115.631,64138.5641,61017.3141,78915.53977,41017.04775,38749.24342,56139.53261,36332.45,54288.60648,95480.91379,105798.6442,129565.9096,810075.7994,192134.4013,268442.8799,174065.401,139826.9464,106037.3125,78579.66595,71417.24609,55663.97685,209687.9545,290396.8638,565592.6207,144571.0208,266541.1875,406736.1766,224934.5962,181839.7061,169012.8008,185992.8853,167153.0887,144362.6954,129778.0625,127137.2978,785821.0429,248862.0192,164548.4232,140872.2171,124318.285,98204.54643,273311.9338,168343.7216,144582.1836,1517764.446,215321.9138,241495.0714,200491.6264,261792.9917,217087.6618,309432.0512,230423.3158,408195.6546,535014.2931,547033.445
VAN_0014B,Atrophy treated,3891.075601,1766.768987,23140.71654,7134.003049,26569.75517,56005.58173,11784.91935,21176.85829,6532.059701,527273.2692,297416.9236,60421.72565,3109.351351,5013.309091,8808.65625,10377.88034,7391.632075,8701.194561,5112.700704,9071.36,641494.8204,42801.28112,19860.52402,618274.1882,794586.0928,256748.2917,301778.9698,304125.0165,275287.0172,314603.1647,351163.9659,366844.9051,410882.3267,3155657.116,1300112.65,1380491.539,1975106.072,2405235.769,1212174.108,1074116.236,1151678.186,999615.5659,2616500.361,2683322.026,1830024.029,1384974.224,923614.798,1991374.438,1849765.308,2795321.73,2380574.854,3071038.196,2273847.853,1361890.587,1382901.414,889870.0294,1547410.653,1907101.907,2093250.206,2399515.805,2024641.5,2570383.963,1757653.949,1319526.097,1786289.314,1757428.514,1853644.457,280622.1613,260014.4595,397888.875,327710.34,223275.6939,1157278.887,423121.0341,270967.0536,168145.4605,1520466.076,757586.3365,553797.0233,1058771.535,613407.4565,459857.25,480999.5,548063.4,351113.3882,292766.6695,162478.7578,131698.8115,307065.5,470392.3194,1558013.813,400976.5645,156657.4773,809203.8851,277711.7857,223733.5513,126212.3333,339623.0341,67319.57303,59587.73684,76496.08696,58848.84,80010.12963,110120.2069,120678.6346,199698.7553,382878.1493,332385.3816,445566.0686,351351.5,343940.5714,245328.0682,276296.5603,183955.875,157380.463,345606.1,452555.4375,1875338.914,396968.9167,634534,942755.7935,528874.4615,394153.6754,349243.5,349236.4521,356043.629,398830.5381,328646.7632,303065.0735,707019.9,620982.7308,444712.4298,362497.3816,292398.7,237261.5286,1177663.078,634736.2727,528522.2344,1763075.568,670906,688077.3393,337438.0114,589363,614709.5735,391523.5524,1312980.461,1469090.263,3174328.567,2795219
VAN_0015B,Atrophy treated,236.4896907,556.8544304,39891.89567,3266.155488,6515.858621,28238.31731,4580.149194,17614.75,6499.018657,221518.1891,180106.3662,30844.01705,1311.709459,2722.745105,1380.484375,1249.833333,3488.301887,5296.929916,3285.016241,3832.89,1761746.217,317081.8072,182414.8079,1446051.22,2120661.812,69406.46528,183136.8504,201799.8946,153290.5819,172767.8118,206539.4915,235073.0032,256167.2767,2596337.813,2370403.795,2162750.954,3608880.987,3934917.409,2331336.155,2029182.229,2037082.589,1968863.093,4535036.095,4314218.684,3181941.891,2334676.842,1604041.636,5478951.019,6929650.375,8339731.171,6113531.797,6406261.973,4767197.846,3210484.902,3500032.629,3681981.52,3038341.923,3680948.806,7312556.701,8416614.462,8932808.589,10989135.92,5729321.885,3320381.427,3345293.384,3255592.541,6836204.592,1061949.758,977528.2905,1414786.794,1181572.225,767560.7015,2960994.581,1771088.131,1215472.893,659006.3553,2343442.129,1249293.654,813832.1163,808820.7193,403978.5435,317399.7313,300903.8125,360725.3406,291828.6088,239264.9407,188365.3281,142704.8689,184730.1447,865380.9861,972054.9167,269127.5194,72008.26591,283196.4845,168746.6994,116944.2372,83528.16667,154860.2102,61137.14326,58765.05263,70895.18478,57556.62,72548.21296,103863.9569,106502.7163,160025.3032,1257807.149,366252.6974,286403.799,253776.5313,302064.3019,207445.2955,167760.6379,120584.9531,103979.1019,179818.5273,257431.308,881588.2155,262633.0833,474938.2917,674312.4728,388569.6827,304922.5263,271220.0781,257919.5514,266926.7419,267859.8274,269813.5,267740.8897,620905.4714,435602.4423,431311.5833,301244.3553,238117.73,178031.8857,607592.3676,370560.3011,311835.1719,1482442.243,506006.0172,575098.8661,193209.892,413972.3833,454511.9485,230345.8905,625317.3618,839595.375,1481979.252,1483360.883
VAN_0016B,Atrophy treated,291.9282646,2621.308347,55613.12352,6779.874238,6593.233405,15712.57752,2300.253024,4030.38018,3017.388993,23974.8732,20789.2498,6543.793222,17794.63007,4289.420455,4758.600911,4388.292468,2616.923349,4598.150497,11696.74186,9536.178393,407358.1743,31442.72465,6956.19446,192023.539,486554.4591,63630.52561,63508.42274,74264.54347,73326.94935,59132.67831,51896.21697,46353.32634,50105.51833,277188.2803,476113.4006,333618.9194,496612.0428,501248.8095,514845.7145,356281.6649,501454.9317,442845.8365,727919.3679,1088990.64,647642.5511,375833.6036,265771.2607,618828.1828,639822.9784,1025172.499,837165.6569,853533.6128,701627.0285,506399.6916,571387.5098,464915.6538,376072.4056,488341.0398,499754.4939,650693.6229,581556.8616,613070.5984,504099.7428,265276.4456,429458.3568,400573,396011.9008,314457.8454,404194.147,692907.0914,536274.6175,313080.2334,711145.6749,660544.7159,402127.5,269580.8849,442812.8224,547113.86,339500.5734,247222.5959,212433.5883,439765.2375,136831.3293,320219.3512,88023.14669,30000.36494,24892.09619,19095.18443,40313.00905,76780.38976,679566.0273,71005.62621,21666.82699,411768.402,22951.44829,20915.29167,16575.73558,15198.89702,16814.63448,17269.08717,22106.87772,18412.36,25041.83796,46907.00216,43631.1244,43525.4641,72486.43214,48115.15173,52546.17096,50479.73568,50233.06981,40291.29972,40980.30172,42307.60254,22798.71759,79857.82614,102868.1507,153912.9537,65145.92917,114851.5716,168973.8954,118349.1178,100026.4753,76169.30908,63666.13185,61210.38609,42767.4881,34670.08553,34387.86397,419418.7277,114843.6322,66220.18311,51202.90049,42103.01875,32700.24196,84330.0913,58057.16974,51519.1416,338040.5608,76595.7694,84368.38951,65585.63068,76977.56875,71438.02114,186718.3381,41267.94737,101885.9589,132779.8803,148509.8504
VAN_0017B,Atrophy treated,3045.812715,952.4106013,84349.84744,5554.939787,3783.812069,17909.78125,8715.788306,12696.84559,4659.51306,140775.0345,118566.8113,18101.17735,5070.564189,5579.940909,7175.46875,7720.385684,6296.188679,4073.707113,4173.641725,6374.183571,678504.9798,37738.75753,98684.78657,465518.129,795612.1946,105987.6111,123121.3502,155236.1629,94815.2694,101655.6647,108165.7841,107575.7816,104574.4267,924966.5796,802653.6925,824914.5197,1229521.643,1474445.305,1047919.655,789935.2188,965497.7775,842910.7157,1797579.709,2048803.273,1277914.574,860646.5296,585065.7513,1499010.353,1280773.202,2220720.117,1606631.677,1967798.152,1369614.221,1033625.016,1094269.089,915782.6691,1169002.788,1310435.225,1493110.787,1734537.845,1547760.366,1811652.925,1297966.811,834145.8065,1166106.852,1212358.764,941157.0353,371656.5376,513179.7872,857118.0938,692101.8775,347628.6964,1156808.866,789239.6051,555284.4732,307190.1184,1144761.542,632245.5529,414103.8983,780102.9846,323043.1522,217722.4125,132690.774,115816.5234,92176.97059,98389.64407,55466.75977,38100.46516,122735.8651,291405.1667,1031645.844,127135.9968,67645.20341,4121790.052,72306.42262,49786.9359,29096.99679,54037.97727,30245.46348,26451.46053,44013.34239,27628.89,42645.17593,82626.18966,84067.25,92043.18085,1270088.869,202365.4375,348158.7647,159601.9323,143434.914,106329.5568,80551.50647,85319.0625,46780.18519,174009.2227,236861.1317,418305.181,125864.7875,236789.5938,311155.6114,200020.0721,160046.818,146469.2031,145565.238,142585.7016,136528.0368,143858.2467,144137.1544,437656.5643,243309.625,166536.5526,143359.0066,120417.89,86635.62143,342813.8995,154888.0739,117624.3398,824649.2365,177967.7155,190460.7366,130438.3892,197890.8417,199752.1471,265862.9286,357458.0658,541989.1809,781164.4164,733539.365
VAN_0018B,Atrophy treated,599.2107496,3210.389241,73632.78826,10249.50238,8914.254634,7291.463341,3148.055192,5199.748997,6423.746269,22997.65775,17993.8133,7394.856788,14855.97171,10078.3892,7351.475911,4696.35804,6213.357311,5364.619639,7607.584507,14611.44857,461947.7717,59973.97126,8037.435317,343985.4758,541489.51,130724.173,68660.54904,79784.89962,73514.86018,65576.73419,63538.81179,53665.03481,57861.71688,272407.3988,684848.9284,529074.0456,862922.8004,894548.6556,781005.3792,541577.9705,695475.772,632442.5106,1048210.117,1142809.197,859324.0164,614410.5444,433827.9179,1080280.684,1110515.459,1641467.809,1234945.102,1410168.819,958866.2266,767878.7283,886575.7348,827858.0276,665797.5944,842875.0731,903315.572,1219757.353,1091919.628,1166866.102,960141.6715,513742.7198,781873.3866,739569.1491,538708.3825,268177.9546,269034.9202,436616.7695,353099.0147,214198.9883,733644.9406,477552.1346,290054.3175,177692.3104,646533.1326,357806.9775,225169.0719,294524.2527,239991.4042,539134.6375,174560.6088,245813.241,115090.6206,37281.19915,28432.10693,22442.36988,36321.17845,563586.4965,875824.8854,64019.05554,24551.51747,242751.4877,13547.30097,33632.89744,23121.82011,18845.3157,27901.10446,25830.60609,33717.68818,25624.53313,34444.11574,70869.33082,65946.70102,60857.61203,89595.5534,58546.0773,58506.38051,57262.91992,58322.11993,50163.62997,39304.36261,42911.43115,29113.23669,114003.4241,136205.9542,160626.6994,57090.53229,91996.28125,156831.3655,142319.0445,105870.1549,74865.86523,58955.4893,53251.45111,40608.75293,32255.17599,32176.8557,442711.7665,106609.3526,60232.39583,46947.91982,36240.80938,28751.90625,58366.08793,48402.00142,44371.76758,303116.7175,59415.1778,68667.63114,61914.73686,72978.15938,73627.70956,185086.5268,29827.78248,73561.69449,91711.87192,111545.7021
VAN_001B,Atrophy treated,849.2860825,1541.776899,46519,6321.670732,11742.30345,72533.51683,5328.366935,13570.93717,12609.8097,221327.2404,134897.8137,47063.375,3924.75,1968.786364,3895.65625,6049.356838,6521.820755,24602.80021,2046.408451,28731.27,2866508.739,495199.9076,203559.333,2474322.532,3317602.941,202709.0174,242381.5146,230723.0744,206544.7629,229319.4235,229454.4347,232052.519,272154.6967,1976177.324,3238741.46,2885092.908,5020660.497,5388030.923,3486468.405,3000838.611,3211013.725,3115801.604,6068304.585,5198982.329,4287601.112,3316593.75,1991540.851,5759700.438,6207600.346,9960782.266,7393896.615,9439133.299,6345882.941,4674036.293,5184204.957,6260375.868,4176896,5134485.581,5749727.814,7222457.364,7320636.129,6828860.013,6649063.404,3552466.347,4068225.767,4721048.412,1757581.891,999961.9677,1171415.534,1897573.581,1652007.505,914118.6901,4512109.721,2574516.778,1505839.232,898861.625,3943163.087,1558232.058,1061998.733,1687014.899,794342.3261,554791.925,374035.0385,485244.7281,315067.65,229721.8051,184228.1602,158789.5451,254802.5,1078708.729,1909483.656,339856.9613,108030.6159,249641.9891,119818.7351,137445.3205,95924.32692,151214.3352,82319.23596,84094.13158,90341.8587,77732.41,102201.8426,162298.7241,166080.2212,187447.7021,543770.959,313672.9967,346740.0784,272746.4896,294666.9091,228532.0568,209815.8922,147078.1953,120235.5648,242068.3591,367860.9241,765598.3276,277773.325,429983.0521,614784.5978,413141,333322.4167,283000.9844,280303.5548,262955.3548,254958.3845,220533.6053,213677.1103,513721.1857,322805.7564,258915.3026,228183.3816,202686.45,179134.8357,501208.0637,407709.5455,339154.9531,716418.0135,498060.2845,571475.6964,149448.4432,348689.6,370473.3529,272653.6095,450550.3553,610239.0132,1204496.192,1296012.3
VAN_0020B,Atrophy treated,2746.769759,1376.677215,21153.40157,20282.07927,16219.41379,24672.01923,11449.44355,20904.91711,8954.649254,386774.8622,293732.4331,81993.61526,6029.081081,8514.081818,8746.416667,12004.02991,17844.11321,13277.75523,6752.714789,13855.93143,896753.9718,47388.58835,228198.8646,821313.6613,1112309.263,153532.1111,396556.0527,437765.8829,340279.3966,365959.0882,397458.6193,417877.3101,451773.4733,3921156.656,1774984.75,1962886.421,2496712.243,3118067.058,1735232.649,1602568.931,1763381.737,1544186.313,3415502.81,3262404.803,2328414.118,1699320.316,1241018.843,2619439.375,2524694.654,3872546.461,3173810.365,3892605.402,2922872.735,1962345.804,2008776.571,1582489.961,2271377.745,2487428.52,2466514.431,3247137.949,2736368,3287023.913,2289941.256,1587067.226,2208045.372,2255755.432,3195568.717,473131.4194,558178.2297,648929.075,500467.44,306494.7219,1339822.647,677441.9205,425637.5714,230181.9342,1456208.258,1041308.01,734811.6512,1063312.632,631989.7174,554527.75,496339.0192,616342.6,430307.3471,303754.0085,203944.625,163330.7541,269894.9079,625251.4306,1439588.896,483147.4065,143487.4909,237370.6398,315455.0595,183058.1026,91037.62821,274136.3636,62417.83146,51934.23684,81753.26087,57745.62,87538.57407,157625.3103,172994.6058,217217.1702,780916.7127,384672.8882,559278.1275,434437.875,450579.974,319832.4091,284988.2069,181661.6094,160631.3704,413324.2545,564856,1754985.448,438503.5667,814006,1059616.739,638233.9808,518130.807,462294.1641,462015.8288,503205.5968,504698.1954,412948.2237,375411.2794,842571.3571,730726.9872,510127.8333,407479.4605,332189.52,257241.5143,1254221.265,750335.0568,651547.3281,1862235.243,750278.7931,842045.3036,475286.483,817355.6,865834.3529,350291.4286,1435355.697,1683435.039,3346087.345,3249223.547
VAN_0022B,Atrophy treated,4255.469012,1363.53659,58563.16806,5610.139482,4137.771336,26677.09555,3130.905746,6182.188001,2835.898321,53649.69792,41798.82146,7854.036932,5765.527027,3658.831818,3480.048828,3151.288729,2741.350236,4707.033734,9810.297755,26106.64839,704191.575,112434.5787,31447.98171,531643.329,832193.4749,75246.75651,61723.52532,66595.13318,55385.81304,67570.29559,66261.76705,44854.35127,55379.99083,309967.1795,998699.8144,734448.875,1178444.941,1204697.046,911828.3649,665346.5981,794691.4179,749882.1782,1367321.752,1494424.194,1016986.922,716994.7138,451863.4574,1394570.617,1461326.821,2218048.539,1665707.678,1997655.641,1422821.402,1041578.042,1176849.61,1195448.82,852051.3438,1155362.041,1343766.969,1690740.859,1580531.102,1541446.572,1368089.716,724332.127,895164.1955,953638.8682,678351.7262,355588.1744,429255.9164,696320.243,564796.2725,320483.1087,1098911.01,729098.0604,447311.75,285414.3314,968690.0336,566430.1743,354341.274,444406.9337,205533.4266,276642.5219,117249.5186,178690.2609,83173.47647,49065.35222,43587.88525,31911.97439,60325.47533,111834.5747,780197.5833,68986.4748,37603.51534,781003.3835,45684.28757,39458.90625,31996.46795,32600.63636,23012.06145,25349.12007,31869.77582,23810.63625,32334.10417,59972.17241,59084.79447,63145.69215,93075.45826,68636.02796,75015.37071,66474.83203,67948.94115,48695.32528,55426.88254,41668.58301,30900.21181,124688.7699,144207.4637,243963.1142,64680.97813,126614.4219,168884.892,114661.7957,92898.85471,80545.33252,79150.80693,75098.80242,61035.04489,52945.38569,53505.22335,355471.083,135831.0112,94808.27796,80226.31579,70106.43875,55020.92411,146681.6324,76695.74645,72068.18457,470104.9654,90594.4472,99564.08036,67618.44993,82918.50417,79394.39982,244868.089,106181.8816,214008.8512,273819.1448,267045.9375
VAN_0025B,Atrophy treated,677.0167526,2268.772547,56313.94094,6041.064405,5618.694397,11072.68269,3345.871976,11416.44485,6015.229478,114067.4499,98831.30613,12446.2847,7710.817568,3978.478409,5020.739583,5272.020833,6877.587264,3687.618201,6909.566901,4916.593214,412833.7047,12307.6993,219448.7514,57622.4953,503027.4053,98314.3776,96003.80748,159120.2305,94167.65841,84232.06544,87448.03764,89385.50316,102896.8183,736574.5822,285801.6438,296544.8816,205497.5173,241008.6851,717473.9139,402845.2378,802076.9025,687978.8201,595894.4264,1242829.801,554274.1507,251900.6546,218412.0941,530028.6359,368881.9327,779693.847,874351.9492,780408.2473,879244.8952,506515.0299,473883.3339,560818.4743,512921.4426,481451.6244,293253.6691,288475.3189,295832.325,308927.1344,166717.1971,174622.752,205108.7762,314306.6689,908938.4348,657228.4751,858705.6993,1203588.986,948425.8038,570373.4452,1000563.992,1096752.283,700576.5268,467463.551,407948.3134,935439.875,617712.7616,987589.9452,337878.2554,259248.7953,156828.518,164974.9242,99795.04338,77606.40572,74930.10254,63512.91189,105907.7171,331078.3108,818197.3229,96561.59355,54339.3858,120834.4476,81864.82217,78964.82853,54677.54327,85785.96165,28199.62711,31446.77961,40103.2038,27747.55,39601.31713,92867.99353,84198.88702,96418.9734,342675.3801,150685.6209,224657.2623,149903.3542,163103.776,110749.9602,75666.09914,88044.43555,51843.02546,118004.4648,182136.3237,503736.6573,122314.2396,275784.9219,357232.4239,233310.6418,189269.1645,172600.7344,180812.5711,177264.8972,147145.7694,140923.7484,144503.1048,480538.3804,281003.2067,202200.8026,171677.3717,146596.9625,109845.3429,356439.8468,148306.5142,121941.5332,718559.4105,151711.7931,158080.5446,120076.2777,159868.7813,161888.2996,158655.2077,333645.5132,519454.4243,700989.5484,693461.6183
VAN_0026B,Atrophy treated,2156.109107,1306.777294,23522.68061,2930.864329,1868.662069,14105.34435,5377.617944,5422.281751,3766.222015,58954.60537,37722.38854,15535.17837,4309.766892,3582.430682,5268.865885,5655.619124,9513.34434,12700.63703,3427.490317,10008.68429,855393.1307,65680.1747,69015.39602,864601.9267,899545.8557,69142.51128,96121.77868,93281.76687,90912.4806,94235.03162,96797.65341,94695.74921,97725.39667,632252.463,1141788.966,1119333.997,2267109.894,2595207.916,1730615.353,1282525.92,952356.3072,841455.8771,2906836.007,2749304.696,2041037.161,1681666.367,1415230.585,5807268.659,8791074.779,7506329.063,4221290.178,3285131.779,1906840.362,1633672.071,1698150.1,1506660.065,2146541.651,2613033.27,10688077.54,9846959.68,11317621.45,15896544.12,4050500.723,2171523.603,2534035.218,2347254.544,11650391.76,514952.9624,329109.7213,385648.7688,280702.08,180595.8776,1276596.228,467245.9304,359921.3661,326318.2566,1205216.313,212486.0913,146977.7151,345428.7971,213361.913,154005.9438,114014.0962,102886.2844,72564.14191,62999.06886,64431.31445,53581.69877,62749.54605,110423.5208,475644.6719,83353.01089,18560.7483,339375.5124,43396.7247,32740.04487,21904.19391,30250.83523,18553.75983,17011.04605,24088.20924,15519.43,20097.23611,50204.04957,43926.43269,55116.72473,160972.4235,88026.92023,118273.3836,92874.64323,79125.23945,61085.71875,45003.56142,37920.55664,31420.0463,104937.5545,123545.6574,249867.1379,69330.04375,131835.9089,192040.0082,116825.6346,89278.44956,79576.92285,77203.73031,71621.1875,64911.21954,54868.88816,47443.04412,199628.1964,82510.3109,57844.54057,49050.34211,43596.4525,37062.09464,107958.0723,90049.15057,75439.09766,390987.2466,111517.125,129982.5714,97995.19105,138389.8083,141662.5368,174698.3565,111654.4918,151345.2566,304979.1866,309876.8267
VAN_0027B,Atrophy treated,4015.009021,883.4351266,29924.47835,6130.000762,13733.29138,68166.71635,18093.49798,14840.50735,6764.796642,203733.5361,113965.3408,43584.76907,5595.405405,4321.929545,9232.989583,14178.39957,14424.06132,31864.60408,5450.804577,67484.81571,3379179.374,664825.9076,47643,3361540.352,3844070.821,380644.842,269362.7212,265889.3261,250305.2737,302389.9015,288283.0938,243352.144,281543.7367,1228967.519,5035691.778,4395323.266,8132065.391,8756599.606,4290270.483,4046512.875,3890363.339,3818814.154,9691663.372,9250039.911,7184266.396,5555299.99,3637243.797,9265283.903,9282333.043,12901296.87,9175967.451,12347503.07,7169260.482,6509699.641,7117765.196,6592689.52,6527029.097,8140052.435,10250159.91,12360277.76,11130216.82,11957705.02,9445801.452,6098954.653,7446076.221,7403570.584,2686117.682,746972.375,640783.0236,1238402.159,1123699.26,685250.1505,4809433.897,2193805.239,1419287.491,884466.2632,4589430.994,1241811.067,990859.0465,1636527.621,672351.3967,514256.6531,370570.1563,498105.0219,238723.7309,190046.161,153367.4277,107203.875,165329.4441,320659.0208,2139103.672,280407.7153,81713.02273,372688.4798,90120.45238,95201.86538,83382.64423,130648.9034,43996.50421,51391.63816,53565.92935,45672.105,62672.18981,105518.3707,131154.0264,163265.1596,266079.3731,223084.3289,288466.0441,260461.0313,217079.539,175677.8864,142822.9116,108092.1055,84320.125,227432.8159,363383.0156,806925.9526,253399.8125,382522.8281,468543.2446,310159.3846,252385.0965,230957.666,234178.5548,210500.1855,196610.8211,162664.3618,153995.6875,416215.4964,250031.0545,211912.1425,189311.4605,168890.115,142540.1464,373366.5662,313729.8352,267222.7734,1176282.932,286093.8578,312679.8571,184524.5881,247506.9917,276527.4154,343690.9702,426379.7171,476670.0592,1000482.886,1016139.063
VAN_0028,Atrophy treated,1592.411942,822.039557,82685.65059,4626.960366,3304.746121,21676.61599,15035.58569,16175.8633,4412.428172,188876.3121,111392.168,15343.23945,4311.027027,4191.440909,4648.705729,4857.597222,6845.823113,11232.69378,2973.806778,10405.02464,446734.2421,58225.81802,80540.50191,412661.6109,518212.1572,60050.66667,96066.14325,112912.6699,91868.59159,100308.4382,96507.2017,92197.58307,97287.7625,612577.8239,741782.1575,729074.4276,1164875.63,1394485.21,1164321.755,724109.2569,764894.2087,664998.0137,1534335.472,1408506.23,1077441.996,788561.2516,563823.1521,1257431.819,1165838.007,1857811.556,1329630.361,1783420.81,1060137.309,878401.856,962869.9554,856017.565,1047715.219,1192230.498,1390464.365,1767992.984,1531538.827,1783801.463,1303330.13,860788.3065,1112699.533,1224056.302,844496.6481,214362.6492,252368.8615,288331.9953,218176.6263,120246.971,717706.3971,308777.3082,198007.1228,109273.1513,780378.7992,262898.8714,168450.6715,432907.1042,217733.6603,200085.8094,137994.024,146281.3906,95690.24926,108171.6367,69462.42578,72017.98566,112745.6546,209514.0417,601228.6016,117440.894,60966.17784,309069.4356,95044.13914,55717.3125,35250.01282,68742.08665,26262.41081,26550.82566,33260.0788,25526.88,34428.36574,73009.40948,64713.74038,61796.46543,559390.1609,164785.9186,182038.8627,104814.1354,112780.8523,89421.58523,88363.50862,65829.54492,51600.27546,139705.1625,172704.6942,358219.0862,89149.96875,151330.3802,214655.0842,143081.7668,125569.9803,113200.7119,110965.8801,112811.377,99339.76681,103476.5872,106853.5074,480866.0036,224179.3926,150866.011,123446.8684,98733.8675,72525.06964,394878.3088,218467.6563,177208.0977,848545.2568,152598.6228,161858.9621,91784.87926,121459,119168.6232,140438.4976,180662.625,530429.1974,1079061.895,982468.5325
VAN_0028B,Atrophy treated,3424.159794,2435.424051,23816.53543,25913.93902,11372.21379,38274.79808,19362.33871,36534.19251,10441.18657,488543.5705,386083.4363,73816.30844,7767.837838,7465.981818,8993.510417,10630.89744,10919.64151,12202.72385,6426.880282,10120.86286,1618091.88,215990.0863,197427.7358,1734826.237,1860505.974,156800.6458,378610.8775,411123.2479,347320.1638,392355.7588,436213.9489,518590.2215,591223.38,4263184.702,2938720.27,3068295.447,4715868.599,5356454.212,2709216.689,2473837.153,2398220.331,2234536.396,6138390.722,5799455.079,4253659.059,3172854.066,2209716.293,5281862.875,5274525.404,7130152.73,5224654.177,6709863.446,3878935.397,3402508.239,3736710.629,3213979.833,4261301.827,4848582.515,6054890.02,6920897.847,6378570.507,7321079.988,5033189.897,3652378.242,4583316.314,4468850.041,3266585.38,609869.1882,635137.473,752736.0375,655580.01,406499.1403,2460013.137,1066246.205,749128.9286,409661.5263,2647773.932,1086603.587,863014.1628,1135731.272,602274.413,535372,550083.9038,603922.2313,442337.8529,340868.5678,231398.7188,185213.9426,282269.9737,587560.7083,1292359.708,447656.771,155027.5136,177053.9317,313440.8571,142952.5769,89114.01282,185990.7841,69864.39326,80977.63158,109761.7391,89448.42,146333.7037,183206.6552,220973.7404,357279.7979,892897.9291,417352.3224,548464.3725,546446.4375,490216.2403,402618.3409,334349.4914,180376.125,155709.2593,457314.1364,645182.7857,1388860.328,512252.4333,834840.6042,972922.663,609393.8077,510365.8684,478234.6406,464741.0822,491566.8226,498005.9645,454684.9079,438539.9706,795343.5143,668940.9872,496675.5175,412987.8684,340501.3,272688.8429,1315320.716,733504.4659,601910.1719,1614838,760725.2759,839708.875,546355.0455,753141.3333,783540.4853,340749.1619,1330835.882,1664104.382,3595214.496,3138930.173
VAN_0029B,Atrophy treated,3454.941581,1889.120253,17011.73622,7407.359756,15197.42069,19815.55288,9991.58871,26915.92781,7195.932836,247124.875,290498.6146,59767.86526,6293.743243,10654.50909,8647.697917,9225.371795,11963.67925,6734.949791,5846.887324,9654.297143,1288249.331,84187.64859,396145.2009,1138454.989,1526511.784,200992.7292,294846.6898,327339.2796,225948.5431,252980.7059,296678.5852,345701.9684,349179.1,2802540.614,2024829.14,2055204.789,3148813.388,3754985.231,1812564.838,1685919.653,2119846.288,1814706.511,4070513.962,4183301.908,2641007.582,1882986.737,1189533.237,3389913.538,3104799.212,4814125.691,3524421.771,4725517.435,3090483.779,2106336.935,2292337.543,2046604.578,2928618.959,3217592.779,3164973.637,4067761.356,3225101.279,4242983.538,2974485.974,1978963.242,2898674.384,2886627.581,2451732.837,691962.1183,968258.9595,1023993.988,744373.71,434650.0791,1866525.833,900704.7841,615396.5179,326663.8816,1988805.091,1443157.096,928000.8605,1273448.325,448880.7174,336449.7875,334442.5577,442760.95,314380.3471,269553.1271,135649.5234,96602.16393,184501.8421,406422.6944,1540407.354,306336.1484,93806.85455,602837.1304,268451.256,75624.03846,30723.15385,92353.44318,43206.75281,39670.36842,64027.67391,37547.82,56810.48148,99486.5,126401.6635,200272.3404,844435.9328,285103.5,593940.8922,408396.4792,329379.6558,218472.3182,186085.5172,103701.8594,81038.68519,314245.8727,441544.125,1073298.862,293183.5333,662687,943690.1304,483322.6923,369697.2632,351775.0703,347729.726,392977.3548,370730.5279,274730.4211,245593.7647,927567.6143,725342.4615,444542.4737,324952.2368,266363.62,184679.6286,1037444.873,500948.9773,504929.0469,1696337.689,589158.0517,649458.6607,346355.4602,604813.2333,646185.0294,434602.4048,1215318.026,1590713.816,2415875.57,2185256.513
VAN_002B,Atrophy treated,4058.063574,1103.268987,62913.66929,5463.926829,10414.02241,43451.96154,12090.39113,20182.10027,8744.003731,271040.508,212888.9522,33011.77922,4742.709459,4759.531818,6630.536458,7283.532051,7739.570755,10094.9749,3959.742958,7040.807143,1189155.176,298837.9538,441409.8046,870465.3441,1373724.956,97785.06597,199430.7815,216411.7025,171416.8276,191266.2882,212437.7841,245191.6487,262308.0533,2278578.225,1832300.255,1767583.007,2296158.566,2256357.111,1721435.311,1432566.625,2172135.949,1915159.909,2494392.297,2813301.303,1782342.335,1293189.388,802324.6742,2629605.081,2644584.125,3982217.563,3167188.146,3843422.641,2597291.838,2017552.348,2074164.564,2783050.304,2133066.821,2611150.581,2694491.402,3011530.14,3008221.596,2790126.381,2521187.449,1611837.153,1905205.866,2141082.682,1305602.908,884953.7392,1299655.264,1531770.531,1163115.99,612310.7742,2010160.826,1370418.79,844402.8482,518195.0921,1533740.072,1290524.341,815645.0988,868241.3553,336927.9891,255225.3688,245615.2212,286157.6406,224989.9529,198278.7966,142121.5938,98992.32787,174048.4737,790793.1875,1578812.177,219319.3597,91142.91591,1599414.054,129704.4643,62667.41026,43337.85256,47625.99432,55386.08989,52757.21053,73835.66304,56595.75,60303.77778,97592.43966,102865.4567,162680.1809,2360670.787,307264.8355,306305.6029,212969.4896,222023.9416,168488.6477,171028.7284,105457.9297,72557.63889,324236.4727,300146.3616,442365.931,207997.3333,331167.5417,470702.7989,289065.0288,223776.6579,202154.582,202778.4144,200023.1935,206878.7779,181759.9079,179232.2059,510675.9357,419710.7308,291317.0526,236634.7697,192324.04,141018.9857,625289.7255,314384.2614,284138.6328,821088.6757,406531.069,454845.6161,212017.4716,398067.2917,438844.4779,272976.9952,618133.8618,868904.4211,1524336.917,1377066.127
VAN_0030B,Atrophy treated,2765.392612,1490.68038,33990.11417,6995.558689,3300.526724,21564.39543,7808.139113,6197.725267,6317.854478,64496.94391,42638.26115,18078.05235,7755.165541,11679.65455,6483.880208,6429.09188,5380.924528,6873.121862,3873.977113,18344.26214,439554.1074,28487.46185,54890.44159,400008.1922,517648.8119,113675.0885,102314.6056,97016.2834,87098.1056,99838.65735,103253.6122,93055.81804,97566.06333,620805.3269,657501.785,714559.8388,1140151.076,1270106.315,816094.6351,526906.0868,700462.2267,590026.8297,1574031.658,1644994.023,1028146.371,796442.1645,478545.7967,1158545.341,1057767.702,1643473.711,1089607.508,1463572.38,879695.8235,785216,831909.275,634918.6593,983587.5357,1156823.23,1450277.316,1489332.975,1409491.507,1609995.581,1127611.997,823484.7339,1104603.372,935090.2432,482365.0951,200576.7191,231038.1047,314489.9469,240543.02,143712.794,688386.8002,294800.8807,168594.0268,113863.8553,773505.5814,264895.5745,173705.5291,396586.5219,207276.5217,274055.4906,114156.7933,132236.8328,69126.09265,45229.72881,44380.9668,38949.01844,65036.49671,434567.5868,886562.2292,113290.0887,36639.70909,265849.6071,45820.05655,64906.92628,28942.08654,35610.85227,23566.63624,20645.19737,27120.92935,18156.465,26466.64352,54541.20259,55193.81971,63506.94149,124926.7351,96440.79441,203398.3039,112145.5521,88504.98864,73163.67045,63691.47845,48115.20313,40799.4537,124917.7136,147325.7366,243604.5819,88842.77083,148237.1406,211219.9701,140970.5144,110170.3268,96975.84961,93527.19521,91305.24597,80171.63261,67357.72697,61436.40074,262308.9857,101357.8045,78910.68421,71120.29934,63562.42,57127.23214,132473.3064,114503.9659,94575.05859,457674.402,141367.8405,156729.3125,93794.82955,144558.0667,148614.6728,258417.7202,133279.7007,194034.3684,323061.2623,339593.6333
VAN_0032B,Atrophy treated,819.6477663,3066.477848,32074.5315,5648.109756,10488.4431,41266.72356,5244.245968,21208.66444,14625.69776,83863.83333,52946.19427,32048.84497,11754.58108,6076.968182,10357.25521,9975.331197,9620.957547,6431.364017,24446.21479,5902.815714,1299230.914,43073.1506,16333.15611,578181.3011,1199897.175,112520.8472,181806.4651,235886.1784,206883.3103,201621.5382,189509.3722,179698.4715,178429.2033,1830929.16,688874.115,704064.875,910880.6118,812179.524,2709015.297,1995606.708,1161500.737,978999.3709,1739465.744,2986951.224,1795056.376,1306851.362,1041941.172,1383638.7,1600532.519,2525271.329,2991844.292,1662698.522,2024601.029,1914128.402,1440099.179,1661519.255,1510837.832,2258619.056,2721898.765,1516601.419,1891382.175,1364790.663,1412336.282,1556480.621,2408317.738,3173751.946,1871617.038,1332823.032,1555049.318,2797976.675,2324261.88,1500816.745,4707479.012,3689052.341,2893147.616,2688258.743,1254819.004,2173029.149,1463112.698,1201604.833,681653.4457,644524.1375,287165.8077,863738.0094,261174.45,257507.928,282255.293,256014.8238,351383.8882,635186.3333,1561345.823,251179.7435,125369.5727,495510.0419,53704.78571,100066.7821,80830.15385,148904.233,41957.22472,45767.57895,81849.06522,60854.8,77182.07407,176529.3017,139646.0577,162454.5,4077580.013,602604.2599,332341.0539,269815.5625,223631.4545,164713.8636,135679.5129,139354.7422,84895.41667,178669.7591,274514.7679,775665.5517,226101.2917,415969.2396,572707.8261,385577.0481,348846.636,328229.75,343067.6096,335059.0403,254224.8528,165046.375,133927.1103,443462.35,183484.9167,150610.5833,140120.4737,128775.87,114976.5643,580515.0098,307795.1648,299666.0469,1665122.385,335194.8879,376017.4018,212745.0028,361799.9083,357050.4044,906392.3786,491471.6579,950578.25,839956.7923,860930.8833
VAN_0033B,Atrophy treated,568.015625,2039.495253,53546.13521,9028.4254,5972.075,7478.372446,2922.299647,5526.34609,4287.760494,37885.53536,29534.04558,7400.613636,9279.148649,5332.857955,4444.493164,4411.980235,2960.207842,6294.795894,6541.020357,8634.744643,284329.9903,17997.12538,7550.357737,43988.33501,353955.7321,28136.85113,59038.15775,66590.71173,59603.61988,48911.92555,46071.65962,41443.70411,45953.83042,166872.3016,274599.3122,216673.2179,169311.9601,146624.4014,368724.3378,201294.3967,264039.8906,231688.0359,365057.193,831355.0687,312040.7004,136487.41,117105.0002,217211.2691,247890.89,441024.5031,456758.57,337668.695,413900.9821,245112.5611,243177.8402,150485.8177,125022.6094,168935.2238,184647.4295,192250.7018,203533.9857,188724.4305,135282.3662,104254.0081,171214.3605,148656.0245,366636.4052,291364.7522,409220.4016,727972.6305,547898.5306,306586.0827,521765.1661,662030.0763,372584.577,268285.9564,156344.3381,603019.1235,380263.6036,249144.6582,159639.9762,347548.8148,97110.31761,210513.7965,50158.60533,25405.18988,16383.36621,20267.24795,37318.28988,90095.79991,389963.7077,57176.17399,26342.89148,187870.6991,18485.08594,29957.39103,13402.04247,18776.61293,13932.21331,15518.51234,20954.30231,16007.19813,21271.09838,38971.94989,37785.4381,43335.61636,60605.85389,42253.90317,45298.10692,47788.32878,44070.84578,34736.02202,39900.06735,31235.48193,21079.49074,68273.56392,85066.41936,150009.6158,69046.95208,120320.7643,160962.7619,121239.1641,105903.5811,80776.57471,69379.99144,65752.18095,49364.8121,42136.66571,43651.86535,518503.2121,125322.619,79189.73246,62253.18832,53661.7175,40742.59286,122919.8992,61776.8892,60582.52344,302633.182,65475.55981,71208.22824,75766.0989,70484.93073,67729.27941,103970.1168,72698.8935,152858.1846,184557.803,196973.079
VAN_0035B,Atrophy treated,2715.151203,2168.795886,18904.16929,9960.625,8560.408621,35800.37019,10940.47177,35748.11898,8854.41791,500493.7308,325825.242,55240.6526,7459.101351,14779.21364,10290.40625,8301.087607,13247.09906,8168.387029,8517.653169,17996.03,874612.3803,69904.14659,86707.79803,689871.164,1084823.577,198439.3264,281240.2839,312872.8595,249239.6509,276587.0059,300624.6875,317776.1899,356925.84,2194952.062,1449739.73,1527753.763,2118323.49,2599644.51,1505085.791,1342587.514,1374652.326,1232513.28,3056000.94,3213459.691,2137241.085,1563881.507,1064432.051,2155588.769,2026543.846,3263976.204,2697926.057,3431698.326,2510233.522,1607889.076,1718005.671,1421408.583,1900396.321,2211333.444,2455579.912,2716780.754,2529803.071,2897445.869,2183024.84,1622449.855,2034360.5,2109901.973,2289751.288,523661.4624,528533.8986,876906.9938,735718.115,455041.8903,1710613.098,1073851.04,704831.3304,478988.8947,1468209.337,1099049.793,779175.6163,1370497.987,627104.1739,592748.025,461121.6058,527852.6875,377175.7353,304879.8178,214672.2695,170082.8074,372759.625,390989.2847,1369690.323,378683.1065,176759.0477,245992.3618,279021.9554,226108.9038,119480.9423,346763.0398,47877.78652,43598.07895,54290.82609,41773.38,56529.35185,113713.1552,120060.0962,146928.2606,308627.7836,275563.1184,388223.8186,277315.0313,396346.9708,272846.9659,251189.2457,180762.375,157636.8796,274920.9955,380822.2813,1721464.922,380117.65,597943.7917,877650.5978,578318.9904,447693.0219,377856.668,369076.8733,373347.5645,418056.8135,365091.2763,334552.3897,696339.8286,740604.8718,563609.9035,467006.4079,379273.97,282299.6571,1275880.784,641569.8011,526916.3594,1723475.932,580000.4569,626381.8839,343624.5852,531102.1917,540212.7647,676466.3524,1433392.447,1574578.822,3034680.819,3027605.307
VAN_0036B,Atrophy treated,639.8466495,1219.108386,40132.27879,6771.075457,2579.670259,7652.92518,1134.544859,4053.666444,4943.663713,17899.46835,11394.82265,5402.198458,6731.074324,8396.697727,4890.763672,3662.903846,3949.188679,3265.578713,2780.035211,2840.919286,174216.7033,27326.7185,11634.91485,101929.7903,203088.6762,34257.27257,31047.51202,33500.51515,29255.95097,27334.76324,27795.54084,28793.30578,29980.55958,184660.7209,216931.2081,194721.278,281661.1567,279324.5775,452745.7078,242529.928,272111.1769,247436.467,369435.1776,453797.8873,292137.4011,205248.3495,138241.989,340261.8594,378295.1827,571967.3141,443742.0645,481563.8872,375181.1029,281151.7989,306370.8866,280206.8107,213007.2634,276477.1976,331680.4412,395219.8946,396943.7795,383433.3695,324261.5954,196448.9143,237520.0734,242190.7686,235983.2969,115643.1465,115018.0177,204790.475,174010.8556,119666.0123,397048.7515,255907.2081,168465.4498,98208.17681,282048.7434,195035.4724,120818.8815,124320.67,110912.0122,149996.1258,63233.79868,118842.4625,42539.93162,18396.30826,12665.84521,11260.0502,16519.63651,125416.3299,351335.1758,34911.13367,14118.85284,271210.1205,10868.76525,30429.60737,14929.87901,13167.98224,11397.16573,10131.93914,14543.72283,10667.96625,16693.08912,43530.47091,35289.27825,32946.68551,186445.6227,61196.59375,41759.42647,37247.01432,33092.00122,28164.85227,25115.19073,27825.85352,19359.21181,119017.0693,102130.7695,116765.2823,30606.58646,56864.46615,76753.3947,55014.94231,45895.70121,39815.35547,38179.09289,34971.73286,26979.79886,20812.14474,19874.88327,199771.9304,54794.91667,34498.53235,27834.3824,24638.14875,19266.25089,47443.42279,32540.96875,28051.81836,242062.3877,36733.49677,40794.61496,41467.90092,50243.38646,45663.66912,109922.6048,33108.92516,69655.31579,85382.78719,89965.31292
VAN_0037B,Atrophy treated,2664.726804,1669.098101,19368.41339,4318.507622,5213.760345,20666.95913,7936.495968,17118.55214,4251.302239,122706.6314,158128.0446,33038.70942,2762.263514,5548.213636,5119.932292,6988.617521,7655.117925,8828.154812,2884.941901,5696.027143,822922.3204,56468.63755,117253.9825,841265.6263,949417.3222,76537.22569,186567.9708,198324.0152,149151.319,167301.7353,187095.4858,205051.4335,205564.3067,1980979.61,1407909.27,1475209.612,2354301.615,2893427.207,1576523.101,1190266.382,1364087.267,1154048.516,3161986.155,2993870.007,2069896.471,1540909.02,1014655.429,2712831.613,2155338.644,3418231.467,2300077.547,3321187.011,1871027.5,1428791.228,1656900.329,1245725.333,2188450.663,2391545.012,2829395.995,3306202.462,2830682.614,3599167.65,2363746.429,1628708.355,2391861.186,2247573.338,1726800.321,291031.3763,346748.4189,378425.6063,298221.18,168096.7793,1155019.103,356288.767,238717.3482,122241.5921,1469081.254,306369.5625,238685.843,863555.7193,308546.1848,258122.5125,211819.3221,260516.1188,166150.7941,144821.7415,103902.1992,72382.05328,98651.32895,473964.1042,1427896.438,194712.8387,39098.52727,244864.6242,129708.4196,85277.26282,43254.91667,128710.142,35389.95506,34364.35526,48885.29348,32432.52,48616.71296,83949.7069,97176.64904,131726.5638,578410.6772,207453.3059,286935.2892,203206.4479,205940.7013,140145.7614,120994.3319,83920.09375,74203.23148,218870.5955,293140.6071,844839.3448,189750.1667,367558.3021,548675.5598,299789.1923,230680.2851,214887.6641,216075.3219,229323.371,250052.4315,278355.7895,259305.8897,461806.0714,258733.6859,195216.5307,168916.3421,148188.27,124873.3786,432910.9853,257099.2727,193204.7734,1437323.527,402871.6207,450936.1964,205164.8466,399924.6917,410608.5735,350746.5167,668357.9211,814951.0592,1049064.15,1061869.86
VAN_0038B,Atrophy treated,856.512457,617.9920886,45934.52362,5354.030488,3720.518966,11695.82692,2228.566532,3547.727941,3077.164179,36677.92388,18490.2699,7713.841315,7183.888514,2534.309091,4496.427083,6268.918803,6469.089623,2289.382322,4672.889965,3565.724286,435849.1822,8609.741968,36176.30568,181267.5363,529051.2964,44015.96701,53774.08042,79828.27032,51136.45905,50793.67647,56470.10795,59762.08228,61030.45333,522874.9214,227404.5325,181282.8059,252056.0164,280101.1563,604432.9662,330835.3056,408458.4343,399394.3049,562412.3924,991283.9934,575479.3088,359747.6316,212529.4419,561761.2531,513412.9231,1026665.914,898482.2188,888328.9321,855244.8419,562611.7609,546415.0821,600386.0074,274640.625,342734.7353,409093.223,331909.9894,536470.3464,366423.5125,415225.8077,214373.7379,254240.1163,315908.7027,535999.5462,446561.1546,449544.3581,810318.7719,703398.515,427378.5995,1040814.259,894825.9347,580165.7321,413782.0461,608702.7652,671443,475670.2907,268496.8465,179477.1793,130664.5313,90201.44471,912708.8688,168058.3603,70660.64195,58557.31055,56085.46721,95196.58224,394152.9236,541174.5417,65341.30161,40827.14773,418608.9022,40040.26935,35551.49679,38427.66346,31167.52273,30543.42556,32767.11842,66285.8913,45113.545,59880.33333,66425.29741,71770.66106,106389.1144,5270403.626,932170.2878,267558.3505,121172.8802,114981.5049,84896.00568,81227.55388,172032.0742,40297.26389,87317.35682,127437.3415,236869.625,66604.1,155531.2448,236735.5543,148125.899,113229.8596,135752.4785,121671.7997,108520.8589,118362.8338,60008.09211,48790.02574,718363.4179,147962.3558,100240.0197,78956.27632,68529.275,69895.91429,161754.9779,147421.2869,173608.6094,521668.2264,94120.06034,102597.9777,83723.49148,118725.4875,109971.3272,328911.6083,69918.20066,146800.9737,232983.9692,224788.805
VAN_0039,Atrophy treated,2334.408505,1754.446203,73428.57874,3566.341463,3069.72931,15768.63822,6248.71371,5401.761364,7976.25,77830.43429,55689.67357,13312.70617,4718.064189,2291.018182,2653.981771,3305.757479,3365.087264,3726.311715,2580.684859,7246.029286,485775.5194,103675.6004,71413.42303,452952.207,565436.3157,45073.50868,84405.68587,86693.59366,68067.81681,78168.32206,78791.33807,72347.73892,75725.115,922788.8891,711712.94,635660.0658,988049.7796,1017704.454,942176.9797,658650.3056,735630.1801,699316.8736,1030144.326,880544.2007,766496.3279,615045.0066,389871.0492,1207648.519,1283873.798,1845303.296,1330608.336,1666624.073,1119019.265,917033.4293,957577.7143,1210132.946,836226.5434,1063326.754,1237685.52,1463641.18,1493414.855,1422527.125,1217696.231,673504.2097,774715.0581,885407.1824,691434.4457,209527.0376,257471.5473,299258.1531,229997.1625,132189.1142,770052.315,330624.4716,204935.5134,108872.7993,801465.2216,218401.6082,158187.3169,500266.8596,177187.1576,152864.1875,105461.9615,166304.7469,85586.82206,71616.73093,53985.05273,45875.50205,62257.61513,708954.934,553787.9792,94123.83145,38687.56023,762964.0978,38714.33482,47301.53846,29052.54487,40170.53977,21139.51264,20272.34868,19839.77174,16542.08,23821.41204,40064.47414,33988.79567,44171.42553,373315.8256,98054.8125,251922.6936,105548.8333,64883.21104,60635.51136,62730.12931,48141.17188,35704.5,58557.31818,66880.42857,174206.0948,75760.02917,125903.1667,144385.8288,122035.2212,103700.739,86100.06836,82028.27911,82130.81452,84788.45241,76183.69079,71882.17647,384887.65,188230.0128,265551.0789,146244.4375,102129.405,66806.30357,158701.5319,120293.0114,97484.37891,320095.9358,156702.4698,175144.2813,98641.77557,182648.3708,199866.1949,168614.1905,155132.0132,225378.3914,411099.4243,418528.9317
VAN_0039B,Atrophy treated,1917.585052,4197.303006,116349.7785,6735.233994,7459.200862,20137.72476,10203.47581,9921.843583,16168.0653,101823.6755,56536.95223,21643.06534,7039.608108,5348.895455,5255.158854,5915.28953,6905.669811,6338.893305,6178.616197,12852.00857,662430.963,130863.373,129947.0344,542238.9637,786217.5644,57057.86632,108211.6869,115115.0344,100649.5711,108691.0368,105260.0128,93191.08703,108006.3,924950.5168,892008.32,797704.0132,1223181.41,1259360.575,1120040.405,826151.4861,1063214.04,1004243.504,1280948.37,1256812.181,988109.1926,797952.5592,545426.0265,1587839.438,1858947.591,2488935.725,1861314.091,2082831.785,1513743.923,2301170.207,1295635.875,1636934.426,1070871.505,1350399.092,1784517.216,1903239.356,2147329.332,2027778.106,1555823.429,860078.0161,906158.7587,956434.8649,1176907.543,397035.2487,476155.3919,572191.5344,421934.65,274375.1958,1101541.647,600214.4943,381202.1295,215303.1414,1350148.18,464098.4784,268419.2122,364970.3816,192599.0598,264105.2781,128486.8245,247365.1016,102845.8441,74839.09746,80003.94336,68611.89344,87316.75987,2007136.701,1015785.995,135187.1315,55256.67045,2655824.467,24692.6369,81167.59936,47314.10897,42313.63636,34861.40449,28966.06579,31093.46196,26408.87,30865.95833,55384.73707,47691.82933,55931.60372,210974.6847,90563.20066,180932.7819,104390.4844,77565.92857,69753.69886,97937.57759,52249.17969,45847.66204,87625.74318,92492.87723,169383.1078,98338.925,152013.0938,200807.3668,197842.7452,145170.1667,118078.377,103358.0993,93747.2379,81754.81155,66144.57566,65399.56618,510735.9393,162421.9199,152473.1667,102856.2007,78988.435,61293.37143,165716.8971,146563.929,128388.3164,387853.8885,166845.0603,193109.7634,134270.5227,217146.5542,269059.7132,419260.5833,78640.89474,269949.8191,442269.2958,436067.7633
VAN_003B,Atrophy treated,3608.659149,485.2321994,39624.12648,14053.18064,4423.224569,15807.90986,9944.914315,5932.935495,5173.713619,71039.39543,30426.69904,21780.35877,5573.972973,22780.18636,12326.05729,8515.871261,10374.33491,6622.60251,4175.705546,5783.098929,435198.3754,22271.15462,9758.993177,357094.1297,536740.8131,148449.8108,132266.0794,129579.4719,110513.0517,106851.1669,117935.7834,128881.3315,123881.9375,485793.6097,589980.5188,544201.9622,907070.1447,1081386.481,932699.3277,597554.6597,900271.8612,751538.6408,1311449.745,1359260.862,1024080.643,740910.5576,546333.2506,1090686.788,999662.375,1791612.179,1238174.298,1461263.856,1035441.877,753640.4891,848247.5393,613753.7733,754124.9796,848691.1838,985424.2255,1424916.078,1179111.221,1479405.763,1037606.949,610370.5907,822152.1352,874415.2095,552736.5516,251712.4267,234616.9696,407939.8313,357734.955,207299.9837,904043.7426,492893.4972,312250.6451,186744.6678,816813.5341,386997.3077,266484.2776,498477.0471,364359.3995,383893.8641,169905.1118,232732.1867,100714.511,57501.15466,47656.9541,47921.42418,90293.55757,256925.4063,1341749.982,168342.5145,89591.34318,243714.0303,43204.57887,80455.17308,62590.95513,70702.33381,38949.69663,32656.46053,39335.375,31284.4875,45145.125,100114.7716,100501.0228,91798.44681,204831.2169,138631.0938,161039.0123,132527.7891,131219.1502,110837.0142,84549.86099,81210.33594,59583.97685,184359.6511,238549.6429,353626.4138,128535.7042,204081.0182,293639.8832,184335.3966,160406.4792,145063.1289,144698.7406,139786.7298,117770.4321,93558.64474,83549.9614,579497.2089,187010.8029,141923.8355,111868.648,95833.46,83235.43214,192533.1471,164204.4318,135120.709,793765.0591,167068.6638,189511.8549,169728.1122,224182.8563,154075.0551,253257.9762,154235.9622,265048.9161,372770.5251,432503.54
VAN_0040B,Atrophy treated,2706.773196,1503.998418,29057.5374,4796.621951,11002.92414,21271.02404,7644.879032,18103.18717,6117.865672,231700.4487,206603.6688,55994.08036,3538.540541,4309.490909,5670.432292,6254.344017,6338.877358,7952.630753,3322.46831,6538.504286,544634.2306,31723.81225,117018.0044,505192.6344,668846.5052,99248.90625,223353.9187,232480.905,179120.0172,194007.8265,215150.1733,238193.0791,253325.7133,2438353.497,998694.355,1063792.625,1541525.803,1911588.144,1152349.662,972005.5972,1168941.53,1017814.294,2152066.339,2047945.066,1428464.447,1057342.263,725445.1692,1609910.225,1462328.462,2364741.592,1893490.771,2443805.853,1735586.059,1037073.261,1116590.171,965324.5343,1437958.612,1617084.897,1660968.358,1947740,1668420.593,2043123.475,1485480.885,1083065.806,1467155.36,1421634.25,1827374.973,291885.0995,340659.4932,369139.7938,280397.575,179884.7462,994833.299,406509.1932,280426.3571,141272.2303,1093670.379,687971.6538,476900.5,807419.7061,368656.9348,310589.2188,281826.4135,337091.3,252754.2853,208697.4322,128133.9023,102210.082,146890.0724,400060.7917,1185548.094,271050.0226,89349.54318,443067.7003,195497.0863,96900,54469.98077,140549.9148,37524.1236,38437.59211,53288.67391,38360.1,57464.71296,104933.819,116424.2452,149210,654067.8004,276672.2697,322115.9412,251942.0104,270867.5325,180867.1705,148148.0905,98048.19531,84769.25926,219424.9409,323439.4911,965055,244600.6917,500700.9063,659330.3207,380547.6923,302854.3333,267879.8555,260139.1336,274688.8468,280962.9454,226134.9737,201538.2059,534864.5929,471776.3718,325379.3202,252812.9408,204449.15,152712.2,708093.4461,398749.2443,358318.8281,1217876.736,447479.7328,504188.0804,246520.2784,457033.25,479614.0515,319484.6881,740000.6776,880481.5526,1735102.711,1675244.037
VAN_0042B,Atrophy treated,234.8030498,2145.907041,14667.33169,6679.126143,9126.906466,24840.04808,2852.895161,7200.421123,3985.038246,70001.42708,52789.1035,16589.50101,4615.623311,6485.6875,8344.223958,6389.591346,4289.450472,5141.509937,4994.326585,14413.08786,987914.746,144850.8873,57625.73035,742670.4153,1222910.87,116320.1432,108618.7255,112017.5224,88015.3222,88296.02132,88712.50284,76500.92326,79731.4575,455317.1554,1097645.988,981998.2697,1481074.53,1488633.82,1127390.774,949961.625,1193655.95,1133251.773,1958435.253,1996911.232,1442414.369,1117541.298,639293.2841,1923472.078,2053728.168,3295232.648,2618958.553,2954366.649,2336405.149,1503598.565,1629484.914,1989344.159,1149612.568,1512014.178,1731420.461,1920631.577,2125279.929,1766515.027,1878101.883,952158.6774,1100556.901,1163789.014,1437581.08,491804.4536,539183.5591,962411.1703,824998.31,506493.3074,1830876.009,1204244.871,747312.8058,453694.8438,1432450.879,825278.6538,503981.2456,551151.83,399601.0462,604532.6797,227796.5841,296895.6805,118216.7441,67924.28072,67861.55273,59150.02357,102186.2105,214606.0104,1269985.612,144385.7988,72382.24602,438217.0082,52120.36682,41660.26122,41156.21635,33841.19744,33365.51334,38574.46382,51053.65217,37488.5375,48026.21296,92230.44181,91803.60337,107057.6184,172403.2598,123028.75,117943.1103,103604.2214,118863.9773,88364.11932,75881.37931,63713.37109,39500.21065,141535.375,204541.5223,304925.2737,124472.0729,204895.8646,297460.5693,222662.8798,182556.761,148200.7031,136785.0813,117837.9274,99927.90577,93607.58224,93686.5864,472355.2714,203327.9295,150079.8279,129599.2039,115169.725,94655.06964,195914.0294,139770.6179,111315.2285,661169.4814,160417.3039,182990.4263,95292.05114,138262.8458,138234.6287,309490.7905,102099.625,241313.2253,361478.7055,410354.6675
VAN_0044B,Atrophy treated,4590.056271,1304.391614,83298.60433,4255.753049,5898.477586,24668.00721,22075.13105,14672.50401,9139.384328,381061.3029,263267.2261,30683.78734,4354.155405,4869.359091,8299.541667,9155.393162,9692.910377,3706.739017,10055.03257,5371.658571,232121.1514,14256.97691,22293.38592,208579.4395,300401.2603,242596.599,205747.3362,280702.3182,168714.1401,182166.6309,212388.0327,256439.3465,313604.8867,948413.7282,867202.1975,978586.7599,731982.8322,1100844.656,1059696.818,776194.2222,1013305.155,834810.7788,1140912.367,1140931.345,731820.4603,514481.6809,429888.1376,1104824.241,984701.726,1648130.125,1570731.982,1766389.432,1533060.29,648641.3967,533264.0536,533563.0711,840034.5995,990379.7488,811771.3873,844300.8919,830115.6982,1035002.288,622175.8013,524424.5484,774360.9448,876897.2838,2603092.905,218455.461,214054.7973,350074.2063,285336.825,141550.1869,630142.5,307381.9063,327607.7589,134447.1151,764701.2235,846131.4808,587032.5116,1758014.305,506356.6413,364572.2406,344330.226,388645.7203,223534.0632,240484.3199,144464.1973,115611.3135,326423.0987,356043.6597,1978298.266,234788.0645,188380.1159,898465.5582,335775.6979,210222.0481,97287.45833,353275.8523,64564.92697,56973.71711,92593.29891,57794.365,86642.06944,127333.6207,156096.3101,191708.6037,1705696.631,289495.6793,403147.8431,286381.5833,292853.8312,177532.8864,241316.3836,200638.1836,142558.7593,361654.2568,536874.4754,2031156.366,312942.0542,620324.7969,865595.4755,476006.2404,372135.6623,354369.8496,366684.9658,406191.9113,340619.9613,262772.7368,262172.4779,1112056.136,766130.2276,498235.9057,387931.8849,314045.26,236548.7607,1102722.311,443741.3892,447349.1172,1767531.105,366146.1078,342726.9241,235061.081,265021.0458,283606.8529,361972.6155,1267588.174,1250775.405,2396503.208,2091734.457
VAN_0045B,Atrophy treated,2532.519759,2013.621835,20838.81693,4402.666159,5217.465517,14437.6274,7328.443548,13110.98797,3536.776119,128565.1138,95940.61465,30229.6737,4977.263514,7986.681818,7066.833333,6147.570513,10724.41038,5166.574268,4203.716549,6881.878571,796735.4384,132718.5763,167522.012,658642.9543,943980.1701,65602.24653,144031.1981,158111.8271,121466.1466,129708.0235,145595.3324,158226.9399,159888.63,1408720.242,1203272.14,1115816.993,1824932.243,1962606.808,1143663.297,962653.3194,1226861.165,1110483.571,2217598.297,2322976.211,1574352.744,1160370.947,1022951.533,5027891.838,7404490.5,6504011.276,3855423.219,2960489.582,2017880.243,1703839.533,1790519.157,1610071.162,1639220.796,2026142.951,8625075.505,8529178.364,9861459.35,13564688.71,3271010.654,1732407.952,1732249.11,1542331.486,10329944.2,593707.5484,523333.0338,668851.625,481891.865,318946.5829,1292434.208,697585.7557,463726.8571,243523.3026,1211902.212,632068.1827,389483.2326,483400.3421,187708.7826,146213.05,124353.8125,257509.9344,122503.6941,83836.48729,60849.41797,41238.36066,83993.92763,174136.0833,884549.0104,173776.4823,36167.57955,917274.8012,77869.16667,37192.62821,21218.89103,33945.1875,10904.41011,8007.934211,16248.76087,10041.33,14601.2037,42027.57759,46085.45673,60578.46809,723023.9683,163405.7829,204455.2157,150758.0208,146910.7435,96444.96591,76436.15517,48771.99219,37114.74074,109789.0227,147492.3438,378980.7328,132711.6583,245568.8646,358096.8424,211070,155968.0658,137793.9453,135351.2534,136330.5242,139699.3033,121306.0066,106213.8603,334948.7214,203916.3974,142821.6886,115080.8684,99533.69,81646.31429,326128.1569,218376.0511,185307.3203,345061.5541,278080.5345,313211.3304,287354.2898,365658.5583,359604.0074,128105.45,393751.25,438011.3092,923152.757,899753.07
VAN_0046B,Atrophy treated,1645.311641,335.4521361,21198.4626,1617.815168,2128.982759,18202.5643,4353.525202,7238.094586,5365.377799,90905.14904,60530.16998,17814.41599,1878.204392,1371.152273,2112.16276,3093.995192,4736.830189,4524.558054,2790.661092,9492.519286,181706.5717,16808.1619,16286.78166,198013.4892,214433.2887,41900.68229,89182.58283,81013.44921,67558.75647,74675.85956,75508.57741,72749.00633,78022.41,513368.5751,351926.6888,356835.9622,533106.3643,605251.4363,484781.5676,329437.6024,389754.2129,336456.4375,683860.5965,636062.199,459024.4971,377017.2072,253380.8939,614398.8734,537636.3606,802372.6209,622053.8958,823380.7351,543866.4724,393679.9674,400054.0625,360408.7806,488024.0115,587829.2463,685092.3346,695502.7564,674567.1036,749283.1797,524726.9247,359658.7258,499756.2762,484566.6351,599561.0543,84305.99597,74815.21115,81278.08438,62878.79875,42921.40721,279434.0901,71952.66619,47809.72098,29809.85197,396301.0398,73093.03846,68152.46366,287611.3651,107305.5734,103298.2797,87933.74519,115026.7367,72938.20588,58163.73835,45050.82227,37980.71721,65460.98355,457440.3611,534837.2083,101996.0964,32025.00625,301501.3117,59601.36607,59845.06731,28778.12821,68112.37358,18917.36236,18357.16447,20892.37772,17291.4275,24488.45139,35463.0431,39244.85457,49132.64362,177462.4394,88913.16036,151837.2708,90095.58854,77395.21347,61058.16761,59888.48599,50514.01367,42493.9213,81159.71818,112649.7121,368014.4375,89553.50208,131269.0885,196566.1726,129329.5625,98261.69737,84424.40918,82587.33048,85026.47782,87064.42132,80059.25658,75123.8989,274390.2571,108042.2965,86654.79386,77679.34868,73040.12,65700.41607,171033.2206,139503,113133.168,372524.1909,134600.1293,156322.3549,85374.60227,129363.8271,140169.9007,159283.3851,217324.5559,247972.6546,484215.7474,488244.4575
VAN_0047B,Atrophy treated,5287.325601,1483.787975,24248.26575,6303.589939,17258.17069,56324.44231,14532.71371,15903.43048,7912.817164,220615.3734,132402.2006,48086.09334,2809.783784,6476.254545,11221.96354,14778.18803,11419.21698,18783.30649,16523.80106,9438.862857,2864915.923,553602.9428,70764.21616,2924766.901,3385767.5,130503.4583,285773.4885,279713.8423,233749.5862,240938.8529,275527.6591,324290.3513,347667.4833,1720267.68,3857733.56,3293091.099,5937434.684,6173014.389,3932993.027,3378325.91,3242953.445,3272458.275,6489239.801,4561711.809,4541385.674,3748800.211,2330012.737,6938198.481,7518607.24,11555982.96,8139520.25,10566904.13,7114036.221,5293828.196,5766345,6899653.926,4506572.27,5727955.115,6538486.471,8402367.03,8279547.043,7783104.688,7556273.673,3837595.984,4399933.424,4742534.027,1761240.217,422222.5215,467201.1824,596975.9563,523965.095,360003.727,4066804.875,1291985.983,823522.9643,284298.6974,4480274.068,498345.524,372027.7035,1413720.478,678872.163,473832.4375,301224.8894,407356.9469,218747.2676,173517.6314,142342.5391,104905.5082,207853.6908,415764.2083,1664046.281,307403.7274,78307.00682,1014470.697,88584.01786,104888.1923,97059.08974,138044.0284,58219.09831,57688.84211,75524.83696,51223.45,73086.35185,130700.5,133548.8269,184423.5319,315417.4683,255993.1184,315391.549,223676.3958,182333.9968,160012.8182,169760.4095,137903.5,100314.037,285942.7273,362607.9152,789667.8448,256417.3917,372806.375,393795.625,317916.4423,279826.7675,248313.7656,247550.339,233525.9274,224933,207512.9474,200632.6691,488587.3214,298713.109,239337.4649,212484.1579,185481.03,156811.95,459538.0441,365386.8693,284871.7422,706607.4122,384403.4052,456644.4375,250656.0028,406361.45,425520.6691,428891.9738,512922.3618,585428.0987,1252204.229,1319321.503
VAN_0048,Atrophy treated,3176.553265,983.5522152,72718.55906,6491.411585,7354.836207,71163.3726,12394.70565,16441.76471,9134.511194,298969.5577,160158.5,51879.41964,4996.939189,3793.736364,9363.421875,13584.96154,11776.6934,2659.264644,12581.69542,5734.478571,2089479.463,146327.6215,24952.13974,1591644.89,2427767.711,293651.3681,292606.1687,317064.1873,211068.1724,216935.3735,238791.2642,245518.6392,273299.1267,2221675.092,2317230.99,2379684.138,4285880.678,5231321.582,2523963.709,2139327.569,2262094.479,1967454.934,6463241.111,6758588.612,4736390.741,3225868.474,2165393.47,4217739.069,4111363.933,6849516.355,4916093.76,6380719.929,4166554.404,3191205.935,3749283.029,2595673.24,3675428.49,4221486.944,5225067.652,6446095.386,5586520.118,6770378.6,4996809.308,3455809.855,4418824.948,4239557.743,2272071.505,785684.2339,872393.6149,1736179.788,1537239.37,900450.699,3396774.167,2129260.938,1213809.321,798427.4474,2971736.379,1544356.188,1117058.186,1746274.548,849489.3804,554124.9688,352212.6731,613786.6031,324462.7912,224094.8644,152711.875,141120.627,299227.7434,573996.1944,2238808.302,350734.9435,146124.825,182393.3028,178280.869,153968.2821,111201.9103,217662.4318,71077.49719,83133.93421,99700.8913,73012.69,99977.9537,171480.5086,189976.3413,240086.2606,503760.0485,346015.3289,408677.7892,318927.2396,305534.6883,221810.3068,193404.9741,189627.3203,115548.6852,297144.3455,502069.5491,1261229.267,313973.4333,527742.7188,711215.9891,455643.4615,387050.9123,353530.7695,350421.0034,333686.9597,314800.0508,280341.9342,272768.0147,805299.0286,438714.7885,328780.7368,289292.4934,255740.11,214079.9214,651660.348,444054.7841,350051.1953,2131842.669,492209.9741,557936.1518,222430.0142,411711.6417,438081.6103,320280.2095,622176.9539,851208.1447,1482447.377,1567906.847
VAN_0048B,Atrophy treated,3571.098797,1773.346519,41434.56791,4049.881098,4324.869828,32895.35697,10085.38306,11191.47794,7347.095149,145799.4359,79317.56449,26515.16112,5114.547297,4432.536364,6762.505208,7593.57265,7722.667453,5178.326883,12158.21127,7074.55,1177491.905,204340.2334,16017.69869,941892.3938,1395175.439,133300.0816,162680.0189,172913.4539,124473.2328,132010.2926,143524.2045,140245.8386,142678.9433,1359342.48,1439818.583,1172636.118,1939517.735,2007667.716,1683600.527,1295520.25,1296909.43,1281367.926,2121084.978,2311606.776,1663746.397,1210270.243,751026.1919,2507428.947,2687369.846,3980231.411,2920637.081,3470143.106,2611982.607,1901388.75,1959657.393,2249913.458,1503617.276,2052274.572,2311671.38,2838816.006,2760595.984,2651302.688,2308434.952,1149382.157,1410031.509,1549186.111,1179929.223,423759.047,471283.5304,930248.7625,786804.4,504569.1301,1821819.089,1063254.761,676906.2054,378123.4211,1540751.644,857304.5024,554776.9593,989465.6513,291217.5598,181112.1313,125518.7813,411939.0766,133033.0265,86616.36864,65072.36719,53438.13115,114077.5921,328932.0382,1119774.755,166729.0589,54249.60114,116721.0691,68923.48512,77540.14103,52987.1859,106484.1477,28383.53652,31059.86184,44653.58152,25889.235,41277.31944,82875.99138,84152.91587,123679.0399,327231.6157,170342.4128,216761.0221,162623.3802,120580.586,94970.84091,94715.03879,130538.1914,58539.01389,159619.8818,227457.1496,669736.1724,150694.5125,231060.5938,336489.7473,219934.6971,175848.0044,161685.5625,158843.9966,147566.9194,137548.9918,111916.7204,102361.0221,387909.5464,178581.0641,137712.3575,122860.5362,110625.26,92249.44286,291228.5441,205804.2983,173982.9297,1002415.436,247757.6121,283493.6027,162079.0611,284332.025,303925.9963,448500.5774,334784.8158,422814.6711,748696.919,747288.9867
VAN_004B,Atrophy treated,3710.685567,722.4984177,43179.56102,5594.341463,7359.403448,50562.77644,11241.70161,12082.21524,10351.75,216556.4535,139233.0573,54937.63636,2491.912162,4464.45,5995.703125,7840.382479,6668.943396,4378.194561,9595.320423,5598.681429,1754361.484,514435.3926,22634.48799,1851922.312,2038908.307,118469.0972,292315.9385,255149.2693,199753.3017,206740.65,217355.7756,214678.8671,208452.08,2054761.148,3047269.645,2878403.053,4552050.661,4668082.111,2960603.615,2474160.847,2395506.072,2358783.547,4855161.253,3698490.757,3272782.529,2740457.842,1708540.038,4574650.369,4867203.462,7281082.188,5322207.604,7087222.19,4509045.221,3512949.359,3918173.964,4619489.608,3548428.862,4531263.24,5271718.461,6283228.513,6200083.782,5886735.181,5485298.481,3387547.726,3760716.657,4029285.318,1524581.603,298085.7796,266780.0541,378098.6063,351421.5,223366.4503,2785374.85,857610.6136,553715.5625,193549.6579,2919229.527,265493.0192,284159.9535,1750249.759,701556.3261,510441.6188,351655.1923,322795.7969,232488.1029,198699.1864,145343.8945,128505.918,182932.2237,962105.0694,1430564.938,360845.5403,74738.87273,274240.2609,109528.872,84289.46154,81903.62821,109827.108,49392.51966,48966.07895,57506.30435,44085.36,60724.89815,109919.4224,111962.9904,148340.4574,404608.3396,280409.8618,405145.7794,271837.5,216226.7597,192497.4432,148041.819,126772.5156,103376.75,177622.1955,248724.3438,564707.6121,274459.9667,393443.0417,485995.2174,352422.1731,301201.4649,266222.8438,260501.0719,268501.4597,336697.4759,260183.5526,250473.1397,546416.9429,302832.2949,254377.7632,231380.6776,214652.78,187546.0643,442517.8039,394912.8864,294260.8359,675671.5338,477288.1034,560258.7679,199742.3295,394373.6583,420884.7574,313805.719,392641.1776,545425.3158,1067417.127,1168448.987
VAN_0051B,Atrophy treated,2472.249141,1811.281646,28200.66732,2853.126524,3572.767241,21451.70433,11063.79032,15005.54144,5279.238806,164999.7212,137180.8424,30338.44886,2645.77027,3397.963636,3793.84375,4919.549145,4493.853774,5300.25523,2543.889085,5414.094286,307326.4894,20421.11747,116878.3614,273076.1586,376457.1572,65511.02778,154206.2046,154514.6729,127372.0991,145232.4794,162274.858,169870.1994,182683.79,1510651.951,603035.185,598556.1711,802494.7697,975967.3221,717199.5203,537745.3681,794855.3008,659458.7857,1029270.589,1083585.105,696932.8794,489497.625,357432.5682,1014096.956,800221.8654,1207621.477,995063.7188,1211385.147,934766.4926,564890.8696,549921.3214,544121.2696,772689.2041,892447.0466,789060.201,991548.5847,802637.7679,1044964.888,678364.8782,484580.7258,693235.686,703181.3176,877247.2826,230982.9624,300491.8649,322836.7188,223587.27,134610.0179,515443.9828,253979.4943,163243.5089,105617.0395,681948.5417,280807.8125,212722.0872,621814.307,208632.5652,180748.8875,192727.0048,231720.3781,146987.7618,135237.1017,87402.09375,65964.11885,98387.69079,415936.1806,925407.0104,175817.8016,61552.15227,1189502.582,123373.8036,93531.97436,48087.58333,145916.8239,27508.05899,26967.51316,40599.46739,30131.94,44506.90741,67155.56034,74598.3125,113295.7181,1096811.209,173892.6974,237565.0735,174342.0521,144850.1266,105669.5682,123573.2026,84295.74219,67681.38889,145934.4227,222786.8705,846287.2328,181178.2833,292407.6042,399803.6141,242852.6346,189251.2237,170093.7969,169580.8116,185639.9274,196544.6904,210604.0921,198846.9559,410238.9357,219308.3205,167770.1447,149352.3092,132606.73,113953.5143,452193.9412,250790.4773,190964.8828,860239.8378,323498.1466,347479.1429,172754.767,313157.5083,338449.2279,250477.0857,605363.4868,578778.0197,1314420.144,1158070.5
VAN_0053B,Atrophy treated,1710.54811,2558.837025,21704.85039,7212.362805,9352.981034,45009.01442,9680.350806,27583.07487,9112.742537,454531.3558,273380.3774,49277.95292,5634.236486,5998.140909,7302.619792,10125.74786,9841.613208,10328.0523,10627.22535,10581.02429,869618.1162,25252.18775,22530.0524,803761.4973,480688.8299,196804.8507,264620.1251,290636.3994,246870.8103,288875.0824,334947.858,358172.6835,396452.9267,2803882.11,905769.73,872769.9211,1170073.342,1242178.346,3926057.716,3319662.319,1349787.004,1112097.239,1454242.066,1437303.164,1468993.968,1597192.046,1326028.73,1691050.238,2065878.981,2552356.01,3404683.51,2035056.418,2300985.176,2210301.141,1305077.7,2111669.235,1772509.02,3059087.929,3644093.917,1510593.636,2205620.707,1239791.663,1551905.494,1606286.895,2566716.169,3490401.459,2842995.44,908420.8871,809954.5,1233383.156,970894.635,637554.8125,2962073.525,1934616.074,1794358.911,2019999.158,909453.4545,713701.2933,533242.6802,1436565.561,564455.5,395229.6625,440665.0769,579606.8094,452040.4353,387184.4703,331201.0742,291727.2541,422727.2105,696497.5764,1444664.49,298120.3258,120730.0364,114212.3478,243345.8125,175517.0192,100181.9231,251471.8807,42172.0618,42375.32895,55018.55435,46526.82,63817.4537,109836.6983,112546.2067,168248.6702,497955.5131,270451.2072,331871.1078,278918.7292,321320.4253,224222.0114,226390.5172,164026.7656,129551.4074,255333.4591,359433.192,1458335.664,350205.8167,614739.1875,819469.3261,479527.6538,359668.5439,315592.6094,320105.6027,327945.9355,397081.7348,426082.5395,421693.7279,571885.0643,507563.8205,405385.4386,366319.4079,312597.99,260862.4786,1032338.216,498900.8182,357850.625,1507482.818,597359.3534,658535.7768,358713.2983,584347.875,622452.5882,1184019.693,1235972.796,1420630.296,2754604.364,2456437.177
VAN_0056B,Atrophy treated,148.6821306,2856.669304,78508.72441,4064.657012,5422.843103,24818.34255,2174.814516,3833.680481,4897.311567,83838.60256,37739.94188,17948.18222,3908.054054,2184.920455,2309.044271,1421.166667,2190.610849,5082.202929,8842.495599,9839.227857,1262638.518,89438.63002,9148.728712,354941.5255,1513113.639,60036.25868,100691.8814,107076.5275,82951.69828,95767.03088,96957.69886,77336.27373,77161.89167,1162326.227,587267.06,560445.8882,746467.5822,702318.0096,935321.598,659518.4618,601155.2945,625938.5701,1663596.438,3252618.257,1514109.46,850677.5395,455775.1503,1463396.709,1819840.188,2613158.058,2252130.958,1739595.141,1752837.357,1299828.832,1297701.764,1124273.424,755929.9056,965432.5919,1933398.554,1857004.396,2219342.693,2446235.941,1102198.638,665964.2742,716293.6017,820308.5507,2056782.717,991681.3723,1360438.713,2700332.522,2281467.388,1277477.348,2293972.4,2673156.216,1569930.991,1099601.352,736336.3958,2160701.031,1330568.206,746216.9759,244730.6793,183588.7875,109547.7548,306887.35,122153.6162,72289.87712,71301.94727,63960.5082,70148.71711,124785.3993,316993.6094,139157.95,54731.77955,393325.7919,27583.7381,61557.42308,55101.59936,56662.99432,24319.45084,24207.50658,31840.94565,24322.395,32479.94444,62690.625,60728.13462,68699.98404,341963.5653,116485.2171,167305.6299,120324.7917,86795.80357,72676.26705,72595.19612,54965.69922,40070.87963,77056.93409,111197.6138,241122.194,108711.2292,179278.6406,216781.2228,186503.3173,145728.5702,129122.8887,122643.0479,114818.371,88863.82868,77746.25,77790.20956,1218241.068,241827.8526,139544.2697,100286.4046,80776.325,65500.67143,195830.7132,149703.0142,130596.9141,576596.2703,223596.8017,249418.5223,88542.93182,191197.3083,194126.2978,402378.7536,93492.52632,331121.8191,435613.0995,445418.7233
VAN_0059B,Atrophy treated,1509.399055,1575.299051,43875.20472,3857.610518,5532.088793,49706.90625,5680.493952,7588.844251,7644.089552,171397.8181,88665.73248,34935.65341,6173.320946,4795.988636,11187.60677,14044.82799,11360.50708,23516.9022,10368.53609,49184.37286,336808.5449,20582.21486,23328.64028,362868.9516,410740.4278,288314.4983,199930.4222,189580.3471,157197.6487,186067.3662,192288.0014,164520.5791,181566.565,833339.9469,785157.85,818116.9803,1054763.551,1252395.519,978276.0473,624995.6736,1185696.203,926285.6277,1395282.509,1401754.78,944583.3897,770770,503724.9407,1355284.878,1352965.784,1882544.77,1511019.771,1751448.117,1197942.434,856091.7772,779825.575,593845.1691,951098.9566,1129064.679,1298248.154,1373001.483,1254561.468,1533241.8,984373.9936,732400.6411,1043429.785,973298.6081,1459712.91,187251.789,140204.9797,169962.1,129269.6875,100122.683,657630.1275,158200.3693,121523.4554,67352.70724,854782.1136,378103.6538,305642.5698,1165104.588,483698.038,328838.1625,203998.2788,310746.0953,137502.8074,90015.72034,85789.2168,75401.77049,149775.6776,370664.7674,2414920.641,239825.1444,79216.41136,304960.0714,144604.6875,95792.53205,78181.06731,139379.4119,59635.15028,51439.51316,80119.25,48095.28,63440.73148,101900.5647,122293.0913,172246.2314,1805677.016,234453.528,293677.4632,252616.8542,176867.4286,130300.3239,147682.7112,93425.76953,83450.7037,406862.5886,423783.5737,940336.6595,200610.9208,369757.1615,485680.4783,298701.6875,246907.875,233700.4121,246035.9092,246254.254,202189.5108,163230.6743,158535.5809,797124.2536,343325.2308,244043.682,201640.9441,176142.645,136527.7714,504600.0662,267703.5568,256792.5117,1578552.473,246460.3017,268087.2902,157545.6392,203199.8542,229409.625,421742.3214,486028.9375,635588.7368,1027968.087,972516.8283
VAN_005B,Atrophy treated,1296.219931,1785.950949,50370.98031,7351.161585,7163.305172,52324.65144,9452.056452,20025.70455,9443.723881,277859.524,209042.7962,56449.71672,4258.027027,1930.695455,3625.84375,3869.782051,4554.226415,4474.25,5997.234155,3353.967143,1416608.724,364538.3303,333616.1059,1096967.54,1664359.84,103246.1979,266096.6741,267480.4697,200989.306,216996.0353,227537.4432,227052.3038,231157.27,2965112.669,2011676.71,2042466.553,2637324.201,2628221.591,1993462.081,1789378.597,2156414.678,2040582.264,3021130.114,2949739,2104082.721,1645501.789,989976.5404,2799249.025,3164610.885,4843708.743,3823231.885,4443315.554,3157280.779,3021359.717,2963141.5,3624846.922,2468712.964,2978126.191,3240795.451,3998363.809,4401415.486,3436341.325,3253671.417,2067260.395,2213790.622,2505619.622,1670943.234,890243.6532,1066918.534,1471427.694,1222009.23,685479.6161,2507277.632,1668962.818,1039558.625,603144.1711,1831738.848,1348201.534,919616.843,1292733.575,470988.0543,324711.8125,292303.8558,602204.0031,318149.7353,228837.8941,152387.7695,125188.709,211212.7368,584425.9653,1097680.146,360508.4645,116806.6682,372110.4022,133054.3988,90070,58675.70513,74346.25,60689.76966,50270.67105,70487.75,54637.06,61956.38889,73044.65517,79068.64904,154065.6011,3514518.653,706739.1349,345509.1078,245692.0104,205688.8279,211927.75,174855.0905,119208.6406,88799.31481,131162.1773,165369.1071,326417.7414,229592.9667,357684.5938,348803.9239,310850.7981,300341.0614,280128.7422,283456.1438,287671.629,275347.9797,214345.2237,209565.3971,946793.5429,770294.9679,1152071.237,608055.3487,415571.17,226071.3929,624898.7941,434113.5341,375343.1953,1291936.007,535939.6034,610640.7768,222518.1051,463893.4167,494317.5735,275234.7762,571633.1711,852788.5921,1596258.623,1627027.887
VAN_006B,Atrophy treated,601.2276632,356.9825949,23779.75394,7220.418445,3458.037069,25995.37019,3949.766129,5823.977941,5158.158582,124779.1603,60315.84873,20654.73295,3715.699324,5025.936364,9787.080729,11334.08974,8855.441038,3603.11454,8790.426937,18874.21571,443586.3486,23049.42369,113037.173,322315.1411,547984.5954,240570.9931,140731.482,155600.8399,121125.5625,129355.1044,136659.7713,160341.8259,181705.4133,641676.1895,688488.0025,723637.4276,939147.2829,1118899.178,965599.4865,691364.4236,1237924.845,999353.5714,1489759.057,1676374.411,1237350.113,908519.4375,607420.5745,1174401.459,1262024.202,1930899.038,1501064.417,1715326.842,1149619.982,774724.9837,882021.5964,810892.3333,967424.7194,1036492.388,1291401.135,1469071.072,1393431.063,1693843.056,1087274.478,719454.754,928043.4041,1018686.334,1441279.484,414599.9772,438422.0878,581211.5156,461342.7675,263319.3144,1024316.154,622013.9688,354966.0313,242722.9243,901953.7216,511636.274,382293.8256,1047278.377,645493.413,543676.0406,266754.4615,281328.05,133942.0074,102551.5784,87644.43555,73325.62295,151392.6118,293239.4444,1855505.818,177353.4395,99832.73636,262326.1219,114670.7143,87830.90064,73381.16026,119831.5767,47705.15309,56792.55263,71622.28804,50022.535,71570.5,133102.8276,144219.1587,157465.9202,874495.7397,304143.8618,204156.7574,169303.3073,180361.1039,134210.5398,99444.60776,83800.14063,71412.85185,199525.1659,331562.8438,643094.9483,155831.8292,271163.8594,374323.731,247985.3221,223647.2193,196831.0938,203748.5514,197493.5605,165599.0171,129671.0921,116932.0846,427796.0321,247864.6154,208276.1491,167760.8947,142270.995,107333.5107,375322.1054,200429.0966,153412.5977,828903.5034,217445.7457,244391.4866,97591.72585,151797.7417,154624.0882,180802.0369,372461.0395,565324.9539,782563.0563,817383.5633
VAN_007B,Atrophy treated,384.080756,2001.445115,73491.79478,6572.451791,9741.568427,5112.352314,1542.858619,3450.448362,3107.274254,34147.44932,24403.03613,6218.419034,11064.26858,8434.488636,5402.22819,3594.44351,3792.171875,3790.831525,2268.022007,9601.368571,158946.3118,9955.290474,5653.733079,31683.98353,202632.4663,58656.63845,61579.31516,66753.12311,55828.59294,51971.46967,47451.32706,45299.02611,45855.88958,187777.4026,266550.2909,250869.1131,207659.1417,141243.8392,491986.2703,213203.6797,308351.786,259853.5022,288316.1584,569419.4498,301063.1147,176510.0995,124598.7719,265456.9461,221439.5228,443181.5966,393444.4645,296528.4341,287640.7339,210997.5088,230109.821,165243.0769,128265.5392,172746.008,207973.0028,214255.621,239395.5362,258461.8629,183440.0321,119300.6099,258515.1086,209548.7162,433026.927,287801.3264,257857.3222,430631.2301,359467.5622,197498.3778,370278.3068,411276.0803,218059.3265,169082.2081,203520.1039,366312.6055,239748.1781,237551.7777,233985.0435,474182.0617,169844.0565,253026.2672,73217.38015,27456.04078,24085.07568,23515.41598,61742.4634,77729.23264,489984.3809,75912.16915,43607.88026,199771.8342,15485.09412,33310.34535,23924.26803,22255.21911,24656.46664,24716.9523,30372.40897,23443.65375,29286.94965,61887.47522,63926.66196,63408.04488,110733.5246,63898.87007,59605.60417,60062.88281,58829.4795,51989.41974,47757.48518,44589.60596,30797.06481,106598.2543,139617.0904,175732.5172,65382.68906,103170.6191,175295.6685,151802.4561,125025.7464,87914.81885,72287.51862,64077.19758,48524.57995,41008.23849,41746.85662,1009811.579,205992.3706,87889.06606,60312.00535,47717.49,36382.51071,90563.14522,72878.52379,69900.90479,372394.6841,77390.79418,85859.45033,76027.91868,75657.39531,69087.84835,128430.5231,39114.64556,111888.3536,132445.8014,174285.4973
VAN_008B,Atrophy treated,275.8262457,1466.09909,45928.45276,10075.23495,6802.206034,12246.02704,2361.813004,5781.567179,3880.716884,41790.10276,35666.07842,9761.173194,8724.066723,10053.26932,6981.018229,4632.034188,4990.227594,5447.368201,5888.362896,13498.00036,299269.8409,44476.10856,6428.985262,163201.1636,367220.8992,81381.18533,76697.5363,85858.8397,75801.80388,65897.65772,61736.20952,54676.45253,56170.43625,272225.7235,528729.6306,423244.815,502922.1661,481968.006,578669.3497,380762.3368,536847.8724,470393.5144,648958.3331,892012.0938,551164.1989,367135.6086,244294.9037,575269.975,582886.7392,923968.5444,748976.7259,769992.1454,614790.9881,436806.2283,496282.1679,423580.1422,350656.1569,469234.167,522662.94,617668.9756,591665.3121,567806.2438,472659.2244,298697.3155,376592.7638,399860.9772,563472.5951,242250.6946,327463.4797,503556.4898,399819.5556,224454.1258,680534.4513,498185.8714,292668.2444,193086.1538,436780.0748,415414.8245,265523.2674,326071.1804,240510.6753,383949.4734,131026.8684,163049.6766,80966.03199,36570.92691,31878.18262,25374.99539,44629.30016,122550.1727,741630.013,87300.05323,47229.34148,117603.5285,24861.64695,30770.20272,23257.65705,19527.91264,20855.95506,20232.96875,26539.57065,20808.70875,28029.31481,61574.89978,59074.32091,57445.83577,88474.63689,63163.09622,65567.05086,68315.3112,68546.89286,55750.02415,52172.5458,48390.80664,29363.69213,107952.6409,138092.6144,174899.2231,71337.02188,129963.4063,170415.9069,137945.3774,124156.4896,99667.27393,92600.17551,88902.76411,63762.82678,53399.82155,54343.93107,739699.4634,189692.8958,106610.7336,80383.88158,66865.0425,52976.28036,133545.7053,87430.40696,79998.68945,410763.076,90698.35776,100481.3438,95877.04794,100925.9052,90689.89798,153624.0036,72491.99671,167584.44,218772.0022,247421.6079
VAN_009B,Atrophy treated,482.7989691,5272.643987,91278.49606,12224.69207,16139.52931,100269.7452,17715.93145,20791.50535,11156.5,355371.5657,219090.2946,57291.79951,14155.53378,6825.440909,11015.74479,12906.58547,18180.63679,29859.16318,23750.68662,28278.50857,4209927.769,781451.6988,122178.4574,3792106.742,4720515.918,347174.7188,348244.8584,372519.8216,309647.8405,310233.0382,333154.5284,384671.4589,442882.0633,2032968.339,5752675.73,5443374.171,9652295.47,10703393.31,5113295.966,4481487.604,4510683.597,4115324.566,12036986.14,10883515.34,8492338.135,6200100.368,4082077.384,9663962.056,9817044.394,15717011.7,10988104.68,15078116.17,9493413.963,7040038.924,8266759.086,7663527.824,7423585.689,9089679.287,11271547.64,14464741.34,12997627.04,14287480.76,11471354.5,6983435.371,8524525.337,8762615.764,4497830.832,1148156.153,1331268.601,2225152.988,1955448.355,1156404.372,6408303.049,3105074.034,1874023.402,1018928.395,5902595.527,1721184.245,1160647.076,1624236.096,977496.4348,767140.7813,457210.8702,690385.1688,384358.1882,286357.6271,211442.9141,190872.127,381682.1974,561622.4444,2848515.292,445213.4048,159965.4295,439804.1071,257345.8512,187393.3333,166472.5641,256999.2784,99753.80899,105009.1184,135545.6413,100000.87,127338.6667,232889.9828,252694.4471,279104.6915,1021934.336,470436.7072,545166.2549,381776.0625,425311.7695,292633.7159,238437.6509,185946.8047,150763.6019,423522.0182,695359.5446,1493319.181,378962.4083,727793.25,1032848.391,617451.8077,490453.443,430678.2148,439886.6575,420370.3548,360449.6066,315199.7237,302123.5294,1289472.021,579357.6346,439021.693,383733.8421,339750.81,279548.7571,847216.5588,511749.9545,388792.1172,2685194.757,577184.181,661709.3214,231581.2159,420597.2,423769.6912,425483.5429,721984.2237,1215292.303,1930308.366,1945905.793
VAN_0019,Non-atrophy,775.0292096,3271.047468,53422.35827,11584.78659,12124.74828,68387.09135,10217.92742,10259.42246,9653.261194,349082.3429,169799.3981,67518.49026,8309.648649,6024.736364,12781.44792,14076.74786,14029.21698,8590.449791,13635.97887,35445.57143,506542.0141,16165.61446,33758.64629,315385.043,671106.7216,399478.125,364786.6726,377573.8003,295470.2586,337793.7882,321938.1648,306096.4684,356132.4,2701751.254,911518.73,996924.3158,941863.0658,1154655.202,1012235.595,816765.9306,1287184.483,1060100.912,1336030.741,1812191.776,1108224.247,763451.1974,567122.1768,1072757.063,1145539.019,1992721.836,1863268.167,2229110.033,1305403.809,875189.6957,853741.4714,836932.5882,1060771.112,1044720.304,1060073.078,1107585.966,1122799.621,1273175.288,879112.7692,598800.4839,892727.3488,1078463.838,2202214.859,489998.4194,495483.473,866451.65,732114.67,383323.0791,1545678.843,932091.3523,464058.6607,383613.9474,1581519.515,1086498.433,848678.4302,2176150.684,975223.9565,741101.9375,455608.2115,697349.8125,367588.9118,271072.9322,193132.1016,173951.0492,400906.2105,647542.2917,2362653.208,478670.1161,208174.0727,429978.7764,241121.7321,215121.2308,137156.6667,291075.0227,85328.58427,74837.84211,95310.26087,73696.94,93459.31481,138884.2414,171057.2115,213393.617,454643.7127,359660.7566,537955.6373,360507.5,364513.2597,273462.1591,291533.7414,211155.6406,161677.0741,368397.9545,544031.5,1533232.052,436417.3833,637216.9792,965751.4783,632054.5577,495134.0175,435848.3359,425544.5616,437975.8065,381455.1396,307257.3947,295686.7647,793875.5571,526709.8333,397606.6404,341664.4605,300810.26,260200.4286,1001836.373,644124.3295,548351.625,2183589.649,806027.7414,873651.4643,264220.6875,581153.25,599406.8529,266693.5714,932319.6974,1343124.895,2324512.306,2289977.127
VAN_0023,Non-atrophy,356.2349656,0.793314873,23818.05044,733.2482851,620.2036638,1121.885517,477.09375,755.8770053,657.9043843,3123.829728,1877.467158,1221.386769,176.2449324,439.8267045,1708.44987,863.3106303,630.2682783,1004.799817,1161.754181,1502.994464,22025.1853,11258.25753,14541.54803,8632.009073,16783.86115,1430.079204,2276.301176,2921.922036,1937.441267,1937.441267,2272.307933,2495.321743,2851.272799,18318.45262,28295.81063,26023.78125,43762.28947,45039.30048,26199.08784,24465.82986,21908.94333,21653.96738,54758.73892,53424.78043,39351.5261,36803.02714,25413.51957,46352.70703,53659.41466,74292.21217,58496.04753,65281.43818,48445.50184,252205.1603,188298.9188,95023.19792,64651.66327,62457.42984,86793.61336,333814.045,362249.8634,154601.0016,90432.72035,54525.73488,48316.24491,45218.61824,31559.86617,7256.87164,3590.037162,4476.728125,4859.319375,6640.757334,40011.41483,17636.0625,13285.48661,5961.654605,26810.99337,10561.3738,6122.900436,10901.02083,6958.627717,5940.366406,3727.658053,5006.142188,2865.043382,1680.965572,970.8330078,1126.822234,1272.370888,2133.323785,15892.13411,3308.427823,464.9443182,7507.645769,561.2235863,1659.415064,223.3429487,2164.46733,151.088132,110.0986842,12.11413043,695.6157591,3212.388546,988.887931,709.5480769,1231.59508,5970.782183,2784.967516,3492.322304,4155.867188,2868.769075,2292.274148,1663.719828,1155.764648,1264.642361,4208.4875,4639.368304,8571.53556,2718.777083,4977.726563,7057.16712,4613.862981,3316.878838,3732.323242,2975.440068,2931.852823,2304.369924,2089.370888,2048.800551,143196.4366,22575.16506,8777.474781,4182.157895,1820.72,2229.526786,4548.762255,4349.81179,4031.239258,10004.42314,2252.225216,4400.051339,9168.416548,6969.785417,6716.78125,2280.49256,4766.908717,7518.729441,13166.26783,13941.88083
VAN_0024,Non-atrophy,796.8041237,3352.083861,217721.0039,31064.75,36305.79483,47584.27885,19453.14516,22004.50802,7429.175373,160550.875,102363.9841,27526.74026,8107.601351,19284.74091,10141.35938,8414.143162,8059.037736,4271.735356,8415.110915,13413.22714,1016256.783,223890.2932,75134.83079,987691.4462,1123463.363,90775.26042,164207.7385,194580.9401,147555.2629,162130.1412,159350.358,154085.7184,160912.49,1550634.049,1903555.49,1762672.888,2874892.332,3114830.913,1711283.135,1303693.792,1496377.504,1301541.409,3186772.665,2953034.895,2254642.747,1636451.197,1114797.076,2823306.206,2702222.702,4059725.78,2678314.219,3731311.582,2037359.088,1838198.88,2146905.379,1833948.167,2243155.566,2732970.917,3259149.75,4109835.708,3440682.236,3953393.988,2977509.122,1913159.992,2507896.523,2587348.709,1389740.06,353721.9973,365930.3378,419119.4563,336077.005,191738.3724,1546929.946,499018.4034,313479.7232,159004.4934,1731575.943,405540.5192,293947,757320.5614,494218.9239,522883.6688,274074.2933,654158.9,185909.7118,129078.072,97203.26953,77603.88934,123985.1316,408261.5972,1396050.698,230158.0339,90525.49318,409104.5202,115169.1905,69546.8141,66862.66667,95489.11364,39875.03371,41213.75,57254.69565,43171.11,55634.87037,102477.3707,110926.3558,109949.7766,998039.8638,178983.8454,150521.1863,133548.2917,121982.4221,105057.8295,104936.1724,90688.07813,68001.06481,216197.9545,308369.6652,510467.7586,146669.3167,276280.25,322103.8804,277134.7404,227164.9035,194479.918,196182.8699,175199.0161,137785.0216,127571.6645,126585.7941,3429137.793,567903.1795,353401.4912,201300.7368,148497.44,94138.91429,409383.3922,249252.4318,216299.1406,1037513.034,311895.5431,353081.0893,298699.358,397819.3083,354875.5074,314840.0429,215753.1579,723032.8618,1061756.849,961706.7967
VAN_0040,Non-atrophy,2648.360825,3192.316456,67247.83858,21861.25305,17298.63103,153328.1154,36156.10484,61611.49465,20452.70149,691485.9199,352350.6529,68314.08442,4606.864865,8877.436364,14862.35417,20752.27778,14685,35877.17573,44904.40845,21552.92,319344.8873,45007.8494,56544.80131,348507.5806,448954.9485,177793.6597,428069.4374,568766.0179,424604.2241,459384.0588,501936.1818,533610.7278,567069.8667,6467401.147,1523813.36,1651339.474,1215774.737,1669024.808,1464654.622,1422294.792,2074594.805,1764922.654,1438686.323,1609355.816,1358967.341,1131138.697,910950.3687,1567445.725,1352556.962,2476413.546,2333908.375,3109660.707,1742814.618,1194945.674,918458.1143,1146754.873,1726511.765,1688019.186,1335017.882,1426219.381,1351097.414,1644563.413,1069329.641,834657.871,1165498.605,1911014.297,4756446.011,565052.5968,291472.7027,363444.975,281640.67,212397.426,1444126.833,468808.7955,301247.1964,185114.9868,1999857.659,700803,1230625.733,3659057.5,1572673.413,1131790.238,732949.4038,2503547.956,860548.0941,521218.8898,325227.2969,293178.0902,698077.1842,1836554.917,3883311.208,504716.0194,345277.5727,942369.7764,829835.8452,388366.6667,246802.3462,672852.4432,114096.3146,132083.8684,179137.4565,123302.54,144662.6296,210808.1897,229786.25,443656.5426,6138049.138,1009599.309,613133.5,480444.25,594644.3506,380619.6818,423519.5603,303734.9844,269677.2222,360644.8091,688133.1071,3258891.19,552134.5333,1157655.896,1571743.554,890074.2308,711298.0789,615669.7813,636782.5137,659133.2903,737582.8782,578681.0395,497141.1176,927458.8,600242.141,507102.7193,481300.8553,424470.04,360842.1571,2910154.794,968868.9432,791496.8594,7039811.392,1166679.621,1248470.929,782384.6023,1325456.9,1170670,451472.2238,2984408,3985709.434,5266108.93,5208563.527
VAN_0041,Non-atrophy,939.1185567,3448.60443,92445.62598,18526.90549,22349.33793,89859.01442,15700.83065,17631.62032,13862.12687,705691.1122,389151.7516,99643.82143,5057.689189,6878.763636,18976.82292,24018.10684,19003.22642,3513.018828,12083.17958,13167.26571,765392.6866,28363.43976,74722.60917,489723.5806,1006987.438,568828.7847,519009.1053,642116.9449,433254.4138,434386.1412,450970.0227,486470.6899,610399.16,3182090.48,1327467.23,1344855.079,1286401.73,1653170.385,1386905.459,1329078.556,2154335.924,1824258.071,1862463.209,2367671.645,1599226.488,1068793.368,823228.6616,1629200.875,1665195.712,3023731.645,2938456.333,3753225.293,2179028.882,1522167.239,1420796.7,1373065.451,1569830.837,1483569.917,1374144.686,1526847.619,1535715.186,1726916.913,1238055.346,772101.5806,1161973.488,1609140.811,2714206.63,690372.6344,730010.1081,1274363.7,1087128.8,593960.2245,2241325.25,1371196.716,779505.9821,567988.4605,2234559.462,1654355.99,1214335.535,3210907.86,1418502.609,822475.2625,633448.0673,1014741.988,675402.0412,455776.5593,311807.7891,302155.5492,677426.8684,632833,3678092.188,702518.1645,280460.6682,361684.264,409835.3929,325402.8333,201979.0897,472602.7841,113501.2079,106422.6053,153203.5217,109976.02,144657.5741,232371.8103,264983.6154,340638.0426,2474764.896,662179.1842,736364.1275,523294.375,627052.1688,470568.8864,466607.9397,399270.9063,253502.4444,468867.5727,810648.5536,2466455.724,713984.0333,1096922.833,1532280.098,983810.4423,773381.9825,678468.7656,671983.4658,655492.3548,616144.6396,510508.4474,509777.7794,1789796.857,1182631.115,843057.0351,714058.8816,591712.28,443498.2714,1831276.814,1040888.08,877774.125,3174934.405,1081006.328,1169640.375,415209.9545,750428.8833,776691.9265,437227.2857,1676628.895,2353189.947,4153446.208,4195762.04
VAN_0043,Non-atrophy,727.8689863,988.9920886,220615.7372,4064.411585,6200.366379,16862.01563,3641.802419,3904.56484,3443.619403,33957.26522,18193.9801,11066.47159,9195.719595,1941.581818,5636.057292,6398.105769,6928.853774,1983.757845,9608.944542,2171.421429,1237058.183,48139.03112,50333.72598,926416.3817,1410393.372,119907.842,79106.04588,168651.199,85704.4569,78631.17647,78049.35795,75981.61392,81386.54,691798.7977,1023576.79,794845.1118,1885672.495,2301023.101,1646988.182,1062019.583,1091695.258,1105339.247,2729561.049,3023994.089,2025537.609,1381329.602,928991.0871,2707864.009,2298803.716,3989260.031,2665394.547,3594606.856,2098315.507,1868641.424,1842564.761,1771130.713,1671330.495,1791431.917,2323264.949,2661353.89,2612885.264,2825784.353,2216230.061,1267518.77,1988603.064,2201292.095,797519.9484,601542.8535,642859.2061,1354951.016,1256833.383,600739.7589,1837380.857,1254579.977,633830.567,479817.0395,1953603.805,968129.0721,681522.6948,286209.0219,254938.9185,317264.9313,120183.8053,369089.8313,69112.88529,50947.08263,58458.93359,55187.79303,120398.102,526481.8368,1088650.828,101354.271,84487.81591,316688.2011,40042.88095,33595.37821,34414.72756,25655.99716,31416.81461,29050.25658,65001.95652,38607.565,57180.82407,75764.5431,67704.86779,100092.4601,4615099.149,441656.7648,411401.2721,160776.401,153832.3977,135320.1193,83707.09914,164045.5625,45365.30093,139488.6727,174724.2589,238095.5862,101592.1542,195040.9792,331850.0109,178332.9904,155631.2873,162517.4375,169979.4264,162386.6653,129583.1085,75014.17105,65934.38235,745252.6214,133877.6282,103263.4145,115982.3684,104433.735,86576.64643,405107.5784,224533.6534,216675.125,1352816.926,149900.9741,158697.0893,104262.956,151322.8833,134683.5735,179795.8631,134783.7697,496981.4539,532510.9437,488921.03
VAN_0045,Non-atrophy,3939.704467,1617.955696,31076.31496,13231.40244,17578.04828,86702.90385,95636.66129,27221.58824,10514.38806,443301.8333,296614.7325,104746.0422,3295.378378,6268.763636,10184.22917,9803.299145,12100.92453,9484.359833,3410.929577,7845.2,2295494.296,224702.9277,291847.1747,2351330.527,2646948.34,204527.6111,472234.7654,438826.9642,361923.3793,402796.6588,432001.8409,431836.6076,432051.72,6982172.489,3269228.98,3005709.5,6087788.263,7407463.115,2976832.432,2699673.861,3344797.102,2820237.462,7594839.494,7341893.737,5484885.341,3923365.553,2557019.02,5549993.475,5745265.923,8878707.026,5484623.604,8670723,4967140.441,3900592.565,4561086.6,3485921.784,5194558.102,5787602.657,6775197.098,8850773.119,7022003.643,9086244.825,6425285.205,4037698.29,5728746.279,5546090.784,2018305.37,707726.957,641290.8378,752449.1,608960.12,330967.9694,2988153.137,890841,540349.5,286128.9211,3866935.258,626093.2885,497268.9535,1797248.789,680659.913,412477.325,370712.9231,1008050.5,517987.6824,304742.8305,199256.5781,177874.0328,379613.5263,709315.6111,2877504.542,604963.7871,143142.1182,299258.7205,242436.25,222709.5897,150445.5897,381022.2045,71022.30337,74965.52632,93388.34783,73750.6,84157.48148,145402.4138,181249.6923,267426.5319,1665298.127,518761.6579,868417.098,561822.375,424482.8442,320069.6364,277120.6379,189706.375,183693.5926,351035.6727,557452.8393,2046353.345,488021.9667,840062.25,1119038.217,765826.1538,572158.1228,496152.4688,493099.7808,489144.2258,511536.1066,514725.1316,505898,871905.2857,501301.9487,421538,394800.9474,362300.4,319318.4,1029611.667,771913.1364,572063.9375,1319636.676,1155720.897,1267799.393,456325.6932,1016629.7,1109981.059,409780.7048,1112497.947,1251848.342,2964071.056,2911583.333
VAN_0049,Non-atrophy,368.9570447,3983.984177,112138.7638,10370.2439,16504.95517,105810.4279,17919.49194,40055.91711,15501.53731,468889.5192,194937.8726,61798.95617,6000.608108,5575.381818,9728.927083,13771.26496,10921.77358,17203.12971,26847.21479,31105.60857,1420317.444,40457.46386,67687.85371,189625.7473,1761508.567,139085.5069,320491.5542,382134.0771,307118.1897,343902,361182.9205,411231.2975,461146.1733,3502436.954,940593.25,990539.5526,770687.2632,748902.1827,911359.8919,807258.1389,1213059.085,1074916.17,2042333.684,4342297.053,2015396.894,883362.0921,599114.1263,936716.2375,804924.7885,2086044.711,2433826.271,2041997.576,2073348.868,1515915.304,1495979.686,648798.9804,832052.2755,866543.3578,677052.5784,772430.7034,741977.3214,778032.725,498585.1154,485259.5,675164.7791,1109920,2265460.75,1485487.306,2027530.23,3790256.063,3242339.46,1816174.648,3691773.696,3780142.784,2337691.107,1622067.408,1749189.235,3226685.183,2388989.57,1466479.868,944314.6739,662475.3125,479944.2212,1613197.544,549689.3353,333794.3814,271967.5703,230826.6311,510154.0132,1398611.903,2035146.313,409317.9935,263309.9955,546253.7484,370621.4345,230480.3718,153436.3718,346036.3409,87035.48315,83824.55263,145887.2826,125750.84,118539.7963,185475.4138,192285.3269,320567.8404,14415937.3,2151943.796,598593.3333,381738.3333,418070.3701,334349.9318,330234.7328,302330.875,186499.4815,279311.0545,452750.9286,1626096.845,456425.8667,693702.1458,887843.2391,637343.2308,561618.7719,491870.2813,496086.2671,490669.0806,506839.302,374712.8026,321531.8529,1061970.614,495420.7308,487642.5263,412825.4079,359774.46,317099.7714,1959094.373,836627.2955,729418.1406,3206870.216,790743.4655,861575.4107,414115.517,692381.2833,627288.2059,424627.2619,1484393.737,2304602.092,3314178.609,3316438.773
VAN_0050,Non-atrophy,553.5343643,2871.039124,40221.55512,6990.82622,4169.703448,17852.70673,8250.669355,30543.9385,5844.089552,313834.7596,301249.2866,34927.49351,1094.067568,133.8909091,2397.895833,3062.008547,2892,3323.06026,3323.06026,327.6771429,1905511.387,100625.0984,523999.4672,1289092.575,2242751.68,99546.86111,221289.1689,263185.3251,182742.0431,216357.1,250363.4318,299708.1203,337711.4067,3091489.415,1829902.69,1743550.974,2969735.618,3590216.981,2291296.149,1900651.986,2426129.958,2155244.044,4363756.69,4956486.895,3177528.053,2045678.513,1302179.596,3310722.4,3368622.481,5703639.566,4205229.198,5477858.033,3538361.176,2665544.783,2869469.657,3111905.667,3170986.184,3264967.632,3300501.098,4103606.025,3756708.471,4224670.725,3433481.333,2043524.032,2843530.767,3181854.014,2514382.543,1309589.984,1810602.568,2510442.138,2053368.91,1052898.819,2891662.23,2321868.17,1439962.518,946362.3158,2227259.97,2240612.413,1414610.581,1343282.105,539080.7391,369863.85,368632.75,486106.6125,354925.0294,280885.5424,195127.1953,169514.0328,285531.25,746605.4444,1290858.813,253928.7516,100095,262398.8602,172129.6905,161736.4744,88937.92308,241748.6591,64082.26966,67953.55263,88157.73913,69462.3,96636.01852,156530.7931,165489.7404,195147.5638,1210425.049,310874.3553,381269.0588,280143.1458,321002.4156,250607.9545,232888.8621,150028.6563,136906.2593,304432.6636,418680.1964,1276565.397,312757.35,591427.7708,756176.4239,455774.1154,377430.4386,335528.0547,340572.2123,361873.3871,371555.769,334693,318961.6765,824054.2429,646403.859,447624.7456,360303.0132,302427.84,234269.2,999833.4314,501910.6023,459828.8438,722751.5946,700434.6552,773049.6607,205787.2784,505006.15,514112,264995.2333,977369.1974,1365129.263,2286433.088,2175398.02
VAN_0052,Non-atrophy,20640.33072,16028.87479,46735.35433,25296.98171,36500.06207,84442.93269,33198.67742,30151.12834,8492.746269,622395.6795,647103.1465,103698.5292,8151.72973,20640.33072,20640.33072,19440.73933,19440.73933,13442.78243,24760.1338,19440.73933,3627972.683,200145.3133,20253.92576,2897952.935,4273328.701,172638.3611,487756.9604,494826.3719,341001.8448,371492.8353,428211.3068,501157.557,502250.48,7938725.32,2923800.24,2273952.211,4243141.25,5021087.865,3928455.676,3591815.278,3232604.254,3341005.681,5917393.43,5443883.211,4291112.129,3364240.632,1943878.96,5994121.625,6775951.846,12034935.37,8358668.958,10619463.43,7701816.412,5760299.478,5620344.057,6764915.922,3669485.265,4087301.961,4939042.314,5357345.661,6568888.529,5311660.3,5785771.538,2377631.387,3394840.047,4515224.216,4812282.739,1622775.097,1902241,3154294.775,2781793.42,1576927.913,4945637.078,3411595.909,2151022.179,1271268.553,4680520.182,2946815.635,1888430.302,2422129.211,800950.6522,583042.3,584062.9615,4149822.688,1042184.553,574818.7797,372740.9063,503453.8525,1330472.184,720462.5556,2022250.375,650085.3355,200464.4273,539917.1677,216564.5595,183907.0256,130957,210970.1136,103683.3258,116422,132531.7826,100541.8,114637.7407,226722.9655,213045.2308,373595.7447,4477800.216,609373.3158,625769.3725,569412.75,408535.5065,361083.8182,325216.4655,218565.5938,196719.3333,363801.1455,543026.3571,1217553.31,430581.3,769730.0833,998288.8261,624487.2692,539174.6667,494569.7813,525958.9452,512148.3548,488248.0964,439385.4737,424262.6176,1038694.714,921474.9487,873428.3509,581704.6579,478485.32,362697.7143,1102186.863,882195,818824.2813,1570752.784,1347235.655,1505527.5,256640.8523,916010.8333,1025398.088,462450.4667,972434.7895,1442385.553,2564732.563,2673731.6
VAN_0054,Non-atrophy,2075.776632,1176.667722,49093.55906,10925.0122,13653.16552,60950.73077,27192.94355,16695.22193,10328.51493,408795.3333,312831.4618,84588.2224,4296.310811,5218.672727,8821.375,10980.81197,9419.54717,10450.81172,3610.320423,9125.354286,1086190.525,42232.40161,103843.0633,938845.2419,1258428.814,191578.9306,414693.1882,418050.208,351905.1983,403716.1412,457795.9148,528610.1646,560710.86,6430699.395,1841964.78,1859487.776,2679867.059,3276114.712,1742158.743,1543731.347,1772878.534,1552839.934,3523140.5,3640158.697,2530361.076,1840659.171,1223413.955,2676259.013,2630425.712,4381404.993,2980735.073,4312043.761,2277958.456,1890046.87,2007284.343,1566901.657,2408810.439,2501305.637,2922204.765,3434257.958,3100275.621,3844698.213,2603274.462,1667175.355,2443739.977,2382734.122,2531985.5,551652.3763,587954.1622,842710.15,713443.8,384635.6122,1755547.265,901180.9318,555950.375,357237.2895,1972508.129,1230049.269,876370.5581,1510638.14,695120.2609,612286.975,572255.9231,1118654.094,484488.4471,349227.8305,229606.2656,201741.1393,351916.7763,733220.2917,1845225.25,422946.0968,150779.3409,879926.3106,226282.9702,140647.1795,81941.92308,191879.4886,78474.64607,91589.28947,104937.1304,88132.54,107204.1481,163216.1207,199983.0096,300613.6702,1964503.302,483358.1447,641007.8137,460402.9167,442180.3831,377935.5455,318366.4741,183567.3438,160787.3889,428985.0818,588742.5089,1294980.5,473274.7667,775154.375,1027715.109,638334.3846,531977.5526,483215.0391,471369.1096,476954.4032,488898.7843,434296.5789,403941.5294,1102042.071,674770.141,497336.5175,422099.2763,368962.58,307537.7286,1052798.029,667345.1477,594611.8281,1791174.432,1085387.397,1171292.107,425952.2784,911794.6833,982559.3382,478080.7714,1173889.25,1286378.842,2682082.039,2618994.98
VAN_0055,Non-atrophy,404.3599656,1784.778481,119480.5984,5838.04878,6288.222414,39331.73798,3294.362903,7195.578877,6239.212687,115314.9679,71427.03344,26428.56006,5167.682432,4421.636364,4918.869792,5324.775641,4438.679245,10598.24372,2578.054577,18971.99286,1952796.967,353325.6225,101550.512,1950720.204,2131420.067,108172.0799,148010.6726,137254.4153,121945.7112,145927.3647,145033.5426,143928.2057,157408.4033,1639396.489,2466506.975,1889910.454,3808269.931,4053461.154,2551865.885,2014313.257,2084900.589,2034262.096,3694040.013,2871913.27,2834022.815,2170281.204,1343655.876,4684068.494,4660623.067,7287822.013,4599581.87,6650508.772,3809124.904,3350401.011,3556264.529,4263551.799,2784295.633,3631082.466,4063546.176,5538140.377,5035136.868,4999369.006,4622721.821,2044786.089,2837424.442,3543700.554,1139516.957,414050.7984,506029.7095,745549.1563,630507.355,323109.4005,2476397.647,864165.2159,504787.7411,274490.5263,2872987.227,583595.75,401244.6395,817450.2237,292290.8913,237250.4313,144728.1683,279408.0875,138402.4147,104079.1271,91012.27734,91027.59426,112242.0658,385538.5,1355222.969,163279.8355,46114.05455,437469.4301,65041.16667,51238.8141,42017.85897,59818.89773,27057.08427,29394.51316,35433.36957,27506,36726.33333,70334.91379,77126.85577,88760.77128,366641,143765.6908,309365.9118,160304.7292,117417.8377,99254.15909,90507.8319,64275.25781,50084.32407,124539.5955,199460.0357,364312.0345,128018.2333,237021.5,313623.288,213405.8654,180181.2412,162320.7773,168824.4623,163328.2177,127311.0089,101692.6908,95092.55882,555128.8786,186716.9038,154310.5526,110925.6382,95969.87,81834.55714,236738.6373,207214.5966,182336.5078,549126.2703,311148.9052,349625.4286,116817.4744,282483.0833,277965.8456,341917.65,170342.8947,340356.7105,575011.0458,605168.62
VAN_0057,Non-atrophy,13063.25559,4588.789557,187726.2185,43373.94588,29581.39914,79100.30168,17136.11492,20089.54612,8297.16791,121882.0144,82902.50796,17056.82833,7374.665541,9360.136364,7480.653646,6631.087607,7192.714623,2649.600418,6751.995599,2217.597857,1111091.018,168160.7505,40689.41103,962970.9046,1276718.585,77521.05035,139223.0057,183969.1877,128130.8707,130927.3941,137130.348,146668.4161,163811.7517,1216550.331,1560658.138,1415002.207,2337571.635,2629313.863,1921246.439,1423986.059,1538305.771,1416844.727,2950371.701,2653114.158,2116001.725,1547370.013,1065906.963,2658614.288,2749144.832,4245123.076,2986604.268,3673834.043,2290038.496,1911643.891,2106292.918,2178319.267,1991729.321,2292113.103,2867181.627,3562343.65,3366942.634,3645443.778,2817099.827,1747312.613,2245436.538,2437610.912,1684790.704,455869.3105,429826.7804,749529.1219,697768.64,370748.4107,1823956.675,923469.017,500378.2054,320806.6776,1818601.068,662236.512,485921.718,1339134.118,601949.3804,546390.1406,287071.1538,374543.7172,164856.8074,141359.5042,120596.2363,88660.50615,115459.5855,389391.0764,1434765.359,184783.4306,111257.8045,1450339.355,39920.42113,66378.37821,59169.14103,80634.19886,49295.99719,50040.78289,63952.63587,49306.69,68305.04167,137346.0948,139207.149,128361.7979,313442.6959,158384.1974,226547.9265,148569.7813,144792.3864,119768.5909,93280.6444,120039.1602,68213.875,203426.4114,298427.279,426540.3103,137622.4375,239789.6615,320316.7283,274572.8846,215534.9561,188478.832,182828.7757,165526.0121,112087.5381,98110.08224,100973.9485,3438370.846,646330.0032,283634.0855,176336.6184,131853.02,103362.5464,313899.7941,172219.9972,159921.0391,1149653.801,254303.2457,280015.25,138238.7784,235213.3833,212714.5588,342389.8595,109426.125,482596.4178,732824.5053,682134.6283
