"feature"	"metadata"	"value"	"name"	"coef"	"null_hypothesis"	"stderr"	"pval_individual"	"qval_individual"	"pval_joint"	"qval_joint"	"error"	"model"	"N"	"N_not_zero"
"Lactobacillus"	"NGAT"	"NGAT"	"NGAT"	-1.89958759785177	0.461718546332928	0.507717422239377	3.67188224624853e-05	0.0147609666299191	3.67188224624853e-05	0.00870236092360901	NA	"abundance"	68	68
"Atopobium"	"Reads"	"Reads"	"Reads"	0.350231852626412	-0.880432858225735	0.414210906228956	0.00876556553888447	0.440469668328945	0.0147323278679904	0.581926950785621	NA	"abundance"	68	46
"Bifidobacterium"	"Reads"	"Reads"	"Reads"	0.176160695472685	-0.880432858225735	0.32011764226654	0.00682358792460759	0.440469668328945	0.0136006144970503	0.581926950785621	NA	"abundance"	68	44
"Howardella"	"Reads"	"Reads"	"Reads"	-0.0625869234510809	-0.880432858225735	0.232674887581592	0.00591348489266267	0.440469668328945	0.0117920004817496	0.581926950785621	NA	"abundance"	68	23
"Atopobium"	"Reads"	"Reads"	"Reads"	1.29095123921172	0	0.481953497520734	0.00739349582424677	0.440469668328945	0.0147323278679904	0.581926950785621	"<4 average observations per random effect group often inflates coefficients and deflates p-values: consider setting small_random_effects=TRUE and see tutorial"	"prevalence"	68	46
"Howardella"	"Reads"	"Reads"	"Reads"	1.19378990838506	0	0.454009965239664	0.00855267609553466	0.440469668328945	0.0117920004817496	0.581926950785621	"<4 average observations per random effect group often inflates coefficients and deflates p-values: consider setting small_random_effects=TRUE and see tutorial"	"prevalence"	68	23
"Solobacterium"	"Reads"	"Reads"	"Reads"	1.3544566180379	0	0.475903308303958	0.0044261736642276	0.440469668328945	0.0044261736642276	0.52450157921097	"<4 average observations per random effect group often inflates coefficients and deflates p-values: consider setting small_random_effects=TRUE and see tutorial"	"prevalence"	68	6
"Veillonella"	"NGAT"	"NGAT"	"NGAT"	1.1707194598162	0	0.406483251972976	0.00397527197828505	0.440469668328945	0.00793474116926875	0.581926950785621	"<4 average observations per random effect group often inflates coefficients and deflates p-values: consider setting small_random_effects=TRUE and see tutorial"	"prevalence"	68	11
"Achromobacter"	"Reads"	"Reads"	"Reads"	-2.48762693747397	-0.880432858225735	0.51867476563241	0.0395587575024255	0.746088771769585	0.0775526197097153	0.770813017814643	NA	"abundance"	68	8
"Actinomycetaceae_unclassified"	"Reads"	"Reads"	"Reads"	0.359140289384493	-0.880432858225735	0.49558219397003	0.0241909617978062	0.746088771769585	0.0477967209629095	0.770813017814643	NA	"abundance"	68	26
"Coriobacteriaceae UCG-002"	"Reads"	"Reads"	"Reads"	0.134129388507489	-0.880432858225735	0.420072664056989	0.102901846850741	0.746088771769585	0.130428544854853	0.770813017814643	NA	"abundance"	68	7
"Corynebacteriaceae_unclassified"	"Group"	"Follow up"	"GroupFollow up"	1.04912203741767	0.168031114168626	0.414314321860002	0.067326607333273	0.746088771769585	0.130120342611537	0.770813017814643	NA	"abundance"	68	44
"Cutibacterium"	"Reads"	"Reads"	"Reads"	-2.10939146197644	-0.880432858225735	0.665155684609353	0.0956479506206749	0.746088771769585	0.182147370783415	0.770813017814643	NA	"abundance"	68	16
"Ezakiella"	"Reads"	"Reads"	"Reads"	-2.47356516262265	-0.880432858225735	0.600013339411374	0.0235761191017343	0.746088771769585	0.0465964048115694	0.770813017814643	NA	"abundance"	68	16
"Howardella"	"NGAT"	"NGAT"	"NGAT"	1.14950037148973	0.461718546332928	0.352514063034467	0.0842127730637902	0.746088771769585	0.161333754980487	0.770813017814643	NA	"abundance"	68	23
"HT002"	"NGAT"	"NGAT"	"NGAT"	-1.22802658169342	0.461718546332928	0.799532349447149	0.0592976230240076	0.746088771769585	0.115079037951718	0.770813017814643	NA	"abundance"	68	17
"Lactobacillus"	"Group"	"Follow up"	"GroupFollow up"	-1.08052008022335	0.168031114168626	0.719314251223878	0.0999487840697065	0.746088771769585	0.0999487840697065	0.770813017814643	NA	"abundance"	68	68
"Microbacteriaceae_unclassified"	"Reads"	"Reads"	"Reads"	-1.92585101160434	-0.880432858225735	0.363809148125151	0.0172779242834966	0.746088771769585	0.0172779242834966	0.584981150741243	NA	"abundance"	68	19
"Peptoniphilus"	"Reads"	"Reads"	"Reads"	-0.215019030098932	-0.880432858225735	0.378617594760136	0.103183595856997	0.746088771769585	0.195720337260014	0.770813017814643	NA	"abundance"	68	34
"Peptostreptococcus"	"Reads"	"Reads"	"Reads"	0.41765883754131	-0.880432858225735	0.679288300579552	0.0835679983248541	0.746088771769585	0.160152386305685	0.770813017814643	NA	"abundance"	68	16
"Streptococcus"	"NGAT"	"NGAT"	"NGAT"	1.45053261840973	0.461718546332928	0.521717884472118	0.0732163552219164	0.746088771769585	0.121070779452232	0.770813017814643	NA	"abundance"	68	53
"Uruburuella"	"Reads"	"Reads"	"Reads"	-1.49562349092662	-0.880432858225735	0.288400208613696	0.0821234409789876	0.746088771769585	0.0821234409789876	0.770813017814643	NA	"abundance"	68	31
"Veillonellaceae_unclassified"	"NGAT"	"NGAT"	"NGAT"	1.36028981621652	0.461718546332928	0.507042458775297	0.0971017916493803	0.746088771769585	0.184774825357241	0.770813017814643	NA	"abundance"	68	35
"Veillonellaceae_unclassified"	"Reads"	"Reads"	"Reads"	-0.0516153596237423	-0.880432858225735	0.387035032332813	0.0495857565629471	0.746088771769585	0.0966038635564066	0.770813017814643	NA	"abundance"	68	35
"Vibrio"	"Group"	"Follow up"	"GroupFollow up"	1.2465476553544	0.168031114168626	0.537143035556615	0.0965014999450656	0.746088771769585	0.183690460398484	0.770813017814643	NA	"abundance"	68	21
"Actinomycetaceae_unclassified"	"NGAT"	"NGAT"	"NGAT"	0.543233198732146	0	0.313964062462325	0.0835873934920787	0.746088771769585	0.160187934633358	0.770813017814643	"<4 average observations per random effect group often inflates coefficients and deflates p-values: consider setting small_random_effects=TRUE and see tutorial"	"prevalence"	68	26
"Actinotignum"	"NGAT"	"NGAT"	"NGAT"	1.45857076308194	0	0.626773992558611	0.0199595186172475	0.746088771769585	0.0395206548510627	0.770813017814643	"<4 average observations per random effect group often inflates coefficients and deflates p-values: consider setting small_random_effects=TRUE and see tutorial"	"prevalence"	68	18
"Aerococcus"	"NGAT"	"NGAT"	"NGAT"	2.07390066464109	0	1.24656977645386	0.0961751987596692	0.746088771769585	0.0961751987596692	0.770813017814643	"<4 average observations per random effect group often inflates coefficients and deflates p-values: consider setting small_random_effects=TRUE and see tutorial"	"prevalence"	68	9
"Alcaligenes"	"NGAT"	"NGAT"	"NGAT"	1.42766999282175	0	0.790098622747663	0.0707698216323747	0.746088771769585	0.136531275610871	0.770813017814643	"<4 average observations per random effect group often inflates coefficients and deflates p-values: consider setting small_random_effects=TRUE and see tutorial"	"prevalence"	68	5
"Alcaligenes"	"Reads"	"Reads"	"Reads"	-9.57834774171763	0	4.16824013368645	0.0215654499670975	0.746088771769585	0.0426658313019116	0.770813017814643	"<4 average observations per random effect group often inflates coefficients and deflates p-values: consider setting small_random_effects=TRUE and see tutorial"	"prevalence"	68	5
"Bifidobacterium"	"Reads"	"Reads"	"Reads"	0.97441332551198	0	0.462809201973573	0.0352537166376162	0.746088771769585	0.0136006144970503	0.581926950785621	"<4 average observations per random effect group often inflates coefficients and deflates p-values: consider setting small_random_effects=TRUE and see tutorial"	"prevalence"	68	44
"Coriobacteriaceae UCG-002"	"Reads"	"Reads"	"Reads"	1.89745492926052	0	1.03777668155857	0.0674918471428	0.746088771769585	0.130428544854853	0.770813017814643	"<4 average observations per random effect group often inflates coefficients and deflates p-values: consider setting small_random_effects=TRUE and see tutorial"	"prevalence"	68	7
"Eggerthellaceae_unclassified"	"NGAT"	"NGAT"	"NGAT"	1.01821703396425	0	0.622746552294213	0.102040153996117	0.746088771769585	0.102040153996117	0.770813017814643	"<4 average observations per random effect group often inflates coefficients and deflates p-values: consider setting small_random_effects=TRUE and see tutorial"	"prevalence"	68	6
"Escherichia-Shigella"	"NGAT"	"NGAT"	"NGAT"	1.59223625860049	0	0.980680618334402	0.104460507154064	0.746088771769585	0.198009016753243	0.770813017814643	"<4 average observations per random effect group often inflates coefficients and deflates p-values: consider setting small_random_effects=TRUE and see tutorial"	"prevalence"	68	13
"Facklamia"	"NGAT"	"NGAT"	"NGAT"	2.73106621826603	0	1.64476903356944	0.0968228004060577	0.746088771769585	0.184270946133644	0.770813017814643	"<4 average observations per random effect group often inflates coefficients and deflates p-values: consider setting small_random_effects=TRUE and see tutorial"	"prevalence"	68	7
"Fusobacterium"	"Reads"	"Reads"	"Reads"	0.636128450807436	0	0.293108820541773	0.0299855788592618	0.746088771769585	0.0590720227789986	0.770813017814643	"<4 average observations per random effect group often inflates coefficients and deflates p-values: consider setting small_random_effects=TRUE and see tutorial"	"prevalence"	68	13
"Gardnerella"	"Group"	"Follow up"	"GroupFollow up"	3.43937001967001	0	1.70972763540996	0.0442570655170221	0.746088771769585	0.0865554431858662	0.770813017814643	"<4 average observations per random effect group often inflates coefficients and deflates p-values: consider setting small_random_effects=TRUE and see tutorial"	"prevalence"	68	47
"Limosilactobacillus"	"Group"	"Follow up"	"GroupFollow up"	-3.20652361118316	0	1.79855086455188	0.0746127880226883	0.746088771769585	0.143658507908858	0.770813017814643	"<4 average observations per random effect group often inflates coefficients and deflates p-values: consider setting small_random_effects=TRUE and see tutorial"	"prevalence"	68	12
"Mobiluncus"	"NGAT"	"NGAT"	"NGAT"	0.991312194177885	0	0.549171735310273	0.0710583813198278	0.746088771769585	0.137067469083862	0.770813017814643	"<4 average observations per random effect group often inflates coefficients and deflates p-values: consider setting small_random_effects=TRUE and see tutorial"	"prevalence"	68	18
"Mobiluncus"	"Reads"	"Reads"	"Reads"	0.831058445343165	0	0.440294608658423	0.0590923825812801	0.746088771769585	0.114692855483428	0.770813017814643	"<4 average observations per random effect group often inflates coefficients and deflates p-values: consider setting small_random_effects=TRUE and see tutorial"	"prevalence"	68	18
"Negativicoccus"	"Group"	"Follow up"	"GroupFollow up"	-4.21714465231686	0	2.56052034370599	0.0995606430353346	0.746088771769585	0.0995606430353346	0.770813017814643	"<4 average observations per random effect group often inflates coefficients and deflates p-values: consider setting small_random_effects=TRUE and see tutorial"	"prevalence"	68	5
"Peptoniphilus"	"NGAT"	"NGAT"	"NGAT"	0.748779329187951	0	0.378626417709647	0.0479715456789987	0.746088771769585	0.0936418221631652	0.770813017814643	"<4 average observations per random effect group often inflates coefficients and deflates p-values: consider setting small_random_effects=TRUE and see tutorial"	"prevalence"	68	34
"Peptostreptococcus"	"NGAT"	"NGAT"	"NGAT"	0.533961711418329	0	0.321032183270478	0.0962593284824333	0.746088771769585	0.183252798644978	0.770813017814643	"<4 average observations per random effect group often inflates coefficients and deflates p-values: consider setting small_random_effects=TRUE and see tutorial"	"prevalence"	68	16
"Porphyromonas"	"NGAT"	"NGAT"	"NGAT"	1.18600751925439	0	0.548875062685397	0.0307110337184772	0.746088771769585	0.060478899844897	0.770813017814643	"<4 average observations per random effect group often inflates coefficients and deflates p-values: consider setting small_random_effects=TRUE and see tutorial"	"prevalence"	68	18
"Prevotella"	"NGAT"	"NGAT"	"NGAT"	0.827263105030638	0	0.41381684073759	0.0455970492544922	0.746088771769585	0.0891150076082678	0.770813017814643	"<4 average observations per random effect group often inflates coefficients and deflates p-values: consider setting small_random_effects=TRUE and see tutorial"	"prevalence"	68	38
"Propionibacteriaceae_unclassified"	"Reads"	"Reads"	"Reads"	-0.709880049310254	0	0.423932324575348	0.094029886181175	0.746088771769585	0.179218152867105	0.770813017814643	"<4 average observations per random effect group often inflates coefficients and deflates p-values: consider setting small_random_effects=TRUE and see tutorial"	"prevalence"	68	18
"Propionimicrobium"	"Reads"	"Reads"	"Reads"	1.49317248794819	0	0.923184456110727	0.105788706444941	0.746088771769585	0.200386162478588	0.770813017814643	"<4 average observations per random effect group often inflates coefficients and deflates p-values: consider setting small_random_effects=TRUE and see tutorial"	"prevalence"	68	10
"Pseudomonas"	"Group"	"Follow up"	"GroupFollow up"	1.1909603250192	0	0.630929524224548	0.0590758894336349	0.746088771769585	0.114661818154895	0.770813017814643	"<4 average observations per random effect group often inflates coefficients and deflates p-values: consider setting small_random_effects=TRUE and see tutorial"	"prevalence"	68	39
"Pseudomonas"	"Reads"	"Reads"	"Reads"	-0.513224501625401	0	0.291746520615434	0.0785528433254509	0.746088771769585	0.150935137456389	0.770813017814643	"<4 average observations per random effect group often inflates coefficients and deflates p-values: consider setting small_random_effects=TRUE and see tutorial"	"prevalence"	68	39
"Solobacterium"	"Group"	"Follow up"	"GroupFollow up"	-2.26497049259786	0	1.40027694599313	0.105766925073336	0.746088771769585	0.105766925073336	0.770813017814643	"<4 average observations per random effect group often inflates coefficients and deflates p-values: consider setting small_random_effects=TRUE and see tutorial"	"prevalence"	68	6
"Staphylococcus"	"Reads"	"Reads"	"Reads"	0.860215294076913	0	0.40989821320437	0.0358515513515768	0.746088771769585	0.0704177689688389	0.770813017814643	"<4 average observations per random effect group often inflates coefficients and deflates p-values: consider setting small_random_effects=TRUE and see tutorial"	"prevalence"	68	23
"Streptococcus"	"NGAT"	"NGAT"	"NGAT"	1.59425633308456	0	0.855830015294655	0.0624877491212352	0.746088771769585	0.121070779452232	0.770813017814643	"<4 average observations per random effect group often inflates coefficients and deflates p-values: consider setting small_random_effects=TRUE and see tutorial"	"prevalence"	68	53
"Veillonellaceae_unclassified"	"Group"	"Follow up"	"GroupFollow up"	-2.42925137660838	0	1.30821094944893	0.0633216338562614	0.746088771769585	0.122633638398296	0.770813017814643	"<4 average observations per random effect group often inflates coefficients and deflates p-values: consider setting small_random_effects=TRUE and see tutorial"	"prevalence"	68	35
"Veillonellaceae_unclassified"	"Reads"	"Reads"	"Reads"	2.10468551483458	0	1.07162448704798	0.0495284662634059	0.746088771769585	0.0966038635564066	0.770813017814643	"<4 average observations per random effect group often inflates coefficients and deflates p-values: consider setting small_random_effects=TRUE and see tutorial"	"prevalence"	68	35
"Virgibacillus"	"Group"	"Follow up"	"GroupFollow up"	1.3601761466565	0	0.768820508592091	0.0768650820793189	0.746088771769585	0.0768650820793189	0.770813017814643	"<4 average observations per random effect group often inflates coefficients and deflates p-values: consider setting small_random_effects=TRUE and see tutorial"	"prevalence"	68	11
"Virgibacillus"	"Reads"	"Reads"	"Reads"	-1.11022032495586	0	0.597255114521415	0.0630453987497994	0.746088771769585	0.0630453987497994	0.770813017814643	"<4 average observations per random effect group often inflates coefficients and deflates p-values: consider setting small_random_effects=TRUE and see tutorial"	"prevalence"	68	11
"Actinomyces"	"Reads"	"Reads"	"Reads"	-0.122079837570587	-0.880432858225735	0.544569082253664	0.196305957874379	0.766430877587394	0.354075886651781	0.832206806963759	NA	"abundance"	68	23
"Alkalibacterium"	"Reads"	"Reads"	"Reads"	-1.41817347632323	-0.880432858225735	0.36864137543823	0.173908619998313	0.766430877587394	0.173908619998313	0.770813017814643	NA	"abundance"	68	35
"Alloscardovia"	"Group"	"Follow up"	"GroupFollow up"	1.6087268637744	0.168031114168626	1.17640637028193	0.247205674657635	0.766430877587394	0.337897170508325	0.832206806963759	NA	"abundance"	68	15
"Alloscardovia"	"NGAT"	"NGAT"	"NGAT"	1.22820081960134	0.461718546332928	0.597325492707035	0.234018793587287	0.766430877587394	0.413272791422524	0.832206806963759	NA	"abundance"	68	15
"Alloscardovia"	"Reads"	"Reads"	"Reads"	-0.320762913327634	-0.880432858225735	0.403071297699613	0.204586242814075	0.766430877587394	0.367316954879371	0.832206806963759	NA	"abundance"	68	15
"Anaerococcus"	"Reads"	"Reads"	"Reads"	-0.256154416608468	-0.880432858225735	0.412639099068492	0.15389810582051	0.766430877587394	0.259870214905857	0.817812092455211	NA	"abundance"	68	35
"Atopobiaceae_unclassified"	"Group"	"Follow up"	"GroupFollow up"	-2.56294092378228	0.168031114168626	1.03594144585119	0.122632579884916	0.766430877587394	0.230226410120602	0.817812092455211	NA	"abundance"	68	6
"Atopobiaceae_unclassified"	"NGAT"	"NGAT"	"NGAT"	-0.638987166599894	0.461718546332928	0.631174269511489	0.230917868558051	0.766430877587394	0.408512675096709	0.832206806963759	NA	"abundance"	68	6
"Bifidobacterium"	"Group"	"Follow up"	"GroupFollow up"	1.00730819167991	0.168031114168626	0.663112848836268	0.233580557440854	0.766430877587394	0.412601238067327	0.832206806963759	NA	"abundance"	68	44
"Caulobacter"	"Reads"	"Reads"	"Reads"	-1.30039685991083	-0.880432858225735	0.33587735587998	0.248420958633606	0.766430877587394	0.248420958633606	0.817812092455211	NA	"abundance"	68	41
"Corynebacteriaceae_unclassified"	"NGAT"	"NGAT"	"NGAT"	0.854824985311693	0.461718546332928	0.258355507359127	0.182352953093711	0.766430877587394	0.331453306685424	0.832206806963759	NA	"abundance"	68	44
"DNF00809"	"NGAT"	"NGAT"	"NGAT"	1.70844796830869	0.461718546332928	0.610061555283755	0.147078221725537	0.766430877587394	0.272524440145127	0.817812092455211	NA	"abundance"	68	8
"Escherichia-Shigella"	"Group"	"Follow up"	"GroupFollow up"	-2.72227685032578	0.168031114168626	2.36693557371688	0.251716443294853	0.766430877587394	0.375078996712631	0.832206806963759	NA	"abundance"	68	13
"Ezakiella"	"NGAT"	"NGAT"	"NGAT"	1.05403870178673	0.461718546332928	0.475971100657492	0.249805337257077	0.766430877587394	0.394667587471389	0.832206806963759	NA	"abundance"	68	16
"Facklamia"	"NGAT"	"NGAT"	"NGAT"	-0.344317643789255	0.461718546332928	0.535551466550125	0.2391413311506	0.766430877587394	0.184270946133644	0.770813017814643	NA	"abundance"	68	7
"Finegoldia"	"Reads"	"Reads"	"Reads"	-0.340462567634941	-0.880432858225735	0.325192216862162	0.124327107038494	0.766430877587394	0.233196984532427	0.817812092455211	NA	"abundance"	68	44
"Gardnerella"	"Group"	"Follow up"	"GroupFollow up"	-0.963587488904944	0.168031114168626	0.82563823075436	0.190276556343474	0.766430877587394	0.0865554431858662	0.770813017814643	NA	"abundance"	68	47
"Howardella"	"Group"	"Follow up"	"GroupFollow up"	1.30211144505547	0.168031114168626	0.698316824760361	0.132197339839547	0.766430877587394	0.246918543018442	0.817812092455211	NA	"abundance"	68	23
"Idiomarina"	"Group"	"Follow up"	"GroupFollow up"	1.06877400895205	0.168031114168626	0.709162027319048	0.25005992502182	0.766430877587394	0.430746241836412	0.834589290966486	NA	"abundance"	68	12
"Lactobacillus"	"Reads"	"Reads"	"Reads"	-0.354710397186847	-0.880432858225735	0.392833072488834	0.201647287360793	0.766430877587394	0.201647287360793	0.770813017814643	NA	"abundance"	68	68
"Microbacteriaceae_unclassified"	"NGAT"	"NGAT"	"NGAT"	0.0819958812855977	0.461718546332928	0.285746074551735	0.244667750574246	0.766430877587394	0.262911880327835	0.817812092455211	NA	"abundance"	68	19
"Mobiluncus"	"Group"	"Follow up"	"GroupFollow up"	-1.20287329740059	0.168031114168626	1.15326758139704	0.264054013464793	0.766430877587394	0.45838350490272	0.84555388989089	NA	"abundance"	68	18
"Paracoccus"	"Group"	"Follow up"	"GroupFollow up"	1.14614603470445	0.168031114168626	0.685367463926341	0.190050037189345	0.766430877587394	0.343981057743019	0.832206806963759	NA	"abundance"	68	25
"Prevotella"	"Reads"	"Reads"	"Reads"	-0.329243875659747	-0.880432858225735	0.485114837485306	0.272635859440292	0.766430877587394	0.470941407027837	0.84555388989089	NA	"abundance"	68	38
"Prevotellaceae_unclassified"	"Group"	"Follow up"	"GroupFollow up"	-1.354768199786	0.168031114168626	1.19242264672116	0.218486440638455	0.766430877587394	0.389236556534049	0.832206806963759	NA	"abundance"	68	22
"Streptococcus"	"Group"	"Follow up"	"GroupFollow up"	1.37310254852125	0.168031114168626	0.8629616879786	0.178367011413593	0.766430877587394	0.32491923206657	0.832206806963759	NA	"abundance"	68	53
"Vibrio"	"NGAT"	"NGAT"	"NGAT"	0.824405858729266	0.461718546332928	0.282580368204884	0.260049186329749	0.766430877587394	0.452472793348733	0.84555388989089	NA	"abundance"	68	21
"Achromobacter"	"Group"	"Follow up"	"GroupFollow up"	2.91582453729051	0	2.11637515428279	0.168282141842146	0.766430877587394	0.308245404421311	0.832206806963759	"<4 average observations per random effect group often inflates coefficients and deflates p-values: consider setting small_random_effects=TRUE and see tutorial"	"prevalence"	68	8
"Achromobacter"	"NGAT"	"NGAT"	"NGAT"	1.243744778195	0	1.09700046874558	0.256891590113943	0.766430877587394	0.447789891156615	0.84555388989089	"<4 average observations per random effect group often inflates coefficients and deflates p-values: consider setting small_random_effects=TRUE and see tutorial"	"prevalence"	68	8
"Achromobacter"	"Reads"	"Reads"	"Reads"	-1.94242461213176	0	1.69638443145171	0.252193422484885	0.766430877587394	0.0775526197097153	0.770813017814643	"<4 average observations per random effect group often inflates coefficients and deflates p-values: consider setting small_random_effects=TRUE and see tutorial"	"prevalence"	68	8
"Actinobaculum"	"NGAT"	"NGAT"	"NGAT"	1.57406857000508	0	1.43477296122253	0.272604030818404	0.766430877587394	0.272604030818404	0.817812092455211	"<4 average observations per random effect group often inflates coefficients and deflates p-values: consider setting small_random_effects=TRUE and see tutorial"	"prevalence"	68	6
"Alloscardovia"	"Group"	"Follow up"	"GroupFollow up"	-2.13312425066701	0	1.61405267690279	0.186302986676444	0.766430877587394	0.337897170508325	0.832206806963759	"<4 average observations per random effect group often inflates coefficients and deflates p-values: consider setting small_random_effects=TRUE and see tutorial"	"prevalence"	68	15
"Anaerococcus"	"Reads"	"Reads"	"Reads"	0.67482101331701	0	0.456905194016178	0.139692040549349	0.766430877587394	0.259870214905857	0.817812092455211	"<4 average observations per random effect group often inflates coefficients and deflates p-values: consider setting small_random_effects=TRUE and see tutorial"	"prevalence"	68	35
"Anaeroglobus"	"Group"	"Follow up"	"GroupFollow up"	1.08539937783415	0	0.785886558620779	0.167243735869187	0.766430877587394	0.167243735869187	0.770813017814643	"<4 average observations per random effect group often inflates coefficients and deflates p-values: consider setting small_random_effects=TRUE and see tutorial"	"prevalence"	68	14
"Arcanobacterium"	"NGAT"	"NGAT"	"NGAT"	0.681572699040904	0	0.520858342322229	0.190684539775975	0.766430877587394	0.190684539775975	0.770813017814643	"<4 average observations per random effect group often inflates coefficients and deflates p-values: consider setting small_random_effects=TRUE and see tutorial"	"prevalence"	68	10
"Arcanobacterium"	"Reads"	"Reads"	"Reads"	0.565606974500875	0	0.483816970360534	0.242382866449246	0.766430877587394	0.242382866449246	0.817812092455211	"<4 average observations per random effect group often inflates coefficients and deflates p-values: consider setting small_random_effects=TRUE and see tutorial"	"prevalence"	68	10
"Brevibacterium"	"Reads"	"Reads"	"Reads"	-0.63694687648626	0	0.418098191972846	0.127649039621063	0.766430877587394	0.127649039621063	0.770813017814643	"<4 average observations per random effect group often inflates coefficients and deflates p-values: consider setting small_random_effects=TRUE and see tutorial"	"prevalence"	68	15
"Campylobacter"	"Group"	"Follow up"	"GroupFollow up"	-0.926281744710471	0	0.84063213363165	0.270510736375723	0.766430877587394	0.467845414256909	0.84555388989089	"<4 average observations per random effect group often inflates coefficients and deflates p-values: consider setting small_random_effects=TRUE and see tutorial"	"prevalence"	68	20
"Campylobacter"	"Reads"	"Reads"	"Reads"	0.597145306984703	0	0.469230833643305	0.203158393306759	0.766430877587394	0.365043453842535	0.832206806963759	"<4 average observations per random effect group often inflates coefficients and deflates p-values: consider setting small_random_effects=TRUE and see tutorial"	"prevalence"	68	20
"Catenococcus"	"Reads"	"Reads"	"Reads"	-2.35120742249419	0	1.54224304456586	0.127374485784916	0.766430877587394	0.127374485784916	0.770813017814643	"<4 average observations per random effect group often inflates coefficients and deflates p-values: consider setting small_random_effects=TRUE and see tutorial"	"prevalence"	68	4
"Clostridium sensu stricto 1"	"Group"	"Follow up"	"GroupFollow up"	4.16589539079985	0	2.73219031186614	0.127322541844879	0.766430877587394	0.127322541844879	0.770813017814643	"<4 average observations per random effect group often inflates coefficients and deflates p-values: consider setting small_random_effects=TRUE and see tutorial"	"prevalence"	68	5
"Cutibacterium"	"Group"	"Follow up"	"GroupFollow up"	1.32483688556031	0	1.04514335887826	0.204936331771389	0.766430877587394	0.367873763462865	0.832206806963759	"<4 average observations per random effect group often inflates coefficients and deflates p-values: consider setting small_random_effects=TRUE and see tutorial"	"prevalence"	68	16
"Cutibacterium"	"Reads"	"Reads"	"Reads"	-0.907829830398036	0	0.644700660081845	0.159089139727954	0.766430877587394	0.182147370783415	0.770813017814643	"<4 average observations per random effect group often inflates coefficients and deflates p-values: consider setting small_random_effects=TRUE and see tutorial"	"prevalence"	68	16
"Dialister"	"NGAT"	"NGAT"	"NGAT"	0.595838426116001	0	0.41741750039405	0.153453115431405	0.766430877587394	0.283358372227206	0.829085607627751	"<4 average observations per random effect group often inflates coefficients and deflates p-values: consider setting small_random_effects=TRUE and see tutorial"	"prevalence"	68	36
"Eggerthellaceae_unclassified"	"Reads"	"Reads"	"Reads"	0.487681851691438	0	0.431668291999698	0.25857709179164	0.766430877587394	0.25857709179164	0.817812092455211	"<4 average observations per random effect group often inflates coefficients and deflates p-values: consider setting small_random_effects=TRUE and see tutorial"	"prevalence"	68	6
"Enhydrobacter"	"NGAT"	"NGAT"	"NGAT"	0.590024135790842	0	0.391975030777117	0.132257375227086	0.766430877587394	0.132257375227086	0.770813017814643	"<4 average observations per random effect group often inflates coefficients and deflates p-values: consider setting small_random_effects=TRUE and see tutorial"	"prevalence"	68	8
"Enterococcus"	"Group"	"Follow up"	"GroupFollow up"	0.79464823358209	0	0.538407614071382	0.139964538059527	0.766430877587394	0.260339004204837	0.817812092455211	"<4 average observations per random effect group often inflates coefficients and deflates p-values: consider setting small_random_effects=TRUE and see tutorial"	"prevalence"	68	34
"Enterococcus"	"NGAT"	"NGAT"	"NGAT"	0.325457763536673	0	0.26844881460996	0.225372954103994	0.766430877587394	0.399952939766427	0.832206806963759	"<4 average observations per random effect group often inflates coefficients and deflates p-values: consider setting small_random_effects=TRUE and see tutorial"	"prevalence"	68	34
"Escherichia-Shigella"	"Group"	"Follow up"	"GroupFollow up"	1.65068530521169	0	1.31529225915643	0.209480548444652	0.766430877587394	0.375078996712631	0.832206806963759	"<4 average observations per random effect group often inflates coefficients and deflates p-values: consider setting small_random_effects=TRUE and see tutorial"	"prevalence"	68	13
"Ezakiella"	"Group"	"Follow up"	"GroupFollow up"	-0.872340111040584	0	0.734116312714397	0.234720765288032	0.766430877587394	0.414347692918665	0.832206806963759	"<4 average observations per random effect group often inflates coefficients and deflates p-values: consider setting small_random_effects=TRUE and see tutorial"	"prevalence"	68	16
"Ezakiella"	"NGAT"	"NGAT"	"NGAT"	0.497425468070711	0	0.407288651769397	0.22196888717185	0.766430877587394	0.394667587471389	0.832206806963759	"<4 average observations per random effect group often inflates coefficients and deflates p-values: consider setting small_random_effects=TRUE and see tutorial"	"prevalence"	68	16
"Faecalibacterium"	"Reads"	"Reads"	"Reads"	0.847920026892165	0	0.728643431875306	0.244546908438052	0.766430877587394	0.244546908438052	0.817812092455211	"<4 average observations per random effect group often inflates coefficients and deflates p-values: consider setting small_random_effects=TRUE and see tutorial"	"prevalence"	68	5
"Family XI_unclassified"	"Reads"	"Reads"	"Reads"	0.643867321214074	0	0.423361445252023	0.128298629657236	0.766430877587394	0.240136720942547	0.817812092455211	"<4 average observations per random effect group often inflates coefficients and deflates p-values: consider setting small_random_effects=TRUE and see tutorial"	"prevalence"	68	16
"Finegoldia"	"Reads"	"Reads"	"Reads"	0.484885752502653	0	0.37004851189727	0.190084144354848	0.766430877587394	0.233196984532427	0.817812092455211	"<4 average observations per random effect group often inflates coefficients and deflates p-values: consider setting small_random_effects=TRUE and see tutorial"	"prevalence"	68	44
"Fusobacterium"	"Group"	"Follow up"	"GroupFollow up"	-0.841304414116392	0	0.726877545622528	0.247099792529051	0.766430877587394	0.433141277590201	0.834589290966486	"<4 average observations per random effect group often inflates coefficients and deflates p-values: consider setting small_random_effects=TRUE and see tutorial"	"prevalence"	68	13
"Gardnerella"	"Reads"	"Reads"	"Reads"	1.31700575401041	0	1.01853792866091	0.195998762897347	0.766430877587394	0.353582010737403	0.832206806963759	"<4 average observations per random effect group often inflates coefficients and deflates p-values: consider setting small_random_effects=TRUE and see tutorial"	"prevalence"	68	47
"Haemophilus"	"Reads"	"Reads"	"Reads"	-8.45963456104111	0	6.77877432073237	0.212045956727737	0.766430877587394	0.212045956727737	0.797696694356726	"<4 average observations per random effect group often inflates coefficients and deflates p-values: consider setting small_random_effects=TRUE and see tutorial"	"prevalence"	68	3
"Halomonas"	"NGAT"	"NGAT"	"NGAT"	0.688276022434072	0	0.527543139943244	0.192001163825549	0.766430877587394	0.192001163825549	0.770813017814643	"<4 average observations per random effect group often inflates coefficients and deflates p-values: consider setting small_random_effects=TRUE and see tutorial"	"prevalence"	68	4
"Halomonas"	"Reads"	"Reads"	"Reads"	-1.18285697442954	0	1.07397038424162	0.270728279212752	0.766430877587394	0.270728279212752	0.817812092455211	"<4 average observations per random effect group often inflates coefficients and deflates p-values: consider setting small_random_effects=TRUE and see tutorial"	"prevalence"	68	4
"HT002"	"Reads"	"Reads"	"Reads"	0.707751729951266	0	0.641076631875697	0.269591020873228	0.766430877587394	0.466502723210987	0.84555388989089	"<4 average observations per random effect group often inflates coefficients and deflates p-values: consider setting small_random_effects=TRUE and see tutorial"	"prevalence"	68	17
"Idiomarina"	"Group"	"Follow up"	"GroupFollow up"	1.22788767712752	0	1.05731877553869	0.24551092906286	0.766430877587394	0.430746241836412	0.834589290966486	"<4 average observations per random effect group often inflates coefficients and deflates p-values: consider setting small_random_effects=TRUE and see tutorial"	"prevalence"	68	12
"Lacticaseibacillus"	"NGAT"	"NGAT"	"NGAT"	-1.37006425203728	0	1.07632723548696	0.203051117641975	0.766430877587394	0.364872478908295	0.832206806963759	"<4 average observations per random effect group often inflates coefficients and deflates p-values: consider setting small_random_effects=TRUE and see tutorial"	"prevalence"	68	10
"Lactobacillaceae_unclassified"	"Group"	"Follow up"	"GroupFollow up"	-3.77530247975716	0	2.68688729753222	0.159996287123196	0.766430877587394	0.159996287123196	0.770813017814643	"<4 average observations per random effect group often inflates coefficients and deflates p-values: consider setting small_random_effects=TRUE and see tutorial"	"prevalence"	68	4
"Limosilactobacillus"	"NGAT"	"NGAT"	"NGAT"	-1.32027672584365	0	1.02515024125841	0.19778562165395	0.766430877587394	0.35645209117486	0.832206806963759	"<4 average observations per random effect group often inflates coefficients and deflates p-values: consider setting small_random_effects=TRUE and see tutorial"	"prevalence"	68	12
"Microbacteriaceae_unclassified"	"NGAT"	"NGAT"	"NGAT"	0.433872168104209	0	0.295076912467606	0.141461637623475	0.766430877587394	0.262911880327835	0.817812092455211	"<4 average observations per random effect group often inflates coefficients and deflates p-values: consider setting small_random_effects=TRUE and see tutorial"	"prevalence"	68	19
"Murdochiella"	"NGAT"	"NGAT"	"NGAT"	0.930714042128646	0	0.781912497636029	0.233926693759293	0.766430877587394	0.413131689465433	0.832206806963759	"<4 average observations per random effect group often inflates coefficients and deflates p-values: consider setting small_random_effects=TRUE and see tutorial"	"prevalence"	68	11
"Paracoccus"	"Group"	"Follow up"	"GroupFollow up"	0.606308854162541	0	0.544746368316723	0.265703583792059	0.766430877587394	0.343981057743019	0.832206806963759	"<4 average observations per random effect group often inflates coefficients and deflates p-values: consider setting small_random_effects=TRUE and see tutorial"	"prevalence"	68	25
"Paracoccus"	"Reads"	"Reads"	"Reads"	-0.309845008048024	0	0.274469449786535	0.258945483503428	0.766430877587394	0.450838203580032	0.84555388989089	"<4 average observations per random effect group often inflates coefficients and deflates p-values: consider setting small_random_effects=TRUE and see tutorial"	"prevalence"	68	25
"Peptoniphilus"	"Group"	"Follow up"	"GroupFollow up"	-0.837451038904818	0	0.642670310785853	0.192547339144272	0.766430877587394	0.348020200477004	0.832206806963759	"<4 average observations per random effect group often inflates coefficients and deflates p-values: consider setting small_random_effects=TRUE and see tutorial"	"prevalence"	68	34
"Peptoniphilus"	"Reads"	"Reads"	"Reads"	0.442786768565833	0	0.324458057012029	0.172348466204429	0.766430877587394	0.195720337260014	0.770813017814643	"<4 average observations per random effect group often inflates coefficients and deflates p-values: consider setting small_random_effects=TRUE and see tutorial"	"prevalence"	68	34
"Porphyromonas"	"Group"	"Follow up"	"GroupFollow up"	-1.08541394548795	0	0.814596154264231	0.182710224649883	0.766430877587394	0.332037423108156	0.832206806963759	"<4 average observations per random effect group often inflates coefficients and deflates p-values: consider setting small_random_effects=TRUE and see tutorial"	"prevalence"	68	18
"Prevotella_7"	"Group"	"Follow up"	"GroupFollow up"	-3.79326264973	0	2.40296688201438	0.114433648733642	0.766430877587394	0.114433648733642	0.770813017814643	"<4 average observations per random effect group often inflates coefficients and deflates p-values: consider setting small_random_effects=TRUE and see tutorial"	"prevalence"	68	8
"Prevotellaceae_unclassified"	"NGAT"	"NGAT"	"NGAT"	0.438961170311955	0	0.377438934952503	0.244829836771487	0.766430877587394	0.429718024569422	0.834589290966486	"<4 average observations per random effect group often inflates coefficients and deflates p-values: consider setting small_random_effects=TRUE and see tutorial"	"prevalence"	68	22
"Propionibacteriaceae_unclassified"	"Group"	"Follow up"	"GroupFollow up"	0.869003056506984	0	0.655107872919388	0.18467289058848	0.766430877587394	0.335241704658655	0.832206806963759	"<4 average observations per random effect group often inflates coefficients and deflates p-values: consider setting small_random_effects=TRUE and see tutorial"	"prevalence"	68	18
"Propionimicrobium"	"NGAT"	"NGAT"	"NGAT"	1.99417162463279	0	1.35074690811362	0.139850667721024	0.766430877587394	0.260143126180031	0.817812092455211	"<4 average observations per random effect group often inflates coefficients and deflates p-values: consider setting small_random_effects=TRUE and see tutorial"	"prevalence"	68	10
"Pseudoalteromonas"	"NGAT"	"NGAT"	"NGAT"	0.589924571408524	0	0.372463506175709	0.113228929103907	0.766430877587394	0.113228929103907	0.770813017814643	"<4 average observations per random effect group often inflates coefficients and deflates p-values: consider setting small_random_effects=TRUE and see tutorial"	"prevalence"	68	9
"Stenotrophomonas"	"Reads"	"Reads"	"Reads"	-0.340544262065767	0	0.288759011877583	0.238263906800574	0.766430877587394	0.419758124317275	0.834589290966486	"<4 average observations per random effect group often inflates coefficients and deflates p-values: consider setting small_random_effects=TRUE and see tutorial"	"prevalence"	68	25
"Streptococcus"	"Group"	"Follow up"	"GroupFollow up"	1.37585395831957	0	1.07273171394718	0.199642621068438	0.766430877587394	0.32491923206657	0.832206806963759	"<4 average observations per random effect group often inflates coefficients and deflates p-values: consider setting small_random_effects=TRUE and see tutorial"	"prevalence"	68	53
"Sutterella"	"NGAT"	"NGAT"	"NGAT"	-0.767259148638422	0	0.626886289232738	0.22098211824746	0.766430877587394	0.22098211824746	0.817812092455211	"<4 average observations per random effect group often inflates coefficients and deflates p-values: consider setting small_random_effects=TRUE and see tutorial"	"prevalence"	68	7
"Uruburuella"	"Group"	"Follow up"	"GroupFollow up"	0.766908699880131	0	0.545996141347463	0.160138883559884	0.766430877587394	0.294633305091962	0.832206806963759	"<4 average observations per random effect group often inflates coefficients and deflates p-values: consider setting small_random_effects=TRUE and see tutorial"	"prevalence"	68	31
"Uruburuella"	"NGAT"	"NGAT"	"NGAT"	0.39247276518784	0	0.272330845811266	0.149539026061129	0.766430877587394	0.276716131806946	0.819771540478078	"<4 average observations per random effect group often inflates coefficients and deflates p-values: consider setting small_random_effects=TRUE and see tutorial"	"prevalence"	68	31
"Veillonellaceae_unclassified"	"NGAT"	"NGAT"	"NGAT"	0.968808197767096	0	0.808665923848676	0.23090429774788	0.766430877587394	0.184774825357241	0.770813017814643	"<4 average observations per random effect group often inflates coefficients and deflates p-values: consider setting small_random_effects=TRUE and see tutorial"	"prevalence"	68	35
"Stenotrophomonas"	"Reads"	"Reads"	"Reads"	-1.30202342644896	-0.880432858225735	0.34349920522948	0.275167294998145	0.768175365203155	0.419758124317275	0.834589290966486	NA	"abundance"	68	25
"Varibaculum"	"Reads"	"Reads"	"Reads"	-0.223034662122143	-0.880432858225735	0.540030730922517	0.277191941143915	0.768490760964509	0.477548510052698	0.850969901372102	NA	"abundance"	68	14
"Cutibacterium"	"NGAT"	"NGAT"	"NGAT"	0.691738857896956	0	0.641034524268014	0.280544192361001	0.772457296774812	0.482383340854516	0.85317053569045	"<4 average observations per random effect group often inflates coefficients and deflates p-values: consider setting small_random_effects=TRUE and see tutorial"	"prevalence"	68	16
"HT002"	"Group"	"Follow up"	"GroupFollow up"	-1.23312320022005	0.168031114168626	1.15871588892591	0.285005369669885	0.779402439505399	0.488782678599102	0.857123624502228	NA	"abundance"	68	17
"Family XI_unclassified"	"NGAT"	"NGAT"	"NGAT"	0.548784204308393	0	0.51558843139774	0.287154667098064	0.779974163333931	0.491851531359928	0.857123624502228	"<4 average observations per random effect group often inflates coefficients and deflates p-values: consider setting small_random_effects=TRUE and see tutorial"	"prevalence"	68	16
"Limosilactobacillus"	"Reads"	"Reads"	"Reads"	-0.164801942101369	-0.880432858225735	0.514477975128993	0.293957064762054	0.793092214995608	0.501503373600585	0.867564230243348	NA	"abundance"	68	12
"Enterococcus"	"Reads"	"Reads"	"Reads"	-0.257709442731335	0	0.250784566234233	0.304131977412846	0.799091862221987	0.515767695140644	0.873121026773804	"<4 average observations per random effect group often inflates coefficients and deflates p-values: consider setting small_random_effects=TRUE and see tutorial"	"prevalence"	68	34
"Gardnerella"	"NGAT"	"NGAT"	"NGAT"	0.808126236361453	0	0.785338542971828	0.30347197072688	0.799091862221987	0.514848704436904	0.873121026773804	"<4 average observations per random effect group often inflates coefficients and deflates p-values: consider setting small_random_effects=TRUE and see tutorial"	"prevalence"	68	47
"Prevotella_7"	"Reads"	"Reads"	"Reads"	0.822866683652702	0	0.794144951810908	0.300124303049642	0.799091862221987	0.300124303049642	0.832206806963759	"<4 average observations per random effect group often inflates coefficients and deflates p-values: consider setting small_random_effects=TRUE and see tutorial"	"prevalence"	68	8
"Varibaculum"	"NGAT"	"NGAT"	"NGAT"	0.480665569363484	0	0.464622945709293	0.30088927065146	0.799091862221987	0.511244188109752	0.873121026773804	"<4 average observations per random effect group often inflates coefficients and deflates p-values: consider setting small_random_effects=TRUE and see tutorial"	"prevalence"	68	14
"Stenotrophomonas"	"Group"	"Follow up"	"GroupFollow up"	0.743489764283746	0.168031114168626	0.517885885228717	0.310690379652669	0.800625209104955	0.524852247296619	0.87598579302323	NA	"abundance"	68	25
"Arcanobacterium"	"Group"	"Follow up"	"GroupFollow up"	-1.09007518706919	0	1.07380761298282	0.310034601821541	0.800625209104955	0.310034601821541	0.832206806963759	"<4 average observations per random effect group often inflates coefficients and deflates p-values: consider setting small_random_effects=TRUE and see tutorial"	"prevalence"	68	10
"Fenollaria"	"NGAT"	"NGAT"	"NGAT"	1.02390252383622	0	1.00565070924021	0.308607029174883	0.800625209104955	0.521975759893619	0.87598579302323	"<4 average observations per random effect group often inflates coefficients and deflates p-values: consider setting small_random_effects=TRUE and see tutorial"	"prevalence"	68	8
"Limosilactobacillus"	"NGAT"	"NGAT"	"NGAT"	-0.770250754250146	0.461718546332928	1.14625475325431	0.322848059285589	0.803892630583658	0.35645209117486	0.832206806963759	NA	"abundance"	68	12
"Alkalibacterium"	"NGAT"	"NGAT"	"NGAT"	0.272550150176207	0	0.273758701718877	0.319451660542114	0.803892630583658	0.536853957661115	0.876313054614167	"<4 average observations per random effect group often inflates coefficients and deflates p-values: consider setting small_random_effects=TRUE and see tutorial"	"prevalence"	68	35
"Corynebacteriaceae_unclassified"	"NGAT"	"NGAT"	"NGAT"	-0.268294120772277	0	0.274262380946221	0.327956197551542	0.803892630583658	0.331453306685424	0.832206806963759	"<4 average observations per random effect group often inflates coefficients and deflates p-values: consider setting small_random_effects=TRUE and see tutorial"	"prevalence"	68	44
"Faecalibacterium"	"Group"	"Follow up"	"GroupFollow up"	-1.71771471049898	0	1.75190529681326	0.326847377096005	0.803892630583658	0.326847377096005	0.832206806963759	"<4 average observations per random effect group often inflates coefficients and deflates p-values: consider setting small_random_effects=TRUE and see tutorial"	"prevalence"	68	5
"Parvimonas"	"Group"	"Follow up"	"GroupFollow up"	-0.917342361566264	0	0.912408102814518	0.314700452613066	0.803892630583658	0.314700452613066	0.832206806963759	"<4 average observations per random effect group often inflates coefficients and deflates p-values: consider setting small_random_effects=TRUE and see tutorial"	"prevalence"	68	7
"Prevotella"	"Reads"	"Reads"	"Reads"	0.327499023550798	0	0.332012695172915	0.323934351956674	0.803892630583658	0.470941407027837	0.84555388989089	"<4 average observations per random effect group often inflates coefficients and deflates p-values: consider setting small_random_effects=TRUE and see tutorial"	"prevalence"	68	38
"Pseudonocardiaceae_unclassified"	"Group"	"Follow up"	"GroupFollow up"	-0.931745527838335	0	0.940589750442969	0.321882329002508	0.803892630583658	0.321882329002508	0.832206806963759	"<4 average observations per random effect group often inflates coefficients and deflates p-values: consider setting small_random_effects=TRUE and see tutorial"	"prevalence"	68	7
"Vibrio"	"Reads"	"Reads"	"Reads"	-0.299536259179924	0	0.304582890902354	0.325395355783231	0.803892630583658	0.544908574001166	0.876313054614167	"<4 average observations per random effect group often inflates coefficients and deflates p-values: consider setting small_random_effects=TRUE and see tutorial"	"prevalence"	68	21
"Lacticaseibacillus"	"NGAT"	"NGAT"	"NGAT"	1.94017198759265	0.461718546332928	1.21371376501181	0.332012750632127	0.804030878036839	0.364872478908295	0.832206806963759	NA	"abundance"	68	10
"Pseudoalteromonas"	"Reads"	"Reads"	"Reads"	-0.478410107838799	0	0.49269120407209	0.331541255466195	0.804030878036839	0.331541255466195	0.832206806963759	"<4 average observations per random effect group often inflates coefficients and deflates p-values: consider setting small_random_effects=TRUE and see tutorial"	"prevalence"	68	9
"Family XI_unclassified"	"Group"	"Follow up"	"GroupFollow up"	-0.799909359665457	0	0.832573573618648	0.336669247011204	0.807993015815421	0.559992312139317	0.876313054614167	"<4 average observations per random effect group often inflates coefficients and deflates p-values: consider setting small_random_effects=TRUE and see tutorial"	"prevalence"	68	16
"Ureaplasma"	"Group"	"Follow up"	"GroupFollow up"	1.44620168714276	0	1.50837429000603	0.33766872302734	0.807993015815421	0.561317279543766	0.876313054614167	"<4 average observations per random effect group often inflates coefficients and deflates p-values: consider setting small_random_effects=TRUE and see tutorial"	"prevalence"	68	6
"Anaerococcus"	"NGAT"	"NGAT"	"NGAT"	0.924093761949408	0.461718546332928	0.474729573580316	0.351058689276327	0.819933555990718	0.578875175236242	0.876313054614167	NA	"abundance"	68	35
"Atopobium"	"Group"	"Follow up"	"GroupFollow up"	-0.655620767584764	0.168031114168626	0.903602247015674	0.371848688882079	0.819933555990718	0.605425930340837	0.876313054614167	NA	"abundance"	68	46
"Escherichia-Shigella"	"NGAT"	"NGAT"	"NGAT"	1.47440857890032	0.461718546332928	1.02268200563313	0.349457803207572	0.819933555990718	0.198009016753243	0.770813017814643	NA	"abundance"	68	13
"Murdochiella"	"NGAT"	"NGAT"	"NGAT"	-0.305373341499062	0.461718546332928	0.806471765261891	0.375576314675148	0.819933555990718	0.413131689465433	0.832206806963759	NA	"abundance"	68	11
"Peptoniphilus"	"NGAT"	"NGAT"	"NGAT"	0.901927684057369	0.461718546332928	0.465089290924238	0.364879388280402	0.819933555990718	0.0936418221631652	0.770813017814643	NA	"abundance"	68	34
"Prevotella"	"Group"	"Follow up"	"GroupFollow up"	-0.819710189815003	0.168031114168626	1.02161210598694	0.346717602552845	0.819933555990718	0.573222109185697	0.876313054614167	NA	"abundance"	68	38
"Staphylococcus"	"Group"	"Follow up"	"GroupFollow up"	-0.846708597108015	0.168031114168626	1.10892011482113	0.370126020048572	0.819933555990718	0.603258769380148	0.876313054614167	NA	"abundance"	68	23
"Actinomyces"	"NGAT"	"NGAT"	"NGAT"	0.290831872990013	0	0.33624248461066	0.387067969616136	0.819933555990718	0.624314326129514	0.876313054614167	"<4 average observations per random effect group often inflates coefficients and deflates p-values: consider setting small_random_effects=TRUE and see tutorial"	"prevalence"	68	23
"Anaerococcus"	"NGAT"	"NGAT"	"NGAT"	0.474143868951187	0	0.543779237312216	0.383240106612452	0.819933555990718	0.578875175236242	0.876313054614167	"<4 average observations per random effect group often inflates coefficients and deflates p-values: consider setting small_random_effects=TRUE and see tutorial"	"prevalence"	68	35
"Corynebacterium"	"NGAT"	"NGAT"	"NGAT"	-1.02039671486774	0	1.18087263222262	0.387530785169742	0.819933555990718	0.624881460885207	0.876313054614167	"<4 average observations per random effect group often inflates coefficients and deflates p-values: consider setting small_random_effects=TRUE and see tutorial"	"prevalence"	68	64
"Dialister"	"Reads"	"Reads"	"Reads"	0.301038154981276	0	0.345026071803775	0.382931073258638	0.819933555990718	0.619225939650263	0.876313054614167	"<4 average observations per random effect group often inflates coefficients and deflates p-values: consider setting small_random_effects=TRUE and see tutorial"	"prevalence"	68	36
"Facklamia"	"Group"	"Follow up"	"GroupFollow up"	-1.91209332772585	0	2.0788350920478	0.357682108193776	0.819933555990718	0.587427725865608	0.876313054614167	"<4 average observations per random effect group often inflates coefficients and deflates p-values: consider setting small_random_effects=TRUE and see tutorial"	"prevalence"	68	7
"Faecalibacterium"	"NGAT"	"NGAT"	"NGAT"	-1.25885274368399	0	1.41241998008756	0.372782368822969	0.819933555990718	0.372782368822969	0.832206806963759	"<4 average observations per random effect group often inflates coefficients and deflates p-values: consider setting small_random_effects=TRUE and see tutorial"	"prevalence"	68	5
"Idiomarina"	"NGAT"	"NGAT"	"NGAT"	0.571348660707183	0	0.647387792746103	0.377482322152759	0.819933555990718	0.612471740767679	0.876313054614167	"<4 average observations per random effect group often inflates coefficients and deflates p-values: consider setting small_random_effects=TRUE and see tutorial"	"prevalence"	68	12
"Idiomarina"	"Reads"	"Reads"	"Reads"	-0.614297815738745	0	0.663465868122952	0.354502049538767	0.819933555990718	0.583332395950347	0.876313054614167	"<4 average observations per random effect group often inflates coefficients and deflates p-values: consider setting small_random_effects=TRUE and see tutorial"	"prevalence"	68	12
"Peptostreptococcus"	"Reads"	"Reads"	"Reads"	0.262613064622217	0	0.284029336567508	0.355174855744925	0.819933555990718	0.160152386305685	0.770813017814643	"<4 average observations per random effect group often inflates coefficients and deflates p-values: consider setting small_random_effects=TRUE and see tutorial"	"prevalence"	68	16
"Prevotellaceae_unclassified"	"Group"	"Follow up"	"GroupFollow up"	0.588128056332633	0	0.674585103066258	0.383297465181554	0.819933555990718	0.389236556534049	0.832206806963759	"<4 average observations per random effect group often inflates coefficients and deflates p-values: consider setting small_random_effects=TRUE and see tutorial"	"prevalence"	68	22
"Prevotellaceae_unclassified"	"Reads"	"Reads"	"Reads"	0.269878788977598	0	0.311561491146375	0.386373057534012	0.819933555990718	0.623461975479843	0.876313054614167	"<4 average observations per random effect group often inflates coefficients and deflates p-values: consider setting small_random_effects=TRUE and see tutorial"	"prevalence"	68	22
"Pseudonocardiaceae_unclassified"	"Reads"	"Reads"	"Reads"	0.327023349883588	0	0.372365964786149	0.379818348390492	0.819933555990718	0.379818348390492	0.832206806963759	"<4 average observations per random effect group often inflates coefficients and deflates p-values: consider setting small_random_effects=TRUE and see tutorial"	"prevalence"	68	7
"S5-A14a"	"NGAT"	"NGAT"	"NGAT"	-0.451464676271409	0	0.510530720492769	0.376531793407214	0.819933555990718	0.376531793407214	0.832206806963759	"<4 average observations per random effect group often inflates coefficients and deflates p-values: consider setting small_random_effects=TRUE and see tutorial"	"prevalence"	68	5
"S5-A14a"	"Reads"	"Reads"	"Reads"	0.355058069928817	0	0.381117008590096	0.351530444245608	0.819933555990718	0.351530444245608	0.832206806963759	"<4 average observations per random effect group often inflates coefficients and deflates p-values: consider setting small_random_effects=TRUE and see tutorial"	"prevalence"	68	5
"Staphylococcus"	"NGAT"	"NGAT"	"NGAT"	0.334457184997999	0	0.383581984569469	0.383245790925979	0.819933555990718	0.619614245589478	0.876313054614167	"<4 average observations per random effect group often inflates coefficients and deflates p-values: consider setting small_random_effects=TRUE and see tutorial"	"prevalence"	68	23
"S5-A14a"	"Group"	"Follow up"	"GroupFollow up"	-0.809389805349881	0	0.94983620333543	0.394138506559087	0.829548060925408	0.394138506559087	0.832206806963759	"<4 average observations per random effect group often inflates coefficients and deflates p-values: consider setting small_random_effects=TRUE and see tutorial"	"prevalence"	68	5
"Actinomyces"	"Group"	"Follow up"	"GroupFollow up"	-0.721664169285035	0.168031114168626	1.04439077074555	0.410544014674024	0.838052049852072	0.652541641363383	0.905025051297647	NA	"abundance"	68	23
"Alkalibacterium"	"Group"	"Follow up"	"GroupFollow up"	0.626491931029645	0.168031114168626	0.53404876963274	0.416258350894982	0.838052049852072	0.659245687100154	0.905025051297647	NA	"abundance"	68	35
"Family XI_unclassified"	"NGAT"	"NGAT"	"NGAT"	0.0549391096092636	0.461718546332928	0.471736941755199	0.417999489570484	0.838052049852072	0.491851531359928	0.857123624502228	NA	"abundance"	68	16
"Fusobacterium"	"Reads"	"Reads"	"Reads"	-1.20745996697341	-0.880432858225735	0.37110323534368	0.418571267360025	0.838052049852072	0.0590720227789986	0.770813017814643	NA	"abundance"	68	13
"Propionibacteriaceae_unclassified"	"Group"	"Follow up"	"GroupFollow up"	0.885389134571967	0.168031114168626	0.828807356054149	0.404872413719832	0.838052049852072	0.335241704658655	0.832206806963759	NA	"abundance"	68	18
"Pseudomonas"	"NGAT"	"NGAT"	"NGAT"	0.791572422255982	0.461718546332928	0.38814077749404	0.41910868275143	0.838052049852072	0.662565277545221	0.905025051297647	NA	"abundance"	68	39
"Staphylococcus"	"NGAT"	"NGAT"	"NGAT"	0.0459635876459147	0.461718546332928	0.493310159218234	0.421110731517708	0.838052049852072	0.619614245589478	0.876313054614167	NA	"abundance"	68	23
"Actinomycetaceae_unclassified"	"Reads"	"Reads"	"Reads"	0.229586968804256	0	0.278827898346766	0.410280405455167	0.838052049852072	0.0477967209629095	0.770813017814643	"<4 average observations per random effect group often inflates coefficients and deflates p-values: consider setting small_random_effects=TRUE and see tutorial"	"prevalence"	68	26
"Atopobiaceae_unclassified"	"Group"	"Follow up"	"GroupFollow up"	1.24671419691695	0	1.53360073410664	0.416256640755062	0.838052049852072	0.230226410120602	0.817812092455211	"<4 average observations per random effect group often inflates coefficients and deflates p-values: consider setting small_random_effects=TRUE and see tutorial"	"prevalence"	68	6
"Finegoldia"	"NGAT"	"NGAT"	"NGAT"	0.306769207939913	0	0.378362047443801	0.417490766293015	0.838052049852072	0.660682992646101	0.905025051297647	"<4 average observations per random effect group often inflates coefficients and deflates p-values: consider setting small_random_effects=TRUE and see tutorial"	"prevalence"	68	44
"Haemophilus"	"NGAT"	"NGAT"	"NGAT"	1.1325305980227	0	1.3477253377071	0.400724813908482	0.838052049852072	0.400724813908482	0.832206806963759	"<4 average observations per random effect group often inflates coefficients and deflates p-values: consider setting small_random_effects=TRUE and see tutorial"	"prevalence"	68	3
"Facklamia"	"Reads"	"Reads"	"Reads"	-0.126584451734025	-0.880432858225735	0.835357412822422	0.432251147151421	0.8447502077776	0.677661240089122	0.907850454576413	NA	"abundance"	68	7
"Idiomarina"	"Reads"	"Reads"	"Reads"	-1.4440281018664	-0.880432858225735	0.676548797616011	0.431196851552582	0.8447502077776	0.583332395950347	0.876313054614167	NA	"abundance"	68	12
"Enhydrobacter"	"Reads"	"Reads"	"Reads"	-0.395673200229543	0	0.504511729375409	0.432881947269118	0.8447502077776	0.432881947269118	0.834589290966486	"<4 average observations per random effect group often inflates coefficients and deflates p-values: consider setting small_random_effects=TRUE and see tutorial"	"prevalence"	68	8
"Veillonella"	"Group"	"Follow up"	"GroupFollow up"	0.593740521888152	0	0.756536702309122	0.432562687564346	0.8447502077776	0.678014896455802	0.907850454576413	"<4 average observations per random effect group often inflates coefficients and deflates p-values: consider setting small_random_effects=TRUE and see tutorial"	"prevalence"	68	11
"HT002"	"Group"	"Follow up"	"GroupFollow up"	-0.750097200408002	0	0.962815433311333	0.435940572875311	0.846609228482488	0.488782678599102	0.857123624502228	"<4 average observations per random effect group often inflates coefficients and deflates p-values: consider setting small_random_effects=TRUE and see tutorial"	"prevalence"	68	17
"Campylobacter"	"Reads"	"Reads"	"Reads"	-1.42614842736401	-0.880432858225735	0.693747831158078	0.443805153598524	0.857738806474071	0.365043453842535	0.832206806963759	NA	"abundance"	68	20
"Achromobacter"	"Group"	"Follow up"	"GroupFollow up"	-0.446571604011705	0.168031114168626	0.743235844823286	0.457156687460515	0.859832251430675	0.308245404421311	0.832206806963759	NA	"abundance"	68	8
"Fastidiosipila"	"Group"	"Follow up"	"GroupFollow up"	1.20031895098613	0.168031114168626	1.31485743415951	0.466975073367057	0.859832251430675	0.715884427587945	0.921978621245937	NA	"abundance"	68	9
"Peptostreptococcus"	"Group"	"Follow up"	"GroupFollow up"	1.31933769935364	0.168031114168626	1.52634310983458	0.464131307098363	0.859832251430675	0.712844743967891	0.921978621245937	NA	"abundance"	68	16
"Propionimicrobium"	"Group"	"Follow up"	"GroupFollow up"	-0.655147759629766	0.168031114168626	0.925842954508482	0.45657615942272	0.859832251430675	0.704690529492239	0.921978621245937	NA	"abundance"	68	10
"Uruburuella"	"Group"	"Follow up"	"GroupFollow up"	-0.214541216757307	0.168031114168626	0.475463068037658	0.450704611355615	0.859832251430675	0.294633305091962	0.832206806963759	NA	"abundance"	68	31
"Veillonella"	"Group"	"Follow up"	"GroupFollow up"	2.62108282580704	0.168031114168626	3.17091157408687	0.462283978023346	0.859832251430675	0.678014896455802	0.907850454576413	NA	"abundance"	68	11
"Actinotignum"	"Group"	"Follow up"	"GroupFollow up"	-0.587820736327307	0	0.814634112264395	0.470554963469523	0.859832251430675	0.719687953293242	0.921978621245937	"<4 average observations per random effect group often inflates coefficients and deflates p-values: consider setting small_random_effects=TRUE and see tutorial"	"prevalence"	68	18
"Anaerococcus"	"Group"	"Follow up"	"GroupFollow up"	-0.586686766499562	0	0.804190538842989	0.465673233245218	0.859832251430675	0.71449490632938	0.921978621245937	"<4 average observations per random effect group often inflates coefficients and deflates p-values: consider setting small_random_effects=TRUE and see tutorial"	"prevalence"	68	35
"Catenococcus"	"NGAT"	"NGAT"	"NGAT"	0.367708268845764	0	0.50179546357873	0.46368947409475	0.859832251430675	0.46368947409475	0.84555388989089	"<4 average observations per random effect group often inflates coefficients and deflates p-values: consider setting small_random_effects=TRUE and see tutorial"	"prevalence"	68	4
"Paracoccus"	"NGAT"	"NGAT"	"NGAT"	0.197955215991176	0	0.268267820262802	0.460574332275658	0.859832251430675	0.709019949000147	0.921978621245937	"<4 average observations per random effect group often inflates coefficients and deflates p-values: consider setting small_random_effects=TRUE and see tutorial"	"prevalence"	68	25
"Prevotella"	"Group"	"Follow up"	"GroupFollow up"	-0.480847349299121	0	0.632901290311763	0.447403474177467	0.859832251430675	0.573222109185697	0.876313054614167	"<4 average observations per random effect group often inflates coefficients and deflates p-values: consider setting small_random_effects=TRUE and see tutorial"	"prevalence"	68	38
"Pseudonocardiaceae_unclassified"	"NGAT"	"NGAT"	"NGAT"	0.310777865672661	0	0.429538053306033	0.469362625373396	0.859832251430675	0.469362625373396	0.84555388989089	"<4 average observations per random effect group often inflates coefficients and deflates p-values: consider setting small_random_effects=TRUE and see tutorial"	"prevalence"	68	7
"HT002"	"Reads"	"Reads"	"Reads"	-1.33424139740816	-0.880432858225735	0.604249733463078	0.474509736093655	0.863135357057236	0.466502723210987	0.84555388989089	NA	"abundance"	68	17
"Cutibacterium"	"Group"	"Follow up"	"GroupFollow up"	0.723385534435234	0.168031114168626	0.733857009880615	0.479518126176539	0.8644228104169	0.367873763462865	0.832206806963759	NA	"abundance"	68	16
"Peptostreptococcus"	"NGAT"	"NGAT"	"NGAT"	1.04854556300106	0.461718546332928	0.799387447136422	0.478366870836238	0.8644228104169	0.183252798644978	0.770813017814643	NA	"abundance"	68	16
"DNF00809"	"Reads"	"Reads"	"Reads"	0.409970849503248	-0.880432858225735	0.484995954778825	0.484855865170955	0.866481288321305	0.734626520351234	0.936056372705605	NA	"abundance"	68	8
"Veillonellaceae_unclassified"	"Group"	"Follow up"	"GroupFollow up"	0.89484461448373	0.168031114168626	1.0254757401895	0.484970870329088	0.866481288321305	0.122633638398296	0.770813017814643	NA	"abundance"	68	35
"Finegoldia"	"NGAT"	"NGAT"	"NGAT"	0.734007775302902	0.461718546332928	0.372411461068617	0.48794585727379	0.867939091256918	0.660682992646101	0.905025051297647	NA	"abundance"	68	44
"Pseudomonas"	"Reads"	"Reads"	"Reads"	-0.526743187116762	-0.880432858225735	0.50985703209577	0.492959638051027	0.872994601306224	0.150935137456389	0.770813017814643	NA	"abundance"	68	39
"HT002"	"NGAT"	"NGAT"	"NGAT"	0.524554859804012	0	0.77017469581731	0.495817356930215	0.874204287219063	0.115079037951718	0.770813017814643	"<4 average observations per random effect group often inflates coefficients and deflates p-values: consider setting small_random_effects=TRUE and see tutorial"	"prevalence"	68	17
"Vibrio"	"Reads"	"Reads"	"Reads"	-1.17777281083662	-0.880432858225735	0.424252369674318	0.501823254601939	0.880929905458427	0.544908574001166	0.876313054614167	NA	"abundance"	68	21
"Corynebacterium"	"NGAT"	"NGAT"	"NGAT"	0.671564147858002	0.461718546332928	0.292659499220241	0.507845040962609	0.88762481072595	0.624881460885207	0.876313054614167	NA	"abundance"	68	64
"Actinomyces"	"NGAT"	"NGAT"	"NGAT"	0.862579274627093	0.461718546332928	0.631572105715337	0.537097321914823	0.89565828863493	0.624314326129514	0.876313054614167	NA	"abundance"	68	23
"Caulobacter"	"NGAT"	"NGAT"	"NGAT"	0.284976981899415	0.461718546332928	0.245566266789016	0.526857180134012	0.89565828863493	0.776135872009261	0.944760111845386	NA	"abundance"	68	41
"Fusobacterium"	"NGAT"	"NGAT"	"NGAT"	0.124411595261696	0.461718546332928	0.495305745631297	0.521338745613344	0.89565828863493	0.770883403548993	0.944760111845386	NA	"abundance"	68	13
"Ureaplasma"	"NGAT"	"NGAT"	"NGAT"	-3.30276473537772	0.461718546332928	5.01354213383145	0.530491601345858	0.89565828863493	0.779561863593224	0.944760111845386	NA	"abundance"	68	6
"Varibaculum"	"Group"	"Follow up"	"GroupFollow up"	-0.5760749897871	0.168031114168626	1.17159147053731	0.538075295292081	0.89565828863493	0.786625567180502	0.944760111845386	NA	"abundance"	68	14
"Actinomyces"	"Group"	"Follow up"	"GroupFollow up"	0.382083400997347	0	0.618675778272816	0.536850511642505	0.89565828863493	0.652541641363383	0.905025051297647	"<4 average observations per random effect group often inflates coefficients and deflates p-values: consider setting small_random_effects=TRUE and see tutorial"	"prevalence"	68	23
"Anaeroglobus"	"NGAT"	"NGAT"	"NGAT"	0.266119379076948	0	0.42423424013902	0.530466866855961	0.89565828863493	0.530466866855961	0.876313054614167	"<4 average observations per random effect group often inflates coefficients and deflates p-values: consider setting small_random_effects=TRUE and see tutorial"	"prevalence"	68	14
"Coriobacteriaceae UCG-002"	"Group"	"Follow up"	"GroupFollow up"	-1.23326172370257	0	1.92648126371814	0.522066736358887	0.89565828863493	0.771579795505354	0.944760111845386	"<4 average observations per random effect group often inflates coefficients and deflates p-values: consider setting small_random_effects=TRUE and see tutorial"	"prevalence"	68	7
"Corynebacteriaceae_unclassified"	"Group"	"Follow up"	"GroupFollow up"	-0.339142675941855	0	0.551119371127323	0.538309981285527	0.89565828863493	0.130120342611537	0.770813017814643	"<4 average observations per random effect group often inflates coefficients and deflates p-values: consider setting small_random_effects=TRUE and see tutorial"	"prevalence"	68	44
"Murdochiella"	"Group"	"Follow up"	"GroupFollow up"	-0.677077360278709	0	1.09247932298091	0.535414375479317	0.89565828863493	0.784160197488727	0.944760111845386	"<4 average observations per random effect group often inflates coefficients and deflates p-values: consider setting small_random_effects=TRUE and see tutorial"	"prevalence"	68	11
"Peptostreptococcus"	"Group"	"Follow up"	"GroupFollow up"	-0.396385378183892	0	0.644505407089386	0.538539808722876	0.89565828863493	0.712844743967891	0.921978621245937	"<4 average observations per random effect group often inflates coefficients and deflates p-values: consider setting small_random_effects=TRUE and see tutorial"	"prevalence"	68	16
"Prevotella_7"	"NGAT"	"NGAT"	"NGAT"	0.617761231845036	0	1.00603168679772	0.539177377735455	0.89565828863493	0.539177377735455	0.876313054614167	"<4 average observations per random effect group often inflates coefficients and deflates p-values: consider setting small_random_effects=TRUE and see tutorial"	"prevalence"	68	8
"Propionibacteriaceae_unclassified"	"NGAT"	"NGAT"	"NGAT"	0.697605541100026	0.461718546332928	0.360434972305955	0.541552825686711	0.895902205457028	0.789826188364161	0.944760111845386	NA	"abundance"	68	18
"Atopobium"	"NGAT"	"NGAT"	"NGAT"	0.0965402805010565	0.461718546332928	0.605327702320018	0.553078905529131	0.901958867410308	0.800261535316961	0.944760111845386	NA	"abundance"	68	46
"Escherichia-Shigella"	"Reads"	"Reads"	"Reads"	-1.85013244451372	-0.880432858225735	1.58468099562382	0.553410368696441	0.901958867410308	0.800557701212151	0.944760111845386	NA	"abundance"	68	13
"Microbacteriaceae_unclassified"	"Group"	"Follow up"	"GroupFollow up"	-0.135378187465393	0.168031114168626	0.475855435449999	0.554188657339169	0.901958867410308	0.801252246754948	0.944760111845386	NA	"abundance"	68	19
"Actinotignum"	"Reads"	"Reads"	"Reads"	0.245212039539881	0	0.410682072446932	0.550450738843946	0.901958867410308	0.797905461794046	0.944760111845386	"<4 average observations per random effect group often inflates coefficients and deflates p-values: consider setting small_random_effects=TRUE and see tutorial"	"prevalence"	68	18
"Propionibacteriaceae_unclassified"	"Reads"	"Reads"	"Reads"	-1.19951717423174	-0.880432858225735	0.538342781746563	0.566277550358448	0.906224141306415	0.179218152867105	0.770813017814643	NA	"abundance"	68	18
"Alloscardovia"	"Reads"	"Reads"	"Reads"	-0.472706108272303	0	0.809627422246025	0.559316965410888	0.906224141306415	0.367316954879371	0.832206806963759	"<4 average observations per random effect group often inflates coefficients and deflates p-values: consider setting small_random_effects=TRUE and see tutorial"	"prevalence"	68	15
"Brevibacterium"	"NGAT"	"NGAT"	"NGAT"	0.172784959711996	0	0.302664093225767	0.568080804998051	0.906224141306415	0.568080804998051	0.876313054614167	"<4 average observations per random effect group often inflates coefficients and deflates p-values: consider setting small_random_effects=TRUE and see tutorial"	"prevalence"	68	15
"Halomonas"	"Group"	"Follow up"	"GroupFollow up"	-0.704534677475946	0	1.22157444079865	0.56411298603096	0.906224141306415	0.56411298603096	0.876313054614167	"<4 average observations per random effect group often inflates coefficients and deflates p-values: consider setting small_random_effects=TRUE and see tutorial"	"prevalence"	68	4
"Solobacterium"	"NGAT"	"NGAT"	"NGAT"	-0.357761423761356	0	0.616411860288013	0.56164930198466	0.906224141306415	0.56164930198466	0.876313054614167	"<4 average observations per random effect group often inflates coefficients and deflates p-values: consider setting small_random_effects=TRUE and see tutorial"	"prevalence"	68	6
"Fastidiosipila"	"Reads"	"Reads"	"Reads"	-0.243070137370635	-0.880432858225735	1.06182104577366	0.57305301689065	0.907757128302076	0.817716273613824	0.948841278714654	NA	"abundance"	68	9
"Aerococcus"	"Group"	"Follow up"	"GroupFollow up"	-0.999800514172071	0	1.78485674135604	0.575372156661106	0.907757128302076	0.575372156661106	0.876313054614167	"<4 average observations per random effect group often inflates coefficients and deflates p-values: consider setting small_random_effects=TRUE and see tutorial"	"prevalence"	68	9
"Fastidiosipila"	"Reads"	"Reads"	"Reads"	-0.349318361419449	0	0.62433296934641	0.575816088848332	0.907757128302076	0.817716273613824	0.948841278714654	"<4 average observations per random effect group often inflates coefficients and deflates p-values: consider setting small_random_effects=TRUE and see tutorial"	"prevalence"	68	9
"Atopobiaceae_unclassified"	"Reads"	"Reads"	"Reads"	-0.657345381579359	-0.880432858225735	0.335929570517957	0.585731201534643	0.909836573192586	0.82838136261807	0.948841278714654	NA	"abundance"	68	6
"Family XI_unclassified"	"Reads"	"Reads"	"Reads"	-1.07945132983295	-0.880432858225735	0.346008089134294	0.590714790057873	0.909836573192586	0.240136720942547	0.817812092455211	NA	"abundance"	68	16
"Brucella"	"NGAT"	"NGAT"	"NGAT"	-0.236153732498372	0	0.436956977554592	0.588886206962642	0.909836573192586	0.588886206962642	0.876313054614167	"<4 average observations per random effect group often inflates coefficients and deflates p-values: consider setting small_random_effects=TRUE and see tutorial"	"prevalence"	68	7
"Campylobacter"	"NGAT"	"NGAT"	"NGAT"	0.280035247297208	0	0.515424237086526	0.586916239955194	0.909836573192586	0.829361807187245	0.948841278714654	"<4 average observations per random effect group often inflates coefficients and deflates p-values: consider setting small_random_effects=TRUE and see tutorial"	"prevalence"	68	20
"Dialister"	"Group"	"Follow up"	"GroupFollow up"	-0.36959176479098	0	0.672542807657427	0.582632279493743	0.909836573192586	0.825804185879411	0.948841278714654	"<4 average observations per random effect group often inflates coefficients and deflates p-values: consider setting small_random_effects=TRUE and see tutorial"	"prevalence"	68	36
"Eggerthellaceae_unclassified"	"Group"	"Follow up"	"GroupFollow up"	0.606837869373275	0	1.0962449825349	0.579879697154236	0.909836573192586	0.579879697154236	0.876313054614167	"<4 average observations per random effect group often inflates coefficients and deflates p-values: consider setting small_random_effects=TRUE and see tutorial"	"prevalence"	68	6
"Fenollaria"	"Group"	"Follow up"	"GroupFollow up"	-0.777931914894123	0	1.46714105430811	0.595947883481043	0.914393317402211	0.836741887136551	0.948841278714654	"<4 average observations per random effect group often inflates coefficients and deflates p-values: consider setting small_random_effects=TRUE and see tutorial"	"prevalence"	68	8
"Coriobacteriaceae UCG-002"	"Group"	"Follow up"	"GroupFollow up"	-0.556055028630587	0.168031114168626	1.30171187202651	0.615295622346262	0.919639694934135	0.771579795505354	0.944760111845386	NA	"abundance"	68	7
"Corynebacteriaceae_unclassified"	"Reads"	"Reads"	"Reads"	-1.03093400373359	-0.880432858225735	0.266087455140302	0.602389472415496	0.919639694934135	0.602389472415496	0.876313054614167	NA	"abundance"	68	44
"Dialister"	"Reads"	"Reads"	"Reads"	-0.662615397736484	-0.880432858225735	0.434628877911133	0.623795459626139	0.919639694934135	0.619225939650263	0.876313054614167	NA	"abundance"	68	36
"Enterococcus"	"NGAT"	"NGAT"	"NGAT"	0.299557858797812	0.461718546332928	0.310936916652373	0.629106756484794	0.919639694934135	0.399952939766427	0.832206806963759	NA	"abundance"	68	34
"Mobiluncus"	"NGAT"	"NGAT"	"NGAT"	0.137440280641801	0.461718546332928	0.623798876838834	0.615930536273093	0.919639694934135	0.137067469083862	0.770813017814643	NA	"abundance"	68	18
"Mobiluncus"	"Reads"	"Reads"	"Reads"	-1.12865462692352	-0.880432858225735	0.473398928271339	0.612909353237604	0.919639694934135	0.114692855483428	0.770813017814643	NA	"abundance"	68	18
"Murdochiella"	"Reads"	"Reads"	"Reads"	-1.41323322825935	-0.880432858225735	1.0314553640055	0.619743646269964	0.919639694934135	0.855405105447938	0.960810473891759	NA	"abundance"	68	11
"Porphyromonas"	"NGAT"	"NGAT"	"NGAT"	0.102768976351382	0.461718546332928	0.706837441088605	0.621253756825593	0.919639694934135	0.060478899844897	0.770813017814643	NA	"abundance"	68	18
"Ureaplasma"	"Group"	"Follow up"	"GroupFollow up"	2.57947265145755	0.168031114168626	4.2590033457972	0.626665057075897	0.919639694934135	0.561317279543766	0.876313054614167	NA	"abundance"	68	6
"Actinobaculum"	"Group"	"Follow up"	"GroupFollow up"	0.974098333534432	0	1.95490185148123	0.618283155589291	0.919639694934135	0.618283155589291	0.876313054614167	"<4 average observations per random effect group often inflates coefficients and deflates p-values: consider setting small_random_effects=TRUE and see tutorial"	"prevalence"	68	6
"Brucella"	"Reads"	"Reads"	"Reads"	-0.233193775718339	0	0.456370129446032	0.609368487625405	0.919639694934135	0.609368487625405	0.876313054614167	"<4 average observations per random effect group often inflates coefficients and deflates p-values: consider setting small_random_effects=TRUE and see tutorial"	"prevalence"	68	7
"Lacticaseibacillus"	"Reads"	"Reads"	"Reads"	0.388384305962666	0	0.759573533687723	0.609127770762627	0.919639694934135	0.847218900411007	0.956147044749565	"<4 average observations per random effect group often inflates coefficients and deflates p-values: consider setting small_random_effects=TRUE and see tutorial"	"prevalence"	68	10
"Varibaculum"	"Group"	"Follow up"	"GroupFollow up"	0.375781758547575	0	0.776223888165961	0.628304136716808	0.919639694934135	0.786625567180502	0.944760111845386	"<4 average observations per random effect group often inflates coefficients and deflates p-values: consider setting small_random_effects=TRUE and see tutorial"	"prevalence"	68	14
"Stenotrophomonas"	"NGAT"	"NGAT"	"NGAT"	0.126907460217358	0	0.266468314472087	0.633891134788976	0.923276218062204	0.865964298813896	0.964430243967021	"<4 average observations per random effect group often inflates coefficients and deflates p-values: consider setting small_random_effects=TRUE and see tutorial"	"prevalence"	68	25
"Facklamia"	"Group"	"Follow up"	"GroupFollow up"	0.604703087403933	0.168031114168626	0.859559927878626	0.644177140166629	0.934870795476479	0.587427725865608	0.876313054614167	NA	"abundance"	68	7
"Bifidobacterium"	"NGAT"	"NGAT"	"NGAT"	0.154363534785611	0	0.339302543380851	0.649149784759864	0.938698609616782	0.87690412646595	0.964430243967021	"<4 average observations per random effect group often inflates coefficients and deflates p-values: consider setting small_random_effects=TRUE and see tutorial"	"prevalence"	68	44
"Fenollaria"	"Group"	"Follow up"	"GroupFollow up"	-2.17704487266923	0.168031114168626	4.02937308884114	0.657997428418268	0.944696307943371	0.836741887136551	0.948841278714654	NA	"abundance"	68	8
"Facklamia"	"Reads"	"Reads"	"Reads"	-0.689396179558165	0	1.54931244921669	0.65634207849778	0.944696307943371	0.677661240089122	0.907850454576413	"<4 average observations per random effect group often inflates coefficients and deflates p-values: consider setting small_random_effects=TRUE and see tutorial"	"prevalence"	68	7
"Atopobium"	"Group"	"Follow up"	"GroupFollow up"	0.251338430275823	0	0.579862957128382	0.664691851816493	0.947539448334149	0.605425930340837	0.876313054614167	"<4 average observations per random effect group often inflates coefficients and deflates p-values: consider setting small_random_effects=TRUE and see tutorial"	"prevalence"	68	46
"Clostridium sensu stricto 1"	"NGAT"	"NGAT"	"NGAT"	-0.479275623899602	0	1.10488377564729	0.664448771838779	0.947539448334149	0.664448771838779	0.905025051297647	"<4 average observations per random effect group often inflates coefficients and deflates p-values: consider setting small_random_effects=TRUE and see tutorial"	"prevalence"	68	5
"Dialister"	"NGAT"	"NGAT"	"NGAT"	0.218217275803678	0.461718546332928	0.559230229536963	0.669895362864466	0.948232168561674	0.283358372227206	0.829085607627751	NA	"abundance"	68	36
"Negativicoccus"	"Reads"	"Reads"	"Reads"	-0.606862326340003	0	1.41756268877164	0.668576396400032	0.948232168561674	0.668576396400032	0.905443462553186	"<4 average observations per random effect group often inflates coefficients and deflates p-values: consider setting small_random_effects=TRUE and see tutorial"	"prevalence"	68	5
"Actinotignum"	"NGAT"	"NGAT"	"NGAT"	0.772855775897802	0.461718546332928	0.799865711354521	0.703642109426126	0.948717182089262	0.0395206548510627	0.770813017814643	NA	"abundance"	68	18
"Gardnerella"	"Reads"	"Reads"	"Reads"	-1.08577361615501	-0.880432858225735	0.524011672303844	0.698753506121411	0.948717182089262	0.353582010737403	0.832206806963759	NA	"abundance"	68	47
"Paracoccus"	"NGAT"	"NGAT"	"NGAT"	0.294535638308344	0.461718546332928	0.387882161894736	0.683665047463122	0.948717182089262	0.709019949000147	0.921978621245937	NA	"abundance"	68	25
"Prevotellaceae_unclassified"	"Reads"	"Reads"	"Reads"	-0.696939582968241	-0.880432858225735	0.466039027566968	0.698890407718696	0.948717182089262	0.623461975479843	0.876313054614167	NA	"abundance"	68	22
"Ureaplasma"	"Reads"	"Reads"	"Reads"	-3.1495693757395	-0.880432858225735	5.22216783468937	0.705637904091267	0.948717182089262	0.913350956492218	0.988420898121715	NA	"abundance"	68	6
"Varibaculum"	"NGAT"	"NGAT"	"NGAT"	0.203482483957836	0.461718546332928	0.62207512249169	0.690555526965989	0.948717182089262	0.511244188109752	0.873121026773804	NA	"abundance"	68	14
"Veillonella"	"NGAT"	"NGAT"	"NGAT"	1.02355584641415	0.461718546332928	1.33772515793656	0.686000400377365	0.948717182089262	0.00793474116926875	0.581926950785621	NA	"abundance"	68	11
"Caulobacter"	"NGAT"	"NGAT"	"NGAT"	0.101700098799043	0	0.269193644953406	0.705582651828679	0.948717182089262	0.776135872009261	0.944760111845386	"<4 average observations per random effect group often inflates coefficients and deflates p-values: consider setting small_random_effects=TRUE and see tutorial"	"prevalence"	68	41
"Clostridium sensu stricto 1"	"Reads"	"Reads"	"Reads"	-0.484171909154166	0	1.21056865563197	0.689190316985711	0.948717182089262	0.689190316985711	0.917629804076481	"<4 average observations per random effect group often inflates coefficients and deflates p-values: consider setting small_random_effects=TRUE and see tutorial"	"prevalence"	68	5
"Corynebacterium"	"Reads"	"Reads"	"Reads"	-0.306926489327147	0	0.778087616519511	0.693239510465739	0.948717182089262	0.9058980020607	0.984852415084339	"<4 average observations per random effect group often inflates coefficients and deflates p-values: consider setting small_random_effects=TRUE and see tutorial"	"prevalence"	68	64
"Ezakiella"	"Reads"	"Reads"	"Reads"	-0.146111477705403	0	0.386809582093896	0.705627540971949	0.948717182089262	0.0465964048115694	0.770813017814643	"<4 average observations per random effect group often inflates coefficients and deflates p-values: consider setting small_random_effects=TRUE and see tutorial"	"prevalence"	68	16
"Finegoldia"	"Group"	"Follow up"	"GroupFollow up"	-0.26256072422886	0	0.655417697241666	0.688714202202227	0.948717182089262	0.903101152089404	0.984852415084339	"<4 average observations per random effect group often inflates coefficients and deflates p-values: consider setting small_random_effects=TRUE and see tutorial"	"prevalence"	68	44
"Haemophilus"	"Group"	"Follow up"	"GroupFollow up"	-1.1145961436732	0	2.82638683025594	0.693319911528677	0.948717182089262	0.693319911528677	0.917971056046349	"<4 average observations per random effect group often inflates coefficients and deflates p-values: consider setting small_random_effects=TRUE and see tutorial"	"prevalence"	68	3
"Pseudomonas"	"NGAT"	"NGAT"	"NGAT"	0.128542562476952	0	0.304461834532204	0.672881975806803	0.948717182089262	0.662565277545221	0.905025051297647	"<4 average observations per random effect group often inflates coefficients and deflates p-values: consider setting small_random_effects=TRUE and see tutorial"	"prevalence"	68	39
"Stenotrophomonas"	"Group"	"Follow up"	"GroupFollow up"	-0.220809123697864	0	0.536046141854489	0.680396697829441	0.948717182089262	0.524852247296619	0.87598579302323	"<4 average observations per random effect group often inflates coefficients and deflates p-values: consider setting small_random_effects=TRUE and see tutorial"	"prevalence"	68	25
"Pseudomonas"	"Group"	"Follow up"	"GroupFollow up"	-0.151615576873416	0.168031114168626	0.849189085443734	0.708997880744709	0.95005716019791	0.114661818154895	0.770813017814643	NA	"abundance"	68	39
"Campylobacter"	"NGAT"	"NGAT"	"NGAT"	0.686487004131822	0.461718546332928	0.625353776222833	0.724439159884329	0.95054972260171	0.829361807187245	0.948841278714654	NA	"abundance"	68	20
"Caulobacter"	"Group"	"Follow up"	"GroupFollow up"	-0.0264018443282241	0.168031114168626	0.51664713254474	0.728549248375478	0.95054972260171	0.926314489442482	0.988903306296704	NA	"abundance"	68	41
"Enterococcus"	"Reads"	"Reads"	"Reads"	-0.76757388720791	-0.880432858225735	0.302835391944919	0.721764984839696	0.95054972260171	0.515767695140644	0.873121026773804	NA	"abundance"	68	34
"Fenollaria"	"Reads"	"Reads"	"Reads"	-1.90297000486943	-0.880432858225735	2.65910639730551	0.727437554606969	0.95054972260171	0.925709713361371	0.988903306296704	NA	"abundance"	68	8
"Idiomarina"	"NGAT"	"NGAT"	"NGAT"	0.309434542106227	0.461718546332928	0.427611323209791	0.737740083213267	0.95054972260171	0.612471740767679	0.876313054614167	NA	"abundance"	68	12
"Lacticaseibacillus"	"Reads"	"Reads"	"Reads"	-1.3978255754642	-0.880432858225735	1.4651572751974	0.736064957499453	0.95054972260171	0.847218900411007	0.956147044749565	NA	"abundance"	68	10
"Murdochiella"	"Group"	"Follow up"	"GroupFollow up"	-0.468415560027576	0.168031114168626	1.81625370319826	0.734523989088302	0.95054972260171	0.784160197488727	0.944760111845386	NA	"abundance"	68	11
"Alkalibacterium"	"Group"	"Follow up"	"GroupFollow up"	0.185675446397466	0	0.541008357490976	0.731446088474117	0.95054972260171	0.659245687100154	0.905025051297647	"<4 average observations per random effect group often inflates coefficients and deflates p-values: consider setting small_random_effects=TRUE and see tutorial"	"prevalence"	68	35
"Atopobium"	"NGAT"	"NGAT"	"NGAT"	0.0985518357714328	0	0.286469495818166	0.73082967060012	0.95054972260171	0.800261535316961	0.944760111845386	"<4 average observations per random effect group often inflates coefficients and deflates p-values: consider setting small_random_effects=TRUE and see tutorial"	"prevalence"	68	46
"Fastidiosipila"	"Group"	"Follow up"	"GroupFollow up"	-0.370099067202285	0	1.01422110542173	0.715178851682881	0.95054972260171	0.715884427587945	0.921978621245937	"<4 average observations per random effect group often inflates coefficients and deflates p-values: consider setting small_random_effects=TRUE and see tutorial"	"prevalence"	68	9
"Fenollaria"	"Reads"	"Reads"	"Reads"	-0.31957630941054	0	0.9429094851827	0.734665661657131	0.95054972260171	0.925709713361371	0.988903306296704	"<4 average observations per random effect group often inflates coefficients and deflates p-values: consider setting small_random_effects=TRUE and see tutorial"	"prevalence"	68	8
"Propionimicrobium"	"Group"	"Follow up"	"GroupFollow up"	-0.59370911811568	0	1.64034583599469	0.71739579893477	0.95054972260171	0.704690529492239	0.921978621245937	"<4 average observations per random effect group often inflates coefficients and deflates p-values: consider setting small_random_effects=TRUE and see tutorial"	"prevalence"	68	10
"Campylobacter"	"Group"	"Follow up"	"GroupFollow up"	-0.219392950669863	0.168031114168626	1.26905322724672	0.762560882219347	0.960895884457542	0.467845414256909	0.84555388989089	NA	"abundance"	68	20
"Enterococcus"	"Group"	"Follow up"	"GroupFollow up"	0.379120692612934	0.168031114168626	0.679568111688635	0.759216170170568	0.960895884457542	0.260339004204837	0.817812092455211	NA	"abundance"	68	34
"Propionimicrobium"	"Reads"	"Reads"	"Reads"	-0.736880829571016	-0.880432858225735	0.425226121324421	0.749760870780061	0.960895884457542	0.200386162478588	0.770813017814643	NA	"abundance"	68	10
"Uruburuella"	"NGAT"	"NGAT"	"NGAT"	0.365237824881979	0.461718546332928	0.296686622783101	0.764892246334362	0.960895884457542	0.276716131806946	0.819771540478078	NA	"abundance"	68	31
"Lactobacillaceae_unclassified"	"NGAT"	"NGAT"	"NGAT"	-0.367965519649142	0	1.16649603235401	0.752423688125912	0.960895884457542	0.752423688125912	0.944760111845386	"<4 average observations per random effect group often inflates coefficients and deflates p-values: consider setting small_random_effects=TRUE and see tutorial"	"prevalence"	68	4
"Parvimonas"	"NGAT"	"NGAT"	"NGAT"	0.130071653286739	0	0.417352553897064	0.755299738156844	0.960895884457542	0.755299738156844	0.944760111845386	"<4 average observations per random effect group often inflates coefficients and deflates p-values: consider setting small_random_effects=TRUE and see tutorial"	"prevalence"	68	7
"Porphyromonas"	"Reads"	"Reads"	"Reads"	0.120539861045583	0	0.388404606587776	0.756297765720077	0.960895884457542	0.940609221006974	0.989470334231653	"<4 average observations per random effect group often inflates coefficients and deflates p-values: consider setting small_random_effects=TRUE and see tutorial"	"prevalence"	68	18
"Propionibacteriaceae_unclassified"	"NGAT"	"NGAT"	"NGAT"	0.0977227866966121	0	0.321389279384232	0.761079424849047	0.960895884457542	0.789826188364161	0.944760111845386	"<4 average observations per random effect group often inflates coefficients and deflates p-values: consider setting small_random_effects=TRUE and see tutorial"	"prevalence"	68	18
"Streptococcus"	"Reads"	"Reads"	"Reads"	-0.752347711243	-0.880432858225735	0.436494729653132	0.77184191810083	0.966605766593563	0.947943889664092	0.989470334231653	NA	"abundance"	68	53
"Bifidobacterium"	"NGAT"	"NGAT"	"NGAT"	0.613935974324321	0.461718546332928	0.54515395203635	0.784225943599869	0.967146144822376	0.87690412646595	0.964430243967021	NA	"abundance"	68	44
"Catenococcus"	"Group"	"Follow up"	"GroupFollow up"	0.306970762616617	0	1.13021117522141	0.785925920260079	0.967146144822376	0.785925920260079	0.944760111845386	"<4 average observations per random effect group often inflates coefficients and deflates p-values: consider setting small_random_effects=TRUE and see tutorial"	"prevalence"	68	4
"Corynebacterium"	"Group"	"Follow up"	"GroupFollow up"	-0.521386483999753	0	1.87584370818872	0.781052490392436	0.967146144822376	0.952061988036646	0.989470334231653	"<4 average observations per random effect group often inflates coefficients and deflates p-values: consider setting small_random_effects=TRUE and see tutorial"	"prevalence"	68	64
"Pseudoalteromonas"	"Group"	"Follow up"	"GroupFollow up"	0.216313077262044	0	0.7660967792653	0.777669493890749	0.967146144822376	0.777669493890749	0.944760111845386	"<4 average observations per random effect group often inflates coefficients and deflates p-values: consider setting small_random_effects=TRUE and see tutorial"	"prevalence"	68	9
"Staphylococcus"	"Group"	"Follow up"	"GroupFollow up"	-0.191876385369297	0	0.686319150778073	0.779805033199293	0.967146144822376	0.603258769380148	0.876313054614167	"<4 average observations per random effect group often inflates coefficients and deflates p-values: consider setting small_random_effects=TRUE and see tutorial"	"prevalence"	68	23
"Varibaculum"	"Reads"	"Reads"	"Reads"	-0.1313779862904	0	0.48552894084266	0.786708431236112	0.967146144822376	0.477548510052698	0.850969901372102	"<4 average observations per random effect group often inflates coefficients and deflates p-values: consider setting small_random_effects=TRUE and see tutorial"	"prevalence"	68	14
"Limosilactobacillus"	"Reads"	"Reads"	"Reads"	-0.229853320789034	0	0.865949046712234	0.790674256126781	0.969058082204164	0.501503373600585	0.867564230243348	"<4 average observations per random effect group often inflates coefficients and deflates p-values: consider setting small_random_effects=TRUE and see tutorial"	"prevalence"	68	12
"Coriobacteriaceae UCG-002"	"NGAT"	"NGAT"	"NGAT"	0.289946203832281	0	1.11353386351358	0.794567720488758	0.970869980657996	0.957797578534815	0.989470334231653	"<4 average observations per random effect group often inflates coefficients and deflates p-values: consider setting small_random_effects=TRUE and see tutorial"	"prevalence"	68	7
"DNF00809"	"Group"	"Follow up"	"GroupFollow up"	0.462389391574068	0.168031114168626	1.1713500515337	0.813887675395309	0.982531067594337	0.965362202630238	0.989470334231653	NA	"abundance"	68	8
"Gardnerella"	"NGAT"	"NGAT"	"NGAT"	0.613650149032462	0.461718546332928	0.628039616610934	0.810898694415456	0.982531067594337	0.514848704436904	0.873121026773804	NA	"abundance"	68	47
"Aerococcus"	"Reads"	"Reads"	"Reads"	-0.27778630345186	0	1.16817277201271	0.812039659226673	0.982531067594337	0.812039659226673	0.948046301658726	"<4 average observations per random effect group often inflates coefficients and deflates p-values: consider setting small_random_effects=TRUE and see tutorial"	"prevalence"	68	9
"Brucella"	"Group"	"Follow up"	"GroupFollow up"	0.207148703664445	0	0.850413733854015	0.807551632537684	0.982531067594337	0.807551632537684	0.947473945106094	"<4 average observations per random effect group often inflates coefficients and deflates p-values: consider setting small_random_effects=TRUE and see tutorial"	"prevalence"	68	7
"Stenotrophomonas"	"NGAT"	"NGAT"	"NGAT"	0.388443911483728	0.461718546332928	0.298787130005075	0.821813154508296	0.98912840752196	0.865964298813896	0.964430243967021	NA	"abundance"	68	25
"Actinomyces"	"Reads"	"Reads"	"Reads"	-0.0680242835062866	0	0.307465251763074	0.824903865645887	0.989884638775065	0.354075886651781	0.832206806963759	"<4 average observations per random effect group often inflates coefficients and deflates p-values: consider setting small_random_effects=TRUE and see tutorial"	"prevalence"	68	23
"Actinotignum"	"Reads"	"Reads"	"Reads"	-0.759444479668513	-0.880432858225735	0.550722278932647	0.829098250113534	0.990799978796666	0.797905461794046	0.944760111845386	NA	"abundance"	68	18
"Cutibacterium"	"NGAT"	"NGAT"	"NGAT"	0.351928279513038	0.461718546332928	0.51062634516683	0.835144076257576	0.990799978796666	0.482383340854516	0.85317053569045	NA	"abundance"	68	16
"Alcaligenes"	"Group"	"Follow up"	"GroupFollow up"	-0.313638862994331	0	1.51364869157942	0.835848067340325	0.990799978796666	0.973054143004093	0.989470334231653	"<4 average observations per random effect group often inflates coefficients and deflates p-values: consider setting small_random_effects=TRUE and see tutorial"	"prevalence"	68	5
"Anaeroglobus"	"Reads"	"Reads"	"Reads"	0.0753231438034385	0	0.360824486956615	0.834641172349055	0.990799978796666	0.834641172349055	0.948841278714654	"<4 average observations per random effect group often inflates coefficients and deflates p-values: consider setting small_random_effects=TRUE and see tutorial"	"prevalence"	68	14
"Streptococcus"	"Reads"	"Reads"	"Reads"	0.114611047831038	0	0.560540777619661	0.837990031818076	0.990799978796666	0.947943889664092	0.989470334231653	"<4 average observations per random effect group often inflates coefficients and deflates p-values: consider setting small_random_effects=TRUE and see tutorial"	"prevalence"	68	53
"Actinomycetaceae_unclassified"	"Group"	"Follow up"	"GroupFollow up"	-0.0598403266290836	0.168031114168626	1.15886932649704	0.848162564866276	0.993139523275029	0.976945393292012	0.989470334231653	NA	"abundance"	68	26
"Actinomycetaceae_unclassified"	"NGAT"	"NGAT"	"NGAT"	0.402066485131777	0.461718546332928	0.511117515193641	0.909142648172166	0.993139523275029	0.160187934633358	0.770813017814643	NA	"abundance"	68	26
"Anaerococcus"	"Group"	"Follow up"	"GroupFollow up"	0.0403427639968001	0.168031114168626	0.975294069340361	0.899209776418676	0.993139523275029	0.71449490632938	0.921978621245937	NA	"abundance"	68	35
"Dialister"	"Group"	"Follow up"	"GroupFollow up"	0.00502758689570884	0.168031114168626	0.900840259642586	0.861877868515917	0.993139523275029	0.825804185879411	0.948841278714654	NA	"abundance"	68	36
"Family XI_unclassified"	"Group"	"Follow up"	"GroupFollow up"	-0.00633250633083198	0.168031114168626	0.985390651717628	0.865060538133452	0.993139523275029	0.559992312139317	0.876313054614167	NA	"abundance"	68	16
"Fenollaria"	"NGAT"	"NGAT"	"NGAT"	0.800621632821162	0.461718546332928	2.70727485385688	0.907256375473288	0.993139523275029	0.521975759893619	0.87598579302323	NA	"abundance"	68	8
"Lacticaseibacillus"	"Group"	"Follow up"	"GroupFollow up"	-0.149484799011695	0.168031114168626	1.53721142692042	0.863718400093716	0.993139523275029	0.981427325526983	0.989779898510192	NA	"abundance"	68	10
"Limosilactobacillus"	"Group"	"Follow up"	"GroupFollow up"	0.283495547863575	0.168031114168626	0.798735183026231	0.90012353295673	0.993139523275029	0.143658507908858	0.770813017814643	NA	"abundance"	68	12
"Porphyromonas"	"Group"	"Follow up"	"GroupFollow up"	0.36679711855978	0.168031114168626	1.64708096739033	0.904751749958224	0.993139523275029	0.332037423108156	0.832206806963759	NA	"abundance"	68	18
"Prevotella"	"NGAT"	"NGAT"	"NGAT"	0.528181671776144	0.461718546332928	0.566995449313545	0.908095452473051	0.993139523275029	0.0891150076082678	0.770813017814643	NA	"abundance"	68	38
"Staphylococcus"	"Reads"	"Reads"	"Reads"	-0.94590780013591	-0.880432858225735	0.3846088978365	0.869033961897426	0.993139523275029	0.0704177689688389	0.770813017814643	NA	"abundance"	68	23
"Veillonella"	"Reads"	"Reads"	"Reads"	-1.00291928332947	-0.880432858225735	1.01986864175334	0.907222032331955	0.993139523275029	0.991392248715387	0.991392248715387	NA	"abundance"	68	11
"Actinobaculum"	"Reads"	"Reads"	"Reads"	-0.196835763657566	0	1.22741569721818	0.872592759500344	0.993139523275029	0.872592759500344	0.964430243967021	"<4 average observations per random effect group often inflates coefficients and deflates p-values: consider setting small_random_effects=TRUE and see tutorial"	"prevalence"	68	6
"Alloscardovia"	"NGAT"	"NGAT"	"NGAT"	0.133915029149661	0	0.948312804142902	0.887700899144801	0.993139523275029	0.413272791422524	0.832206806963759	"<4 average observations per random effect group often inflates coefficients and deflates p-values: consider setting small_random_effects=TRUE and see tutorial"	"prevalence"	68	15
"Atopobiaceae_unclassified"	"NGAT"	"NGAT"	"NGAT"	-0.111152086481239	0	0.819463496022104	0.892105826391051	0.993139523275029	0.408512675096709	0.832206806963759	"<4 average observations per random effect group often inflates coefficients and deflates p-values: consider setting small_random_effects=TRUE and see tutorial"	"prevalence"	68	6
"Bifidobacterium"	"Group"	"Follow up"	"GroupFollow up"	-0.0804910078101115	0	0.624295241174624	0.897412249375943	0.993139523275029	0.412601238067327	0.832206806963759	"<4 average observations per random effect group often inflates coefficients and deflates p-values: consider setting small_random_effects=TRUE and see tutorial"	"prevalence"	68	44
"DNF00809"	"NGAT"	"NGAT"	"NGAT"	0.0580109684944608	0	0.376877747595802	0.877668743829286	0.993139523275029	0.272524440145127	0.817812092455211	"<4 average observations per random effect group often inflates coefficients and deflates p-values: consider setting small_random_effects=TRUE and see tutorial"	"prevalence"	68	8
"Enhydrobacter"	"Group"	"Follow up"	"GroupFollow up"	-0.124534121198678	0	0.813742844202658	0.87836778156922	0.993139523275029	0.87836778156922	0.964430243967021	"<4 average observations per random effect group often inflates coefficients and deflates p-values: consider setting small_random_effects=TRUE and see tutorial"	"prevalence"	68	8
"Escherichia-Shigella"	"Reads"	"Reads"	"Reads"	-0.143547023154767	0	0.724918906582892	0.843030947036946	0.993139523275029	0.800557701212151	0.944760111845386	"<4 average observations per random effect group often inflates coefficients and deflates p-values: consider setting small_random_effects=TRUE and see tutorial"	"prevalence"	68	13
"Fastidiosipila"	"NGAT"	"NGAT"	"NGAT"	-0.0845349827963636	0	0.614961332739219	0.890664125898242	0.993139523275029	0.988045666634404	0.991392248715387	"<4 average observations per random effect group often inflates coefficients and deflates p-values: consider setting small_random_effects=TRUE and see tutorial"	"prevalence"	68	9
"Fusobacterium"	"NGAT"	"NGAT"	"NGAT"	0.0584180381301436	0	0.35263101757869	0.868421884452452	0.993139523275029	0.770883403548993	0.944760111845386	"<4 average observations per random effect group often inflates coefficients and deflates p-values: consider setting small_random_effects=TRUE and see tutorial"	"prevalence"	68	13
"Howardella"	"Group"	"Follow up"	"GroupFollow up"	-0.106068215771346	0	0.699714313648995	0.879511986118877	0.993139523275029	0.246918543018442	0.817812092455211	"<4 average observations per random effect group often inflates coefficients and deflates p-values: consider setting small_random_effects=TRUE and see tutorial"	"prevalence"	68	23
"Lacticaseibacillus"	"Group"	"Follow up"	"GroupFollow up"	0.179657537739662	0	1.3625866285269	0.895102652570047	0.993139523275029	0.981427325526983	0.989779898510192	"<4 average observations per random effect group often inflates coefficients and deflates p-values: consider setting small_random_effects=TRUE and see tutorial"	"prevalence"	68	10
"Microbacteriaceae_unclassified"	"Group"	"Follow up"	"GroupFollow up"	-0.10536331629116	0	0.595434671716952	0.859546145367925	0.993139523275029	0.801252246754948	0.944760111845386	"<4 average observations per random effect group often inflates coefficients and deflates p-values: consider setting small_random_effects=TRUE and see tutorial"	"prevalence"	68	19
"Murdochiella"	"Reads"	"Reads"	"Reads"	0.0816274539856231	0	0.621596062503005	0.895522859478384	0.993139523275029	0.855405105447938	0.960810473891759	"<4 average observations per random effect group often inflates coefficients and deflates p-values: consider setting small_random_effects=TRUE and see tutorial"	"prevalence"	68	11
"Sutterella"	"Group"	"Follow up"	"GroupFollow up"	-0.148631928961666	0	0.97611112770509	0.87897439956488	0.993139523275029	0.87897439956488	0.964430243967021	"<4 average observations per random effect group often inflates coefficients and deflates p-values: consider setting small_random_effects=TRUE and see tutorial"	"prevalence"	68	7
"Ureaplasma"	"Reads"	"Reads"	"Reads"	-0.137385279948136	0	0.72643157930331	0.849996026568526	0.993139523275029	0.913350956492218	0.988420898121715	"<4 average observations per random effect group often inflates coefficients and deflates p-values: consider setting small_random_effects=TRUE and see tutorial"	"prevalence"	68	6
"Vibrio"	"NGAT"	"NGAT"	"NGAT"	0.0515900881174377	0	0.281428355829066	0.854550728728343	0.993139523275029	0.452472793348733	0.84555388989089	"<4 average observations per random effect group often inflates coefficients and deflates p-values: consider setting small_random_effects=TRUE and see tutorial"	"prevalence"	68	21
"Alkalibacterium"	"NGAT"	"NGAT"	"NGAT"	0.493862866721965	0.461718546332928	0.270816253509071	0.91334008291421	0.995020903337432	0.536853957661115	0.876313054614167	NA	"abundance"	68	35
"Veillonella"	"Reads"	"Reads"	"Reads"	0.0361450688616911	0	0.34247979269998	0.915947907423478	0.995165023741184	0.991392248715387	0.991392248715387	"<4 average observations per random effect group often inflates coefficients and deflates p-values: consider setting small_random_effects=TRUE and see tutorial"	"prevalence"	68	11
"Ezakiella"	"Group"	"Follow up"	"GroupFollow up"	0.279142054670108	0.168031114168626	1.12973193817662	0.922538962234694	0.997403591902156	0.414347692918665	0.832206806963759	NA	"abundance"	68	16
"Prevotellaceae_unclassified"	"NGAT"	"NGAT"	"NGAT"	0.410918616818052	0.461718546332928	0.590738421111477	0.932894901878634	0.997403591902156	0.429718024569422	0.834589290966486	NA	"abundance"	68	22
"Atopobiaceae_unclassified"	"Reads"	"Reads"	"Reads"	0.054483964718121	0	0.611180982406336	0.928966367975265	0.997403591902156	0.82838136261807	0.948841278714654	"<4 average observations per random effect group often inflates coefficients and deflates p-values: consider setting small_random_effects=TRUE and see tutorial"	"prevalence"	68	6
"Mobiluncus"	"Group"	"Follow up"	"GroupFollow up"	-0.0709786030818882	0	0.786717086743287	0.92811139397004	0.997403591902156	0.45838350490272	0.84555388989089	"<4 average observations per random effect group often inflates coefficients and deflates p-values: consider setting small_random_effects=TRUE and see tutorial"	"prevalence"	68	18
"Sutterella"	"Reads"	"Reads"	"Reads"	0.0522355149879847	0	0.543033257572808	0.923367996857843	0.997403591902156	0.923367996857843	0.988903306296704	"<4 average observations per random effect group often inflates coefficients and deflates p-values: consider setting small_random_effects=TRUE and see tutorial"	"prevalence"	68	7
"Virgibacillus"	"NGAT"	"NGAT"	"NGAT"	0.0296542835404496	0	0.34931855514057	0.932347404941603	0.997403591902156	0.932347404941603	0.989470334231653	"<4 average observations per random effect group often inflates coefficients and deflates p-values: consider setting small_random_effects=TRUE and see tutorial"	"prevalence"	68	11
"Paracoccus"	"Reads"	"Reads"	"Reads"	-0.92815237532756	-0.880432858225735	0.593953497003344	0.938150600050387	0.997715717513904	0.450838203580032	0.84555388989089	NA	"abundance"	68	25
"Caulobacter"	"Group"	"Follow up"	"GroupFollow up"	0.0418732375082215	0	0.534412012446272	0.937546584696071	0.997715717513904	0.926314489442482	0.988903306296704	"<4 average observations per random effect group often inflates coefficients and deflates p-values: consider setting small_random_effects=TRUE and see tutorial"	"prevalence"	68	41
"Achromobacter"	"NGAT"	"NGAT"	"NGAT"	0.483474978940152	0.461718546332928	0.346398626362308	0.954941951673624	1	0.447789891156615	0.84555388989089	NA	"abundance"	68	8
"Actinotignum"	"Group"	"Follow up"	"GroupFollow up"	0.141144026403129	0.168031114168626	1.30115740655488	0.983616790800186	1	0.719687953293242	0.921978621245937	NA	"abundance"	68	18
"Alcaligenes"	"Group"	"Follow up"	"GroupFollow up"	-0.0677322604463792	0.168031114168626	0.0161410373601151	0.999999581387486	1	0.973054143004093	0.989470334231653	NA	"abundance"	68	5
"Alcaligenes"	"NGAT"	"NGAT"	"NGAT"	0.154395549144247	0.461718546332928	0.00740812540636743	0.999999392234157	1	0.136531275610871	0.770813017814643	NA	"abundance"	68	5
"Alcaligenes"	"Reads"	"Reads"	"Reads"	-3.87104804380249	-0.880432858225735	0.038665011465332	0.999999087869506	1	0.0426658313019116	0.770813017814643	NA	"abundance"	68	5
"Coriobacteriaceae UCG-002"	"NGAT"	"NGAT"	"NGAT"	0.461718546332928	0.461718546332928	0.636959195872905	1	1	0.957797578534815	0.989470334231653	NA	"abundance"	68	7
"Corynebacterium"	"Group"	"Follow up"	"GroupFollow up"	0.199569525333872	0.168031114168626	0.583982853957202	0.957312605849195	1	0.952061988036646	0.989470334231653	NA	"abundance"	68	64
"Corynebacterium"	"Reads"	"Reads"	"Reads"	-0.880432858225735	-0.880432858225735	0.278431773242568	1	1	0.9058980020607	0.984852415084339	NA	"abundance"	68	64
"Fastidiosipila"	"NGAT"	"NGAT"	"NGAT"	0.460474963750288	0.461718546332928	0.678181800604029	0.99860939854544	1	0.988045666634404	0.991392248715387	NA	"abundance"	68	9
"Finegoldia"	"Group"	"Follow up"	"GroupFollow up"	0.146654265780138	0.168031114168626	0.696473177428039	0.975787778834431	1	0.903101152089404	0.984852415084339	NA	"abundance"	68	44
"Fusobacterium"	"Group"	"Follow up"	"GroupFollow up"	0.188834125077742	0.168031114168626	1.034577641419	0.984446168175273	1	0.433141277590201	0.834589290966486	NA	"abundance"	68	13
"Peptoniphilus"	"Group"	"Follow up"	"GroupFollow up"	0.14722810325951	0.168031114168626	0.846915453602048	0.980586149892266	1	0.348020200477004	0.832206806963759	NA	"abundance"	68	34
"Porphyromonas"	"Reads"	"Reads"	"Reads"	-0.915960863541556	-0.880432858225735	0.792549619632602	0.964703058634081	1	0.940609221006974	0.989470334231653	NA	"abundance"	68	18
"Propionimicrobium"	"NGAT"	"NGAT"	"NGAT"	0.453659817036578	0.461718546332928	0.709571445811633	0.991343350113444	1	0.260143126180031	0.817812092455211	NA	"abundance"	68	10
"Actinomycetaceae_unclassified"	"Group"	"Follow up"	"GroupFollow up"	0.038439159487564	0	0.583164898558345	0.947445709620494	1	0.976945393292012	0.989470334231653	"<4 average observations per random effect group often inflates coefficients and deflates p-values: consider setting small_random_effects=TRUE and see tutorial"	"prevalence"	68	26
"Brevibacterium"	"Group"	"Follow up"	"GroupFollow up"	0.0411214460249021	0	0.621509723679362	0.947247415769569	1	0.947247415769569	0.989470334231653	"<4 average observations per random effect group often inflates coefficients and deflates p-values: consider setting small_random_effects=TRUE and see tutorial"	"prevalence"	68	15
"DNF00809"	"Group"	"Follow up"	"GroupFollow up"	0	0	0.759573286433394	1	1	0.965362202630238	0.989470334231653	"<4 average observations per random effect group often inflates coefficients and deflates p-values: consider setting small_random_effects=TRUE and see tutorial"	"prevalence"	68	8
"DNF00809"	"Reads"	"Reads"	"Reads"	0.0122265256512165	0	0.35474139360605	0.972505534566306	1	0.734626520351234	0.936056372705605	"<4 average observations per random effect group often inflates coefficients and deflates p-values: consider setting small_random_effects=TRUE and see tutorial"	"prevalence"	68	8
"Howardella"	"NGAT"	"NGAT"	"NGAT"	-6.94776512336122e-05	0	0.394084423191562	0.99985933180382	1	0.161333754980487	0.770813017814643	"<4 average observations per random effect group often inflates coefficients and deflates p-values: consider setting small_random_effects=TRUE and see tutorial"	"prevalence"	68	23
"Lactobacillaceae_unclassified"	"Reads"	"Reads"	"Reads"	0.0702651519320708	0	1.3442331093754	0.958312319908076	1	0.958312319908076	0.989470334231653	"<4 average observations per random effect group often inflates coefficients and deflates p-values: consider setting small_random_effects=TRUE and see tutorial"	"prevalence"	68	4
"Negativicoccus"	"NGAT"	"NGAT"	"NGAT"	-0.0333629711149452	0	1.10045599582197	0.97581391504193	1	0.97581391504193	0.989470334231653	"<4 average observations per random effect group often inflates coefficients and deflates p-values: consider setting small_random_effects=TRUE and see tutorial"	"prevalence"	68	5
"Parvimonas"	"Reads"	"Reads"	"Reads"	-0.0188950816213724	0	0.438222824755641	0.965607852963317	1	0.965607852963317	0.989470334231653	"<4 average observations per random effect group often inflates coefficients and deflates p-values: consider setting small_random_effects=TRUE and see tutorial"	"prevalence"	68	7
"Ureaplasma"	"NGAT"	"NGAT"	"NGAT"	0.0512314310869511	0	0.819757058916967	0.95016795028842	1	0.779561863593224	0.944760111845386	"<4 average observations per random effect group often inflates coefficients and deflates p-values: consider setting small_random_effects=TRUE and see tutorial"	"prevalence"	68	6
"Vibrio"	"Group"	"Follow up"	"GroupFollow up"	-0.0349216918651544	0	0.568132304741811	0.950986869462331	1	0.183690460398484	0.770813017814643	"<4 average observations per random effect group often inflates coefficients and deflates p-values: consider setting small_random_effects=TRUE and see tutorial"	"prevalence"	68	21
"Microbacteriaceae_unclassified"	"Reads"	"Reads"	"Reads"	-0.769099915041334	0	0.420505870944229	0.0674015045697975	0.746088771769585	0.0172779242834966	0.584981150741243	"Prevalence association possibly induced by stronger abundance association"	"prevalence"	68	19
"Alkalibacterium"	"Reads"	"Reads"	"Reads"	-0.433335731280247	0	0.273016283903141	0.112463800872016	0.766430877587394	0.173908619998313	0.770813017814643	"Prevalence association possibly induced by stronger abundance association"	"prevalence"	68	35
"Caulobacter"	"Reads"	"Reads"	"Reads"	-0.334439939170663	0	0.2520736633572	0.184589811623911	0.766430877587394	0.248420958633606	0.817812092455211	"Prevalence association possibly induced by stronger abundance association"	"prevalence"	68	41
"Corynebacteriaceae_unclassified"	"Reads"	"Reads"	"Reads"	-0.38951549321909	0	0.259756364011532	0.133733165619779	0.766430877587394	0.602389472415496	0.876313054614167	"Prevalence association possibly induced by stronger abundance association"	"prevalence"	68	44
"Uruburuella"	"Reads"	"Reads"	"Reads"	-0.412390900472673	0	0.269687371753855	0.126228681526033	0.766430877587394	0.0821234409789876	0.770813017814643	"Prevalence association possibly induced by stronger abundance association"	"prevalence"	68	31
"Actinobaculum"	"Group"	"Follow up"	"GroupFollow up"	-1.6049872910524	NA	0.000316102410994962	3.87893404971139e-08	NA	0.618283155589291	0.876313054614167	"Model may not have converged with 1 eigenvalue close to zero: 1.3e-11"	"abundance"	68	6
"Actinobaculum"	"NGAT"	"NGAT"	"NGAT"	-1.57082146132652	NA	0.000269193217291663	2.9368012377101e-08	NA	0.272604030818404	0.817812092455211	"Model may not have converged with 1 eigenvalue close to zero: 1.3e-11"	"abundance"	68	6
"Actinobaculum"	"Reads"	"Reads"	"Reads"	1.02166018807669	NA	0.000324184553275312	1.00686589299613e-07	NA	0.872592759500344	0.964430243967021	"Model may not have converged with 1 eigenvalue close to zero: 1.3e-11"	"abundance"	68	6
"Aerococcus"	"Group"	"Follow up"	"GroupFollow up"	-2.03700338067601	NA	0.000119835877650858	1.33745568554685e-20	NA	0.575372156661106	0.876313054614167	"Model may not have converged with 1 eigenvalue close to zero: 7.9e-12"	"abundance"	68	9
"Aerococcus"	"NGAT"	"NGAT"	"NGAT"	-0.516110732551665	NA	0.000102052387286218	5.73726712222614e-18	NA	0.0961751987596692	0.770813017814643	"Model may not have converged with 1 eigenvalue close to zero: 7.9e-12"	"abundance"	68	9
"Aerococcus"	"Reads"	"Reads"	"Reads"	-0.97011140645672	NA	0.000122899854927637	6.19373447582948e-19	NA	0.812039659226673	0.948046301658726	"Model may not have converged with 1 eigenvalue close to zero: 7.9e-12"	"abundance"	68	9
"Anaeroglobus"	"Group"	"Follow up"	"GroupFollow up"	1.79645692982283	NA	8.97699527967188e-05	2.38914444623104e-39	NA	0.167243735869187	0.770813017814643	"Model may not have converged with 1 eigenvalue close to zero: 4.2e-12"	"abundance"	68	14
"Anaeroglobus"	"NGAT"	"NGAT"	"NGAT"	0.725251832268199	NA	8.21726665286682e-05	8.57997027471001e-36	NA	0.530466866855961	0.876313054614167	"Model may not have converged with 1 eigenvalue close to zero: 4.2e-12"	"abundance"	68	14
"Anaeroglobus"	"Reads"	"Reads"	"Reads"	0.0366912712468156	NA	1.11263777794608e-05	1.61811423800749e-31	NA	0.834641172349055	0.948841278714654	"Model may not have converged with 1 eigenvalue close to zero: 4.2e-12"	"abundance"	68	14
"Arcanobacterium"	"Group"	"Follow up"	"GroupFollow up"	3.94648026954071	NA	1.05519948653425	0.0096221081667933	NA	0.310034601821541	0.832206806963759	"Model may not have converged with 1 eigenvalue close to zero: 6.3e-12"	"abundance"	68	10
"Arcanobacterium"	"NGAT"	"NGAT"	"NGAT"	0.61686121337146	NA	0.747650003585611	0.440895241594274	NA	0.190684539775975	0.770813017814643	"Model may not have converged with 1 eigenvalue close to zero: 6.3e-12"	"abundance"	68	10
"Arcanobacterium"	"Reads"	"Reads"	"Reads"	-0.902016925748037	NA	0.119704905284101	0.000283156701743995	NA	0.242382866449246	0.817812092455211	"Model may not have converged with 1 eigenvalue close to zero: 6.3e-12"	"abundance"	68	10
"Brevibacterium"	"Group"	"Follow up"	"GroupFollow up"	2.15890108252267	NA	0.108777299317512	5.80323434055432e-10	NA	0.947247415769569	0.989470334231653	"Model may not have converged with 1 eigenvalue close to zero: 2.6e-12"	"abundance"	68	15
"Brevibacterium"	"NGAT"	"NGAT"	"NGAT"	0.930232335462875	NA	0.231796681594758	0.00203987422961254	NA	0.568080804998051	0.876313054614167	"Model may not have converged with 1 eigenvalue close to zero: 2.6e-12"	"abundance"	68	15
"Brevibacterium"	"Reads"	"Reads"	"Reads"	-1.41972527863771	NA	0.122803833675975	1.70480704453107e-07	NA	0.127649039621063	0.770813017814643	"Model may not have converged with 1 eigenvalue close to zero: 2.6e-12"	"abundance"	68	15
"Brucella"	"Group"	"Follow up"	"GroupFollow up"	NA	NA	NA	NA	NA	0.807551632537684	0.947473945106094	"number of levels of each grouping factor must be < number of observations (problems: Patient.ID)"	"abundance"	68	7
"Brucella"	"NGAT"	"NGAT"	"NGAT"	NA	NA	NA	NA	NA	0.588886206962642	0.876313054614167	"number of levels of each grouping factor must be < number of observations (problems: Patient.ID)"	"abundance"	68	7
"Brucella"	"Reads"	"Reads"	"Reads"	NA	NA	NA	NA	NA	0.609368487625405	0.876313054614167	"number of levels of each grouping factor must be < number of observations (problems: Patient.ID)"	"abundance"	68	7
"Catenococcus"	"Group"	"Follow up"	"GroupFollow up"	NA	NA	NA	NA	NA	0.785925920260079	0.944760111845386	"number of levels of each grouping factor must be < number of observations (problems: Patient.ID)"	"abundance"	68	4
"Catenococcus"	"NGAT"	"NGAT"	"NGAT"	NA	NA	NA	NA	NA	0.46368947409475	0.84555388989089	"number of levels of each grouping factor must be < number of observations (problems: Patient.ID)"	"abundance"	68	4
"Catenococcus"	"Reads"	"Reads"	"Reads"	NA	NA	NA	NA	NA	0.127374485784916	0.770813017814643	"number of levels of each grouping factor must be < number of observations (problems: Patient.ID)"	"abundance"	68	4
"Clostridium sensu stricto 1"	"Group"	"Follow up"	"GroupFollow up"	-2.96719907324475	NA	3.61002742176255	0.562023342472699	NA	0.127322541844879	0.770813017814643	"Model may not have converged with 1 eigenvalue close to zero: 1.4e-11"	"abundance"	68	5
"Clostridium sensu stricto 1"	"NGAT"	"NGAT"	"NGAT"	-1.76725665068818	NA	2.16896910466456	0.564746219791785	NA	0.664448771838779	0.905025051297647	"Model may not have converged with 1 eigenvalue close to zero: 1.4e-11"	"abundance"	68	5
"Clostridium sensu stricto 1"	"Reads"	"Reads"	"Reads"	-0.398220340747627	NA	2.34028148262328	0.892701018189097	NA	0.689190316985711	0.917629804076481	"Model may not have converged with 1 eigenvalue close to zero: 1.4e-11"	"abundance"	68	5
"Eggerthellaceae_unclassified"	"Group"	"Follow up"	"GroupFollow up"	1.31273494834902	NA	0.925474104082828	0.29183750580954	NA	0.579879697154236	0.876313054614167	"Model may not have converged with 1 eigenvalue close to zero: 1.9e-11"	"abundance"	68	6
"Eggerthellaceae_unclassified"	"NGAT"	"NGAT"	"NGAT"	0.565030302578569	NA	0.735589147086092	0.522707982874374	NA	0.102040153996117	0.770813017814643	"Model may not have converged with 1 eigenvalue close to zero: 1.9e-11"	"abundance"	68	6
"Eggerthellaceae_unclassified"	"Reads"	"Reads"	"Reads"	-0.501252449454442	NA	0.383121538094171	0.320904759266513	NA	0.25857709179164	0.817812092455211	"Model may not have converged with 1 eigenvalue close to zero: 1.9e-11"	"abundance"	68	6
"Enhydrobacter"	"Group"	"Follow up"	"GroupFollow up"	NA	NA	NA	NA	NA	0.87836778156922	0.964430243967021	"number of levels of each grouping factor must be < number of observations (problems: Patient.ID)"	"abundance"	68	8
"Enhydrobacter"	"NGAT"	"NGAT"	"NGAT"	NA	NA	NA	NA	NA	0.132257375227086	0.770813017814643	"number of levels of each grouping factor must be < number of observations (problems: Patient.ID)"	"abundance"	68	8
"Enhydrobacter"	"Reads"	"Reads"	"Reads"	NA	NA	NA	NA	NA	0.432881947269118	0.834589290966486	"number of levels of each grouping factor must be < number of observations (problems: Patient.ID)"	"abundance"	68	8
"Faecalibacterium"	"Group"	"Follow up"	"GroupFollow up"	4.57572733846926	NA	0.479566790314918	0.0662099037792526	NA	0.326847377096005	0.832206806963759	"Model may not have converged with 1 eigenvalue close to zero: 1.4e-10"	"abundance"	68	5
"Faecalibacterium"	"NGAT"	"NGAT"	"NGAT"	1.22714456658038	NA	0.215787858027124	0.110593399798567	NA	0.372782368822969	0.832206806963759	"Model may not have converged with 1 eigenvalue close to zero: 1.4e-10"	"abundance"	68	5
"Faecalibacterium"	"Reads"	"Reads"	"Reads"	0.159183712089804	NA	0.208257146368769	0.583876221724083	NA	0.244546908438052	0.817812092455211	"Model may not have converged with 1 eigenvalue close to zero: 1.4e-10"	"abundance"	68	5
"Haemophilus"	"Group"	"Follow up"	"GroupFollow up"	NA	NA	NA	NA	NA	0.693319911528677	0.917971056046349	"not a positive definite matrix (and positive semidefiniteness is not checked)"	"abundance"	68	3
"Haemophilus"	"NGAT"	"NGAT"	"NGAT"	NA	NA	NA	NA	NA	0.400724813908482	0.832206806963759	"not a positive definite matrix (and positive semidefiniteness is not checked)"	"abundance"	68	3
"Haemophilus"	"Reads"	"Reads"	"Reads"	NA	NA	NA	NA	NA	0.212045956727737	0.797696694356726	"not a positive definite matrix (and positive semidefiniteness is not checked)"	"abundance"	68	3
"Halomonas"	"Group"	"Follow up"	"GroupFollow up"	NA	NA	NA	NA	NA	0.56411298603096	0.876313054614167	"number of levels of each grouping factor must be < number of observations (problems: Patient.ID)"	"abundance"	68	4
"Halomonas"	"NGAT"	"NGAT"	"NGAT"	NA	NA	NA	NA	NA	0.192001163825549	0.770813017814643	"number of levels of each grouping factor must be < number of observations (problems: Patient.ID)"	"abundance"	68	4
"Halomonas"	"Reads"	"Reads"	"Reads"	NA	NA	NA	NA	NA	0.270728279212752	0.817812092455211	"number of levels of each grouping factor must be < number of observations (problems: Patient.ID)"	"abundance"	68	4
"Lactobacillaceae_unclassified"	"Group"	"Follow up"	"GroupFollow up"	NA	NA	NA	NA	NA	0.159996287123196	0.770813017814643	"not a positive definite matrix (and positive semidefiniteness is not checked)"	"abundance"	68	4
"Lactobacillaceae_unclassified"	"NGAT"	"NGAT"	"NGAT"	NA	NA	NA	NA	NA	0.752423688125912	0.944760111845386	"not a positive definite matrix (and positive semidefiniteness is not checked)"	"abundance"	68	4
"Lactobacillaceae_unclassified"	"Reads"	"Reads"	"Reads"	NA	NA	NA	NA	NA	0.958312319908076	0.989470334231653	"not a positive definite matrix (and positive semidefiniteness is not checked)"	"abundance"	68	4
"Negativicoccus"	"Group"	"Follow up"	"GroupFollow up"	3.83215875585074	NA	0.568677218166359	0.0935420597116232	NA	0.0995606430353346	0.770813017814643	"Model may not have converged with 1 eigenvalue close to zero: 7.6e-11"	"abundance"	68	5
"Negativicoccus"	"NGAT"	"NGAT"	"NGAT"	1.20361036298715	NA	0.525511543311431	0.26207435232347	NA	0.97581391504193	0.989470334231653	"Model may not have converged with 1 eigenvalue close to zero: 7.6e-11"	"abundance"	68	5
"Negativicoccus"	"Reads"	"Reads"	"Reads"	0.224131294679689	NA	1.8274998142727	0.922310581900863	NA	0.668576396400032	0.905443462553186	"Model may not have converged with 1 eigenvalue close to zero: 7.6e-11"	"abundance"	68	5
"Parvimonas"	"Group"	"Follow up"	"GroupFollow up"	NA	NA	NA	NA	NA	0.314700452613066	0.832206806963759	"number of levels of each grouping factor must be < number of observations (problems: Patient.ID)"	"abundance"	68	7
"Parvimonas"	"NGAT"	"NGAT"	"NGAT"	NA	NA	NA	NA	NA	0.755299738156844	0.944760111845386	"number of levels of each grouping factor must be < number of observations (problems: Patient.ID)"	"abundance"	68	7
"Parvimonas"	"Reads"	"Reads"	"Reads"	NA	NA	NA	NA	NA	0.965607852963317	0.989470334231653	"number of levels of each grouping factor must be < number of observations (problems: Patient.ID)"	"abundance"	68	7
"Prevotella_7"	"Group"	"Follow up"	"GroupFollow up"	-0.198143156968283	NA	0.705929067628295	0.792872054957389	NA	0.114433648733642	0.770813017814643	"Model may not have converged with 1 eigenvalue close to zero: 1.6e-11"	"abundance"	68	8
"Prevotella_7"	"NGAT"	"NGAT"	"NGAT"	2.36629925483702	NA	2.76030554320621	0.439626171964477	NA	0.539177377735455	0.876313054614167	"Model may not have converged with 1 eigenvalue close to zero: 1.6e-11"	"abundance"	68	8
"Prevotella_7"	"Reads"	"Reads"	"Reads"	0.953915262788056	NA	0.429682313275141	0.0906074383503997	NA	0.300124303049642	0.832206806963759	"Model may not have converged with 1 eigenvalue close to zero: 1.6e-11"	"abundance"	68	8
"Pseudoalteromonas"	"Group"	"Follow up"	"GroupFollow up"	0.661479867965797	NA	0.834731020757102	0.464022409048641	NA	0.777669493890749	0.944760111845386	"Model may not have converged with 1 eigenvalue close to zero: 6.3e-12"	"abundance"	68	9
"Pseudoalteromonas"	"NGAT"	"NGAT"	"NGAT"	0.512320295246161	NA	0.589970288211793	0.424895252464969	NA	0.113228929103907	0.770813017814643	"Model may not have converged with 1 eigenvalue close to zero: 6.3e-12"	"abundance"	68	9
"Pseudoalteromonas"	"Reads"	"Reads"	"Reads"	-1.61584068944348	NA	0.705731448055726	0.0706849308807101	NA	0.331541255466195	0.832206806963759	"Model may not have converged with 1 eigenvalue close to zero: 6.3e-12"	"abundance"	68	9
"Pseudonocardiaceae_unclassified"	"Group"	"Follow up"	"GroupFollow up"	NA	NA	NA	NA	NA	0.321882329002508	0.832206806963759	"number of levels of each grouping factor must be < number of observations (problems: Patient.ID)"	"abundance"	68	7
"Pseudonocardiaceae_unclassified"	"NGAT"	"NGAT"	"NGAT"	NA	NA	NA	NA	NA	0.469362625373396	0.84555388989089	"number of levels of each grouping factor must be < number of observations (problems: Patient.ID)"	"abundance"	68	7
"Pseudonocardiaceae_unclassified"	"Reads"	"Reads"	"Reads"	NA	NA	NA	NA	NA	0.379818348390492	0.832206806963759	"number of levels of each grouping factor must be < number of observations (problems: Patient.ID)"	"abundance"	68	7
"S5-A14a"	"Group"	"Follow up"	"GroupFollow up"	-0.873353963528908	NA	4.69678829771206	0.882983028132873	NA	0.394138506559087	0.832206806963759	"Model may not have converged with 1 eigenvalue close to zero: 3.2e-11"	"abundance"	68	5
"S5-A14a"	"NGAT"	"NGAT"	"NGAT"	-0.556868360133431	NA	2.29932174691595	0.84877884083028	NA	0.376531793407214	0.832206806963759	"Model may not have converged with 1 eigenvalue close to zero: 3.2e-11"	"abundance"	68	5
"S5-A14a"	"Reads"	"Reads"	"Reads"	0.0774565220454965	NA	2.07640951158028	0.976269514871263	NA	0.351530444245608	0.832206806963759	"Model may not have converged with 1 eigenvalue close to zero: 3.2e-11"	"abundance"	68	5
"Solobacterium"	"Group"	"Follow up"	"GroupFollow up"	-0.877615829757201	NA	1.88567228705824	0.687396608563565	NA	0.105766925073336	0.770813017814643	"Model may not have converged with 1 eigenvalue close to zero: 7.4e-12"	"abundance"	68	6
"Solobacterium"	"NGAT"	"NGAT"	"NGAT"	-2.05344854881778	NA	1.5591311483619	0.318480272719409	NA	0.56164930198466	0.876313054614167	"Model may not have converged with 1 eigenvalue close to zero: 7.4e-12"	"abundance"	68	6
"Solobacterium"	"Reads"	"Reads"	"Reads"	-0.686083313908692	NA	0.710972433957789	0.436361644452814	NA	0.0044261736642276	0.52450157921097	"Model may not have converged with 1 eigenvalue close to zero: 7.4e-12"	"abundance"	68	6
"Sutterella"	"Group"	"Follow up"	"GroupFollow up"	2.53771448665968	NA	0.934165383929765	0.0727603736953911	NA	0.87897439956488	0.964430243967021	"Model may not have converged with 1 eigenvalue close to zero: 2.1e-11"	"abundance"	68	7
"Sutterella"	"NGAT"	"NGAT"	"NGAT"	-1.50689250940884	NA	0.67951027806713	0.113294492770529	NA	0.22098211824746	0.817812092455211	"Model may not have converged with 1 eigenvalue close to zero: 2.1e-11"	"abundance"	68	7
"Sutterella"	"Reads"	"Reads"	"Reads"	0.201815386557494	NA	0.449240789848783	0.683731368701798	NA	0.923367996857843	0.988903306296704	"Model may not have converged with 1 eigenvalue close to zero: 2.1e-11"	"abundance"	68	7
"Virgibacillus"	"Group"	"Follow up"	"GroupFollow up"	NA	NA	NA	NA	NA	0.0768650820793189	0.770813017814643	"number of levels of each grouping factor must be < number of observations (problems: Patient.ID)"	"abundance"	68	11
"Virgibacillus"	"NGAT"	"NGAT"	"NGAT"	NA	NA	NA	NA	NA	0.932347404941603	0.989470334231653	"number of levels of each grouping factor must be < number of observations (problems: Patient.ID)"	"abundance"	68	11
"Virgibacillus"	"Reads"	"Reads"	"Reads"	NA	NA	NA	NA	NA	0.0630453987497994	0.770813017814643	"number of levels of each grouping factor must be < number of observations (problems: Patient.ID)"	"abundance"	68	11
"Lactobacillus"	"Group"	"Follow up"	"GroupFollow up"	NA	0	NA	NA	NA	0.0999487840697065	0.770813017814643	"All logistic values are the same"	"prevalence"	68	68
"Lactobacillus"	"NGAT"	"NGAT"	"NGAT"	NA	0	NA	NA	NA	3.67188224624853e-05	0.00870236092360901	"All logistic values are the same"	"prevalence"	68	68
"Lactobacillus"	"Reads"	"Reads"	"Reads"	NA	0	NA	NA	NA	0.201647287360793	0.770813017814643	"All logistic values are the same"	"prevalence"	68	68
